** Drc report for /Users/dylanhackett/V1/hardware/faceplate/vuulgaris-faceplate.kicad_pcb **
** Created on 2026-09-28 02:47:41 **

** Found 323 DRC violations **
[via_dangling]: Via is not connected or connected on only one layer
    Local override; Severity: warning
    @(196.6779 mm, 112.9535 mm): Via [/PAD1_RX0] on F.Cu - B.Cu
[via_dangling]: Via is not connected or connected on only one layer
    Local override; Severity: warning
    @(181.5579 mm, 112.9535 mm): Via [/PAD1_RX0] on F.Cu - B.Cu
[via_dangling]: Via is not connected or connected on only one layer
    Local override; Severity: warning
    @(209.6379 mm, 112.9535 mm): Via [/PAD1_RX0] on F.Cu - B.Cu
[via_dangling]: Via is not connected or connected on only one layer
    Local override; Severity: warning
    @(356.5179 mm, 112.9535 mm): Via [/PAD1_RX0] on F.Cu - B.Cu
[via_dangling]: Via is not connected or connected on only one layer
    Local override; Severity: warning
    @(354.3579 mm, 112.9535 mm): Via [/PAD1_RX0] on F.Cu - B.Cu
[via_dangling]: Via is not connected or connected on only one layer
    Local override; Severity: warning
    @(365.1579 mm, 112.9535 mm): Via [/PAD1_RX0] on F.Cu - B.Cu
[via_dangling]: Via is not connected or connected on only one layer
    Local override; Severity: warning
    @(162.1179 mm, 112.9535 mm): Via [/PAD1_RX0] on F.Cu - B.Cu
[via_dangling]: Via is not connected or connected on only one layer
    Local override; Severity: warning
    @(328.4379 mm, 112.9535 mm): Via [/PAD1_RX0] on F.Cu - B.Cu
[via_dangling]: Via is not connected or connected on only one layer
    Local override; Severity: warning
    @(352.1979 mm, 112.9535 mm): Via [/PAD1_RX0] on F.Cu - B.Cu
[via_dangling]: Via is not connected or connected on only one layer
    Local override; Severity: warning
    @(326.2779 mm, 112.7809 mm): Via [/PAD1_RX0] on F.Cu - B.Cu
[via_dangling]: Via is not connected or connected on only one layer
    Local override; Severity: warning
    @(175.0779 mm, 112.9535 mm): Via [/PAD1_RX0] on F.Cu - B.Cu
[via_dangling]: Via is not connected or connected on only one layer
    Local override; Severity: warning
    @(166.4379 mm, 112.9535 mm): Via [/PAD1_RX0] on F.Cu - B.Cu
[via_dangling]: Via is not connected or connected on only one layer
    Local override; Severity: warning
    @(211.7979 mm, 112.7809 mm): Via [/PAD1_RX0] on F.Cu - B.Cu
[via_dangling]: Via is not connected or connected on only one layer
    Local override; Severity: warning
    @(203.1579 mm, 112.9535 mm): Via [/PAD1_RX0] on F.Cu - B.Cu
[via_dangling]: Via is not connected or connected on only one layer
    Local override; Severity: warning
    @(192.3579 mm, 112.9535 mm): Via [/PAD1_RX0] on F.Cu - B.Cu
[via_dangling]: Via is not connected or connected on only one layer
    Local override; Severity: warning
    @(188.0379 mm, 112.9535 mm): Via [/PAD1_RX0] on F.Cu - B.Cu
[via_dangling]: Via is not connected or connected on only one layer
    Local override; Severity: warning
    @(358.6779 mm, 112.9535 mm): Via [/PAD1_RX0] on F.Cu - B.Cu
[via_dangling]: Via is not connected or connected on only one layer
    Local override; Severity: warning
    @(347.8779 mm, 112.9535 mm): Via [/PAD1_RX0] on F.Cu - B.Cu
[via_dangling]: Via is not connected or connected on only one layer
    Local override; Severity: warning
    @(339.2379 mm, 112.9535 mm): Via [/PAD1_RX0] on F.Cu - B.Cu
[via_dangling]: Via is not connected or connected on only one layer
    Local override; Severity: warning
    @(185.8779 mm, 112.9535 mm): Via [/PAD1_RX0] on F.Cu - B.Cu
[via_dangling]: Via is not connected or connected on only one layer
    Local override; Severity: warning
    @(172.9179 mm, 112.9535 mm): Via [/PAD1_RX0] on F.Cu - B.Cu
[via_dangling]: Via is not connected or connected on only one layer
    Local override; Severity: warning
    @(373.7979 mm, 112.9535 mm): Via [/PAD1_RX0] on F.Cu - B.Cu
[via_dangling]: Via is not connected or connected on only one layer
    Local override; Severity: warning
    @(198.8379 mm, 112.9535 mm): Via [/PAD1_RX0] on F.Cu - B.Cu
[via_dangling]: Via is not connected or connected on only one layer
    Local override; Severity: warning
    @(360.8379 mm, 112.9535 mm): Via [/PAD1_RX0] on F.Cu - B.Cu
[via_dangling]: Via is not connected or connected on only one layer
    Local override; Severity: warning
    @(350.0379 mm, 112.9535 mm): Via [/PAD1_RX0] on F.Cu - B.Cu
[via_dangling]: Via is not connected or connected on only one layer
    Local override; Severity: warning
    @(177.2379 mm, 112.9535 mm): Via [/PAD1_RX0] on F.Cu - B.Cu
[via_dangling]: Via is not connected or connected on only one layer
    Local override; Severity: warning
    @(170.7579 mm, 112.9535 mm): Via [/PAD1_RX0] on F.Cu - B.Cu
[via_dangling]: Via is not connected or connected on only one layer
    Local override; Severity: warning
    @(343.5579 mm, 112.9535 mm): Via [/PAD1_RX0] on F.Cu - B.Cu
[via_dangling]: Via is not connected or connected on only one layer
    Local override; Severity: warning
    @(183.7179 mm, 112.9535 mm): Via [/PAD1_RX0] on F.Cu - B.Cu
[via_dangling]: Via is not connected or connected on only one layer
    Local override; Severity: warning
    @(367.3179 mm, 112.9535 mm): Via [/PAD1_RX0] on F.Cu - B.Cu
[via_dangling]: Via is not connected or connected on only one layer
    Local override; Severity: warning
    @(330.5979 mm, 112.9535 mm): Via [/PAD1_RX0] on F.Cu - B.Cu
[via_dangling]: Via is not connected or connected on only one layer
    Local override; Severity: warning
    @(190.1979 mm, 112.9535 mm): Via [/PAD1_RX0] on F.Cu - B.Cu
[via_dangling]: Via is not connected or connected on only one layer
    Local override; Severity: warning
    @(369.4779 mm, 112.9535 mm): Via [/PAD1_RX0] on F.Cu - B.Cu
[via_dangling]: Via is not connected or connected on only one layer
    Local override; Severity: warning
    @(179.3979 mm, 112.9535 mm): Via [/PAD1_RX0] on F.Cu - B.Cu
[via_dangling]: Via is not connected or connected on only one layer
    Local override; Severity: warning
    @(334.9179 mm, 112.9535 mm): Via [/PAD1_RX0] on F.Cu - B.Cu
[via_dangling]: Via is not connected or connected on only one layer
    Local override; Severity: warning
    @(205.3179 mm, 112.9535 mm): Via [/PAD1_RX0] on F.Cu - B.Cu
[via_dangling]: Via is not connected or connected on only one layer
    Local override; Severity: warning
    @(371.6379 mm, 112.9535 mm): Via [/PAD1_RX0] on F.Cu - B.Cu
[via_dangling]: Via is not connected or connected on only one layer
    Local override; Severity: warning
    @(200.9979 mm, 112.9535 mm): Via [/PAD1_RX0] on F.Cu - B.Cu
[via_dangling]: Via is not connected or connected on only one layer
    Local override; Severity: warning
    @(362.9979 mm, 112.9535 mm): Via [/PAD1_RX0] on F.Cu - B.Cu
[via_dangling]: Via is not connected or connected on only one layer
    Local override; Severity: warning
    @(345.7179 mm, 112.9535 mm): Via [/PAD1_RX0] on F.Cu - B.Cu
[via_dangling]: Via is not connected or connected on only one layer
    Local override; Severity: warning
    @(375.9579 mm, 112.9535 mm): Via [/PAD1_RX0] on F.Cu - B.Cu
[via_dangling]: Via is not connected or connected on only one layer
    Local override; Severity: warning
    @(337.0779 mm, 112.9535 mm): Via [/PAD1_RX0] on F.Cu - B.Cu
[via_dangling]: Via is not connected or connected on only one layer
    Local override; Severity: warning
    @(341.3979 mm, 112.9535 mm): Via [/PAD1_RX0] on F.Cu - B.Cu
[via_dangling]: Via is not connected or connected on only one layer
    Local override; Severity: warning
    @(168.5979 mm, 112.9535 mm): Via [/PAD1_RX0] on F.Cu - B.Cu
[via_dangling]: Via is not connected or connected on only one layer
    Local override; Severity: warning
    @(194.5179 mm, 112.9535 mm): Via [/PAD1_RX0] on F.Cu - B.Cu
[via_dangling]: Via is not connected or connected on only one layer
    Local override; Severity: warning
    @(164.2779 mm, 112.9535 mm): Via [/PAD1_RX0] on F.Cu - B.Cu
[via_dangling]: Via is not connected or connected on only one layer
    Local override; Severity: warning
    @(332.7579 mm, 112.9535 mm): Via [/PAD1_RX0] on F.Cu - B.Cu
[via_dangling]: Via is not connected or connected on only one layer
    Local override; Severity: warning
    @(207.4779 mm, 112.9535 mm): Via [/PAD1_RX0] on F.Cu - B.Cu
[via_dangling]: Via is not connected or connected on only one layer
    Local override; Severity: warning
    @(211.7979 mm, 121.9535 mm): Via [/PAD1_RX1] on F.Cu - B.Cu
[via_dangling]: Via is not connected or connected on only one layer
    Local override; Severity: warning
    @(259.3179 mm, 121.9535 mm): Via [/PAD1_RX1] on F.Cu - B.Cu
[via_dangling]: Via is not connected or connected on only one layer
    Local override; Severity: warning
    @(185.8779 mm, 121.9535 mm): Via [/PAD1_RX1] on F.Cu - B.Cu
[via_dangling]: Via is not connected or connected on only one layer
    Local override; Severity: warning
    @(196.6779 mm, 121.9535 mm): Via [/PAD1_RX1] on F.Cu - B.Cu
[via_dangling]: Via is not connected or connected on only one layer
    Local override; Severity: warning
    @(183.7179 mm, 121.9535 mm): Via [/PAD1_RX1] on F.Cu - B.Cu
[via_dangling]: Via is not connected or connected on only one layer
    Local override; Severity: warning
    @(261.4779 mm, 121.9535 mm): Via [/PAD1_RX1] on F.Cu - B.Cu
[via_dangling]: Via is not connected or connected on only one layer
    Local override; Severity: warning
    @(164.2779 mm, 122.1261 mm): Via [/PAD1_RX1] on F.Cu - B.Cu
[via_dangling]: Via is not connected or connected on only one layer
    Local override; Severity: warning
    @(237.7179 mm, 121.9535 mm): Via [/PAD1_RX1] on F.Cu - B.Cu
[via_dangling]: Via is not connected or connected on only one layer
    Local override; Severity: warning
    @(229.0779 mm, 121.9535 mm): Via [/PAD1_RX1] on F.Cu - B.Cu
[via_dangling]: Via is not connected or connected on only one layer
    Local override; Severity: warning
    @(172.9179 mm, 121.9535 mm): Via [/PAD1_RX1] on F.Cu - B.Cu
[via_dangling]: Via is not connected or connected on only one layer
    Local override; Severity: warning
    @(200.9979 mm, 121.9535 mm): Via [/PAD1_RX1] on F.Cu - B.Cu
[via_dangling]: Via is not connected or connected on only one layer
    Local override; Severity: warning
    @(233.3979 mm, 121.9535 mm): Via [/PAD1_RX1] on F.Cu - B.Cu
[via_dangling]: Via is not connected or connected on only one layer
    Local override; Severity: warning
    @(242.0379 mm, 121.9535 mm): Via [/PAD1_RX1] on F.Cu - B.Cu
[via_dangling]: Via is not connected or connected on only one layer
    Local override; Severity: warning
    @(168.5979 mm, 121.9535 mm): Via [/PAD1_RX1] on F.Cu - B.Cu
[via_dangling]: Via is not connected or connected on only one layer
    Local override; Severity: warning
    @(188.0379 mm, 121.9535 mm): Via [/PAD1_RX1] on F.Cu - B.Cu
[via_dangling]: Via is not connected or connected on only one layer
    Local override; Severity: warning
    @(235.5579 mm, 121.9535 mm): Via [/PAD1_RX1] on F.Cu - B.Cu
[via_dangling]: Via is not connected or connected on only one layer
    Local override; Severity: warning
    @(246.3579 mm, 121.9535 mm): Via [/PAD1_RX1] on F.Cu - B.Cu
[via_dangling]: Via is not connected or connected on only one layer
    Local override; Severity: warning
    @(257.1579 mm, 121.9535 mm): Via [/PAD1_RX1] on F.Cu - B.Cu
[via_dangling]: Via is not connected or connected on only one layer
    Local override; Severity: warning
    @(263.6379 mm, 121.9535 mm): Via [/PAD1_RX1] on F.Cu - B.Cu
[via_dangling]: Via is not connected or connected on only one layer
    Local override; Severity: warning
    @(239.8779 mm, 121.9535 mm): Via [/PAD1_RX1] on F.Cu - B.Cu
[via_dangling]: Via is not connected or connected on only one layer
    Local override; Severity: warning
    @(250.6779 mm, 121.9535 mm): Via [/PAD1_RX1] on F.Cu - B.Cu
[via_dangling]: Via is not connected or connected on only one layer
    Local override; Severity: warning
    @(265.7979 mm, 122.1261 mm): Via [/PAD1_RX1] on F.Cu - B.Cu
[via_dangling]: Via is not connected or connected on only one layer
    Local override; Severity: warning
    @(181.5579 mm, 121.9535 mm): Via [/PAD1_RX1] on F.Cu - B.Cu
[via_dangling]: Via is not connected or connected on only one layer
    Local override; Severity: warning
    @(194.5179 mm, 121.9535 mm): Via [/PAD1_RX1] on F.Cu - B.Cu
[via_dangling]: Via is not connected or connected on only one layer
    Local override; Severity: warning
    @(170.7579 mm, 121.9535 mm): Via [/PAD1_RX1] on F.Cu - B.Cu
[via_dangling]: Via is not connected or connected on only one layer
    Local override; Severity: warning
    @(222.5979 mm, 121.9535 mm): Via [/PAD1_RX1] on F.Cu - B.Cu
[via_dangling]: Via is not connected or connected on only one layer
    Local override; Severity: warning
    @(179.3979 mm, 121.9535 mm): Via [/PAD1_RX1] on F.Cu - B.Cu
[via_dangling]: Via is not connected or connected on only one layer
    Local override; Severity: warning
    @(252.8379 mm, 121.9535 mm): Via [/PAD1_RX1] on F.Cu - B.Cu
[via_dangling]: Via is not connected or connected on only one layer
    Local override; Severity: warning
    @(207.4779 mm, 121.9535 mm): Via [/PAD1_RX1] on F.Cu - B.Cu
[via_dangling]: Via is not connected or connected on only one layer
    Local override; Severity: warning
    @(254.9979 mm, 121.9535 mm): Via [/PAD1_RX1] on F.Cu - B.Cu
[via_dangling]: Via is not connected or connected on only one layer
    Local override; Severity: warning
    @(224.7579 mm, 121.9535 mm): Via [/PAD1_RX1] on F.Cu - B.Cu
[via_dangling]: Via is not connected or connected on only one layer
    Local override; Severity: warning
    @(231.2379 mm, 121.9535 mm): Via [/PAD1_RX1] on F.Cu - B.Cu
[via_dangling]: Via is not connected or connected on only one layer
    Local override; Severity: warning
    @(216.1179 mm, 121.9535 mm): Via [/PAD1_RX1] on F.Cu - B.Cu
[via_dangling]: Via is not connected or connected on only one layer
    Local override; Severity: warning
    @(192.3579 mm, 121.9535 mm): Via [/PAD1_RX1] on F.Cu - B.Cu
[via_dangling]: Via is not connected or connected on only one layer
    Local override; Severity: warning
    @(213.9579 mm, 121.9535 mm): Via [/PAD1_RX1] on F.Cu - B.Cu
[via_dangling]: Via is not connected or connected on only one layer
    Local override; Severity: warning
    @(203.1579 mm, 121.9535 mm): Via [/PAD1_RX1] on F.Cu - B.Cu
[via_dangling]: Via is not connected or connected on only one layer
    Local override; Severity: warning
    @(175.0779 mm, 121.9535 mm): Via [/PAD1_RX1] on F.Cu - B.Cu
[via_dangling]: Via is not connected or connected on only one layer
    Local override; Severity: warning
    @(220.4379 mm, 121.9535 mm): Via [/PAD1_RX1] on F.Cu - B.Cu
[via_dangling]: Via is not connected or connected on only one layer
    Local override; Severity: warning
    @(177.2379 mm, 121.9535 mm): Via [/PAD1_RX1] on F.Cu - B.Cu
[via_dangling]: Via is not connected or connected on only one layer
    Local override; Severity: warning
    @(218.2779 mm, 121.9535 mm): Via [/PAD1_RX1] on F.Cu - B.Cu
[via_dangling]: Via is not connected or connected on only one layer
    Local override; Severity: warning
    @(190.1979 mm, 121.9535 mm): Via [/PAD1_RX1] on F.Cu - B.Cu
[via_dangling]: Via is not connected or connected on only one layer
    Local override; Severity: warning
    @(209.6379 mm, 121.9535 mm): Via [/PAD1_RX1] on F.Cu - B.Cu
[via_dangling]: Via is not connected or connected on only one layer
    Local override; Severity: warning
    @(226.9179 mm, 121.9535 mm): Via [/PAD1_RX1] on F.Cu - B.Cu
[via_dangling]: Via is not connected or connected on only one layer
    Local override; Severity: warning
    @(166.4379 mm, 121.9535 mm): Via [/PAD1_RX1] on F.Cu - B.Cu
[via_dangling]: Via is not connected or connected on only one layer
    Local override; Severity: warning
    @(205.3179 mm, 121.9535 mm): Via [/PAD1_RX1] on F.Cu - B.Cu
[via_dangling]: Via is not connected or connected on only one layer
    Local override; Severity: warning
    @(198.8379 mm, 121.9535 mm): Via [/PAD1_RX1] on F.Cu - B.Cu
[via_dangling]: Via is not connected or connected on only one layer
    Local override; Severity: warning
    @(248.5179 mm, 121.9535 mm): Via [/PAD1_RX1] on F.Cu - B.Cu
[via_dangling]: Via is not connected or connected on only one layer
    Local override; Severity: warning
    @(244.1979 mm, 121.9535 mm): Via [/PAD1_RX1] on F.Cu - B.Cu
[via_dangling]: Via is not connected or connected on only one layer
    Local override; Severity: warning
    @(257.1579 mm, 112.9535 mm): Via [/PAD1_RX2] on F.Cu - B.Cu
[via_dangling]: Via is not connected or connected on only one layer
    Local override; Severity: warning
    @(252.8379 mm, 112.9535 mm): Via [/PAD1_RX2] on F.Cu - B.Cu
[via_dangling]: Via is not connected or connected on only one layer
    Local override; Severity: warning
    @(263.6379 mm, 112.9535 mm): Via [/PAD1_RX2] on F.Cu - B.Cu
[via_dangling]: Via is not connected or connected on only one layer
    Local override; Severity: warning
    @(283.0779 mm, 112.9535 mm): Via [/PAD1_RX2] on F.Cu - B.Cu
[via_dangling]: Via is not connected or connected on only one layer
    Local override; Severity: warning
    @(265.7979 mm, 112.9535 mm): Via [/PAD1_RX2] on F.Cu - B.Cu
[via_dangling]: Via is not connected or connected on only one layer
    Local override; Severity: warning
    @(267.9579 mm, 112.9535 mm): Via [/PAD1_RX2] on F.Cu - B.Cu
[via_dangling]: Via is not connected or connected on only one layer
    Local override; Severity: warning
    @(220.4379 mm, 112.9535 mm): Via [/PAD1_RX2] on F.Cu - B.Cu
[via_dangling]: Via is not connected or connected on only one layer
    Local override; Severity: warning
    @(285.2379 mm, 112.9535 mm): Via [/PAD1_RX2] on F.Cu - B.Cu
[via_dangling]: Via is not connected or connected on only one layer
    Local override; Severity: warning
    @(287.3979 mm, 112.9535 mm): Via [/PAD1_RX2] on F.Cu - B.Cu
[via_dangling]: Via is not connected or connected on only one layer
    Local override; Severity: warning
    @(239.8779 mm, 112.9535 mm): Via [/PAD1_RX2] on F.Cu - B.Cu
[via_dangling]: Via is not connected or connected on only one layer
    Local override; Severity: warning
    @(233.3979 mm, 112.9535 mm): Via [/PAD1_RX2] on F.Cu - B.Cu
[via_dangling]: Via is not connected or connected on only one layer
    Local override; Severity: warning
    @(229.0779 mm, 112.9535 mm): Via [/PAD1_RX2] on F.Cu - B.Cu
[via_dangling]: Via is not connected or connected on only one layer
    Local override; Severity: warning
    @(311.1579 mm, 112.9535 mm): Via [/PAD1_RX2] on F.Cu - B.Cu
[via_dangling]: Via is not connected or connected on only one layer
    Local override; Severity: warning
    @(274.4379 mm, 112.9535 mm): Via [/PAD1_RX2] on F.Cu - B.Cu
[via_dangling]: Via is not connected or connected on only one layer
    Local override; Severity: warning
    @(293.8779 mm, 112.9535 mm): Via [/PAD1_RX2] on F.Cu - B.Cu
[via_dangling]: Via is not connected or connected on only one layer
    Local override; Severity: warning
    @(259.3179 mm, 112.9535 mm): Via [/PAD1_RX2] on F.Cu - B.Cu
[via_dangling]: Via is not connected or connected on only one layer
    Local override; Severity: warning
    @(261.4779 mm, 112.9535 mm): Via [/PAD1_RX2] on F.Cu - B.Cu
[via_dangling]: Via is not connected or connected on only one layer
    Local override; Severity: warning
    @(218.2779 mm, 112.7809 mm): Via [/PAD1_RX2] on F.Cu - B.Cu
[via_dangling]: Via is not connected or connected on only one layer
    Local override; Severity: warning
    @(313.3179 mm, 112.9535 mm): Via [/PAD1_RX2] on F.Cu - B.Cu
[via_dangling]: Via is not connected or connected on only one layer
    Local override; Severity: warning
    @(298.1979 mm, 112.9535 mm): Via [/PAD1_RX2] on F.Cu - B.Cu
[via_dangling]: Via is not connected or connected on only one layer
    Local override; Severity: warning
    @(254.9979 mm, 112.9535 mm): Via [/PAD1_RX2] on F.Cu - B.Cu
[via_dangling]: Via is not connected or connected on only one layer
    Local override; Severity: warning
    @(250.6779 mm, 112.9535 mm): Via [/PAD1_RX2] on F.Cu - B.Cu
[via_dangling]: Via is not connected or connected on only one layer
    Local override; Severity: warning
    @(248.5179 mm, 112.9535 mm): Via [/PAD1_RX2] on F.Cu - B.Cu
[via_dangling]: Via is not connected or connected on only one layer
    Local override; Severity: warning
    @(300.3579 mm, 112.9535 mm): Via [/PAD1_RX2] on F.Cu - B.Cu
[via_dangling]: Via is not connected or connected on only one layer
    Local override; Severity: warning
    @(308.9979 mm, 112.9535 mm): Via [/PAD1_RX2] on F.Cu - B.Cu
[via_dangling]: Via is not connected or connected on only one layer
    Local override; Severity: warning
    @(231.2379 mm, 112.9535 mm): Via [/PAD1_RX2] on F.Cu - B.Cu
[via_dangling]: Via is not connected or connected on only one layer
    Local override; Severity: warning
    @(270.1179 mm, 112.9535 mm): Via [/PAD1_RX2] on F.Cu - B.Cu
[via_dangling]: Via is not connected or connected on only one layer
    Local override; Severity: warning
    @(235.5579 mm, 112.9535 mm): Via [/PAD1_RX2] on F.Cu - B.Cu
[via_dangling]: Via is not connected or connected on only one layer
    Local override; Severity: warning
    @(224.7579 mm, 112.9535 mm): Via [/PAD1_RX2] on F.Cu - B.Cu
[via_dangling]: Via is not connected or connected on only one layer
    Local override; Severity: warning
    @(272.2779 mm, 112.9535 mm): Via [/PAD1_RX2] on F.Cu - B.Cu
[via_dangling]: Via is not connected or connected on only one layer
    Local override; Severity: warning
    @(291.7179 mm, 112.9535 mm): Via [/PAD1_RX2] on F.Cu - B.Cu
[via_dangling]: Via is not connected or connected on only one layer
    Local override; Severity: warning
    @(319.7979 mm, 112.7809 mm): Via [/PAD1_RX2] on F.Cu - B.Cu
[via_dangling]: Via is not connected or connected on only one layer
    Local override; Severity: warning
    @(315.4779 mm, 112.9535 mm): Via [/PAD1_RX2] on F.Cu - B.Cu
[via_dangling]: Via is not connected or connected on only one layer
    Local override; Severity: warning
    @(226.9179 mm, 112.9535 mm): Via [/PAD1_RX2] on F.Cu - B.Cu
[via_dangling]: Via is not connected or connected on only one layer
    Local override; Severity: warning
    @(296.0379 mm, 112.9535 mm): Via [/PAD1_RX2] on F.Cu - B.Cu
[via_dangling]: Via is not connected or connected on only one layer
    Local override; Severity: warning
    @(276.5979 mm, 112.9535 mm): Via [/PAD1_RX2] on F.Cu - B.Cu
[via_dangling]: Via is not connected or connected on only one layer
    Local override; Severity: warning
    @(222.5979 mm, 112.9535 mm): Via [/PAD1_RX2] on F.Cu - B.Cu
[via_dangling]: Via is not connected or connected on only one layer
    Local override; Severity: warning
    @(317.6379 mm, 112.9535 mm): Via [/PAD1_RX2] on F.Cu - B.Cu
[via_dangling]: Via is not connected or connected on only one layer
    Local override; Severity: warning
    @(246.3579 mm, 112.9535 mm): Via [/PAD1_RX2] on F.Cu - B.Cu
[via_dangling]: Via is not connected or connected on only one layer
    Local override; Severity: warning
    @(244.1979 mm, 112.9535 mm): Via [/PAD1_RX2] on F.Cu - B.Cu
[via_dangling]: Via is not connected or connected on only one layer
    Local override; Severity: warning
    @(242.0379 mm, 112.9535 mm): Via [/PAD1_RX2] on F.Cu - B.Cu
[via_dangling]: Via is not connected or connected on only one layer
    Local override; Severity: warning
    @(306.8379 mm, 112.9535 mm): Via [/PAD1_RX2] on F.Cu - B.Cu
[via_dangling]: Via is not connected or connected on only one layer
    Local override; Severity: warning
    @(289.5579 mm, 112.9535 mm): Via [/PAD1_RX2] on F.Cu - B.Cu
[via_dangling]: Via is not connected or connected on only one layer
    Local override; Severity: warning
    @(280.9179 mm, 112.9535 mm): Via [/PAD1_RX2] on F.Cu - B.Cu
[via_dangling]: Via is not connected or connected on only one layer
    Local override; Severity: warning
    @(304.6779 mm, 112.9535 mm): Via [/PAD1_RX2] on F.Cu - B.Cu
[via_dangling]: Via is not connected or connected on only one layer
    Local override; Severity: warning
    @(237.7179 mm, 112.9535 mm): Via [/PAD1_RX2] on F.Cu - B.Cu
[via_dangling]: Via is not connected or connected on only one layer
    Local override; Severity: warning
    @(302.5179 mm, 112.9535 mm): Via [/PAD1_RX2] on F.Cu - B.Cu
[via_dangling]: Via is not connected or connected on only one layer
    Local override; Severity: warning
    @(278.7579 mm, 112.9535 mm): Via [/PAD1_RX2] on F.Cu - B.Cu
[via_dangling]: Via is not connected or connected on only one layer
    Local override; Severity: warning
    @(272.2779 mm, 122.1261 mm): Via [/PAD1_RX3] on F.Cu - B.Cu
[via_dangling]: Via is not connected or connected on only one layer
    Local override; Severity: warning
    @(274.4379 mm, 121.9535 mm): Via [/PAD1_RX3] on F.Cu - B.Cu
[via_dangling]: Via is not connected or connected on only one layer
    Local override; Severity: warning
    @(291.7179 mm, 121.9535 mm): Via [/PAD1_RX3] on F.Cu - B.Cu
[via_dangling]: Via is not connected or connected on only one layer
    Local override; Severity: warning
    @(306.8379 mm, 121.9535 mm): Via [/PAD1_RX3] on F.Cu - B.Cu
[via_dangling]: Via is not connected or connected on only one layer
    Local override; Severity: warning
    @(345.7179 mm, 121.9535 mm): Via [/PAD1_RX3] on F.Cu - B.Cu
[via_dangling]: Via is not connected or connected on only one layer
    Local override; Severity: warning
    @(293.8779 mm, 121.9535 mm): Via [/PAD1_RX3] on F.Cu - B.Cu
[via_dangling]: Via is not connected or connected on only one layer
    Local override; Severity: warning
    @(308.9979 mm, 121.9535 mm): Via [/PAD1_RX3] on F.Cu - B.Cu
[via_dangling]: Via is not connected or connected on only one layer
    Local override; Severity: warning
    @(362.9979 mm, 121.9535 mm): Via [/PAD1_RX3] on F.Cu - B.Cu
[via_dangling]: Via is not connected or connected on only one layer
    Local override; Severity: warning
    @(317.6379 mm, 121.9535 mm): Via [/PAD1_RX3] on F.Cu - B.Cu
[via_dangling]: Via is not connected or connected on only one layer
    Local override; Severity: warning
    @(365.1579 mm, 121.9535 mm): Via [/PAD1_RX3] on F.Cu - B.Cu
[via_dangling]: Via is not connected or connected on only one layer
    Local override; Severity: warning
    @(313.3179 mm, 121.9535 mm): Via [/PAD1_RX3] on F.Cu - B.Cu
[via_dangling]: Via is not connected or connected on only one layer
    Local override; Severity: warning
    @(287.3979 mm, 121.9535 mm): Via [/PAD1_RX3] on F.Cu - B.Cu
[via_dangling]: Via is not connected or connected on only one layer
    Local override; Severity: warning
    @(330.5979 mm, 121.9535 mm): Via [/PAD1_RX3] on F.Cu - B.Cu
[via_dangling]: Via is not connected or connected on only one layer
    Local override; Severity: warning
    @(326.2779 mm, 121.9535 mm): Via [/PAD1_RX3] on F.Cu - B.Cu
[via_dangling]: Via is not connected or connected on only one layer
    Local override; Severity: warning
    @(315.4779 mm, 121.9535 mm): Via [/PAD1_RX3] on F.Cu - B.Cu
[via_dangling]: Via is not connected or connected on only one layer
    Local override; Severity: warning
    @(321.9579 mm, 121.9535 mm): Via [/PAD1_RX3] on F.Cu - B.Cu
[via_dangling]: Via is not connected or connected on only one layer
    Local override; Severity: warning
    @(341.3979 mm, 121.9535 mm): Via [/PAD1_RX3] on F.Cu - B.Cu
[via_dangling]: Via is not connected or connected on only one layer
    Local override; Severity: warning
    @(332.7579 mm, 121.9535 mm): Via [/PAD1_RX3] on F.Cu - B.Cu
[via_dangling]: Via is not connected or connected on only one layer
    Local override; Severity: warning
    @(302.5179 mm, 121.9535 mm): Via [/PAD1_RX3] on F.Cu - B.Cu
[via_dangling]: Via is not connected or connected on only one layer
    Local override; Severity: warning
    @(343.5579 mm, 121.9535 mm): Via [/PAD1_RX3] on F.Cu - B.Cu
[via_dangling]: Via is not connected or connected on only one layer
    Local override; Severity: warning
    @(360.8379 mm, 121.9535 mm): Via [/PAD1_RX3] on F.Cu - B.Cu
[via_dangling]: Via is not connected or connected on only one layer
    Local override; Severity: warning
    @(280.9179 mm, 121.9535 mm): Via [/PAD1_RX3] on F.Cu - B.Cu
[via_dangling]: Via is not connected or connected on only one layer
    Local override; Severity: warning
    @(339.2379 mm, 121.9535 mm): Via [/PAD1_RX3] on F.Cu - B.Cu
[via_dangling]: Via is not connected or connected on only one layer
    Local override; Severity: warning
    @(337.0779 mm, 121.9535 mm): Via [/PAD1_RX3] on F.Cu - B.Cu
[via_dangling]: Via is not connected or connected on only one layer
    Local override; Severity: warning
    @(328.4379 mm, 121.9535 mm): Via [/PAD1_RX3] on F.Cu - B.Cu
[via_dangling]: Via is not connected or connected on only one layer
    Local override; Severity: warning
    @(373.7979 mm, 122.1261 mm): Via [/PAD1_RX3] on F.Cu - B.Cu
[via_dangling]: Via is not connected or connected on only one layer
    Local override; Severity: warning
    @(300.3579 mm, 121.9535 mm): Via [/PAD1_RX3] on F.Cu - B.Cu
[via_dangling]: Via is not connected or connected on only one layer
    Local override; Severity: warning
    @(354.3579 mm, 121.9535 mm): Via [/PAD1_RX3] on F.Cu - B.Cu
[via_dangling]: Via is not connected or connected on only one layer
    Local override; Severity: warning
    @(296.0379 mm, 121.9535 mm): Via [/PAD1_RX3] on F.Cu - B.Cu
[via_dangling]: Via is not connected or connected on only one layer
    Local override; Severity: warning
    @(276.5979 mm, 121.9535 mm): Via [/PAD1_RX3] on F.Cu - B.Cu
[via_dangling]: Via is not connected or connected on only one layer
    Local override; Severity: warning
    @(298.1979 mm, 121.9535 mm): Via [/PAD1_RX3] on F.Cu - B.Cu
[via_dangling]: Via is not connected or connected on only one layer
    Local override; Severity: warning
    @(289.5579 mm, 121.9535 mm): Via [/PAD1_RX3] on F.Cu - B.Cu
[via_dangling]: Via is not connected or connected on only one layer
    Local override; Severity: warning
    @(304.6779 mm, 121.9535 mm): Via [/PAD1_RX3] on F.Cu - B.Cu
[via_dangling]: Via is not connected or connected on only one layer
    Local override; Severity: warning
    @(278.7579 mm, 121.9535 mm): Via [/PAD1_RX3] on F.Cu - B.Cu
[via_dangling]: Via is not connected or connected on only one layer
    Local override; Severity: warning
    @(371.6379 mm, 121.9535 mm): Via [/PAD1_RX3] on F.Cu - B.Cu
[via_dangling]: Via is not connected or connected on only one layer
    Local override; Severity: warning
    @(311.1579 mm, 121.9535 mm): Via [/PAD1_RX3] on F.Cu - B.Cu
[via_dangling]: Via is not connected or connected on only one layer
    Local override; Severity: warning
    @(352.1979 mm, 121.9535 mm): Via [/PAD1_RX3] on F.Cu - B.Cu
[via_dangling]: Via is not connected or connected on only one layer
    Local override; Severity: warning
    @(367.3179 mm, 121.9535 mm): Via [/PAD1_RX3] on F.Cu - B.Cu
[via_dangling]: Via is not connected or connected on only one layer
    Local override; Severity: warning
    @(283.0779 mm, 121.9535 mm): Via [/PAD1_RX3] on F.Cu - B.Cu
[via_dangling]: Via is not connected or connected on only one layer
    Local override; Severity: warning
    @(350.0379 mm, 121.9535 mm): Via [/PAD1_RX3] on F.Cu - B.Cu
[via_dangling]: Via is not connected or connected on only one layer
    Local override; Severity: warning
    @(369.4779 mm, 121.9535 mm): Via [/PAD1_RX3] on F.Cu - B.Cu
[via_dangling]: Via is not connected or connected on only one layer
    Local override; Severity: warning
    @(347.8779 mm, 121.9535 mm): Via [/PAD1_RX3] on F.Cu - B.Cu
[via_dangling]: Via is not connected or connected on only one layer
    Local override; Severity: warning
    @(319.7979 mm, 121.9535 mm): Via [/PAD1_RX3] on F.Cu - B.Cu
[via_dangling]: Via is not connected or connected on only one layer
    Local override; Severity: warning
    @(324.1179 mm, 121.9535 mm): Via [/PAD1_RX3] on F.Cu - B.Cu
[via_dangling]: Via is not connected or connected on only one layer
    Local override; Severity: warning
    @(358.6779 mm, 121.9535 mm): Via [/PAD1_RX3] on F.Cu - B.Cu
[via_dangling]: Via is not connected or connected on only one layer
    Local override; Severity: warning
    @(285.2379 mm, 121.9535 mm): Via [/PAD1_RX3] on F.Cu - B.Cu
[via_dangling]: Via is not connected or connected on only one layer
    Local override; Severity: warning
    @(356.5179 mm, 121.9535 mm): Via [/PAD1_RX3] on F.Cu - B.Cu
[via_dangling]: Via is not connected or connected on only one layer
    Local override; Severity: warning
    @(334.9179 mm, 121.9535 mm): Via [/PAD1_RX3] on F.Cu - B.Cu
[via_dangling]: Via is not connected or connected on only one layer
    Local override; Severity: warning
    @(207.4779 mm, 130.9535 mm): Via [/PAD2_RX0] on F.Cu - B.Cu
[via_dangling]: Via is not connected or connected on only one layer
    Local override; Severity: warning
    @(332.7579 mm, 130.9535 mm): Via [/PAD2_RX0] on F.Cu - B.Cu
[via_dangling]: Via is not connected or connected on only one layer
    Local override; Severity: warning
    @(343.5579 mm, 130.9535 mm): Via [/PAD2_RX0] on F.Cu - B.Cu
[via_dangling]: Via is not connected or connected on only one layer
    Local override; Severity: warning
    @(326.2779 mm, 130.7809 mm): Via [/PAD2_RX0] on F.Cu - B.Cu
[via_dangling]: Via is not connected or connected on only one layer
    Local override; Severity: warning
    @(352.1979 mm, 130.9535 mm): Via [/PAD2_RX0] on F.Cu - B.Cu
[via_dangling]: Via is not connected or connected on only one layer
    Local override; Severity: warning
    @(341.3979 mm, 130.9535 mm): Via [/PAD2_RX0] on F.Cu - B.Cu
[via_dangling]: Via is not connected or connected on only one layer
    Local override; Severity: warning
    @(347.8779 mm, 130.9535 mm): Via [/PAD2_RX0] on F.Cu - B.Cu
[text_height]: Text height out of range (board setup constraints silk text height min height 0.8000 mm; actual 0.6000 mm)
    Rule: board setup constraints silk text height; Severity: warning
    @(180.1250 mm, 244.4650 mm): Reference 'D43'
[text_height]: Text height out of range (board setup constraints silk text height min height 0.8000 mm; actual 0.6000 mm)
    Rule: board setup constraints silk text height; Severity: warning
    @(180.1250 mm, 246.6550 mm): Reference 'D44'
[text_height]: Text height out of range (board setup constraints silk text height min height 0.8000 mm; actual 0.6000 mm)
    Rule: board setup constraints silk text height; Severity: warning
    @(172.0550 mm, 242.2750 mm): Reference 'D12'
[text_height]: Text height out of range (board setup constraints silk text height min height 0.8000 mm; actual 0.6000 mm)
    Rule: board setup constraints silk text height; Severity: warning
    @(174.7450 mm, 240.0850 mm): Reference 'D21'
[text_height]: Text height out of range (board setup constraints silk text height min height 0.8000 mm; actual 0.6000 mm)
    Rule: board setup constraints silk text height; Severity: warning
    @(174.7450 mm, 246.6550 mm): Reference 'D24'
[text_height]: Text height out of range (board setup constraints silk text height min height 0.8000 mm; actual 0.6000 mm)
    Rule: board setup constraints silk text height; Severity: warning
    @(177.4350 mm, 240.0850 mm): Reference 'D31'
[text_height]: Text height out of range (board setup constraints silk text height min height 0.8000 mm; actual 0.6000 mm)
    Rule: board setup constraints silk text height; Severity: warning
    @(177.4350 mm, 244.4650 mm): Reference 'D33'
[text_height]: Text height out of range (board setup constraints silk text height min height 0.8000 mm; actual 0.6000 mm)
    Rule: board setup constraints silk text height; Severity: warning
    @(177.4350 mm, 242.2750 mm): Reference 'D32'
[text_height]: Text height out of range (board setup constraints silk text height min height 0.8000 mm; actual 0.6000 mm)
    Rule: board setup constraints silk text height; Severity: warning
    @(180.1250 mm, 242.2750 mm): Reference 'D42'
[text_height]: Text height out of range (board setup constraints silk text height min height 0.8000 mm; actual 0.6000 mm)
    Rule: board setup constraints silk text height; Severity: warning
    @(172.0550 mm, 240.0850 mm): Reference 'D11'
[text_height]: Text height out of range (board setup constraints silk text height min height 0.8000 mm; actual 0.6000 mm)
    Rule: board setup constraints silk text height; Severity: warning
    @(180.1250 mm, 240.0850 mm): Reference 'D41'
[text_height]: Text height out of range (board setup constraints silk text height min height 0.8000 mm; actual 0.6000 mm)
    Rule: board setup constraints silk text height; Severity: warning
    @(177.4350 mm, 246.6550 mm): Reference 'D34'
[text_height]: Text height out of range (board setup constraints silk text height min height 0.8000 mm; actual 0.6000 mm)
    Rule: board setup constraints silk text height; Severity: warning
    @(174.7450 mm, 242.2750 mm): Reference 'D22'
[text_height]: Text height out of range (board setup constraints silk text height min height 0.8000 mm; actual 0.6000 mm)
    Rule: board setup constraints silk text height; Severity: warning
    @(172.0550 mm, 246.6550 mm): Reference 'D14'
[text_height]: Text height out of range (board setup constraints silk text height min height 0.8000 mm; actual 0.6000 mm)
    Rule: board setup constraints silk text height; Severity: warning
    @(174.7450 mm, 244.4650 mm): Reference 'D23'
[text_height]: Text height out of range (board setup constraints silk text height min height 0.8000 mm; actual 0.6000 mm)
    Rule: board setup constraints silk text height; Severity: warning
    @(172.0550 mm, 244.4650 mm): Reference 'D13'
[silk_over_copper]: Silkscreen clipped by solder mask
    Local override; Severity: warning
    @(180.5350 mm, 224.8750 mm): Reference 'R42'
[silk_over_copper]: Silkscreen clipped by solder mask
    Local override; Severity: warning
    @(179.7350 mm, 229.2750 mm): Circle on F.Silkscreen
[silk_over_copper]: Silkscreen clipped by solder mask
    Local override; Severity: warning
    @(172.6750 mm, 224.8750 mm): Reference 'R3'
[silk_over_copper]: Silkscreen clipped by solder mask
    Local override; Severity: warning
    @(171.8750 mm, 229.2750 mm): Circle on F.Silkscreen
[silk_over_copper]: Silkscreen clipped by solder mask
    Local override; Severity: warning
    @(171.8750 mm, 226.8050 mm): Circle on F.Silkscreen
[silk_over_copper]: Silkscreen clipped by solder mask
    Local override; Severity: warning
    @(180.5350 mm, 229.8150 mm): Reference 'R44'
[silk_over_copper]: Silkscreen clipped by solder mask
    Local override; Severity: warning
    @(179.7350 mm, 234.2150 mm): Circle on F.Silkscreen
[silk_over_copper]: Silkscreen clipped by solder mask
    Local override; Severity: warning
    @(171.8750 mm, 224.3350 mm): Circle on F.Silkscreen
[silk_over_copper]: Silkscreen clipped by solder mask
    Local override; Severity: warning
    @(189.0650 mm, 238.6250 mm): Reference 'C1'
[silk_over_copper]: Silkscreen clipped by solder mask
    Local override; Severity: warning
    @(188.0650 mm, 243.2550 mm): Circle on F.Silkscreen
[silk_over_copper]: Silkscreen clipped by solder mask
    Local override; Severity: warning
    @(176.6050 mm, 227.3450 mm): Reference 'R24'
[silk_over_copper]: Silkscreen clipped by solder mask
    Local override; Severity: warning
    @(175.8050 mm, 231.7450 mm): Circle on F.Silkscreen
[silk_over_copper]: Silkscreen clipped by solder mask
    Local override; Severity: warning
    @(175.8050 mm, 226.8050 mm): Circle on F.Silkscreen
[silk_over_copper]: Silkscreen clipped by solder mask
    Local override; Severity: warning
    @(176.6050 mm, 224.8750 mm): Reference 'R23'
[silk_over_copper]: Silkscreen clipped by solder mask
    Local override; Severity: warning
    @(175.8050 mm, 229.2750 mm): Circle on F.Silkscreen
[silk_over_copper]: Silkscreen clipped by solder mask
    Local override; Severity: warning
    @(176.6050 mm, 234.7550 mm): Reference 'R33'
[silk_over_copper]: Silkscreen clipped by solder mask
    Local override; Severity: warning
    @(175.8050 mm, 239.1550 mm): Circle on F.Silkscreen
[silk_over_copper]: Silkscreen clipped by solder mask
    Local override; Severity: warning
    @(176.6050 mm, 232.2850 mm): Reference 'R32'
[silk_over_copper]: Silkscreen clipped by solder mask
    Local override; Severity: warning
    @(175.8050 mm, 236.6850 mm): Circle on F.Silkscreen
[silk_over_copper]: Silkscreen clipped by solder mask
    Local override; Severity: warning
    @(179.7350 mm, 224.3350 mm): Circle on F.Silkscreen
[silk_over_copper]: Silkscreen clipped by solder mask
    Local override; Severity: warning
    @(183.7150 mm, 243.7950 mm): Circle on F.Silkscreen
[silk_over_copper]: Silkscreen clipped by solder mask
    Local override; Severity: warning
    @(183.7150 mm, 241.1250 mm): Circle on F.Silkscreen
[silk_over_copper]: Silkscreen clipped by solder mask
    Local override; Severity: warning
    @(189.0650 mm, 241.5750 mm): Reference 'C3'
[silk_over_copper]: Silkscreen clipped by solder mask
    Local override; Severity: warning
    @(188.0650 mm, 246.2050 mm): Circle on F.Silkscreen
[silk_over_copper]: Silkscreen clipped by solder mask
    Local override; Severity: warning
    @(175.8050 mm, 224.3350 mm): Circle on F.Silkscreen
[silk_over_copper]: Silkscreen clipped by solder mask
    Local override; Severity: warning
    @(176.6050 mm, 229.8150 mm): Reference 'R31'
[silk_over_copper]: Silkscreen clipped by solder mask
    Local override; Severity: warning
    @(175.8050 mm, 234.2150 mm): Circle on F.Silkscreen
[silk_over_copper]: Silkscreen clipped by solder mask
    Local override; Severity: warning
    @(172.6750 mm, 234.7550 mm): Reference 'R14'
[silk_over_copper]: Silkscreen clipped by solder mask
    Local override; Severity: warning
    @(171.8750 mm, 239.1550 mm): Circle on F.Silkscreen
[silk_over_copper]: Silkscreen clipped by solder mask
    Local override; Severity: warning
    @(180.5350 mm, 227.3450 mm): Reference 'R43'
[silk_over_copper]: Silkscreen clipped by solder mask
    Local override; Severity: warning
    @(179.7350 mm, 231.7450 mm): Circle on F.Silkscreen
[silk_over_copper]: Silkscreen clipped by solder mask
    Local override; Severity: warning
    @(184.5150 mm, 231.3850 mm): Reference 'C2'
[silk_over_copper]: Silkscreen clipped by solder mask
    Local override; Severity: warning
    @(183.7150 mm, 235.7850 mm): Circle on F.Silkscreen
[silk_over_copper]: Silkscreen clipped by solder mask
    Local override; Severity: warning
    @(172.6750 mm, 227.3450 mm): Reference 'R11'
[silk_over_copper]: Silkscreen clipped by solder mask
    Local override; Severity: warning
    @(171.8750 mm, 231.7450 mm): Circle on F.Silkscreen
[silk_over_copper]: Silkscreen clipped by solder mask
    Local override; Severity: warning
    @(172.6750 mm, 232.2850 mm): Reference 'R13'
[silk_over_copper]: Silkscreen clipped by solder mask
    Local override; Severity: warning
    @(171.8750 mm, 236.6850 mm): Circle on F.Silkscreen
[silk_over_copper]: Silkscreen clipped by solder mask
    Local override; Severity: warning
    @(172.6750 mm, 229.8150 mm): Reference 'R12'
[silk_over_copper]: Silkscreen clipped by solder mask
    Local override; Severity: warning
    @(171.8750 mm, 234.2150 mm): Circle on F.Silkscreen
[silk_over_copper]: Silkscreen clipped by solder mask
    Local override; Severity: warning
    @(183.7150 mm, 238.4550 mm): Circle on F.Silkscreen
[silk_over_copper]: Silkscreen clipped by solder mask
    Local override; Severity: warning
    @(179.7350 mm, 226.8050 mm): Circle on F.Silkscreen
[silk_over_copper]: Silkscreen clipped by solder mask
    Local override; Severity: warning
    @(328.9950 mm, 155.5000 mm): Reference 'J1'
[silk_over_copper]: Silkscreen clipped by solder mask
    Local override; Severity: warning
    @(339.2550 mm, 167.0600 mm): Line on B.Silkscreen
[silk_over_copper]: Silkscreen clipped by solder mask
    Local override; Severity: warning
    @(339.2550 mm, 157.9400 mm): Line on B.Silkscreen
[silk_over_copper]: Silkscreen clipped by solder mask
    Local override; Severity: warning
    @(339.2550 mm, 157.9400 mm): Line on B.Silkscreen
[silk_over_copper]: Silkscreen clipped by solder mask
    Local override; Severity: warning
    @(323.1450 mm, 167.0600 mm): Line on B.Silkscreen
[silk_over_copper]: Silkscreen clipped by solder mask
    Local override; Severity: warning
    @(323.1450 mm, 157.9400 mm): Line on B.Silkscreen
[silk_overlap]: Silkscreen overlap
    Rule: board setup constraints silk; Severity: warning
    @(172.6750 mm, 224.8750 mm): Reference 'R3'
    @(172.2450 mm, 224.5950 mm): Line on F.Silkscreen
[silk_overlap]: Silkscreen overlap
    Rule: board setup constraints silk; Severity: warning
    @(172.6750 mm, 224.8750 mm): Reference 'R3'
    @(171.8750 mm, 224.3350 mm): Circle on F.Silkscreen
[silk_overlap]: Silkscreen overlap
    Rule: board setup constraints silk; Severity: warning
    @(176.6050 mm, 224.8750 mm): Reference 'R23'
    @(175.8050 mm, 224.3350 mm): Circle on F.Silkscreen
[silk_overlap]: Silkscreen overlap
    Rule: board setup constraints silk; Severity: warning
    @(176.6050 mm, 224.8750 mm): Reference 'R23'
    @(176.1750 mm, 224.5950 mm): Line on F.Silkscreen
[silk_overlap]: Silkscreen overlap
    Rule: board setup constraints silk; Severity: warning
    @(177.0350 mm, 224.5950 mm): Line on F.Silkscreen
    @(176.6050 mm, 224.8750 mm): Reference 'R23'
[silk_overlap]: Silkscreen overlap
    Rule: board setup constraints silk; Severity: warning
    @(177.9950 mm, 224.5950 mm): Line on F.Silkscreen
    @(176.6050 mm, 224.8750 mm): Reference 'R23'
[silk_overlap]: Silkscreen overlap
    Rule: board setup constraints silk; Severity: warning
    @(181.9250 mm, 224.5950 mm): Line on F.Silkscreen
    @(180.5350 mm, 224.8750 mm): Reference 'R42'
[silk_overlap]: Silkscreen overlap
    Rule: board setup constraints silk; Severity: warning
    @(179.7350 mm, 224.3350 mm): Circle on F.Silkscreen
    @(180.5350 mm, 224.8750 mm): Reference 'R42'
[silk_overlap]: Silkscreen overlap
    Rule: board setup constraints silk; Severity: warning
    @(180.5350 mm, 224.8750 mm): Reference 'R42'
    @(180.1050 mm, 224.5950 mm): Line on F.Silkscreen
[silk_overlap]: Silkscreen overlap
    Rule: board setup constraints silk; Severity: warning
    @(180.5350 mm, 224.8750 mm): Reference 'R42'
    @(180.9650 mm, 224.5950 mm): Line on F.Silkscreen
[silk_overlap]: Silkscreen overlap
    Rule: board setup constraints silk; Severity: warning
    @(180.1050 mm, 229.5350 mm): Line on F.Silkscreen
    @(180.5350 mm, 229.8150 mm): Reference 'R44'
[silk_overlap]: Silkscreen overlap
    Rule: board setup constraints silk; Severity: warning
    @(180.5350 mm, 229.8150 mm): Reference 'R44'
    @(179.7350 mm, 229.2750 mm): Circle on F.Silkscreen
[silk_overlap]: Silkscreen overlap
    Rule: board setup constraints silk; Severity: warning
    @(180.5350 mm, 227.3450 mm): Reference 'R43'
    @(181.9250 mm, 227.0650 mm): Line on F.Silkscreen
[silk_overlap]: Silkscreen overlap
    Rule: board setup constraints silk; Severity: warning
    @(180.5350 mm, 227.3450 mm): Reference 'R43'
    @(180.9650 mm, 227.0650 mm): Line on F.Silkscreen
[silk_overlap]: Silkscreen overlap
    Rule: board setup constraints silk; Severity: warning
    @(180.9650 mm, 229.5350 mm): Line on F.Silkscreen
    @(180.5350 mm, 229.8150 mm): Reference 'R44'
[silk_overlap]: Silkscreen overlap
    Rule: board setup constraints silk; Severity: warning
    @(184.2350 mm, 234.6750 mm): Line on F.Silkscreen
    @(184.5150 mm, 234.0550 mm): Reference 'C4'
[silk_overlap]: Silkscreen overlap
    Rule: board setup constraints silk; Severity: warning
    @(184.5150 mm, 236.7250 mm): Reference 'C5'
    @(184.2350 mm, 236.0950 mm): Line on F.Silkscreen
[silk_overlap]: Silkscreen overlap
    Rule: board setup constraints silk; Severity: warning
    @(184.7950 mm, 234.6750 mm): Line on F.Silkscreen
    @(184.5150 mm, 234.0550 mm): Reference 'C4'
[silk_overlap]: Silkscreen overlap
    Rule: board setup constraints silk; Severity: warning
    @(184.7950 mm, 236.0950 mm): Line on F.Silkscreen
    @(184.5150 mm, 236.7250 mm): Reference 'C5'
[silk_overlap]: Silkscreen overlap
    Rule: board setup constraints silk; Severity: warning
    @(184.5650 mm, 231.9850 mm): Line on F.Silkscreen
    @(184.5150 mm, 231.3850 mm): Reference 'C2'
[silk_overlap]: Silkscreen overlap
    Rule: board setup constraints silk; Severity: warning
    @(176.6050 mm, 234.7550 mm): Reference 'R33'
    @(177.9950 mm, 234.4750 mm): Line on F.Silkscreen
[silk_overlap]: Silkscreen overlap
    Rule: board setup constraints silk; Severity: warning
    @(176.6050 mm, 234.7550 mm): Reference 'R33'
    @(177.0350 mm, 234.4750 mm): Line on F.Silkscreen
[silk_overlap]: Silkscreen overlap
    Rule: board setup constraints silk; Severity: warning
    @(176.6050 mm, 232.2850 mm): Reference 'R32'
    @(176.1750 mm, 232.0050 mm): Line on F.Silkscreen
[silk_overlap]: Silkscreen overlap
    Rule: board setup constraints silk; Severity: warning
    @(176.6050 mm, 232.2850 mm): Reference 'R32'
    @(177.0350 mm, 232.0050 mm): Line on F.Silkscreen
[silk_overlap]: Silkscreen overlap
    Rule: board setup constraints silk; Severity: warning
    @(176.6050 mm, 232.2850 mm): Reference 'R32'
    @(177.9950 mm, 232.0050 mm): Line on F.Silkscreen
[silk_overlap]: Silkscreen overlap
    Rule: board setup constraints silk; Severity: warning
    @(176.6050 mm, 234.7550 mm): Reference 'R33'
    @(176.1750 mm, 234.4750 mm): Line on F.Silkscreen
[silk_overlap]: Silkscreen overlap
    Rule: board setup constraints silk; Severity: warning
    @(176.6050 mm, 234.7550 mm): Reference 'R33'
    @(175.8050 mm, 234.2150 mm): Circle on F.Silkscreen
[silk_overlap]: Silkscreen overlap
    Rule: board setup constraints silk; Severity: warning
    @(172.6750 mm, 234.7550 mm): Reference 'R14'
    @(173.1050 mm, 234.4750 mm): Line on F.Silkscreen
[silk_overlap]: Silkscreen overlap
    Rule: board setup constraints silk; Severity: warning
    @(172.6750 mm, 234.7550 mm): Reference 'R14'
    @(172.2450 mm, 234.4750 mm): Line on F.Silkscreen
[silk_overlap]: Silkscreen overlap
    Rule: board setup constraints silk; Severity: warning
    @(171.8750 mm, 234.2150 mm): Circle on F.Silkscreen
    @(172.6750 mm, 234.7550 mm): Reference 'R14'
[silk_overlap]: Silkscreen overlap
    Rule: board setup constraints silk; Severity: warning
    @(172.2450 mm, 232.0050 mm): Line on F.Silkscreen
    @(172.6750 mm, 232.2850 mm): Reference 'R13'
[silk_overlap]: Silkscreen overlap
    Rule: board setup constraints silk; Severity: warning
    @(172.6750 mm, 232.2850 mm): Reference 'R13'
    @(171.8750 mm, 231.7450 mm): Circle on F.Silkscreen
[silk_overlap]: Silkscreen overlap
    Rule: board setup constraints silk; Severity: warning
    @(172.6750 mm, 232.2850 mm): Reference 'R13'
    @(173.1050 mm, 232.0050 mm): Line on F.Silkscreen
[silk_overlap]: Silkscreen overlap
    Rule: board setup constraints silk; Severity: warning
    @(172.6750 mm, 232.2850 mm): Reference 'R13'
    @(174.0650 mm, 232.0050 mm): Line on F.Silkscreen
[silk_overlap]: Silkscreen overlap
    Rule: board setup constraints silk; Severity: warning
    @(188.3050 mm, 239.3750 mm): Circle on F.Silkscreen
    @(189.0650 mm, 238.6250 mm): Reference 'C1'
[silk_overlap]: Silkscreen overlap
    Rule: board setup constraints silk; Severity: warning
    @(189.0650 mm, 238.6250 mm): Reference 'C1'
    @(188.3050 mm, 237.7270 mm): Reference 'TP2'
[silk_overlap]: Silkscreen overlap
    Rule: board setup constraints silk; Severity: warning
    @(184.5150 mm, 239.3950 mm): Reference 'C6'
    @(184.2350 mm, 240.0150 mm): Line on F.Silkscreen
[silk_overlap]: Silkscreen overlap
    Rule: board setup constraints silk; Severity: warning
    @(184.5150 mm, 239.3950 mm): Reference 'C6'
    @(184.7950 mm, 240.0150 mm): Line on F.Silkscreen
[silk_overlap]: Silkscreen overlap
    Rule: board setup constraints silk; Severity: warning
    @(184.5150 mm, 239.3950 mm): Reference 'C6'
    @(184.2350 mm, 238.7650 mm): Line on F.Silkscreen
[silk_overlap]: Silkscreen overlap
    Rule: board setup constraints silk; Severity: warning
    @(184.5150 mm, 239.3950 mm): Reference 'C6'
    @(184.7950 mm, 238.7650 mm): Line on F.Silkscreen
[silk_overlap]: Silkscreen overlap
    Rule: board setup constraints silk; Severity: warning
    @(184.7950 mm, 237.3450 mm): Line on F.Silkscreen
    @(184.5150 mm, 236.7250 mm): Reference 'C5'
[silk_overlap]: Silkscreen overlap
    Rule: board setup constraints silk; Severity: warning
    @(184.2350 mm, 237.3450 mm): Line on F.Silkscreen
    @(184.5150 mm, 236.7250 mm): Reference 'C5'
[silk_overlap]: Silkscreen overlap
    Rule: board setup constraints silk; Severity: warning
    @(187.2550 mm, 241.7250 mm): Line on F.Silkscreen
    @(189.0650 mm, 241.5750 mm): Reference 'C3'
[silk_overlap]: Silkscreen overlap
    Rule: board setup constraints silk; Severity: warning
    @(189.0650 mm, 241.5750 mm): Reference 'C3'
    @(190.8750 mm, 241.7250 mm): Line on F.Silkscreen
[silk_overlap]: Silkscreen overlap
    Rule: board setup constraints silk; Severity: warning
    @(176.6050 mm, 227.3450 mm): Reference 'R24'
    @(177.0350 mm, 227.0650 mm): Line on F.Silkscreen
[silk_overlap]: Silkscreen overlap
    Rule: board setup constraints silk; Severity: warning
    @(180.5350 mm, 227.3450 mm): Reference 'R43'
    @(180.1050 mm, 227.0650 mm): Line on F.Silkscreen
[silk_overlap]: Silkscreen overlap
    Rule: board setup constraints silk; Severity: warning
    @(180.5350 mm, 227.3450 mm): Reference 'R43'
    @(179.7350 mm, 226.8050 mm): Circle on F.Silkscreen
[silk_overlap]: Silkscreen overlap
    Rule: board setup constraints silk; Severity: warning
    @(172.6750 mm, 224.8750 mm): Reference 'R3'
    @(173.1050 mm, 224.5950 mm): Line on F.Silkscreen
[silk_overlap]: Silkscreen overlap
    Rule: board setup constraints silk; Severity: warning
    @(171.8750 mm, 226.8050 mm): Circle on F.Silkscreen
    @(172.6750 mm, 227.3450 mm): Reference 'R11'
[silk_overlap]: Silkscreen overlap
    Rule: board setup constraints silk; Severity: warning
    @(172.6750 mm, 227.3450 mm): Reference 'R11'
    @(172.2450 mm, 227.0650 mm): Line on F.Silkscreen
[silk_overlap]: Silkscreen overlap
    Rule: board setup constraints silk; Severity: warning
    @(172.6750 mm, 227.3450 mm): Reference 'R11'
    @(173.1050 mm, 227.0650 mm): Line on F.Silkscreen
[silk_overlap]: Silkscreen overlap
    Rule: board setup constraints silk; Severity: warning
    @(176.6050 mm, 227.3450 mm): Reference 'R24'
    @(176.1750 mm, 227.0650 mm): Line on F.Silkscreen
[silk_overlap]: Silkscreen overlap
    Rule: board setup constraints silk; Severity: warning
    @(175.8050 mm, 226.8050 mm): Circle on F.Silkscreen
    @(176.6050 mm, 227.3450 mm): Reference 'R24'
[silk_overlap]: Silkscreen overlap
    Rule: board setup constraints silk; Severity: warning
    @(175.8050 mm, 229.2750 mm): Circle on F.Silkscreen
    @(176.6050 mm, 229.8150 mm): Reference 'R31'
[silk_overlap]: Silkscreen overlap
    Rule: board setup constraints silk; Severity: warning
    @(176.1750 mm, 229.5350 mm): Line on F.Silkscreen
    @(176.6050 mm, 229.8150 mm): Reference 'R31'
[silk_overlap]: Silkscreen overlap
    Rule: board setup constraints silk; Severity: warning
    @(176.6050 mm, 229.8150 mm): Reference 'R31'
    @(177.0350 mm, 229.5350 mm): Line on F.Silkscreen
[silk_overlap]: Silkscreen overlap
    Rule: board setup constraints silk; Severity: warning
    @(175.8050 mm, 231.7450 mm): Circle on F.Silkscreen
    @(176.6050 mm, 232.2850 mm): Reference 'R32'
[silk_overlap]: Silkscreen overlap
    Rule: board setup constraints silk; Severity: warning
    @(171.8750 mm, 229.2750 mm): Circle on F.Silkscreen
    @(172.6750 mm, 229.8150 mm): Reference 'R12'
[silk_overlap]: Silkscreen overlap
    Rule: board setup constraints silk; Severity: warning
    @(172.6750 mm, 229.8150 mm): Reference 'R12'
    @(173.1050 mm, 229.5350 mm): Line on F.Silkscreen
[silk_overlap]: Silkscreen overlap
    Rule: board setup constraints silk; Severity: warning
    @(172.6750 mm, 229.8150 mm): Reference 'R12'
    @(174.0650 mm, 229.5350 mm): Line on F.Silkscreen
[silk_overlap]: Silkscreen overlap
    Rule: board setup constraints silk; Severity: warning
    @(172.2450 mm, 229.5350 mm): Line on F.Silkscreen
    @(172.6750 mm, 229.8150 mm): Reference 'R12'

** Found 499 unconnected pads **
[unconnected_items]: Missing connection between items
    Local override; Severity: error
    @(175.0950 mm, 245.4650 mm): Pad 2 [/GND] of D23 on F.Cu
    @(175.0950 mm, 247.6550 mm): Pad 2 [/GND] of D24 on F.Cu
[unconnected_items]: Missing connection between items
    Local override; Severity: error
    @(175.0950 mm, 245.4650 mm): Pad 2 [/GND] of D23 on F.Cu
    @(175.0950 mm, 243.2750 mm): Pad 2 [/GND] of D22 on F.Cu
[unconnected_items]: Missing connection between items
    Local override; Severity: error
    @(175.0950 mm, 243.2750 mm): Pad 2 [/GND] of D22 on F.Cu
    @(175.0950 mm, 241.0850 mm): Pad 2 [/GND] of D21 on F.Cu
[unconnected_items]: Missing connection between items
    Local override; Severity: error
    @(177.7850 mm, 245.4650 mm): Pad 2 [/GND] of D33 on F.Cu
    @(177.7850 mm, 247.6550 mm): Pad 2 [/GND] of D34 on F.Cu
[unconnected_items]: Missing connection between items
    Local override; Severity: error
    @(177.7850 mm, 245.4650 mm): Pad 2 [/GND] of D33 on F.Cu
    @(177.7850 mm, 243.2750 mm): Pad 2 [/GND] of D32 on F.Cu
[unconnected_items]: Missing connection between items
    Local override; Severity: error
    @(180.4750 mm, 245.4650 mm): Pad 2 [/GND] of D43 on F.Cu
    @(180.4750 mm, 247.6550 mm): Pad 2 [/GND] of D44 on F.Cu
[unconnected_items]: Missing connection between items
    Local override; Severity: error
    @(177.7850 mm, 243.2750 mm): Pad 2 [/GND] of D32 on F.Cu
    @(177.7850 mm, 241.0850 mm): Pad 2 [/GND] of D31 on F.Cu
[unconnected_items]: Missing connection between items
    Local override; Severity: error
    @(180.4750 mm, 241.0850 mm): Pad 2 [/GND] of D41 on F.Cu
    @(180.4750 mm, 243.2750 mm): Pad 2 [/GND] of D42 on F.Cu
[unconnected_items]: Missing connection between items
    Local override; Severity: error
    @(180.4750 mm, 243.2750 mm): Pad 2 [/GND] of D42 on F.Cu
    @(180.4750 mm, 245.4650 mm): Pad 2 [/GND] of D43 on F.Cu
[unconnected_items]: Missing connection between items
    Local override; Severity: error
    @(172.4050 mm, 245.4650 mm): Pad 2 [/GND] of D13 on F.Cu
    @(172.4050 mm, 247.6550 mm): Pad 2 [/GND] of D14 on F.Cu
[unconnected_items]: Missing connection between items
    Local override; Severity: error
    @(172.4050 mm, 243.2750 mm): Pad 2 [/GND] of D12 on F.Cu
    @(172.4050 mm, 245.4650 mm): Pad 2 [/GND] of D13 on F.Cu
[unconnected_items]: Missing connection between items
    Local override; Severity: error
    @(172.4050 mm, 241.0850 mm): Pad 2 [/GND] of D11 on F.Cu
    @(172.4050 mm, 243.2750 mm): Pad 2 [/GND] of D12 on F.Cu
[unconnected_items]: Missing connection between items
    Local override; Severity: error
    @(185.2150 mm, 235.3850 mm): Pad 2 [/GND] of C2 on F.Cu
    @(185.2150 mm, 238.0550 mm): Pad 2 [/GND] of C4 on F.Cu
[unconnected_items]: Missing connection between items
    Local override; Severity: error
    @(185.2150 mm, 243.3950 mm): Pad 2 [/GND] of C6 on F.Cu
    @(185.2150 mm, 240.7250 mm): Pad 2 [/GND] of C5 on F.Cu
[unconnected_items]: Missing connection between items
    Local override; Severity: error
    @(185.2150 mm, 238.0550 mm): Pad 2 [/GND] of C4 on F.Cu
    @(185.2150 mm, 240.7250 mm): Pad 2 [/GND] of C5 on F.Cu
[unconnected_items]: Missing connection between items
    Local override; Severity: error
    @(175.0950 mm, 241.0850 mm): Pad 2 [/GND] of D21 on F.Cu
    @(177.7850 mm, 241.0850 mm): Pad 2 [/GND] of D31 on F.Cu
[unconnected_items]: Missing connection between items
    Local override; Severity: error
    @(177.7850 mm, 241.0850 mm): Pad 2 [/GND] of D31 on F.Cu
    @(180.4750 mm, 241.0850 mm): Pad 2 [/GND] of D41 on F.Cu
[unconnected_items]: Missing connection between items
    Local override; Severity: error
    @(175.0950 mm, 241.0850 mm): Pad 2 [/GND] of D21 on F.Cu
    @(172.4050 mm, 241.0850 mm): Pad 2 [/GND] of D11 on F.Cu
[unconnected_items]: Missing connection between items
    Local override; Severity: error
    @(190.0650 mm, 242.6250 mm): Pad 2 [/GND] of C1 on F.Cu
    @(190.0650 mm, 245.5750 mm): Pad 2 [/GND] of C3 on F.Cu
[unconnected_items]: Missing connection between items
    Local override; Severity: error
    @(190.0650 mm, 242.6250 mm): Pad 2 [/GND] of C1 on F.Cu
    @(191.8550 mm, 239.3750 mm): Pad 1 [/GND] of TP4 on F.Cu
[unconnected_items]: Missing connection between items
    Local override; Severity: error
    @(180.4750 mm, 243.2750 mm): Pad 2 [/GND] of D42 on F.Cu
    @(185.2150 mm, 243.3950 mm): Pad 2 [/GND] of C6 on F.Cu
[unconnected_items]: Missing connection between items
    Local override; Severity: error
    @(185.2150 mm, 243.3950 mm): Pad 2 [/GND] of C6 on F.Cu
    @(190.0650 mm, 242.6250 mm): Pad 2 [/GND] of C1 on F.Cu
[unconnected_items]: Missing connection between items
    Local override; Severity: error
    @(185.2150 mm, 235.3850 mm): Pad 2 [/GND] of C2 on F.Cu
    @(185.4250 mm, 224.2750 mm): Pad 48 [/GND] of U1 on F.Cu
[unconnected_items]: Missing connection between items
    Local override; Severity: error
    @(323.9150 mm, 159.0750 mm): Track [/GND] on B.Cu, length 2.5400 mm
    @(185.4250 mm, 224.2750 mm): Pad 48 [/GND] of U1 on F.Cu
[unconnected_items]: Missing connection between items
    Local override; Severity: error
    @(173.4250 mm, 228.8750 mm): Pad 2 [/MSP430_RXD] of R3 on F.Cu
    @(184.0750 mm, 227.6250 mm): Pad 5 [/MSP430_RXD] of U1 on F.Cu
[unconnected_items]: Missing connection between items
    Local override; Severity: error
    @(184.0750 mm, 227.6250 mm): Pad 5 [/MSP430_RXD] of U1 on F.Cu
    @(195.4050 mm, 239.3750 mm): Pad 1 [/MSP430_RXD] of TP6 on F.Cu
[unconnected_items]: Missing connection between items
    Local override; Severity: error
    @(195.4050 mm, 239.3750 mm): Pad 1 [/MSP430_RXD] of TP6 on F.Cu
    @(328.9950 mm, 165.9250 mm): Pad 5 [/MSP430_RXD] of J1 on B.Cu
[unconnected_items]: Missing connection between items
    Local override; Severity: error
    @(173.4250 mm, 226.4050 mm): Pad 2 [/MSP430_TXD] of R2 on F.Cu
    @(184.0750 mm, 227.1250 mm): Pad 4 [/MSP430_TXD] of U1 on F.Cu
[unconnected_items]: Missing connection between items
    Local override; Severity: error
    @(184.0750 mm, 227.1250 mm): Pad 4 [/MSP430_TXD] of U1 on F.Cu
    @(195.4050 mm, 235.8250 mm): Pad 1 [/MSP430_TXD] of TP5 on F.Cu
[unconnected_items]: Missing connection between items
    Local override; Severity: error
    @(195.4050 mm, 235.8250 mm): Pad 1 [/MSP430_TXD] of TP5 on F.Cu
    @(326.4550 mm, 165.9250 mm): Pad 7 [/MSP430_TXD] of J1 on B.Cu
[unconnected_items]: Missing connection between items
    Local override; Severity: error
    @(183.8150 mm, 238.0550 mm): Pad 1 [/MSP_RST] of C4 on F.Cu
    @(188.3050 mm, 239.3750 mm): Pad 1 [/MSP_RST] of TP2 on F.Cu
[unconnected_items]: Missing connection between items
    Local override; Severity: error
    @(173.4250 mm, 223.9350 mm): Pad 2 [/MSP_RST] of R1 on F.Cu
    @(184.0750 mm, 226.1250 mm): Pad 2 [/MSP_RST] of U1 on F.Cu
[unconnected_items]: Missing connection between items
    Local override; Severity: error
    @(184.0750 mm, 226.1250 mm): Pad 2 [/MSP_RST] of U1 on F.Cu
    @(183.8150 mm, 238.0550 mm): Pad 1 [/MSP_RST] of C4 on F.Cu
[unconnected_items]: Missing connection between items
    Local override; Severity: error
    @(184.0750 mm, 226.1250 mm): Pad 2 [/MSP_RST] of U1 on F.Cu
    @(331.5350 mm, 165.9250 mm): Pad 3 [/MSP_RST] of J1 on B.Cu
[unconnected_items]: Missing connection between items
    Local override; Severity: error
    @(184.0750 mm, 226.6250 mm): Pad 3 [/MSP_TEST] of U1 on F.Cu
    @(188.3050 mm, 235.8250 mm): Pad 1 [/MSP_TEST] of TP1 on F.Cu
[unconnected_items]: Missing connection between items
    Local override; Severity: error
    @(188.3050 mm, 235.8250 mm): Pad 1 [/MSP_TEST] of TP1 on F.Cu
    @(334.0750 mm, 165.9250 mm): Pad 1 [/MSP_TEST] of J1 on B.Cu
[unconnected_items]: Missing connection between items
    Local override; Severity: error
    @(171.9250 mm, 223.9350 mm): Pad 1 [/P3V3_MSP430] of R1 on F.Cu
    @(171.9250 mm, 226.4050 mm): Pad 1 [/P3V3_MSP430] of R2 on F.Cu
[unconnected_items]: Missing connection between items
    Local override; Severity: error
    @(171.9250 mm, 226.4050 mm): Pad 1 [/P3V3_MSP430] of R2 on F.Cu
    @(171.9250 mm, 228.8750 mm): Pad 1 [/P3V3_MSP430] of R3 on F.Cu
[unconnected_items]: Missing connection between items
    Local override; Severity: error
    @(191.8550 mm, 235.8250 mm): Pad 1 [/P3V3_MSP430] of TP3 on F.Cu
    @(188.0650 mm, 242.6250 mm): Pad 1 [/P3V3_MSP430] of C1 on F.Cu
[unconnected_items]: Missing connection between items
    Local override; Severity: error
    @(191.8550 mm, 235.8250 mm): Pad 1 [/P3V3_MSP430] of TP3 on F.Cu
    @(183.8150 mm, 235.3850 mm): Pad 1 [/P3V3_MSP430] of C2 on F.Cu
[unconnected_items]: Missing connection between items
    Local override; Severity: error
    @(184.0750 mm, 225.6250 mm): Pad 1 [/P3V3_MSP430] of U1 on F.Cu
    @(183.8150 mm, 235.3850 mm): Pad 1 [/P3V3_MSP430] of C2 on F.Cu
[unconnected_items]: Missing connection between items
    Local override; Severity: error
    @(171.9250 mm, 226.4050 mm): Pad 1 [/P3V3_MSP430] of R2 on F.Cu
    @(184.0750 mm, 225.6250 mm): Pad 1 [/P3V3_MSP430] of U1 on F.Cu
[unconnected_items]: Missing connection between items
    Local override; Severity: error
    @(323.9150 mm, 165.9250 mm): Pad 9 [/P3V3_MSP430] of J1 on B.Cu
    @(191.8550 mm, 235.8250 mm): Pad 1 [/P3V3_MSP430] of TP3 on F.Cu
[unconnected_items]: Missing connection between items
    Local override; Severity: error
    @(188.0650 mm, 245.5750 mm): Pad 1 [/MSP_VREG] of C3 on F.Cu
    @(192.2750 mm, 228.1250 mm): Pad 31 [/MSP_VREG] of U1 on F.Cu
[unconnected_items]: Missing connection between items
    Local override; Severity: error
    @(183.8150 mm, 240.7250 mm): Pad 1 [/MSP_XIN] of C5 on F.Cu
    @(192.8750 mm, 242.8250 mm): Pad 1 [/MSP_XIN] of Y1 on F.Cu
[unconnected_items]: Missing connection between items
    Local override; Severity: error
    @(185.9250 mm, 224.2750 mm): Pad 47 [/MSP_XIN] of U1 on F.Cu
    @(183.8150 mm, 240.7250 mm): Pad 1 [/MSP_XIN] of C5 on F.Cu
[unconnected_items]: Missing connection between items
    Local override; Severity: error
    @(183.8150 mm, 243.3950 mm): Pad 1 [/MSP_XOUT] of C6 on F.Cu
    @(195.3750 mm, 242.8250 mm): Pad 2 [/MSP_XOUT] of Y1 on F.Cu
[unconnected_items]: Missing connection between items
    Local override; Severity: error
    @(186.4250 mm, 224.2750 mm): Pad 46 [/MSP_XOUT] of U1 on F.Cu
    @(183.8150 mm, 243.3950 mm): Pad 1 [/MSP_XOUT] of C6 on F.Cu
[unconnected_items]: Missing connection between items
    Local override; Severity: error
    @(207.4779 mm, 112.9535 mm): Via [/PAD1_RX0] on F.Cu - B.Cu
    @(209.6379 mm, 112.9535 mm): Via [/PAD1_RX0] on F.Cu - B.Cu
[unconnected_items]: Missing connection between items
    Local override; Severity: error
    @(164.2779 mm, 112.9535 mm): Via [/PAD1_RX0] on F.Cu - B.Cu
    @(162.1179 mm, 112.9535 mm): Via [/PAD1_RX0] on F.Cu - B.Cu
[unconnected_items]: Missing connection between items
    Local override; Severity: error
    @(341.3979 mm, 112.9535 mm): Via [/PAD1_RX0] on F.Cu - B.Cu
    @(339.2379 mm, 112.9535 mm): Via [/PAD1_RX0] on F.Cu - B.Cu
[unconnected_items]: Missing connection between items
    Local override; Severity: error
    @(360.8379 mm, 112.9535 mm): Via [/PAD1_RX0] on F.Cu - B.Cu
    @(362.9979 mm, 112.9535 mm): Via [/PAD1_RX0] on F.Cu - B.Cu
[unconnected_items]: Missing connection between items
    Local override; Severity: error
    @(175.0779 mm, 112.9535 mm): Via [/PAD1_RX0] on F.Cu - B.Cu
    @(177.2379 mm, 112.9535 mm): Via [/PAD1_RX0] on F.Cu - B.Cu
[unconnected_items]: Missing connection between items
    Local override; Severity: error
    @(179.3979 mm, 112.9535 mm): Via [/PAD1_RX0] on F.Cu - B.Cu
    @(177.2379 mm, 112.9535 mm): Via [/PAD1_RX0] on F.Cu - B.Cu
[unconnected_items]: Missing connection between items
    Local override; Severity: error
    @(172.9179 mm, 112.9535 mm): Via [/PAD1_RX0] on F.Cu - B.Cu
    @(175.0779 mm, 112.9535 mm): Via [/PAD1_RX0] on F.Cu - B.Cu
[unconnected_items]: Missing connection between items
    Local override; Severity: error
    @(365.1579 mm, 112.9535 mm): Via [/PAD1_RX0] on F.Cu - B.Cu
    @(362.9979 mm, 112.9535 mm): Via [/PAD1_RX0] on F.Cu - B.Cu
[unconnected_items]: Missing connection between items
    Local override; Severity: error
    @(207.4779 mm, 112.9535 mm): Via [/PAD1_RX0] on F.Cu - B.Cu
    @(205.3179 mm, 112.9535 mm): Via [/PAD1_RX0] on F.Cu - B.Cu
[unconnected_items]: Missing connection between items
    Local override; Severity: error
    @(203.1579 mm, 112.9535 mm): Via [/PAD1_RX0] on F.Cu - B.Cu
    @(205.3179 mm, 112.9535 mm): Via [/PAD1_RX0] on F.Cu - B.Cu
[unconnected_items]: Missing connection between items
    Local override; Severity: error
    @(358.6779 mm, 112.9535 mm): Via [/PAD1_RX0] on F.Cu - B.Cu
    @(360.8379 mm, 112.9535 mm): Via [/PAD1_RX0] on F.Cu - B.Cu
[unconnected_items]: Missing connection between items
    Local override; Severity: error
    @(367.3179 mm, 112.9535 mm): Via [/PAD1_RX0] on F.Cu - B.Cu
    @(365.1579 mm, 112.9535 mm): Via [/PAD1_RX0] on F.Cu - B.Cu
[unconnected_items]: Missing connection between items
    Local override; Severity: error
    @(200.9979 mm, 112.9535 mm): Via [/PAD1_RX0] on F.Cu - B.Cu
    @(203.1579 mm, 112.9535 mm): Via [/PAD1_RX0] on F.Cu - B.Cu
[unconnected_items]: Missing connection between items
    Local override; Severity: error
    @(198.8379 mm, 112.9535 mm): Via [/PAD1_RX0] on F.Cu - B.Cu
    @(200.9979 mm, 112.9535 mm): Via [/PAD1_RX0] on F.Cu - B.Cu
[unconnected_items]: Missing connection between items
    Local override; Severity: error
    @(373.7979 mm, 112.9535 mm): Via [/PAD1_RX0] on F.Cu - B.Cu
    @(375.9579 mm, 112.9535 mm): Via [/PAD1_RX0] on F.Cu - B.Cu
[unconnected_items]: Missing connection between items
    Local override; Severity: error
    @(170.7579 mm, 112.9535 mm): Via [/PAD1_RX0] on F.Cu - B.Cu
    @(172.9179 mm, 112.9535 mm): Via [/PAD1_RX0] on F.Cu - B.Cu
[unconnected_items]: Missing connection between items
    Local override; Severity: error
    @(371.6379 mm, 112.9535 mm): Via [/PAD1_RX0] on F.Cu - B.Cu
    @(373.7979 mm, 112.9535 mm): Via [/PAD1_RX0] on F.Cu - B.Cu
[unconnected_items]: Missing connection between items
    Local override; Severity: error
    @(369.4779 mm, 112.9535 mm): Via [/PAD1_RX0] on F.Cu - B.Cu
    @(371.6379 mm, 112.9535 mm): Via [/PAD1_RX0] on F.Cu - B.Cu
[unconnected_items]: Missing connection between items
    Local override; Severity: error
    @(369.4779 mm, 112.9535 mm): Via [/PAD1_RX0] on F.Cu - B.Cu
    @(367.3179 mm, 112.9535 mm): Via [/PAD1_RX0] on F.Cu - B.Cu
[unconnected_items]: Missing connection between items
    Local override; Severity: error
    @(168.5979 mm, 112.9535 mm): Via [/PAD1_RX0] on F.Cu - B.Cu
    @(170.7579 mm, 112.9535 mm): Via [/PAD1_RX0] on F.Cu - B.Cu
[unconnected_items]: Missing connection between items
    Local override; Severity: error
    @(356.5179 mm, 112.9535 mm): Via [/PAD1_RX0] on F.Cu - B.Cu
    @(358.6779 mm, 112.9535 mm): Via [/PAD1_RX0] on F.Cu - B.Cu
[unconnected_items]: Missing connection between items
    Local override; Severity: error
    @(183.7179 mm, 112.9535 mm): Via [/PAD1_RX0] on F.Cu - B.Cu
    @(181.5579 mm, 112.9535 mm): Via [/PAD1_RX0] on F.Cu - B.Cu
[unconnected_items]: Missing connection between items
    Local override; Severity: error
    @(337.0779 mm, 112.9535 mm): Via [/PAD1_RX0] on F.Cu - B.Cu
    @(339.2379 mm, 112.9535 mm): Via [/PAD1_RX0] on F.Cu - B.Cu
[unconnected_items]: Missing connection between items
    Local override; Severity: error
    @(354.3579 mm, 112.9535 mm): Via [/PAD1_RX0] on F.Cu - B.Cu
    @(356.5179 mm, 112.9535 mm): Via [/PAD1_RX0] on F.Cu - B.Cu
[unconnected_items]: Missing connection between items
    Local override; Severity: error
    @(166.4379 mm, 112.9535 mm): Via [/PAD1_RX0] on F.Cu - B.Cu
    @(168.5979 mm, 112.9535 mm): Via [/PAD1_RX0] on F.Cu - B.Cu
[unconnected_items]: Missing connection between items
    Local override; Severity: error
    @(352.1979 mm, 112.9535 mm): Via [/PAD1_RX0] on F.Cu - B.Cu
    @(354.3579 mm, 112.9535 mm): Via [/PAD1_RX0] on F.Cu - B.Cu
[unconnected_items]: Missing connection between items
    Local override; Severity: error
    @(185.8779 mm, 112.9535 mm): Via [/PAD1_RX0] on F.Cu - B.Cu
    @(183.7179 mm, 112.9535 mm): Via [/PAD1_RX0] on F.Cu - B.Cu
[unconnected_items]: Missing connection between items
    Local override; Severity: error
    @(350.0379 mm, 112.9535 mm): Via [/PAD1_RX0] on F.Cu - B.Cu
    @(352.1979 mm, 112.9535 mm): Via [/PAD1_RX0] on F.Cu - B.Cu
[unconnected_items]: Missing connection between items
    Local override; Severity: error
    @(164.2779 mm, 112.9535 mm): Via [/PAD1_RX0] on F.Cu - B.Cu
    @(166.4379 mm, 112.9535 mm): Via [/PAD1_RX0] on F.Cu - B.Cu
[unconnected_items]: Missing connection between items
    Local override; Severity: error
    @(343.5579 mm, 112.9535 mm): Via [/PAD1_RX0] on F.Cu - B.Cu
    @(341.3979 mm, 112.9535 mm): Via [/PAD1_RX0] on F.Cu - B.Cu
[unconnected_items]: Missing connection between items
    Local override; Severity: error
    @(347.8779 mm, 112.9535 mm): Via [/PAD1_RX0] on F.Cu - B.Cu
    @(350.0379 mm, 112.9535 mm): Via [/PAD1_RX0] on F.Cu - B.Cu
[unconnected_items]: Missing connection between items
    Local override; Severity: error
    @(345.7179 mm, 112.9535 mm): Via [/PAD1_RX0] on F.Cu - B.Cu
    @(347.8779 mm, 112.9535 mm): Via [/PAD1_RX0] on F.Cu - B.Cu
[unconnected_items]: Missing connection between items
    Local override; Severity: error
    @(196.6779 mm, 112.9535 mm): Via [/PAD1_RX0] on F.Cu - B.Cu
    @(198.8379 mm, 112.9535 mm): Via [/PAD1_RX0] on F.Cu - B.Cu
[unconnected_items]: Missing connection between items
    Local override; Severity: error
    @(343.5579 mm, 112.9535 mm): Via [/PAD1_RX0] on F.Cu - B.Cu
    @(345.7179 mm, 112.9535 mm): Via [/PAD1_RX0] on F.Cu - B.Cu
[unconnected_items]: Missing connection between items
    Local override; Severity: error
    @(194.5179 mm, 112.9535 mm): Via [/PAD1_RX0] on F.Cu - B.Cu
    @(196.6779 mm, 112.9535 mm): Via [/PAD1_RX0] on F.Cu - B.Cu
[unconnected_items]: Missing connection between items
    Local override; Severity: error
    @(188.0379 mm, 112.9535 mm): Via [/PAD1_RX0] on F.Cu - B.Cu
    @(185.8779 mm, 112.9535 mm): Via [/PAD1_RX0] on F.Cu - B.Cu
[unconnected_items]: Missing connection between items
    Local override; Severity: error
    @(334.9179 mm, 112.9535 mm): Via [/PAD1_RX0] on F.Cu - B.Cu
    @(337.0779 mm, 112.9535 mm): Via [/PAD1_RX0] on F.Cu - B.Cu
[unconnected_items]: Missing connection between items
    Local override; Severity: error
    @(181.5579 mm, 112.9535 mm): Via [/PAD1_RX0] on F.Cu - B.Cu
    @(179.3979 mm, 112.9535 mm): Via [/PAD1_RX0] on F.Cu - B.Cu
[unconnected_items]: Missing connection between items
    Local override; Severity: error
    @(332.7579 mm, 112.9535 mm): Via [/PAD1_RX0] on F.Cu - B.Cu
    @(334.9179 mm, 112.9535 mm): Via [/PAD1_RX0] on F.Cu - B.Cu
[unconnected_items]: Missing connection between items
    Local override; Severity: error
    @(192.3579 mm, 112.9535 mm): Via [/PAD1_RX0] on F.Cu - B.Cu
    @(194.5179 mm, 112.9535 mm): Via [/PAD1_RX0] on F.Cu - B.Cu
[unconnected_items]: Missing connection between items
    Local override; Severity: error
    @(330.5979 mm, 112.9535 mm): Via [/PAD1_RX0] on F.Cu - B.Cu
    @(332.7579 mm, 112.9535 mm): Via [/PAD1_RX0] on F.Cu - B.Cu
[unconnected_items]: Missing connection between items
    Local override; Severity: error
    @(330.5979 mm, 112.9535 mm): Via [/PAD1_RX0] on F.Cu - B.Cu
    @(328.4379 mm, 112.9535 mm): Via [/PAD1_RX0] on F.Cu - B.Cu
[unconnected_items]: Missing connection between items
    Local override; Severity: error
    @(190.1979 mm, 112.9535 mm): Via [/PAD1_RX0] on F.Cu - B.Cu
    @(188.0379 mm, 112.9535 mm): Via [/PAD1_RX0] on F.Cu - B.Cu
[unconnected_items]: Missing connection between items
    Local override; Severity: error
    @(190.1979 mm, 112.9535 mm): Via [/PAD1_RX0] on F.Cu - B.Cu
    @(192.3579 mm, 112.9535 mm): Via [/PAD1_RX0] on F.Cu - B.Cu
[unconnected_items]: Missing connection between items
    Local override; Severity: error
    @(326.2779 mm, 112.7809 mm): Pad 5 [/PAD1_RX0] of E1 on F.Cu
    @(328.4379 mm, 112.9535 mm): Via [/PAD1_RX0] on F.Cu - B.Cu
[unconnected_items]: Missing connection between items
    Local override; Severity: error
    @(211.7979 mm, 112.7809 mm): Pad 1 [/PAD1_RX0] of E1 on F.Cu
    @(209.6379 mm, 112.9535 mm): Via [/PAD1_RX0] on F.Cu - B.Cu
[unconnected_items]: Missing connection between items
    Local override; Severity: error
    @(171.9250 mm, 231.3450 mm): Pad 1 [/PAD1_RX0] of R11 on F.Cu
    @(171.7050 mm, 241.0850 mm): Pad 1 [/PAD1_RX0] of D11 on F.Cu
[unconnected_items]: Missing connection between items
    Local override; Severity: error
    @(324.1179 mm, 112.5361 mm): Pad 5 [/PAD1_RX0] of E1 on F.Cu
    @(213.9579 mm, 112.5361 mm): Pad 1 [/PAD1_RX0] of E1 on F.Cu
[unconnected_items]: Missing connection between items
    Local override; Severity: error
    @(162.1179 mm, 117.2554 mm): Pad 1 [/PAD1_RX0] of E1 on F.Cu
    @(171.9250 mm, 231.3450 mm): Pad 1 [/PAD1_RX0] of R11 on F.Cu
[unconnected_items]: Missing connection between items
    Local override; Severity: error
    @(244.1979 mm, 121.9535 mm): Via [/PAD1_RX1] on F.Cu - B.Cu
    @(246.3579 mm, 121.9535 mm): Via [/PAD1_RX1] on F.Cu - B.Cu
[unconnected_items]: Missing connection between items
    Local override; Severity: error
    @(259.3179 mm, 121.9535 mm): Via [/PAD1_RX1] on F.Cu - B.Cu
    @(261.4779 mm, 121.9535 mm): Via [/PAD1_RX1] on F.Cu - B.Cu
[unconnected_items]: Missing connection between items
    Local override; Severity: error
    @(211.7979 mm, 121.9535 mm): Via [/PAD1_RX1] on F.Cu - B.Cu
    @(213.9579 mm, 121.9535 mm): Via [/PAD1_RX1] on F.Cu - B.Cu
[unconnected_items]: Missing connection between items
    Local override; Severity: error
    @(209.6379 mm, 121.9535 mm): Via [/PAD1_RX1] on F.Cu - B.Cu
    @(211.7979 mm, 121.9535 mm): Via [/PAD1_RX1] on F.Cu - B.Cu
[unconnected_items]: Missing connection between items
    Local override; Severity: error
    @(213.9579 mm, 121.9535 mm): Via [/PAD1_RX1] on F.Cu - B.Cu
    @(216.1179 mm, 121.9535 mm): Via [/PAD1_RX1] on F.Cu - B.Cu
[unconnected_items]: Missing connection between items
    Local override; Severity: error
    @(233.3979 mm, 121.9535 mm): Via [/PAD1_RX1] on F.Cu - B.Cu
    @(235.5579 mm, 121.9535 mm): Via [/PAD1_RX1] on F.Cu - B.Cu
[unconnected_items]: Missing connection between items
    Local override; Severity: error
    @(216.1179 mm, 121.9535 mm): Via [/PAD1_RX1] on F.Cu - B.Cu
    @(218.2779 mm, 121.9535 mm): Via [/PAD1_RX1] on F.Cu - B.Cu
[unconnected_items]: Missing connection between items
    Local override; Severity: error
    @(207.4779 mm, 121.9535 mm): Via [/PAD1_RX1] on F.Cu - B.Cu
    @(209.6379 mm, 121.9535 mm): Via [/PAD1_RX1] on F.Cu - B.Cu
[unconnected_items]: Missing connection between items
    Local override; Severity: error
    @(263.6379 mm, 121.9535 mm): Via [/PAD1_RX1] on F.Cu - B.Cu
    @(261.4779 mm, 121.9535 mm): Via [/PAD1_RX1] on F.Cu - B.Cu
[unconnected_items]: Missing connection between items
    Local override; Severity: error
    @(166.4379 mm, 121.9535 mm): Via [/PAD1_RX1] on F.Cu - B.Cu
    @(168.5979 mm, 121.9535 mm): Via [/PAD1_RX1] on F.Cu - B.Cu
[unconnected_items]: Missing connection between items
    Local override; Severity: error
    @(190.1979 mm, 121.9535 mm): Via [/PAD1_RX1] on F.Cu - B.Cu
    @(192.3579 mm, 121.9535 mm): Via [/PAD1_RX1] on F.Cu - B.Cu
[unconnected_items]: Missing connection between items
    Local override; Severity: error
    @(188.0379 mm, 121.9535 mm): Via [/PAD1_RX1] on F.Cu - B.Cu
    @(190.1979 mm, 121.9535 mm): Via [/PAD1_RX1] on F.Cu - B.Cu
[unconnected_items]: Missing connection between items
    Local override; Severity: error
    @(170.7579 mm, 121.9535 mm): Via [/PAD1_RX1] on F.Cu - B.Cu
    @(168.5979 mm, 121.9535 mm): Via [/PAD1_RX1] on F.Cu - B.Cu
[unconnected_items]: Missing connection between items
    Local override; Severity: error
    @(235.5579 mm, 121.9535 mm): Via [/PAD1_RX1] on F.Cu - B.Cu
    @(237.7179 mm, 121.9535 mm): Via [/PAD1_RX1] on F.Cu - B.Cu
[unconnected_items]: Missing connection between items
    Local override; Severity: error
    @(257.1579 mm, 121.9535 mm): Via [/PAD1_RX1] on F.Cu - B.Cu
    @(259.3179 mm, 121.9535 mm): Via [/PAD1_RX1] on F.Cu - B.Cu
[unconnected_items]: Missing connection between items
    Local override; Severity: error
    @(205.3179 mm, 121.9535 mm): Via [/PAD1_RX1] on F.Cu - B.Cu
    @(207.4779 mm, 121.9535 mm): Via [/PAD1_RX1] on F.Cu - B.Cu
[unconnected_items]: Missing connection between items
    Local override; Severity: error
    @(218.2779 mm, 121.9535 mm): Via [/PAD1_RX1] on F.Cu - B.Cu
    @(220.4379 mm, 121.9535 mm): Via [/PAD1_RX1] on F.Cu - B.Cu
[unconnected_items]: Missing connection between items
    Local override; Severity: error
    @(172.9179 mm, 121.9535 mm): Via [/PAD1_RX1] on F.Cu - B.Cu
    @(170.7579 mm, 121.9535 mm): Via [/PAD1_RX1] on F.Cu - B.Cu
[unconnected_items]: Missing connection between items
    Local override; Severity: error
    @(231.2379 mm, 121.9535 mm): Via [/PAD1_RX1] on F.Cu - B.Cu
    @(229.0779 mm, 121.9535 mm): Via [/PAD1_RX1] on F.Cu - B.Cu
[unconnected_items]: Missing connection between items
    Local override; Severity: error
    @(257.1579 mm, 121.9535 mm): Via [/PAD1_RX1] on F.Cu - B.Cu
    @(254.9979 mm, 121.9535 mm): Via [/PAD1_RX1] on F.Cu - B.Cu
[unconnected_items]: Missing connection between items
    Local override; Severity: error
    @(229.0779 mm, 121.9535 mm): Via [/PAD1_RX1] on F.Cu - B.Cu
    @(226.9179 mm, 121.9535 mm): Via [/PAD1_RX1] on F.Cu - B.Cu
[unconnected_items]: Missing connection between items
    Local override; Severity: error
    @(254.9979 mm, 121.9535 mm): Via [/PAD1_RX1] on F.Cu - B.Cu
    @(252.8379 mm, 121.9535 mm): Via [/PAD1_RX1] on F.Cu - B.Cu
[unconnected_items]: Missing connection between items
    Local override; Severity: error
    @(175.0779 mm, 121.9535 mm): Via [/PAD1_RX1] on F.Cu - B.Cu
    @(172.9179 mm, 121.9535 mm): Via [/PAD1_RX1] on F.Cu - B.Cu
[unconnected_items]: Missing connection between items
    Local override; Severity: error
    @(177.2379 mm, 121.9535 mm): Via [/PAD1_RX1] on F.Cu - B.Cu
    @(175.0779 mm, 121.9535 mm): Via [/PAD1_RX1] on F.Cu - B.Cu
[unconnected_items]: Missing connection between items
    Local override; Severity: error
    @(179.3979 mm, 121.9535 mm): Via [/PAD1_RX1] on F.Cu - B.Cu
    @(177.2379 mm, 121.9535 mm): Via [/PAD1_RX1] on F.Cu - B.Cu
[unconnected_items]: Missing connection between items
    Local override; Severity: error
    @(185.8779 mm, 121.9535 mm): Via [/PAD1_RX1] on F.Cu - B.Cu
    @(188.0379 mm, 121.9535 mm): Via [/PAD1_RX1] on F.Cu - B.Cu
[unconnected_items]: Missing connection between items
    Local override; Severity: error
    @(237.7179 mm, 121.9535 mm): Via [/PAD1_RX1] on F.Cu - B.Cu
    @(239.8779 mm, 121.9535 mm): Via [/PAD1_RX1] on F.Cu - B.Cu
[unconnected_items]: Missing connection between items
    Local override; Severity: error
    @(181.5579 mm, 121.9535 mm): Via [/PAD1_RX1] on F.Cu - B.Cu
    @(179.3979 mm, 121.9535 mm): Via [/PAD1_RX1] on F.Cu - B.Cu
[unconnected_items]: Missing connection between items
    Local override; Severity: error
    @(220.4379 mm, 121.9535 mm): Via [/PAD1_RX1] on F.Cu - B.Cu
    @(222.5979 mm, 121.9535 mm): Via [/PAD1_RX1] on F.Cu - B.Cu
[unconnected_items]: Missing connection between items
    Local override; Severity: error
    @(252.8379 mm, 121.9535 mm): Via [/PAD1_RX1] on F.Cu - B.Cu
    @(250.6779 mm, 121.9535 mm): Via [/PAD1_RX1] on F.Cu - B.Cu
[unconnected_items]: Missing connection between items
    Local override; Severity: error
    @(203.1579 mm, 121.9535 mm): Via [/PAD1_RX1] on F.Cu - B.Cu
    @(205.3179 mm, 121.9535 mm): Via [/PAD1_RX1] on F.Cu - B.Cu
[unconnected_items]: Missing connection between items
    Local override; Severity: error
    @(250.6779 mm, 121.9535 mm): Via [/PAD1_RX1] on F.Cu - B.Cu
    @(248.5179 mm, 121.9535 mm): Via [/PAD1_RX1] on F.Cu - B.Cu
[unconnected_items]: Missing connection between items
    Local override; Severity: error
    @(248.5179 mm, 121.9535 mm): Via [/PAD1_RX1] on F.Cu - B.Cu
    @(246.3579 mm, 121.9535 mm): Via [/PAD1_RX1] on F.Cu - B.Cu
[unconnected_items]: Missing connection between items
    Local override; Severity: error
    @(183.7179 mm, 121.9535 mm): Via [/PAD1_RX1] on F.Cu - B.Cu
    @(181.5579 mm, 121.9535 mm): Via [/PAD1_RX1] on F.Cu - B.Cu
[unconnected_items]: Missing connection between items
    Local override; Severity: error
    @(185.8779 mm, 121.9535 mm): Via [/PAD1_RX1] on F.Cu - B.Cu
    @(183.7179 mm, 121.9535 mm): Via [/PAD1_RX1] on F.Cu - B.Cu
[unconnected_items]: Missing connection between items
    Local override; Severity: error
    @(231.2379 mm, 121.9535 mm): Via [/PAD1_RX1] on F.Cu - B.Cu
    @(233.3979 mm, 121.9535 mm): Via [/PAD1_RX1] on F.Cu - B.Cu
[unconnected_items]: Missing connection between items
    Local override; Severity: error
    @(239.8779 mm, 121.9535 mm): Via [/PAD1_RX1] on F.Cu - B.Cu
    @(242.0379 mm, 121.9535 mm): Via [/PAD1_RX1] on F.Cu - B.Cu
[unconnected_items]: Missing connection between items
    Local override; Severity: error
    @(192.3579 mm, 121.9535 mm): Via [/PAD1_RX1] on F.Cu - B.Cu
    @(194.5179 mm, 121.9535 mm): Via [/PAD1_RX1] on F.Cu - B.Cu
[unconnected_items]: Missing connection between items
    Local override; Severity: error
    @(244.1979 mm, 121.9535 mm): Via [/PAD1_RX1] on F.Cu - B.Cu
    @(242.0379 mm, 121.9535 mm): Via [/PAD1_RX1] on F.Cu - B.Cu
[unconnected_items]: Missing connection between items
    Local override; Severity: error
    @(196.6779 mm, 121.9535 mm): Via [/PAD1_RX1] on F.Cu - B.Cu
    @(194.5179 mm, 121.9535 mm): Via [/PAD1_RX1] on F.Cu - B.Cu
[unconnected_items]: Missing connection between items
    Local override; Severity: error
    @(198.8379 mm, 121.9535 mm): Via [/PAD1_RX1] on F.Cu - B.Cu
    @(196.6779 mm, 121.9535 mm): Via [/PAD1_RX1] on F.Cu - B.Cu
[unconnected_items]: Missing connection between items
    Local override; Severity: error
    @(200.9979 mm, 121.9535 mm): Via [/PAD1_RX1] on F.Cu - B.Cu
    @(198.8379 mm, 121.9535 mm): Via [/PAD1_RX1] on F.Cu - B.Cu
[unconnected_items]: Missing connection between items
    Local override; Severity: error
    @(203.1579 mm, 121.9535 mm): Via [/PAD1_RX1] on F.Cu - B.Cu
    @(200.9979 mm, 121.9535 mm): Via [/PAD1_RX1] on F.Cu - B.Cu
[unconnected_items]: Missing connection between items
    Local override; Severity: error
    @(226.9179 mm, 121.9535 mm): Via [/PAD1_RX1] on F.Cu - B.Cu
    @(224.7579 mm, 121.9535 mm): Via [/PAD1_RX1] on F.Cu - B.Cu
[unconnected_items]: Missing connection between items
    Local override; Severity: error
    @(224.7579 mm, 121.9535 mm): Via [/PAD1_RX1] on F.Cu - B.Cu
    @(222.5979 mm, 121.9535 mm): Via [/PAD1_RX1] on F.Cu - B.Cu
[unconnected_items]: Missing connection between items
    Local override; Severity: error
    @(166.4379 mm, 121.9535 mm): Via [/PAD1_RX1] on F.Cu - B.Cu
    @(164.2779 mm, 122.1261 mm): Pad 2 [/PAD1_RX1] of E1 on F.Cu
[unconnected_items]: Missing connection between items
    Local override; Severity: error
    @(265.7979 mm, 122.1261 mm): Pad 2 [/PAD1_RX1] of E1 on F.Cu
    @(263.6379 mm, 121.9535 mm): Via [/PAD1_RX1] on F.Cu - B.Cu
[unconnected_items]: Missing connection between items
    Local override; Severity: error
    @(171.9250 mm, 233.8150 mm): Pad 1 [/PAD1_RX1] of R12 on F.Cu
    @(171.7050 mm, 243.2750 mm): Pad 1 [/PAD1_RX1] of D12 on F.Cu
[unconnected_items]: Missing connection between items
    Local override; Severity: error
    @(163.1979 mm, 122.3709 mm): Pad 2 [/PAD1_RX1] of E1 on F.Cu
    @(171.9250 mm, 233.8150 mm): Pad 1 [/PAD1_RX1] of R12 on F.Cu
[unconnected_items]: Missing connection between items
    Local override; Severity: error
    @(250.6779 mm, 112.9535 mm): Via [/PAD1_RX2] on F.Cu - B.Cu
    @(252.8379 mm, 112.9535 mm): Via [/PAD1_RX2] on F.Cu - B.Cu
[unconnected_items]: Missing connection between items
    Local override; Severity: error
    @(254.9979 mm, 112.9535 mm): Via [/PAD1_RX2] on F.Cu - B.Cu
    @(257.1579 mm, 112.9535 mm): Via [/PAD1_RX2] on F.Cu - B.Cu
[unconnected_items]: Missing connection between items
    Local override; Severity: error
    @(313.3179 mm, 112.9535 mm): Via [/PAD1_RX2] on F.Cu - B.Cu
    @(315.4779 mm, 112.9535 mm): Via [/PAD1_RX2] on F.Cu - B.Cu
[unconnected_items]: Missing connection between items
    Local override; Severity: error
    @(233.3979 mm, 112.9535 mm): Via [/PAD1_RX2] on F.Cu - B.Cu
    @(231.2379 mm, 112.9535 mm): Via [/PAD1_RX2] on F.Cu - B.Cu
[unconnected_items]: Missing connection between items
    Local override; Severity: error
    @(274.4379 mm, 112.9535 mm): Via [/PAD1_RX2] on F.Cu - B.Cu
    @(276.5979 mm, 112.9535 mm): Via [/PAD1_RX2] on F.Cu - B.Cu
[unconnected_items]: Missing connection between items
    Local override; Severity: error
    @(317.6379 mm, 112.9535 mm): Via [/PAD1_RX2] on F.Cu - B.Cu
    @(315.4779 mm, 112.9535 mm): Via [/PAD1_RX2] on F.Cu - B.Cu
[unconnected_items]: Missing connection between items
    Local override; Severity: error
    @(278.7579 mm, 112.9535 mm): Via [/PAD1_RX2] on F.Cu - B.Cu
    @(276.5979 mm, 112.9535 mm): Via [/PAD1_RX2] on F.Cu - B.Cu
[unconnected_items]: Missing connection between items
    Local override; Severity: error
    @(246.3579 mm, 112.9535 mm): Via [/PAD1_RX2] on F.Cu - B.Cu
    @(248.5179 mm, 112.9535 mm): Via [/PAD1_RX2] on F.Cu - B.Cu
[unconnected_items]: Missing connection between items
    Local override; Severity: error
    @(306.8379 mm, 112.9535 mm): Via [/PAD1_RX2] on F.Cu - B.Cu
    @(308.9979 mm, 112.9535 mm): Via [/PAD1_RX2] on F.Cu - B.Cu
[unconnected_items]: Missing connection between items
    Local override; Severity: error
    @(311.1579 mm, 112.9535 mm): Via [/PAD1_RX2] on F.Cu - B.Cu
    @(313.3179 mm, 112.9535 mm): Via [/PAD1_RX2] on F.Cu - B.Cu
[unconnected_items]: Missing connection between items
    Local override; Severity: error
    @(246.3579 mm, 112.9535 mm): Via [/PAD1_RX2] on F.Cu - B.Cu
    @(244.1979 mm, 112.9535 mm): Via [/PAD1_RX2] on F.Cu - B.Cu
[unconnected_items]: Missing connection between items
    Local override; Severity: error
    @(231.2379 mm, 112.9535 mm): Via [/PAD1_RX2] on F.Cu - B.Cu
    @(229.0779 mm, 112.9535 mm): Via [/PAD1_RX2] on F.Cu - B.Cu
[unconnected_items]: Missing connection between items
    Local override; Severity: error
    @(311.1579 mm, 112.9535 mm): Via [/PAD1_RX2] on F.Cu - B.Cu
    @(308.9979 mm, 112.9535 mm): Via [/PAD1_RX2] on F.Cu - B.Cu
[unconnected_items]: Missing connection between items
    Local override; Severity: error
    @(263.6379 mm, 112.9535 mm): Via [/PAD1_RX2] on F.Cu - B.Cu
    @(261.4779 mm, 112.9535 mm): Via [/PAD1_RX2] on F.Cu - B.Cu
[unconnected_items]: Missing connection between items
    Local override; Severity: error
    @(280.9179 mm, 112.9535 mm): Via [/PAD1_RX2] on F.Cu - B.Cu
    @(278.7579 mm, 112.9535 mm): Via [/PAD1_RX2] on F.Cu - B.Cu
[unconnected_items]: Missing connection between items
    Local override; Severity: error
    @(254.9979 mm, 112.9535 mm): Via [/PAD1_RX2] on F.Cu - B.Cu
    @(252.8379 mm, 112.9535 mm): Via [/PAD1_RX2] on F.Cu - B.Cu
[unconnected_items]: Missing connection between items
    Local override; Severity: error
    @(265.7979 mm, 112.9535 mm): Via [/PAD1_RX2] on F.Cu - B.Cu
    @(263.6379 mm, 112.9535 mm): Via [/PAD1_RX2] on F.Cu - B.Cu
[unconnected_items]: Missing connection between items
    Local override; Severity: error
    @(304.6779 mm, 112.9535 mm): Via [/PAD1_RX2] on F.Cu - B.Cu
    @(306.8379 mm, 112.9535 mm): Via [/PAD1_RX2] on F.Cu - B.Cu
[unconnected_items]: Missing connection between items
    Local override; Severity: error
    @(229.0779 mm, 112.9535 mm): Via [/PAD1_RX2] on F.Cu - B.Cu
    @(226.9179 mm, 112.9535 mm): Via [/PAD1_RX2] on F.Cu - B.Cu
[unconnected_items]: Missing connection between items
    Local override; Severity: error
    @(283.0779 mm, 112.9535 mm): Via [/PAD1_RX2] on F.Cu - B.Cu
    @(280.9179 mm, 112.9535 mm): Via [/PAD1_RX2] on F.Cu - B.Cu
[unconnected_items]: Missing connection between items
    Local override; Severity: error
    @(261.4779 mm, 112.9535 mm): Via [/PAD1_RX2] on F.Cu - B.Cu
    @(259.3179 mm, 112.9535 mm): Via [/PAD1_RX2] on F.Cu - B.Cu
[unconnected_items]: Missing connection between items
    Local override; Severity: error
    @(302.5179 mm, 112.9535 mm): Via [/PAD1_RX2] on F.Cu - B.Cu
    @(304.6779 mm, 112.9535 mm): Via [/PAD1_RX2] on F.Cu - B.Cu
[unconnected_items]: Missing connection between items
    Local override; Severity: error
    @(270.1179 mm, 117.2554 mm): Pad 3 [/PAD1_RX2] of E1 on F.Cu
    @(267.9579 mm, 117.2554 mm): Pad 3 [/PAD1_RX2] of E1 on F.Cu
[unconnected_items]: Missing connection between items
    Local override; Severity: error
    @(300.3579 mm, 112.9535 mm): Via [/PAD1_RX2] on F.Cu - B.Cu
    @(302.5179 mm, 112.9535 mm): Via [/PAD1_RX2] on F.Cu - B.Cu
[unconnected_items]: Missing connection between items
    Local override; Severity: error
    @(226.9179 mm, 112.9535 mm): Via [/PAD1_RX2] on F.Cu - B.Cu
    @(224.7579 mm, 112.9535 mm): Via [/PAD1_RX2] on F.Cu - B.Cu
[unconnected_items]: Missing connection between items
    Local override; Severity: error
    @(244.1979 mm, 112.9535 mm): Via [/PAD1_RX2] on F.Cu - B.Cu
    @(242.0379 mm, 112.9535 mm): Via [/PAD1_RX2] on F.Cu - B.Cu
[unconnected_items]: Missing connection between items
    Local override; Severity: error
    @(235.5579 mm, 112.9535 mm): Via [/PAD1_RX2] on F.Cu - B.Cu
    @(233.3979 mm, 112.9535 mm): Via [/PAD1_RX2] on F.Cu - B.Cu
[unconnected_items]: Missing connection between items
    Local override; Severity: error
    @(267.9579 mm, 112.9535 mm): Via [/PAD1_RX2] on F.Cu - B.Cu
    @(265.7979 mm, 112.9535 mm): Via [/PAD1_RX2] on F.Cu - B.Cu
[unconnected_items]: Missing connection between items
    Local override; Severity: error
    @(298.1979 mm, 112.9535 mm): Via [/PAD1_RX2] on F.Cu - B.Cu
    @(300.3579 mm, 112.9535 mm): Via [/PAD1_RX2] on F.Cu - B.Cu
[unconnected_items]: Missing connection between items
    Local override; Severity: error
    @(285.2379 mm, 112.9535 mm): Via [/PAD1_RX2] on F.Cu - B.Cu
    @(283.0779 mm, 112.9535 mm): Via [/PAD1_RX2] on F.Cu - B.Cu
[unconnected_items]: Missing connection between items
    Local override; Severity: error
    @(296.0379 mm, 112.9535 mm): Via [/PAD1_RX2] on F.Cu - B.Cu
    @(298.1979 mm, 112.9535 mm): Via [/PAD1_RX2] on F.Cu - B.Cu
[unconnected_items]: Missing connection between items
    Local override; Severity: error
    @(250.6779 mm, 112.9535 mm): Via [/PAD1_RX2] on F.Cu - B.Cu
    @(248.5179 mm, 112.9535 mm): Via [/PAD1_RX2] on F.Cu - B.Cu
[unconnected_items]: Missing connection between items
    Local override; Severity: error
    @(274.4379 mm, 112.9535 mm): Via [/PAD1_RX2] on F.Cu - B.Cu
    @(272.2779 mm, 112.9535 mm): Via [/PAD1_RX2] on F.Cu - B.Cu
[unconnected_items]: Missing connection between items
    Local override; Severity: error
    @(224.7579 mm, 112.9535 mm): Via [/PAD1_RX2] on F.Cu - B.Cu
    @(222.5979 mm, 112.9535 mm): Via [/PAD1_RX2] on F.Cu - B.Cu
[unconnected_items]: Missing connection between items
    Local override; Severity: error
    @(293.8779 mm, 112.9535 mm): Via [/PAD1_RX2] on F.Cu - B.Cu
    @(296.0379 mm, 112.9535 mm): Via [/PAD1_RX2] on F.Cu - B.Cu
[unconnected_items]: Missing connection between items
    Local override; Severity: error
    @(287.3979 mm, 112.9535 mm): Via [/PAD1_RX2] on F.Cu - B.Cu
    @(285.2379 mm, 112.9535 mm): Via [/PAD1_RX2] on F.Cu - B.Cu
[unconnected_items]: Missing connection between items
    Local override; Severity: error
    @(291.7179 mm, 112.9535 mm): Via [/PAD1_RX2] on F.Cu - B.Cu
    @(293.8779 mm, 112.9535 mm): Via [/PAD1_RX2] on F.Cu - B.Cu
[unconnected_items]: Missing connection between items
    Local override; Severity: error
    @(222.5979 mm, 112.9535 mm): Via [/PAD1_RX2] on F.Cu - B.Cu
    @(220.4379 mm, 112.9535 mm): Via [/PAD1_RX2] on F.Cu - B.Cu
[unconnected_items]: Missing connection between items
    Local override; Severity: error
    @(237.7179 mm, 112.9535 mm): Via [/PAD1_RX2] on F.Cu - B.Cu
    @(235.5579 mm, 112.9535 mm): Via [/PAD1_RX2] on F.Cu - B.Cu
[unconnected_items]: Missing connection between items
    Local override; Severity: error
    @(242.0379 mm, 112.9535 mm): Via [/PAD1_RX2] on F.Cu - B.Cu
    @(239.8779 mm, 112.9535 mm): Via [/PAD1_RX2] on F.Cu - B.Cu
[unconnected_items]: Missing connection between items
    Local override; Severity: error
    @(289.5579 mm, 112.9535 mm): Via [/PAD1_RX2] on F.Cu - B.Cu
    @(291.7179 mm, 112.9535 mm): Via [/PAD1_RX2] on F.Cu - B.Cu
[unconnected_items]: Missing connection between items
    Local override; Severity: error
    @(289.5579 mm, 112.9535 mm): Via [/PAD1_RX2] on F.Cu - B.Cu
    @(287.3979 mm, 112.9535 mm): Via [/PAD1_RX2] on F.Cu - B.Cu
[unconnected_items]: Missing connection between items
    Local override; Severity: error
    @(270.1179 mm, 112.9535 mm): Via [/PAD1_RX2] on F.Cu - B.Cu
    @(272.2779 mm, 112.9535 mm): Via [/PAD1_RX2] on F.Cu - B.Cu
[unconnected_items]: Missing connection between items
    Local override; Severity: error
    @(239.8779 mm, 112.9535 mm): Via [/PAD1_RX2] on F.Cu - B.Cu
    @(237.7179 mm, 112.9535 mm): Via [/PAD1_RX2] on F.Cu - B.Cu
[unconnected_items]: Missing connection between items
    Local override; Severity: error
    @(259.3179 mm, 112.9535 mm): Via [/PAD1_RX2] on F.Cu - B.Cu
    @(257.1579 mm, 112.9535 mm): Via [/PAD1_RX2] on F.Cu - B.Cu
[unconnected_items]: Missing connection between items
    Local override; Severity: error
    @(319.7979 mm, 112.7809 mm): Pad 3 [/PAD1_RX2] of E1 on F.Cu
    @(317.6379 mm, 112.9535 mm): Via [/PAD1_RX2] on F.Cu - B.Cu
[unconnected_items]: Missing connection between items
    Local override; Severity: error
    @(220.4379 mm, 112.9535 mm): Via [/PAD1_RX2] on F.Cu - B.Cu
    @(218.2779 mm, 112.7809 mm): Pad 3 [/PAD1_RX2] of E1 on F.Cu
[unconnected_items]: Missing connection between items
    Local override; Severity: error
    @(171.9250 mm, 236.2850 mm): Pad 1 [/PAD1_RX2] of R13 on F.Cu
    @(171.7050 mm, 245.4650 mm): Pad 1 [/PAD1_RX2] of D13 on F.Cu
[unconnected_items]: Missing connection between items
    Local override; Severity: error
    @(216.1179 mm, 112.5361 mm): Pad 3 [/PAD1_RX2] of E1 on F.Cu
    @(171.9250 mm, 236.2850 mm): Pad 1 [/PAD1_RX2] of R13 on F.Cu
[unconnected_items]: Missing connection between items
    Local override; Severity: error
    @(345.7179 mm, 121.9535 mm): Via [/PAD1_RX3] on F.Cu - B.Cu
    @(343.5579 mm, 121.9535 mm): Via [/PAD1_RX3] on F.Cu - B.Cu
[unconnected_items]: Missing connection between items
    Local override; Severity: error
    @(306.8379 mm, 121.9535 mm): Via [/PAD1_RX3] on F.Cu - B.Cu
    @(304.6779 mm, 121.9535 mm): Via [/PAD1_RX3] on F.Cu - B.Cu
[unconnected_items]: Missing connection between items
    Local override; Severity: error
    @(276.5979 mm, 121.9535 mm): Via [/PAD1_RX3] on F.Cu - B.Cu
    @(274.4379 mm, 121.9535 mm): Via [/PAD1_RX3] on F.Cu - B.Cu
[unconnected_items]: Missing connection between items
    Local override; Severity: error
    @(326.2779 mm, 121.9535 mm): Via [/PAD1_RX3] on F.Cu - B.Cu
    @(324.1179 mm, 121.9535 mm): Via [/PAD1_RX3] on F.Cu - B.Cu
[unconnected_items]: Missing connection between items
    Local override; Severity: error
    @(298.1979 mm, 121.9535 mm): Via [/PAD1_RX3] on F.Cu - B.Cu
    @(296.0379 mm, 121.9535 mm): Via [/PAD1_RX3] on F.Cu - B.Cu
[unconnected_items]: Missing connection between items
    Local override; Severity: error
    @(289.5579 mm, 121.9535 mm): Via [/PAD1_RX3] on F.Cu - B.Cu
    @(291.7179 mm, 121.9535 mm): Via [/PAD1_RX3] on F.Cu - B.Cu
[unconnected_items]: Missing connection between items
    Local override; Severity: error
    @(337.0779 mm, 121.9535 mm): Via [/PAD1_RX3] on F.Cu - B.Cu
    @(334.9179 mm, 121.9535 mm): Via [/PAD1_RX3] on F.Cu - B.Cu
[unconnected_items]: Missing connection between items
    Local override; Severity: error
    @(308.9979 mm, 121.9535 mm): Via [/PAD1_RX3] on F.Cu - B.Cu
    @(306.8379 mm, 121.9535 mm): Via [/PAD1_RX3] on F.Cu - B.Cu
[unconnected_items]: Missing connection between items
    Local override; Severity: error
    @(339.2379 mm, 121.9535 mm): Via [/PAD1_RX3] on F.Cu - B.Cu
    @(337.0779 mm, 121.9535 mm): Via [/PAD1_RX3] on F.Cu - B.Cu
[unconnected_items]: Missing connection between items
    Local override; Severity: error
    @(311.1579 mm, 121.9535 mm): Via [/PAD1_RX3] on F.Cu - B.Cu
    @(308.9979 mm, 121.9535 mm): Via [/PAD1_RX3] on F.Cu - B.Cu
[unconnected_items]: Missing connection between items
    Local override; Severity: error
    @(369.4779 mm, 121.9535 mm): Via [/PAD1_RX3] on F.Cu - B.Cu
    @(371.6379 mm, 121.9535 mm): Via [/PAD1_RX3] on F.Cu - B.Cu
[unconnected_items]: Missing connection between items
    Local override; Severity: error
    @(300.3579 mm, 121.9535 mm): Via [/PAD1_RX3] on F.Cu - B.Cu
    @(298.1979 mm, 121.9535 mm): Via [/PAD1_RX3] on F.Cu - B.Cu
[unconnected_items]: Missing connection between items
    Local override; Severity: error
    @(313.3179 mm, 121.9535 mm): Via [/PAD1_RX3] on F.Cu - B.Cu
    @(311.1579 mm, 121.9535 mm): Via [/PAD1_RX3] on F.Cu - B.Cu
[unconnected_items]: Missing connection between items
    Local override; Severity: error
    @(287.3979 mm, 121.9535 mm): Via [/PAD1_RX3] on F.Cu - B.Cu
    @(289.5579 mm, 121.9535 mm): Via [/PAD1_RX3] on F.Cu - B.Cu
[unconnected_items]: Missing connection between items
    Local override; Severity: error
    @(367.3179 mm, 121.9535 mm): Via [/PAD1_RX3] on F.Cu - B.Cu
    @(369.4779 mm, 121.9535 mm): Via [/PAD1_RX3] on F.Cu - B.Cu
[unconnected_items]: Missing connection between items
    Local override; Severity: error
    @(315.4779 mm, 121.9535 mm): Via [/PAD1_RX3] on F.Cu - B.Cu
    @(313.3179 mm, 121.9535 mm): Via [/PAD1_RX3] on F.Cu - B.Cu
[unconnected_items]: Missing connection between items
    Local override; Severity: error
    @(278.7579 mm, 121.9535 mm): Via [/PAD1_RX3] on F.Cu - B.Cu
    @(276.5979 mm, 121.9535 mm): Via [/PAD1_RX3] on F.Cu - B.Cu
[unconnected_items]: Missing connection between items
    Local override; Severity: error
    @(365.1579 mm, 121.9535 mm): Via [/PAD1_RX3] on F.Cu - B.Cu
    @(367.3179 mm, 121.9535 mm): Via [/PAD1_RX3] on F.Cu - B.Cu
[unconnected_items]: Missing connection between items
    Local override; Severity: error
    @(280.9179 mm, 121.9535 mm): Via [/PAD1_RX3] on F.Cu - B.Cu
    @(278.7579 mm, 121.9535 mm): Via [/PAD1_RX3] on F.Cu - B.Cu
[unconnected_items]: Missing connection between items
    Local override; Severity: error
    @(317.6379 mm, 121.9535 mm): Via [/PAD1_RX3] on F.Cu - B.Cu
    @(315.4779 mm, 121.9535 mm): Via [/PAD1_RX3] on F.Cu - B.Cu
[unconnected_items]: Missing connection between items
    Local override; Severity: error
    @(285.2379 mm, 121.9535 mm): Via [/PAD1_RX3] on F.Cu - B.Cu
    @(287.3979 mm, 121.9535 mm): Via [/PAD1_RX3] on F.Cu - B.Cu
[unconnected_items]: Missing connection between items
    Local override; Severity: error
    @(362.9979 mm, 121.9535 mm): Via [/PAD1_RX3] on F.Cu - B.Cu
    @(365.1579 mm, 121.9535 mm): Via [/PAD1_RX3] on F.Cu - B.Cu
[unconnected_items]: Missing connection between items
    Local override; Severity: error
    @(319.7979 mm, 121.9535 mm): Via [/PAD1_RX3] on F.Cu - B.Cu
    @(317.6379 mm, 121.9535 mm): Via [/PAD1_RX3] on F.Cu - B.Cu
[unconnected_items]: Missing connection between items
    Local override; Severity: error
    @(283.0779 mm, 121.9535 mm): Via [/PAD1_RX3] on F.Cu - B.Cu
    @(280.9179 mm, 121.9535 mm): Via [/PAD1_RX3] on F.Cu - B.Cu
[unconnected_items]: Missing connection between items
    Local override; Severity: error
    @(360.8379 mm, 121.9535 mm): Via [/PAD1_RX3] on F.Cu - B.Cu
    @(362.9979 mm, 121.9535 mm): Via [/PAD1_RX3] on F.Cu - B.Cu
[unconnected_items]: Missing connection between items
    Local override; Severity: error
    @(321.9579 mm, 121.9535 mm): Via [/PAD1_RX3] on F.Cu - B.Cu
    @(319.7979 mm, 121.9535 mm): Via [/PAD1_RX3] on F.Cu - B.Cu
[unconnected_items]: Missing connection between items
    Local override; Severity: error
    @(358.6779 mm, 121.9535 mm): Via [/PAD1_RX3] on F.Cu - B.Cu
    @(360.8379 mm, 121.9535 mm): Via [/PAD1_RX3] on F.Cu - B.Cu
[unconnected_items]: Missing connection between items
    Local override; Severity: error
    @(324.1179 mm, 121.9535 mm): Via [/PAD1_RX3] on F.Cu - B.Cu
    @(321.9579 mm, 121.9535 mm): Via [/PAD1_RX3] on F.Cu - B.Cu
[unconnected_items]: Missing connection between items
    Local override; Severity: error
    @(291.7179 mm, 121.9535 mm): Via [/PAD1_RX3] on F.Cu - B.Cu
    @(293.8779 mm, 121.9535 mm): Via [/PAD1_RX3] on F.Cu - B.Cu
[unconnected_items]: Missing connection between items
    Local override; Severity: error
    @(356.5179 mm, 121.9535 mm): Via [/PAD1_RX3] on F.Cu - B.Cu
    @(358.6779 mm, 121.9535 mm): Via [/PAD1_RX3] on F.Cu - B.Cu
[unconnected_items]: Missing connection between items
    Local override; Severity: error
    @(328.4379 mm, 121.9535 mm): Via [/PAD1_RX3] on F.Cu - B.Cu
    @(326.2779 mm, 121.9535 mm): Via [/PAD1_RX3] on F.Cu - B.Cu
[unconnected_items]: Missing connection between items
    Local override; Severity: error
    @(300.3579 mm, 121.9535 mm): Via [/PAD1_RX3] on F.Cu - B.Cu
    @(302.5179 mm, 121.9535 mm): Via [/PAD1_RX3] on F.Cu - B.Cu
[unconnected_items]: Missing connection between items
    Local override; Severity: error
    @(330.5979 mm, 121.9535 mm): Via [/PAD1_RX3] on F.Cu - B.Cu
    @(328.4379 mm, 121.9535 mm): Via [/PAD1_RX3] on F.Cu - B.Cu
[unconnected_items]: Missing connection between items
    Local override; Severity: error
    @(354.3579 mm, 121.9535 mm): Via [/PAD1_RX3] on F.Cu - B.Cu
    @(356.5179 mm, 121.9535 mm): Via [/PAD1_RX3] on F.Cu - B.Cu
[unconnected_items]: Missing connection between items
    Local override; Severity: error
    @(296.0379 mm, 121.9535 mm): Via [/PAD1_RX3] on F.Cu - B.Cu
    @(293.8779 mm, 121.9535 mm): Via [/PAD1_RX3] on F.Cu - B.Cu
[unconnected_items]: Missing connection between items
    Local override; Severity: error
    @(285.2379 mm, 121.9535 mm): Via [/PAD1_RX3] on F.Cu - B.Cu
    @(283.0779 mm, 121.9535 mm): Via [/PAD1_RX3] on F.Cu - B.Cu
[unconnected_items]: Missing connection between items
    Local override; Severity: error
    @(352.1979 mm, 121.9535 mm): Via [/PAD1_RX3] on F.Cu - B.Cu
    @(354.3579 mm, 121.9535 mm): Via [/PAD1_RX3] on F.Cu - B.Cu
[unconnected_items]: Missing connection between items
    Local override; Severity: error
    @(332.7579 mm, 121.9535 mm): Via [/PAD1_RX3] on F.Cu - B.Cu
    @(330.5979 mm, 121.9535 mm): Via [/PAD1_RX3] on F.Cu - B.Cu
[unconnected_items]: Missing connection between items
    Local override; Severity: error
    @(350.0379 mm, 121.9535 mm): Via [/PAD1_RX3] on F.Cu - B.Cu
    @(352.1979 mm, 121.9535 mm): Via [/PAD1_RX3] on F.Cu - B.Cu
[unconnected_items]: Missing connection between items
    Local override; Severity: error
    @(334.9179 mm, 121.9535 mm): Via [/PAD1_RX3] on F.Cu - B.Cu
    @(332.7579 mm, 121.9535 mm): Via [/PAD1_RX3] on F.Cu - B.Cu
[unconnected_items]: Missing connection between items
    Local override; Severity: error
    @(347.8779 mm, 121.9535 mm): Via [/PAD1_RX3] on F.Cu - B.Cu
    @(350.0379 mm, 121.9535 mm): Via [/PAD1_RX3] on F.Cu - B.Cu
[unconnected_items]: Missing connection between items
    Local override; Severity: error
    @(341.3979 mm, 121.9535 mm): Via [/PAD1_RX3] on F.Cu - B.Cu
    @(339.2379 mm, 121.9535 mm): Via [/PAD1_RX3] on F.Cu - B.Cu
[unconnected_items]: Missing connection between items
    Local override; Severity: error
    @(304.6779 mm, 121.9535 mm): Via [/PAD1_RX3] on F.Cu - B.Cu
    @(302.5179 mm, 121.9535 mm): Via [/PAD1_RX3] on F.Cu - B.Cu
[unconnected_items]: Missing connection between items
    Local override; Severity: error
    @(345.7179 mm, 121.9535 mm): Via [/PAD1_RX3] on F.Cu - B.Cu
    @(347.8779 mm, 121.9535 mm): Via [/PAD1_RX3] on F.Cu - B.Cu
[unconnected_items]: Missing connection between items
    Local override; Severity: error
    @(343.5579 mm, 121.9535 mm): Via [/PAD1_RX3] on F.Cu - B.Cu
    @(341.3979 mm, 121.9535 mm): Via [/PAD1_RX3] on F.Cu - B.Cu
[unconnected_items]: Missing connection between items
    Local override; Severity: error
    @(373.7979 mm, 122.1261 mm): Pad 4 [/PAD1_RX3] of E1 on F.Cu
    @(371.6379 mm, 121.9535 mm): Via [/PAD1_RX3] on F.Cu - B.Cu
[unconnected_items]: Missing connection between items
    Local override; Severity: error
    @(274.4379 mm, 121.9535 mm): Via [/PAD1_RX3] on F.Cu - B.Cu
    @(272.2779 mm, 122.1261 mm): Pad 4 [/PAD1_RX3] of E1 on F.Cu
[unconnected_items]: Missing connection between items
    Local override; Severity: error
    @(171.9250 mm, 238.7550 mm): Pad 1 [/PAD1_RX3] of R14 on F.Cu
    @(171.7050 mm, 247.6550 mm): Pad 1 [/PAD1_RX3] of D14 on F.Cu
[unconnected_items]: Missing connection between items
    Local override; Severity: error
    @(270.1179 mm, 122.3709 mm): Pad 4 [/PAD1_RX3] of E1 on F.Cu
    @(171.9250 mm, 238.7550 mm): Pad 1 [/PAD1_RX3] of R14 on F.Cu
[unconnected_items]: Missing connection between items
    Local override; Severity: error
    @(373.7979 mm, 130.9535 mm): Via [/PAD2_RX0] on F.Cu - B.Cu
    @(375.9579 mm, 130.9535 mm): Via [/PAD2_RX0] on F.Cu - B.Cu
[unconnected_items]: Missing connection between items
    Local override; Severity: error
    @(200.9979 mm, 130.9535 mm): Via [/PAD2_RX0] on F.Cu - B.Cu
    @(198.8379 mm, 130.9535 mm): Via [/PAD2_RX0] on F.Cu - B.Cu
[unconnected_items]: Missing connection between items
    Local override; Severity: error
    @(194.5179 mm, 130.9535 mm): Via [/PAD2_RX0] on F.Cu - B.Cu
    @(192.3579 mm, 130.9535 mm): Via [/PAD2_RX0] on F.Cu - B.Cu
[unconnected_items]: Missing connection between items
    Local override; Severity: error
    @(365.1579 mm, 130.9535 mm): Via [/PAD2_RX0] on F.Cu - B.Cu
    @(367.3179 mm, 130.9535 mm): Via [/PAD2_RX0] on F.Cu - B.Cu
[unconnected_items]: Missing connection between items
    Local override; Severity: error
    @(190.1979 mm, 130.9535 mm): Via [/PAD2_RX0] on F.Cu - B.Cu
    @(192.3579 mm, 130.9535 mm): Via [/PAD2_RX0] on F.Cu - B.Cu
[unconnected_items]: Missing connection between items
    Local override; Severity: error
    @(371.6379 mm, 130.9535 mm): Via [/PAD2_RX0] on F.Cu - B.Cu
    @(373.7979 mm, 130.9535 mm): Via [/PAD2_RX0] on F.Cu - B.Cu
[unconnected_items]: Missing connection between items
    Local override; Severity: error
    @(177.2379 mm, 130.9535 mm): Via [/PAD2_RX0] on F.Cu - B.Cu
    @(179.3979 mm, 130.9535 mm): Via [/PAD2_RX0] on F.Cu - B.Cu
[unconnected_items]: Missing connection between items
    Local override; Severity: error
    @(196.6779 mm, 130.9535 mm): Via [/PAD2_RX0] on F.Cu - B.Cu
    @(194.5179 mm, 130.9535 mm): Via [/PAD2_RX0] on F.Cu - B.Cu
[unconnected_items]: Missing connection between items
    Local override; Severity: error
    @(369.4779 mm, 130.9535 mm): Via [/PAD2_RX0] on F.Cu - B.Cu
    @(371.6379 mm, 130.9535 mm): Via [/PAD2_RX0] on F.Cu - B.Cu
[unconnected_items]: Missing connection between items
    Local override; Severity: error
    @(183.7179 mm, 130.9535 mm): Via [/PAD2_RX0] on F.Cu - B.Cu
    @(185.8779 mm, 130.9535 mm): Via [/PAD2_RX0] on F.Cu - B.Cu
[unconnected_items]: Missing connection between items
    Local override; Severity: error
    @(175.0779 mm, 130.9535 mm): Via [/PAD2_RX0] on F.Cu - B.Cu
    @(177.2379 mm, 130.9535 mm): Via [/PAD2_RX0] on F.Cu - B.Cu
[unconnected_items]: Missing connection between items
    Local override; Severity: error
    @(337.0779 mm, 130.9535 mm): Via [/PAD2_RX0] on F.Cu - B.Cu
    @(334.9179 mm, 130.9535 mm): Via [/PAD2_RX0] on F.Cu - B.Cu
[unconnected_items]: Missing connection between items
    Local override; Severity: error
    @(367.3179 mm, 130.9535 mm): Via [/PAD2_RX0] on F.Cu - B.Cu
    @(369.4779 mm, 130.9535 mm): Via [/PAD2_RX0] on F.Cu - B.Cu
[unconnected_items]: Missing connection between items
    Local override; Severity: error
    @(188.0379 mm, 130.9535 mm): Via [/PAD2_RX0] on F.Cu - B.Cu
    @(190.1979 mm, 130.9535 mm): Via [/PAD2_RX0] on F.Cu - B.Cu
[unconnected_items]: Missing connection between items
    Local override; Severity: error
    @(362.9979 mm, 130.9535 mm): Via [/PAD2_RX0] on F.Cu - B.Cu
    @(365.1579 mm, 130.9535 mm): Via [/PAD2_RX0] on F.Cu - B.Cu
[unconnected_items]: Missing connection between items
    Local override; Severity: error
    @(172.9179 mm, 130.9535 mm): Via [/PAD2_RX0] on F.Cu - B.Cu
    @(175.0779 mm, 130.9535 mm): Via [/PAD2_RX0] on F.Cu - B.Cu
[unconnected_items]: Missing connection between items
    Local override; Severity: error
    @(209.6379 mm, 130.9535 mm): Via [/PAD2_RX0] on F.Cu - B.Cu
    @(207.4779 mm, 130.9535 mm): Via [/PAD2_RX0] on F.Cu - B.Cu
[unconnected_items]: Missing connection between items
    Local override; Severity: error
    @(185.8779 mm, 130.9535 mm): Via [/PAD2_RX0] on F.Cu - B.Cu
    @(188.0379 mm, 130.9535 mm): Via [/PAD2_RX0] on F.Cu - B.Cu
[unconnected_items]: Missing connection between items
    Local override; Severity: error
    @(170.7579 mm, 130.9535 mm): Via [/PAD2_RX0] on F.Cu - B.Cu
    @(172.9179 mm, 130.9535 mm): Via [/PAD2_RX0] on F.Cu - B.Cu
[unconnected_items]: Missing connection between items
    Local override; Severity: error
    @(360.8379 mm, 130.9535 mm): Via [/PAD2_RX0] on F.Cu - B.Cu
    @(362.9979 mm, 130.9535 mm): Via [/PAD2_RX0] on F.Cu - B.Cu
[unconnected_items]: Missing connection between items
    Local override; Severity: error
    @(358.6779 mm, 130.9535 mm): Via [/PAD2_RX0] on F.Cu - B.Cu
    @(360.8379 mm, 130.9535 mm): Via [/PAD2_RX0] on F.Cu - B.Cu
[unconnected_items]: Missing connection between items
    Local override; Severity: error
    @(168.5979 mm, 130.9535 mm): Via [/PAD2_RX0] on F.Cu - B.Cu
    @(170.7579 mm, 130.9535 mm): Via [/PAD2_RX0] on F.Cu - B.Cu
[unconnected_items]: Missing connection between items
    Local override; Severity: error
    @(181.5579 mm, 130.9535 mm): Via [/PAD2_RX0] on F.Cu - B.Cu
    @(183.7179 mm, 130.9535 mm): Via [/PAD2_RX0] on F.Cu - B.Cu
[unconnected_items]: Missing connection between items
    Local override; Severity: error
    @(356.5179 mm, 130.9535 mm): Via [/PAD2_RX0] on F.Cu - B.Cu
    @(358.6779 mm, 130.9535 mm): Via [/PAD2_RX0] on F.Cu - B.Cu
[unconnected_items]: Missing connection between items
    Local override; Severity: error
    @(179.3979 mm, 130.9535 mm): Via [/PAD2_RX0] on F.Cu - B.Cu
    @(181.5579 mm, 130.9535 mm): Via [/PAD2_RX0] on F.Cu - B.Cu
[unconnected_items]: Missing connection between items
    Local override; Severity: error
    @(354.3579 mm, 130.9535 mm): Via [/PAD2_RX0] on F.Cu - B.Cu
    @(356.5179 mm, 130.9535 mm): Via [/PAD2_RX0] on F.Cu - B.Cu
[unconnected_items]: Missing connection between items
    Local override; Severity: error
    @(205.3179 mm, 130.9535 mm): Via [/PAD2_RX0] on F.Cu - B.Cu
    @(207.4779 mm, 130.9535 mm): Via [/PAD2_RX0] on F.Cu - B.Cu
[unconnected_items]: Missing connection between items
    Local override; Severity: error
    @(352.1979 mm, 130.9535 mm): Via [/PAD2_RX0] on F.Cu - B.Cu
    @(354.3579 mm, 130.9535 mm): Via [/PAD2_RX0] on F.Cu - B.Cu
[unconnected_items]: Missing connection between items
    Local override; Severity: error
    @(166.4379 mm, 130.9535 mm): Via [/PAD2_RX0] on F.Cu - B.Cu
    @(168.5979 mm, 130.9535 mm): Via [/PAD2_RX0] on F.Cu - B.Cu
[unconnected_items]: Missing connection between items
    Local override; Severity: error
    @(350.0379 mm, 130.9535 mm): Via [/PAD2_RX0] on F.Cu - B.Cu
    @(352.1979 mm, 130.9535 mm): Via [/PAD2_RX0] on F.Cu - B.Cu
[unconnected_items]: Missing connection between items
    Local override; Severity: error
    @(347.8779 mm, 130.9535 mm): Via [/PAD2_RX0] on F.Cu - B.Cu
    @(350.0379 mm, 130.9535 mm): Via [/PAD2_RX0] on F.Cu - B.Cu
[unconnected_items]: Missing connection between items
    Local override; Severity: error
    @(164.2779 mm, 130.9535 mm): Via [/PAD2_RX0] on F.Cu - B.Cu
    @(166.4379 mm, 130.9535 mm): Via [/PAD2_RX0] on F.Cu - B.Cu
[unconnected_items]: Missing connection between items
    Local override; Severity: error
    @(345.7179 mm, 130.9535 mm): Via [/PAD2_RX0] on F.Cu - B.Cu
    @(347.8779 mm, 130.9535 mm): Via [/PAD2_RX0] on F.Cu - B.Cu
[unconnected_items]: Missing connection between items
    Local override; Severity: error
    @(162.1179 mm, 130.9535 mm): Via [/PAD2_RX0] on F.Cu - B.Cu
    @(164.2779 mm, 130.9535 mm): Via [/PAD2_RX0] on F.Cu - B.Cu
[unconnected_items]: Missing connection between items
    Local override; Severity: error
    @(343.5579 mm, 130.9535 mm): Via [/PAD2_RX0] on F.Cu - B.Cu
    @(345.7179 mm, 130.9535 mm): Via [/PAD2_RX0] on F.Cu - B.Cu
[unconnected_items]: Missing connection between items
    Local override; Severity: error
    @(341.3979 mm, 130.9535 mm): Via [/PAD2_RX0] on F.Cu - B.Cu
    @(343.5579 mm, 130.9535 mm): Via [/PAD2_RX0] on F.Cu - B.Cu
[unconnected_items]: Missing connection between items
    Local override; Severity: error
    @(203.1579 mm, 130.9535 mm): Via [/PAD2_RX0] on F.Cu - B.Cu
    @(200.9979 mm, 130.9535 mm): Via [/PAD2_RX0] on F.Cu - B.Cu
[unconnected_items]: Missing connection between items
    Local override; Severity: error
    @(339.2379 mm, 130.9535 mm): Via [/PAD2_RX0] on F.Cu - B.Cu
    @(341.3979 mm, 130.9535 mm): Via [/PAD2_RX0] on F.Cu - B.Cu
[unconnected_items]: Missing connection between items
    Local override; Severity: error
    @(198.8379 mm, 130.9535 mm): Via [/PAD2_RX0] on F.Cu - B.Cu
    @(196.6779 mm, 130.9535 mm): Via [/PAD2_RX0] on F.Cu - B.Cu
[unconnected_items]: Missing connection between items
    Local override; Severity: error
    @(337.0779 mm, 130.9535 mm): Via [/PAD2_RX0] on F.Cu - B.Cu
    @(339.2379 mm, 130.9535 mm): Via [/PAD2_RX0] on F.Cu - B.Cu
[unconnected_items]: Missing connection between items
    Local override; Severity: error
    @(203.1579 mm, 130.9535 mm): Via [/PAD2_RX0] on F.Cu - B.Cu
    @(205.3179 mm, 130.9535 mm): Via [/PAD2_RX0] on F.Cu - B.Cu
[unconnected_items]: Missing connection between items
    Local override; Severity: error
    @(330.5979 mm, 130.9535 mm): Via [/PAD2_RX0] on F.Cu - B.Cu
    @(328.4379 mm, 130.9535 mm): Via [/PAD2_RX0] on F.Cu - B.Cu
[unconnected_items]: Missing connection between items
    Local override; Severity: error
    @(332.7579 mm, 130.9535 mm): Via [/PAD2_RX0] on F.Cu - B.Cu
    @(334.9179 mm, 130.9535 mm): Via [/PAD2_RX0] on F.Cu - B.Cu
[unconnected_items]: Missing connection between items
    Local override; Severity: error
    @(332.7579 mm, 130.9535 mm): Via [/PAD2_RX0] on F.Cu - B.Cu
    @(330.5979 mm, 130.9535 mm): Via [/PAD2_RX0] on F.Cu - B.Cu
[unconnected_items]: Missing connection between items
    Local override; Severity: error
    @(211.7979 mm, 130.7809 mm): Pad 1 [/PAD2_RX0] of E2 on F.Cu
    @(209.6379 mm, 130.9535 mm): Via [/PAD2_RX0] on F.Cu - B.Cu
[unconnected_items]: Missing connection between items
    Local override; Severity: error
    @(326.2779 mm, 130.7809 mm): Pad 5 [/PAD2_RX0] of E2 on F.Cu
    @(328.4379 mm, 130.9535 mm): Via [/PAD2_RX0] on F.Cu - B.Cu
[unconnected_items]: Missing connection between items
    Local override; Severity: error
    @(174.3950 mm, 241.0850 mm): Pad 1 [/PAD2_RX0] of D21 on F.Cu
    @(175.8550 mm, 223.9350 mm): Pad 1 [/PAD2_RX0] of R21 on F.Cu
[unconnected_items]: Missing connection between items
    Local override; Severity: error
    @(168.5979 mm, 134.5974 mm): Pad 1 [/PAD2_RX0] of E2 on F.Cu
    @(175.8550 mm, 223.9350 mm): Pad 1 [/PAD2_RX0] of R21 on F.Cu
[unconnected_items]: Missing connection between items
    Local override; Severity: error
    @(324.1179 mm, 130.5361 mm): Pad 5 [/PAD2_RX0] of E2 on F.Cu
    @(213.9579 mm, 130.5361 mm): Pad 1 [/PAD2_RX0] of E2 on F.Cu
[unconnected_items]: Missing connection between items
    Local override; Severity: error
    @(244.1979 mm, 139.9535 mm): Via [/PAD2_RX1] on F.Cu - B.Cu
    @(246.3579 mm, 139.9535 mm): Via [/PAD2_RX1] on F.Cu - B.Cu
[unconnected_items]: Missing connection between items
    Local override; Severity: error
    @(259.3179 mm, 139.9535 mm): Via [/PAD2_RX1] on F.Cu - B.Cu
    @(261.4779 mm, 139.9535 mm): Via [/PAD2_RX1] on F.Cu - B.Cu
[unconnected_items]: Missing connection between items
    Local override; Severity: error
    @(211.7979 mm, 139.9535 mm): Via [/PAD2_RX1] on F.Cu - B.Cu
    @(213.9579 mm, 139.9535 mm): Via [/PAD2_RX1] on F.Cu - B.Cu
[unconnected_items]: Missing connection between items
    Local override; Severity: error
    @(209.6379 mm, 139.9535 mm): Via [/PAD2_RX1] on F.Cu - B.Cu
    @(211.7979 mm, 139.9535 mm): Via [/PAD2_RX1] on F.Cu - B.Cu
[unconnected_items]: Missing connection between items
    Local override; Severity: error
    @(213.9579 mm, 139.9535 mm): Via [/PAD2_RX1] on F.Cu - B.Cu
    @(216.1179 mm, 139.9535 mm): Via [/PAD2_RX1] on F.Cu - B.Cu
[unconnected_items]: Missing connection between items
    Local override; Severity: error
    @(233.3979 mm, 139.9535 mm): Via [/PAD2_RX1] on F.Cu - B.Cu
    @(235.5579 mm, 139.9535 mm): Via [/PAD2_RX1] on F.Cu - B.Cu
[unconnected_items]: Missing connection between items
    Local override; Severity: error
    @(216.1179 mm, 139.9535 mm): Via [/PAD2_RX1] on F.Cu - B.Cu
    @(218.2779 mm, 139.9535 mm): Via [/PAD2_RX1] on F.Cu - B.Cu
[unconnected_items]: Missing connection between items
    Local override; Severity: error
    @(207.4779 mm, 139.9535 mm): Via [/PAD2_RX1] on F.Cu - B.Cu
    @(209.6379 mm, 139.9535 mm): Via [/PAD2_RX1] on F.Cu - B.Cu
[unconnected_items]: Missing connection between items
    Local override; Severity: error
    @(263.6379 mm, 139.9535 mm): Via [/PAD2_RX1] on F.Cu - B.Cu
    @(261.4779 mm, 139.9535 mm): Via [/PAD2_RX1] on F.Cu - B.Cu
[unconnected_items]: Missing connection between items
    Local override; Severity: error
    @(166.4379 mm, 139.9535 mm): Via [/PAD2_RX1] on F.Cu - B.Cu
    @(168.5979 mm, 139.9535 mm): Via [/PAD2_RX1] on F.Cu - B.Cu
[unconnected_items]: Missing connection between items
    Local override; Severity: error
    @(190.1979 mm, 139.9535 mm): Via [/PAD2_RX1] on F.Cu - B.Cu
    @(192.3579 mm, 139.9535 mm): Via [/PAD2_RX1] on F.Cu - B.Cu
[unconnected_items]: Missing connection between items
    Local override; Severity: error
    @(188.0379 mm, 139.9535 mm): Via [/PAD2_RX1] on F.Cu - B.Cu
    @(190.1979 mm, 139.9535 mm): Via [/PAD2_RX1] on F.Cu - B.Cu
[unconnected_items]: Missing connection between items
    Local override; Severity: error
    @(170.7579 mm, 139.9535 mm): Via [/PAD2_RX1] on F.Cu - B.Cu
    @(168.5979 mm, 139.9535 mm): Via [/PAD2_RX1] on F.Cu - B.Cu
[unconnected_items]: Missing connection between items
    Local override; Severity: error
    @(235.5579 mm, 139.9535 mm): Via [/PAD2_RX1] on F.Cu - B.Cu
    @(237.7179 mm, 139.9535 mm): Via [/PAD2_RX1] on F.Cu - B.Cu
[unconnected_items]: Missing connection between items
    Local override; Severity: error
    @(257.1579 mm, 139.9535 mm): Via [/PAD2_RX1] on F.Cu - B.Cu
    @(259.3179 mm, 139.9535 mm): Via [/PAD2_RX1] on F.Cu - B.Cu
[unconnected_items]: Missing connection between items
    Local override; Severity: error
    @(205.3179 mm, 139.9535 mm): Via [/PAD2_RX1] on F.Cu - B.Cu
    @(207.4779 mm, 139.9535 mm): Via [/PAD2_RX1] on F.Cu - B.Cu
[unconnected_items]: Missing connection between items
    Local override; Severity: error
    @(218.2779 mm, 139.9535 mm): Via [/PAD2_RX1] on F.Cu - B.Cu
    @(220.4379 mm, 139.9535 mm): Via [/PAD2_RX1] on F.Cu - B.Cu
[unconnected_items]: Missing connection between items
    Local override; Severity: error
    @(172.9179 mm, 139.9535 mm): Via [/PAD2_RX1] on F.Cu - B.Cu
    @(170.7579 mm, 139.9535 mm): Via [/PAD2_RX1] on F.Cu - B.Cu
[unconnected_items]: Missing connection between items
    Local override; Severity: error
    @(231.2379 mm, 139.9535 mm): Via [/PAD2_RX1] on F.Cu - B.Cu
    @(229.0779 mm, 139.9535 mm): Via [/PAD2_RX1] on F.Cu - B.Cu
[unconnected_items]: Missing connection between items
    Local override; Severity: error
    @(257.1579 mm, 139.9535 mm): Via [/PAD2_RX1] on F.Cu - B.Cu
    @(254.9979 mm, 139.9535 mm): Via [/PAD2_RX1] on F.Cu - B.Cu
[unconnected_items]: Missing connection between items
    Local override; Severity: error
    @(229.0779 mm, 139.9535 mm): Via [/PAD2_RX1] on F.Cu - B.Cu
    @(226.9179 mm, 139.9535 mm): Via [/PAD2_RX1] on F.Cu - B.Cu
[unconnected_items]: Missing connection between items
    Local override; Severity: error
    @(254.9979 mm, 139.9535 mm): Via [/PAD2_RX1] on F.Cu - B.Cu
    @(252.8379 mm, 139.9535 mm): Via [/PAD2_RX1] on F.Cu - B.Cu
[unconnected_items]: Missing connection between items
    Local override; Severity: error
    @(175.0779 mm, 139.9535 mm): Via [/PAD2_RX1] on F.Cu - B.Cu
    @(172.9179 mm, 139.9535 mm): Via [/PAD2_RX1] on F.Cu - B.Cu
[unconnected_items]: Missing connection between items
    Local override; Severity: error
    @(177.2379 mm, 139.9535 mm): Via [/PAD2_RX1] on F.Cu - B.Cu
    @(175.0779 mm, 139.9535 mm): Via [/PAD2_RX1] on F.Cu - B.Cu
[unconnected_items]: Missing connection between items
    Local override; Severity: error
    @(179.3979 mm, 139.9535 mm): Via [/PAD2_RX1] on F.Cu - B.Cu
    @(177.2379 mm, 139.9535 mm): Via [/PAD2_RX1] on F.Cu - B.Cu
[unconnected_items]: Missing connection between items
    Local override; Severity: error
    @(185.8779 mm, 139.9535 mm): Via [/PAD2_RX1] on F.Cu - B.Cu
    @(188.0379 mm, 139.9535 mm): Via [/PAD2_RX1] on F.Cu - B.Cu
[unconnected_items]: Missing connection between items
    Local override; Severity: error
    @(237.7179 mm, 139.9535 mm): Via [/PAD2_RX1] on F.Cu - B.Cu
    @(239.8779 mm, 139.9535 mm): Via [/PAD2_RX1] on F.Cu - B.Cu
[unconnected_items]: Missing connection between items
    Local override; Severity: error
    @(181.5579 mm, 139.9535 mm): Via [/PAD2_RX1] on F.Cu - B.Cu
    @(179.3979 mm, 139.9535 mm): Via [/PAD2_RX1] on F.Cu - B.Cu
[unconnected_items]: Missing connection between items
    Local override; Severity: error
    @(220.4379 mm, 139.9535 mm): Via [/PAD2_RX1] on F.Cu - B.Cu
    @(222.5979 mm, 139.9535 mm): Via [/PAD2_RX1] on F.Cu - B.Cu
[unconnected_items]: Missing connection between items
    Local override; Severity: error
    @(252.8379 mm, 139.9535 mm): Via [/PAD2_RX1] on F.Cu - B.Cu
    @(250.6779 mm, 139.9535 mm): Via [/PAD2_RX1] on F.Cu - B.Cu
[unconnected_items]: Missing connection between items
    Local override; Severity: error
    @(203.1579 mm, 139.9535 mm): Via [/PAD2_RX1] on F.Cu - B.Cu
    @(205.3179 mm, 139.9535 mm): Via [/PAD2_RX1] on F.Cu - B.Cu
[unconnected_items]: Missing connection between items
    Local override; Severity: error
    @(250.6779 mm, 139.9535 mm): Via [/PAD2_RX1] on F.Cu - B.Cu
    @(248.5179 mm, 139.9535 mm): Via [/PAD2_RX1] on F.Cu - B.Cu
[unconnected_items]: Missing connection between items
    Local override; Severity: error
    @(248.5179 mm, 139.9535 mm): Via [/PAD2_RX1] on F.Cu - B.Cu
    @(246.3579 mm, 139.9535 mm): Via [/PAD2_RX1] on F.Cu - B.Cu
[unconnected_items]: Missing connection between items
    Local override; Severity: error
    @(183.7179 mm, 139.9535 mm): Via [/PAD2_RX1] on F.Cu - B.Cu
    @(181.5579 mm, 139.9535 mm): Via [/PAD2_RX1] on F.Cu - B.Cu
[unconnected_items]: Missing connection between items
    Local override; Severity: error
    @(185.8779 mm, 139.9535 mm): Via [/PAD2_RX1] on F.Cu - B.Cu
    @(183.7179 mm, 139.9535 mm): Via [/PAD2_RX1] on F.Cu - B.Cu
[unconnected_items]: Missing connection between items
    Local override; Severity: error
    @(231.2379 mm, 139.9535 mm): Via [/PAD2_RX1] on F.Cu - B.Cu
    @(233.3979 mm, 139.9535 mm): Via [/PAD2_RX1] on F.Cu - B.Cu
[unconnected_items]: Missing connection between items
    Local override; Severity: error
    @(239.8779 mm, 139.9535 mm): Via [/PAD2_RX1] on F.Cu - B.Cu
    @(242.0379 mm, 139.9535 mm): Via [/PAD2_RX1] on F.Cu - B.Cu
[unconnected_items]: Missing connection between items
    Local override; Severity: error
    @(192.3579 mm, 139.9535 mm): Via [/PAD2_RX1] on F.Cu - B.Cu
    @(194.5179 mm, 139.9535 mm): Via [/PAD2_RX1] on F.Cu - B.Cu
[unconnected_items]: Missing connection between items
    Local override; Severity: error
    @(244.1979 mm, 139.9535 mm): Via [/PAD2_RX1] on F.Cu - B.Cu
    @(242.0379 mm, 139.9535 mm): Via [/PAD2_RX1] on F.Cu - B.Cu
[unconnected_items]: Missing connection between items
    Local override; Severity: error
    @(196.6779 mm, 139.9535 mm): Via [/PAD2_RX1] on F.Cu - B.Cu
    @(194.5179 mm, 139.9535 mm): Via [/PAD2_RX1] on F.Cu - B.Cu
[unconnected_items]: Missing connection between items
    Local override; Severity: error
    @(198.8379 mm, 139.9535 mm): Via [/PAD2_RX1] on F.Cu - B.Cu
    @(196.6779 mm, 139.9535 mm): Via [/PAD2_RX1] on F.Cu - B.Cu
[unconnected_items]: Missing connection between items
    Local override; Severity: error
    @(200.9979 mm, 139.9535 mm): Via [/PAD2_RX1] on F.Cu - B.Cu
    @(198.8379 mm, 139.9535 mm): Via [/PAD2_RX1] on F.Cu - B.Cu
[unconnected_items]: Missing connection between items
    Local override; Severity: error
    @(203.1579 mm, 139.9535 mm): Via [/PAD2_RX1] on F.Cu - B.Cu
    @(200.9979 mm, 139.9535 mm): Via [/PAD2_RX1] on F.Cu - B.Cu
[unconnected_items]: Missing connection between items
    Local override; Severity: error
    @(226.9179 mm, 139.9535 mm): Via [/PAD2_RX1] on F.Cu - B.Cu
    @(224.7579 mm, 139.9535 mm): Via [/PAD2_RX1] on F.Cu - B.Cu
[unconnected_items]: Missing connection between items
    Local override; Severity: error
    @(224.7579 mm, 139.9535 mm): Via [/PAD2_RX1] on F.Cu - B.Cu
    @(222.5979 mm, 139.9535 mm): Via [/PAD2_RX1] on F.Cu - B.Cu
[unconnected_items]: Missing connection between items
    Local override; Severity: error
    @(166.4379 mm, 139.9535 mm): Via [/PAD2_RX1] on F.Cu - B.Cu
    @(164.2779 mm, 140.1261 mm): Pad 2 [/PAD2_RX1] of E2 on F.Cu
[unconnected_items]: Missing connection between items
    Local override; Severity: error
    @(265.7979 mm, 140.1261 mm): Pad 2 [/PAD2_RX1] of E2 on F.Cu
    @(263.6379 mm, 139.9535 mm): Via [/PAD2_RX1] on F.Cu - B.Cu
[unconnected_items]: Missing connection between items
    Local override; Severity: error
    @(174.3950 mm, 243.2750 mm): Pad 1 [/PAD2_RX1] of D22 on F.Cu
    @(175.8550 mm, 226.4050 mm): Pad 1 [/PAD2_RX1] of R22 on F.Cu
[unconnected_items]: Missing connection between items
    Local override; Severity: error
    @(175.8550 mm, 226.4050 mm): Pad 1 [/PAD2_RX1] of R22 on F.Cu
    @(175.0779 mm, 139.9535 mm): Via [/PAD2_RX1] on F.Cu - B.Cu
[unconnected_items]: Missing connection between items
    Local override; Severity: error
    @(250.6779 mm, 130.9535 mm): Via [/PAD2_RX2] on F.Cu - B.Cu
    @(252.8379 mm, 130.9535 mm): Via [/PAD2_RX2] on F.Cu - B.Cu
[unconnected_items]: Missing connection between items
    Local override; Severity: error
    @(254.9979 mm, 130.9535 mm): Via [/PAD2_RX2] on F.Cu - B.Cu
    @(257.1579 mm, 130.9535 mm): Via [/PAD2_RX2] on F.Cu - B.Cu
[unconnected_items]: Missing connection between items
    Local override; Severity: error
    @(313.3179 mm, 130.9535 mm): Via [/PAD2_RX2] on F.Cu - B.Cu
    @(315.4779 mm, 130.9535 mm): Via [/PAD2_RX2] on F.Cu - B.Cu
[unconnected_items]: Missing connection between items
    Local override; Severity: error
    @(233.3979 mm, 130.9535 mm): Via [/PAD2_RX2] on F.Cu - B.Cu
    @(231.2379 mm, 130.9535 mm): Via [/PAD2_RX2] on F.Cu - B.Cu
[unconnected_items]: Missing connection between items
    Local override; Severity: error
    @(274.4379 mm, 130.9535 mm): Via [/PAD2_RX2] on F.Cu - B.Cu
    @(276.5979 mm, 130.9535 mm): Via [/PAD2_RX2] on F.Cu - B.Cu
[unconnected_items]: Missing connection between items
    Local override; Severity: error
    @(317.6379 mm, 130.9535 mm): Via [/PAD2_RX2] on F.Cu - B.Cu
    @(315.4779 mm, 130.9535 mm): Via [/PAD2_RX2] on F.Cu - B.Cu
[unconnected_items]: Missing connection between items
    Local override; Severity: error
    @(278.7579 mm, 130.9535 mm): Via [/PAD2_RX2] on F.Cu - B.Cu
    @(276.5979 mm, 130.9535 mm): Via [/PAD2_RX2] on F.Cu - B.Cu
[unconnected_items]: Missing connection between items
    Local override; Severity: error
    @(246.3579 mm, 130.9535 mm): Via [/PAD2_RX2] on F.Cu - B.Cu
    @(248.5179 mm, 130.9535 mm): Via [/PAD2_RX2] on F.Cu - B.Cu
[unconnected_items]: Missing connection between items
    Local override; Severity: error
    @(306.8379 mm, 130.9535 mm): Via [/PAD2_RX2] on F.Cu - B.Cu
    @(308.9979 mm, 130.9535 mm): Via [/PAD2_RX2] on F.Cu - B.Cu
[unconnected_items]: Missing connection between items
    Local override; Severity: error
    @(311.1579 mm, 130.9535 mm): Via [/PAD2_RX2] on F.Cu - B.Cu
    @(313.3179 mm, 130.9535 mm): Via [/PAD2_RX2] on F.Cu - B.Cu
[unconnected_items]: Missing connection between items
    Local override; Severity: error
    @(246.3579 mm, 130.9535 mm): Via [/PAD2_RX2] on F.Cu - B.Cu
    @(244.1979 mm, 130.9535 mm): Via [/PAD2_RX2] on F.Cu - B.Cu
[unconnected_items]: Missing connection between items
    Local override; Severity: error
    @(231.2379 mm, 130.9535 mm): Via [/PAD2_RX2] on F.Cu - B.Cu
    @(229.0779 mm, 130.9535 mm): Via [/PAD2_RX2] on F.Cu - B.Cu
[unconnected_items]: Missing connection between items
    Local override; Severity: error
    @(311.1579 mm, 130.9535 mm): Via [/PAD2_RX2] on F.Cu - B.Cu
    @(308.9979 mm, 130.9535 mm): Via [/PAD2_RX2] on F.Cu - B.Cu
[unconnected_items]: Missing connection between items
    Local override; Severity: error
    @(263.6379 mm, 130.9535 mm): Via [/PAD2_RX2] on F.Cu - B.Cu
    @(261.4779 mm, 130.9535 mm): Via [/PAD2_RX2] on F.Cu - B.Cu
[unconnected_items]: Missing connection between items
    Local override; Severity: error
    @(280.9179 mm, 130.9535 mm): Via [/PAD2_RX2] on F.Cu - B.Cu
    @(278.7579 mm, 130.9535 mm): Via [/PAD2_RX2] on F.Cu - B.Cu
[unconnected_items]: Missing connection between items
    Local override; Severity: error
    @(254.9979 mm, 130.9535 mm): Via [/PAD2_RX2] on F.Cu - B.Cu
    @(252.8379 mm, 130.9535 mm): Via [/PAD2_RX2] on F.Cu - B.Cu
[unconnected_items]: Missing connection between items
    Local override; Severity: error
    @(265.7979 mm, 130.9535 mm): Via [/PAD2_RX2] on F.Cu - B.Cu
    @(263.6379 mm, 130.9535 mm): Via [/PAD2_RX2] on F.Cu - B.Cu
[unconnected_items]: Missing connection between items
    Local override; Severity: error
    @(304.6779 mm, 130.9535 mm): Via [/PAD2_RX2] on F.Cu - B.Cu
    @(306.8379 mm, 130.9535 mm): Via [/PAD2_RX2] on F.Cu - B.Cu
[unconnected_items]: Missing connection between items
    Local override; Severity: error
    @(229.0779 mm, 130.9535 mm): Via [/PAD2_RX2] on F.Cu - B.Cu
    @(226.9179 mm, 130.9535 mm): Via [/PAD2_RX2] on F.Cu - B.Cu
[unconnected_items]: Missing connection between items
    Local override; Severity: error
    @(283.0779 mm, 130.9535 mm): Via [/PAD2_RX2] on F.Cu - B.Cu
    @(280.9179 mm, 130.9535 mm): Via [/PAD2_RX2] on F.Cu - B.Cu
[unconnected_items]: Missing connection between items
    Local override; Severity: error
    @(261.4779 mm, 130.9535 mm): Via [/PAD2_RX2] on F.Cu - B.Cu
    @(259.3179 mm, 130.9535 mm): Via [/PAD2_RX2] on F.Cu - B.Cu
[unconnected_items]: Missing connection between items
    Local override; Severity: error
    @(302.5179 mm, 130.9535 mm): Via [/PAD2_RX2] on F.Cu - B.Cu
    @(304.6779 mm, 130.9535 mm): Via [/PAD2_RX2] on F.Cu - B.Cu
[unconnected_items]: Missing connection between items
    Local override; Severity: error
    @(270.1179 mm, 135.2554 mm): Pad 3 [/PAD2_RX2] of E2 on F.Cu
    @(267.9579 mm, 135.2554 mm): Pad 3 [/PAD2_RX2] of E2 on F.Cu
[unconnected_items]: Missing connection between items
    Local override; Severity: error
    @(300.3579 mm, 130.9535 mm): Via [/PAD2_RX2] on F.Cu - B.Cu
    @(302.5179 mm, 130.9535 mm): Via [/PAD2_RX2] on F.Cu - B.Cu
[unconnected_items]: Missing connection between items
    Local override; Severity: error
    @(226.9179 mm, 130.9535 mm): Via [/PAD2_RX2] on F.Cu - B.Cu
    @(224.7579 mm, 130.9535 mm): Via [/PAD2_RX2] on F.Cu - B.Cu
[unconnected_items]: Missing connection between items
    Local override; Severity: error
    @(244.1979 mm, 130.9535 mm): Via [/PAD2_RX2] on F.Cu - B.Cu
    @(242.0379 mm, 130.9535 mm): Via [/PAD2_RX2] on F.Cu - B.Cu
[unconnected_items]: Missing connection between items
    Local override; Severity: error
    @(235.5579 mm, 130.9535 mm): Via [/PAD2_RX2] on F.Cu - B.Cu
    @(233.3979 mm, 130.9535 mm): Via [/PAD2_RX2] on F.Cu - B.Cu
[unconnected_items]: Missing connection between items
    Local override; Severity: error
    @(267.9579 mm, 130.9535 mm): Via [/PAD2_RX2] on F.Cu - B.Cu
    @(265.7979 mm, 130.9535 mm): Via [/PAD2_RX2] on F.Cu - B.Cu
[unconnected_items]: Missing connection between items
    Local override; Severity: error
    @(298.1979 mm, 130.9535 mm): Via [/PAD2_RX2] on F.Cu - B.Cu
    @(300.3579 mm, 130.9535 mm): Via [/PAD2_RX2] on F.Cu - B.Cu
[unconnected_items]: Missing connection between items
    Local override; Severity: error
    @(285.2379 mm, 130.9535 mm): Via [/PAD2_RX2] on F.Cu - B.Cu
    @(283.0779 mm, 130.9535 mm): Via [/PAD2_RX2] on F.Cu - B.Cu
[unconnected_items]: Missing connection between items
    Local override; Severity: error
    @(296.0379 mm, 130.9535 mm): Via [/PAD2_RX2] on F.Cu - B.Cu
    @(298.1979 mm, 130.9535 mm): Via [/PAD2_RX2] on F.Cu - B.Cu
[unconnected_items]: Missing connection between items
    Local override; Severity: error
    @(250.6779 mm, 130.9535 mm): Via [/PAD2_RX2] on F.Cu - B.Cu
    @(248.5179 mm, 130.9535 mm): Via [/PAD2_RX2] on F.Cu - B.Cu
[unconnected_items]: Missing connection between items
    Local override; Severity: error
    @(274.4379 mm, 130.9535 mm): Via [/PAD2_RX2] on F.Cu - B.Cu
    @(272.2779 mm, 130.9535 mm): Via [/PAD2_RX2] on F.Cu - B.Cu
[unconnected_items]: Missing connection between items
    Local override; Severity: error
    @(224.7579 mm, 130.9535 mm): Via [/PAD2_RX2] on F.Cu - B.Cu
    @(222.5979 mm, 130.9535 mm): Via [/PAD2_RX2] on F.Cu - B.Cu
[unconnected_items]: Missing connection between items
    Local override; Severity: error
    @(293.8779 mm, 130.9535 mm): Via [/PAD2_RX2] on F.Cu - B.Cu
    @(296.0379 mm, 130.9535 mm): Via [/PAD2_RX2] on F.Cu - B.Cu
[unconnected_items]: Missing connection between items
    Local override; Severity: error
    @(287.3979 mm, 130.9535 mm): Via [/PAD2_RX2] on F.Cu - B.Cu
    @(285.2379 mm, 130.9535 mm): Via [/PAD2_RX2] on F.Cu - B.Cu
[unconnected_items]: Missing connection between items
    Local override; Severity: error
    @(291.7179 mm, 130.9535 mm): Via [/PAD2_RX2] on F.Cu - B.Cu
    @(293.8779 mm, 130.9535 mm): Via [/PAD2_RX2] on F.Cu - B.Cu
[unconnected_items]: Missing connection between items
    Local override; Severity: error
    @(222.5979 mm, 130.9535 mm): Via [/PAD2_RX2] on F.Cu - B.Cu
    @(220.4379 mm, 130.9535 mm): Via [/PAD2_RX2] on F.Cu - B.Cu
[unconnected_items]: Missing connection between items
    Local override; Severity: error
    @(237.7179 mm, 130.9535 mm): Via [/PAD2_RX2] on F.Cu - B.Cu
    @(235.5579 mm, 130.9535 mm): Via [/PAD2_RX2] on F.Cu - B.Cu
[unconnected_items]: Missing connection between items
    Local override; Severity: error
    @(242.0379 mm, 130.9535 mm): Via [/PAD2_RX2] on F.Cu - B.Cu
    @(239.8779 mm, 130.9535 mm): Via [/PAD2_RX2] on F.Cu - B.Cu
[unconnected_items]: Missing connection between items
    Local override; Severity: error
    @(289.5579 mm, 130.9535 mm): Via [/PAD2_RX2] on F.Cu - B.Cu
    @(291.7179 mm, 130.9535 mm): Via [/PAD2_RX2] on F.Cu - B.Cu
[unconnected_items]: Missing connection between items
    Local override; Severity: error
    @(289.5579 mm, 130.9535 mm): Via [/PAD2_RX2] on F.Cu - B.Cu
    @(287.3979 mm, 130.9535 mm): Via [/PAD2_RX2] on F.Cu - B.Cu
[unconnected_items]: Missing connection between items
    Local override; Severity: error
    @(270.1179 mm, 130.9535 mm): Via [/PAD2_RX2] on F.Cu - B.Cu
    @(272.2779 mm, 130.9535 mm): Via [/PAD2_RX2] on F.Cu - B.Cu
[unconnected_items]: Missing connection between items
    Local override; Severity: error
    @(239.8779 mm, 130.9535 mm): Via [/PAD2_RX2] on F.Cu - B.Cu
    @(237.7179 mm, 130.9535 mm): Via [/PAD2_RX2] on F.Cu - B.Cu
[unconnected_items]: Missing connection between items
    Local override; Severity: error
    @(259.3179 mm, 130.9535 mm): Via [/PAD2_RX2] on F.Cu - B.Cu
    @(257.1579 mm, 130.9535 mm): Via [/PAD2_RX2] on F.Cu - B.Cu
[unconnected_items]: Missing connection between items
    Local override; Severity: error
    @(319.7979 mm, 130.7809 mm): Pad 3 [/PAD2_RX2] of E2 on F.Cu
    @(317.6379 mm, 130.9535 mm): Via [/PAD2_RX2] on F.Cu - B.Cu
[unconnected_items]: Missing connection between items
    Local override; Severity: error
    @(220.4379 mm, 130.9535 mm): Via [/PAD2_RX2] on F.Cu - B.Cu
    @(218.2779 mm, 130.7809 mm): Pad 3 [/PAD2_RX2] of E2 on F.Cu
[unconnected_items]: Missing connection between items
    Local override; Severity: error
    @(175.8550 mm, 228.8750 mm): Pad 1 [/PAD2_RX2] of R23 on F.Cu
    @(174.3950 mm, 245.4650 mm): Pad 1 [/PAD2_RX2] of D23 on F.Cu
[unconnected_items]: Missing connection between items
    Local override; Severity: error
    @(216.1179 mm, 130.5361 mm): Pad 3 [/PAD2_RX2] of E2 on F.Cu
    @(175.8550 mm, 228.8750 mm): Pad 1 [/PAD2_RX2] of R23 on F.Cu
[unconnected_items]: Missing connection between items
    Local override; Severity: error
    @(345.7179 mm, 139.9535 mm): Via [/PAD2_RX3] on F.Cu - B.Cu
    @(343.5579 mm, 139.9535 mm): Via [/PAD2_RX3] on F.Cu - B.Cu
[unconnected_items]: Missing connection between items
    Local override; Severity: error
    @(306.8379 mm, 139.9535 mm): Via [/PAD2_RX3] on F.Cu - B.Cu
    @(304.6779 mm, 139.9535 mm): Via [/PAD2_RX3] on F.Cu - B.Cu
[unconnected_items]: Missing connection between items
    Local override; Severity: error
    @(276.5979 mm, 139.9535 mm): Via [/PAD2_RX3] on F.Cu - B.Cu
    @(274.4379 mm, 139.9535 mm): Via [/PAD2_RX3] on F.Cu - B.Cu
[unconnected_items]: Missing connection between items
    Local override; Severity: error
    @(326.2779 mm, 139.9535 mm): Via [/PAD2_RX3] on F.Cu - B.Cu
    @(324.1179 mm, 139.9535 mm): Via [/PAD2_RX3] on F.Cu - B.Cu
[unconnected_items]: Missing connection between items
    Local override; Severity: error
    @(298.1979 mm, 139.9535 mm): Via [/PAD2_RX3] on F.Cu - B.Cu
    @(296.0379 mm, 139.9535 mm): Via [/PAD2_RX3] on F.Cu - B.Cu
[unconnected_items]: Missing connection between items
    Local override; Severity: error
    @(289.5579 mm, 139.9535 mm): Via [/PAD2_RX3] on F.Cu - B.Cu
    @(291.7179 mm, 139.9535 mm): Via [/PAD2_RX3] on F.Cu - B.Cu
[unconnected_items]: Missing connection between items
    Local override; Severity: error
    @(337.0779 mm, 139.9535 mm): Via [/PAD2_RX3] on F.Cu - B.Cu
    @(334.9179 mm, 139.9535 mm): Via [/PAD2_RX3] on F.Cu - B.Cu
[unconnected_items]: Missing connection between items
    Local override; Severity: error
    @(308.9979 mm, 139.9535 mm): Via [/PAD2_RX3] on F.Cu - B.Cu
    @(306.8379 mm, 139.9535 mm): Via [/PAD2_RX3] on F.Cu - B.Cu
[unconnected_items]: Missing connection between items
    Local override; Severity: error
    @(339.2379 mm, 139.9535 mm): Via [/PAD2_RX3] on F.Cu - B.Cu
    @(337.0779 mm, 139.9535 mm): Via [/PAD2_RX3] on F.Cu - B.Cu
[unconnected_items]: Missing connection between items
    Local override; Severity: error
    @(311.1579 mm, 139.9535 mm): Via [/PAD2_RX3] on F.Cu - B.Cu
    @(308.9979 mm, 139.9535 mm): Via [/PAD2_RX3] on F.Cu - B.Cu
[unconnected_items]: Missing connection between items
    Local override; Severity: error
    @(369.4779 mm, 139.9535 mm): Via [/PAD2_RX3] on F.Cu - B.Cu
    @(371.6379 mm, 139.9535 mm): Via [/PAD2_RX3] on F.Cu - B.Cu
[unconnected_items]: Missing connection between items
    Local override; Severity: error
    @(300.3579 mm, 139.9535 mm): Via [/PAD2_RX3] on F.Cu - B.Cu
    @(298.1979 mm, 139.9535 mm): Via [/PAD2_RX3] on F.Cu - B.Cu
[unconnected_items]: Missing connection between items
    Local override; Severity: error
    @(313.3179 mm, 139.9535 mm): Via [/PAD2_RX3] on F.Cu - B.Cu
    @(311.1579 mm, 139.9535 mm): Via [/PAD2_RX3] on F.Cu - B.Cu
[unconnected_items]: Missing connection between items
    Local override; Severity: error
    @(287.3979 mm, 139.9535 mm): Via [/PAD2_RX3] on F.Cu - B.Cu
    @(289.5579 mm, 139.9535 mm): Via [/PAD2_RX3] on F.Cu - B.Cu
[unconnected_items]: Missing connection between items
    Local override; Severity: error
    @(367.3179 mm, 139.9535 mm): Via [/PAD2_RX3] on F.Cu - B.Cu
    @(369.4779 mm, 139.9535 mm): Via [/PAD2_RX3] on F.Cu - B.Cu
[unconnected_items]: Missing connection between items
    Local override; Severity: error
    @(315.4779 mm, 139.9535 mm): Via [/PAD2_RX3] on F.Cu - B.Cu
    @(313.3179 mm, 139.9535 mm): Via [/PAD2_RX3] on F.Cu - B.Cu
[unconnected_items]: Missing connection between items
    Local override; Severity: error
    @(278.7579 mm, 139.9535 mm): Via [/PAD2_RX3] on F.Cu - B.Cu
    @(276.5979 mm, 139.9535 mm): Via [/PAD2_RX3] on F.Cu - B.Cu
[unconnected_items]: Missing connection between items
    Local override; Severity: error
    @(365.1579 mm, 139.9535 mm): Via [/PAD2_RX3] on F.Cu - B.Cu
    @(367.3179 mm, 139.9535 mm): Via [/PAD2_RX3] on F.Cu - B.Cu
[unconnected_items]: Missing connection between items
    Local override; Severity: error
    @(280.9179 mm, 139.9535 mm): Via [/PAD2_RX3] on F.Cu - B.Cu
    @(278.7579 mm, 139.9535 mm): Via [/PAD2_RX3] on F.Cu - B.Cu
[unconnected_items]: Missing connection between items
    Local override; Severity: error
    @(317.6379 mm, 139.9535 mm): Via [/PAD2_RX3] on F.Cu - B.Cu
    @(315.4779 mm, 139.9535 mm): Via [/PAD2_RX3] on F.Cu - B.Cu
[unconnected_items]: Missing connection between items
    Local override; Severity: error
    @(285.2379 mm, 139.9535 mm): Via [/PAD2_RX3] on F.Cu - B.Cu
    @(287.3979 mm, 139.9535 mm): Via [/PAD2_RX3] on F.Cu - B.Cu
[unconnected_items]: Missing connection between items
    Local override; Severity: error
    @(362.9979 mm, 139.9535 mm): Via [/PAD2_RX3] on F.Cu - B.Cu
    @(365.1579 mm, 139.9535 mm): Via [/PAD2_RX3] on F.Cu - B.Cu
[unconnected_items]: Missing connection between items
    Local override; Severity: error
    @(319.7979 mm, 139.9535 mm): Via [/PAD2_RX3] on F.Cu - B.Cu
    @(317.6379 mm, 139.9535 mm): Via [/PAD2_RX3] on F.Cu - B.Cu
[unconnected_items]: Missing connection between items
    Local override; Severity: error
    @(283.0779 mm, 139.9535 mm): Via [/PAD2_RX3] on F.Cu - B.Cu
    @(280.9179 mm, 139.9535 mm): Via [/PAD2_RX3] on F.Cu - B.Cu
[unconnected_items]: Missing connection between items
    Local override; Severity: error
    @(360.8379 mm, 139.9535 mm): Via [/PAD2_RX3] on F.Cu - B.Cu
    @(362.9979 mm, 139.9535 mm): Via [/PAD2_RX3] on F.Cu - B.Cu
[unconnected_items]: Missing connection between items
    Local override; Severity: error
    @(321.9579 mm, 139.9535 mm): Via [/PAD2_RX3] on F.Cu - B.Cu
    @(319.7979 mm, 139.9535 mm): Via [/PAD2_RX3] on F.Cu - B.Cu
[unconnected_items]: Missing connection between items
    Local override; Severity: error
    @(358.6779 mm, 139.9535 mm): Via [/PAD2_RX3] on F.Cu - B.Cu
    @(360.8379 mm, 139.9535 mm): Via [/PAD2_RX3] on F.Cu - B.Cu
[unconnected_items]: Missing connection between items
    Local override; Severity: error
    @(324.1179 mm, 139.9535 mm): Via [/PAD2_RX3] on F.Cu - B.Cu
    @(321.9579 mm, 139.9535 mm): Via [/PAD2_RX3] on F.Cu - B.Cu
[unconnected_items]: Missing connection between items
    Local override; Severity: error
    @(291.7179 mm, 139.9535 mm): Via [/PAD2_RX3] on F.Cu - B.Cu
    @(293.8779 mm, 139.9535 mm): Via [/PAD2_RX3] on F.Cu - B.Cu
[unconnected_items]: Missing connection between items
    Local override; Severity: error
    @(356.5179 mm, 139.9535 mm): Via [/PAD2_RX3] on F.Cu - B.Cu
    @(358.6779 mm, 139.9535 mm): Via [/PAD2_RX3] on F.Cu - B.Cu
[unconnected_items]: Missing connection between items
    Local override; Severity: error
    @(328.4379 mm, 139.9535 mm): Via [/PAD2_RX3] on F.Cu - B.Cu
    @(326.2779 mm, 139.9535 mm): Via [/PAD2_RX3] on F.Cu - B.Cu
[unconnected_items]: Missing connection between items
    Local override; Severity: error
    @(300.3579 mm, 139.9535 mm): Via [/PAD2_RX3] on F.Cu - B.Cu
    @(302.5179 mm, 139.9535 mm): Via [/PAD2_RX3] on F.Cu - B.Cu
[unconnected_items]: Missing connection between items
    Local override; Severity: error
    @(330.5979 mm, 139.9535 mm): Via [/PAD2_RX3] on F.Cu - B.Cu
    @(328.4379 mm, 139.9535 mm): Via [/PAD2_RX3] on F.Cu - B.Cu
[unconnected_items]: Missing connection between items
    Local override; Severity: error
    @(354.3579 mm, 139.9535 mm): Via [/PAD2_RX3] on F.Cu - B.Cu
    @(356.5179 mm, 139.9535 mm): Via [/PAD2_RX3] on F.Cu - B.Cu
[unconnected_items]: Missing connection between items
    Local override; Severity: error
    @(296.0379 mm, 139.9535 mm): Via [/PAD2_RX3] on F.Cu - B.Cu
    @(293.8779 mm, 139.9535 mm): Via [/PAD2_RX3] on F.Cu - B.Cu
[unconnected_items]: Missing connection between items
    Local override; Severity: error
    @(285.2379 mm, 139.9535 mm): Via [/PAD2_RX3] on F.Cu - B.Cu
    @(283.0779 mm, 139.9535 mm): Via [/PAD2_RX3] on F.Cu - B.Cu
[unconnected_items]: Missing connection between items
    Local override; Severity: error
    @(352.1979 mm, 139.9535 mm): Via [/PAD2_RX3] on F.Cu - B.Cu
    @(354.3579 mm, 139.9535 mm): Via [/PAD2_RX3] on F.Cu - B.Cu
[unconnected_items]: Missing connection between items
    Local override; Severity: error
    @(332.7579 mm, 139.9535 mm): Via [/PAD2_RX3] on F.Cu - B.Cu
    @(330.5979 mm, 139.9535 mm): Via [/PAD2_RX3] on F.Cu - B.Cu
[unconnected_items]: Missing connection between items
    Local override; Severity: error
    @(350.0379 mm, 139.9535 mm): Via [/PAD2_RX3] on F.Cu - B.Cu
    @(352.1979 mm, 139.9535 mm): Via [/PAD2_RX3] on F.Cu - B.Cu
[unconnected_items]: Missing connection between items
    Local override; Severity: error
    @(334.9179 mm, 139.9535 mm): Via [/PAD2_RX3] on F.Cu - B.Cu
    @(332.7579 mm, 139.9535 mm): Via [/PAD2_RX3] on F.Cu - B.Cu
[unconnected_items]: Missing connection between items
    Local override; Severity: error
    @(347.8779 mm, 139.9535 mm): Via [/PAD2_RX3] on F.Cu - B.Cu
    @(350.0379 mm, 139.9535 mm): Via [/PAD2_RX3] on F.Cu - B.Cu
[unconnected_items]: Missing connection between items
    Local override; Severity: error
    @(341.3979 mm, 139.9535 mm): Via [/PAD2_RX3] on F.Cu - B.Cu
    @(339.2379 mm, 139.9535 mm): Via [/PAD2_RX3] on F.Cu - B.Cu
[unconnected_items]: Missing connection between items
    Local override; Severity: error
    @(304.6779 mm, 139.9535 mm): Via [/PAD2_RX3] on F.Cu - B.Cu
    @(302.5179 mm, 139.9535 mm): Via [/PAD2_RX3] on F.Cu - B.Cu
[unconnected_items]: Missing connection between items
    Local override; Severity: error
    @(345.7179 mm, 139.9535 mm): Via [/PAD2_RX3] on F.Cu - B.Cu
    @(347.8779 mm, 139.9535 mm): Via [/PAD2_RX3] on F.Cu - B.Cu
[unconnected_items]: Missing connection between items
    Local override; Severity: error
    @(343.5579 mm, 139.9535 mm): Via [/PAD2_RX3] on F.Cu - B.Cu
    @(341.3979 mm, 139.9535 mm): Via [/PAD2_RX3] on F.Cu - B.Cu
[unconnected_items]: Missing connection between items
    Local override; Severity: error
    @(373.7979 mm, 140.1261 mm): Pad 4 [/PAD2_RX3] of E2 on F.Cu
    @(371.6379 mm, 139.9535 mm): Via [/PAD2_RX3] on F.Cu - B.Cu
[unconnected_items]: Missing connection between items
    Local override; Severity: error
    @(274.4379 mm, 139.9535 mm): Via [/PAD2_RX3] on F.Cu - B.Cu
    @(272.2779 mm, 140.1261 mm): Pad 4 [/PAD2_RX3] of E2 on F.Cu
[unconnected_items]: Missing connection between items
    Local override; Severity: error
    @(175.8550 mm, 231.3450 mm): Pad 1 [/PAD2_RX3] of R24 on F.Cu
    @(174.3950 mm, 247.6550 mm): Pad 1 [/PAD2_RX3] of D24 on F.Cu
[unconnected_items]: Missing connection between items
    Local override; Severity: error
    @(270.1179 mm, 140.3709 mm): Pad 4 [/PAD2_RX3] of E2 on F.Cu
    @(175.8550 mm, 231.3450 mm): Pad 1 [/PAD2_RX3] of R24 on F.Cu
[unconnected_items]: Missing connection between items
    Local override; Severity: error
    @(373.7979 mm, 148.9535 mm): Via [/PAD3_RX0] on F.Cu - B.Cu
    @(375.9579 mm, 148.9535 mm): Via [/PAD3_RX0] on F.Cu - B.Cu
[unconnected_items]: Missing connection between items
    Local override; Severity: error
    @(200.9979 mm, 148.9535 mm): Via [/PAD3_RX0] on F.Cu - B.Cu
    @(198.8379 mm, 148.9535 mm): Via [/PAD3_RX0] on F.Cu - B.Cu
[unconnected_items]: Missing connection between items
    Local override; Severity: error
    @(194.5179 mm, 148.9535 mm): Via [/PAD3_RX0] on F.Cu - B.Cu
    @(192.3579 mm, 148.9535 mm): Via [/PAD3_RX0] on F.Cu - B.Cu
[unconnected_items]: Missing connection between items
    Local override; Severity: error
    @(365.1579 mm, 148.9535 mm): Via [/PAD3_RX0] on F.Cu - B.Cu
    @(367.3179 mm, 148.9535 mm): Via [/PAD3_RX0] on F.Cu - B.Cu
[unconnected_items]: Missing connection between items
    Local override; Severity: error
    @(190.1979 mm, 148.9535 mm): Via [/PAD3_RX0] on F.Cu - B.Cu
    @(192.3579 mm, 148.9535 mm): Via [/PAD3_RX0] on F.Cu - B.Cu
[unconnected_items]: Missing connection between items
    Local override; Severity: error
    @(371.6379 mm, 148.9535 mm): Via [/PAD3_RX0] on F.Cu - B.Cu
    @(373.7979 mm, 148.9535 mm): Via [/PAD3_RX0] on F.Cu - B.Cu
[unconnected_items]: Missing connection between items
    Local override; Severity: error
    @(177.2379 mm, 148.9535 mm): Via [/PAD3_RX0] on F.Cu - B.Cu
    @(179.3979 mm, 148.9535 mm): Via [/PAD3_RX0] on F.Cu - B.Cu
[unconnected_items]: Missing connection between items
    Local override; Severity: error
    @(196.6779 mm, 148.9535 mm): Via [/PAD3_RX0] on F.Cu - B.Cu
    @(194.5179 mm, 148.9535 mm): Via [/PAD3_RX0] on F.Cu - B.Cu
[unconnected_items]: Missing connection between items
    Local override; Severity: error
    @(369.4779 mm, 148.9535 mm): Via [/PAD3_RX0] on F.Cu - B.Cu
    @(371.6379 mm, 148.9535 mm): Via [/PAD3_RX0] on F.Cu - B.Cu
[unconnected_items]: Missing connection between items
    Local override; Severity: error
    @(183.7179 mm, 148.9535 mm): Via [/PAD3_RX0] on F.Cu - B.Cu
    @(185.8779 mm, 148.9535 mm): Via [/PAD3_RX0] on F.Cu - B.Cu
[unconnected_items]: Missing connection between items
    Local override; Severity: error
    @(175.0779 mm, 148.9535 mm): Via [/PAD3_RX0] on F.Cu - B.Cu
    @(177.2379 mm, 148.9535 mm): Via [/PAD3_RX0] on F.Cu - B.Cu
[unconnected_items]: Missing connection between items
    Local override; Severity: error
    @(337.0779 mm, 148.9535 mm): Via [/PAD3_RX0] on F.Cu - B.Cu
    @(334.9179 mm, 148.9535 mm): Via [/PAD3_RX0] on F.Cu - B.Cu
[unconnected_items]: Missing connection between items
    Local override; Severity: error
    @(367.3179 mm, 148.9535 mm): Via [/PAD3_RX0] on F.Cu - B.Cu
    @(369.4779 mm, 148.9535 mm): Via [/PAD3_RX0] on F.Cu - B.Cu
[unconnected_items]: Missing connection between items
    Local override; Severity: error
    @(188.0379 mm, 148.9535 mm): Via [/PAD3_RX0] on F.Cu - B.Cu
    @(190.1979 mm, 148.9535 mm): Via [/PAD3_RX0] on F.Cu - B.Cu
[unconnected_items]: Missing connection between items
    Local override; Severity: error
    @(362.9979 mm, 148.9535 mm): Via [/PAD3_RX0] on F.Cu - B.Cu
    @(365.1579 mm, 148.9535 mm): Via [/PAD3_RX0] on F.Cu - B.Cu
[unconnected_items]: Missing connection between items
    Local override; Severity: error
    @(172.9179 mm, 148.9535 mm): Via [/PAD3_RX0] on F.Cu - B.Cu
    @(175.0779 mm, 148.9535 mm): Via [/PAD3_RX0] on F.Cu - B.Cu
[unconnected_items]: Missing connection between items
    Local override; Severity: error
    @(209.6379 mm, 148.9535 mm): Via [/PAD3_RX0] on F.Cu - B.Cu
    @(207.4779 mm, 148.9535 mm): Via [/PAD3_RX0] on F.Cu - B.Cu
[unconnected_items]: Missing connection between items
    Local override; Severity: error
    @(185.8779 mm, 148.9535 mm): Via [/PAD3_RX0] on F.Cu - B.Cu
    @(188.0379 mm, 148.9535 mm): Via [/PAD3_RX0] on F.Cu - B.Cu
[unconnected_items]: Missing connection between items
    Local override; Severity: error
    @(170.7579 mm, 148.9535 mm): Via [/PAD3_RX0] on F.Cu - B.Cu
    @(172.9179 mm, 148.9535 mm): Via [/PAD3_RX0] on F.Cu - B.Cu
[unconnected_items]: Missing connection between items
    Local override; Severity: error
    @(360.8379 mm, 148.9535 mm): Via [/PAD3_RX0] on F.Cu - B.Cu
    @(362.9979 mm, 148.9535 mm): Via [/PAD3_RX0] on F.Cu - B.Cu
[unconnected_items]: Missing connection between items
    Local override; Severity: error
    @(358.6779 mm, 148.9535 mm): Via [/PAD3_RX0] on F.Cu - B.Cu
    @(360.8379 mm, 148.9535 mm): Via [/PAD3_RX0] on F.Cu - B.Cu
[unconnected_items]: Missing connection between items
    Local override; Severity: error
    @(168.5979 mm, 148.9535 mm): Via [/PAD3_RX0] on F.Cu - B.Cu
    @(170.7579 mm, 148.9535 mm): Via [/PAD3_RX0] on F.Cu - B.Cu
[unconnected_items]: Missing connection between items
    Local override; Severity: error
    @(181.5579 mm, 148.9535 mm): Via [/PAD3_RX0] on F.Cu - B.Cu
    @(183.7179 mm, 148.9535 mm): Via [/PAD3_RX0] on F.Cu - B.Cu
[unconnected_items]: Missing connection between items
    Local override; Severity: error
    @(356.5179 mm, 148.9535 mm): Via [/PAD3_RX0] on F.Cu - B.Cu
    @(358.6779 mm, 148.9535 mm): Via [/PAD3_RX0] on F.Cu - B.Cu
[unconnected_items]: Missing connection between items
    Local override; Severity: error
    @(179.3979 mm, 148.9535 mm): Via [/PAD3_RX0] on F.Cu - B.Cu
    @(181.5579 mm, 148.9535 mm): Via [/PAD3_RX0] on F.Cu - B.Cu
[unconnected_items]: Missing connection between items
    Local override; Severity: error
    @(354.3579 mm, 148.9535 mm): Via [/PAD3_RX0] on F.Cu - B.Cu
    @(356.5179 mm, 148.9535 mm): Via [/PAD3_RX0] on F.Cu - B.Cu
[unconnected_items]: Missing connection between items
    Local override; Severity: error
    @(205.3179 mm, 148.9535 mm): Via [/PAD3_RX0] on F.Cu - B.Cu
    @(207.4779 mm, 148.9535 mm): Via [/PAD3_RX0] on F.Cu - B.Cu
[unconnected_items]: Missing connection between items
    Local override; Severity: error
    @(352.1979 mm, 148.9535 mm): Via [/PAD3_RX0] on F.Cu - B.Cu
    @(354.3579 mm, 148.9535 mm): Via [/PAD3_RX0] on F.Cu - B.Cu
[unconnected_items]: Missing connection between items
    Local override; Severity: error
    @(166.4379 mm, 148.9535 mm): Via [/PAD3_RX0] on F.Cu - B.Cu
    @(168.5979 mm, 148.9535 mm): Via [/PAD3_RX0] on F.Cu - B.Cu
[unconnected_items]: Missing connection between items
    Local override; Severity: error
    @(350.0379 mm, 148.9535 mm): Via [/PAD3_RX0] on F.Cu - B.Cu
    @(352.1979 mm, 148.9535 mm): Via [/PAD3_RX0] on F.Cu - B.Cu
[unconnected_items]: Missing connection between items
    Local override; Severity: error
    @(347.8779 mm, 148.9535 mm): Via [/PAD3_RX0] on F.Cu - B.Cu
    @(350.0379 mm, 148.9535 mm): Via [/PAD3_RX0] on F.Cu - B.Cu
[unconnected_items]: Missing connection between items
    Local override; Severity: error
    @(164.2779 mm, 148.9535 mm): Via [/PAD3_RX0] on F.Cu - B.Cu
    @(166.4379 mm, 148.9535 mm): Via [/PAD3_RX0] on F.Cu - B.Cu
[unconnected_items]: Missing connection between items
    Local override; Severity: error
    @(345.7179 mm, 148.9535 mm): Via [/PAD3_RX0] on F.Cu - B.Cu
    @(347.8779 mm, 148.9535 mm): Via [/PAD3_RX0] on F.Cu - B.Cu
[unconnected_items]: Missing connection between items
    Local override; Severity: error
    @(162.1179 mm, 148.9535 mm): Via [/PAD3_RX0] on F.Cu - B.Cu
    @(164.2779 mm, 148.9535 mm): Via [/PAD3_RX0] on F.Cu - B.Cu
[unconnected_items]: Missing connection between items
    Local override; Severity: error
    @(343.5579 mm, 148.9535 mm): Via [/PAD3_RX0] on F.Cu - B.Cu
    @(345.7179 mm, 148.9535 mm): Via [/PAD3_RX0] on F.Cu - B.Cu
[unconnected_items]: Missing connection between items
    Local override; Severity: error
    @(341.3979 mm, 148.9535 mm): Via [/PAD3_RX0] on F.Cu - B.Cu
    @(343.5579 mm, 148.9535 mm): Via [/PAD3_RX0] on F.Cu - B.Cu
[unconnected_items]: Missing connection between items
    Local override; Severity: error
    @(339.2379 mm, 148.9535 mm): Via [/PAD3_RX0] on F.Cu - B.Cu
    @(341.3979 mm, 148.9535 mm): Via [/PAD3_RX0] on F.Cu - B.Cu
[unconnected_items]: Missing connection between items
    Local override; Severity: error
    @(198.8379 mm, 148.9535 mm): Via [/PAD3_RX0] on F.Cu - B.Cu
    @(196.6779 mm, 148.9535 mm): Via [/PAD3_RX0] on F.Cu - B.Cu
[unconnected_items]: Missing connection between items
    Local override; Severity: error
    @(203.1579 mm, 148.9535 mm): Via [/PAD3_RX0] on F.Cu - B.Cu
    @(200.9979 mm, 148.9535 mm): Via [/PAD3_RX0] on F.Cu - B.Cu
[unconnected_items]: Missing connection between items
    Local override; Severity: error
    @(337.0779 mm, 148.9535 mm): Via [/PAD3_RX0] on F.Cu - B.Cu
    @(339.2379 mm, 148.9535 mm): Via [/PAD3_RX0] on F.Cu - B.Cu
[unconnected_items]: Missing connection between items
    Local override; Severity: error
    @(203.1579 mm, 148.9535 mm): Via [/PAD3_RX0] on F.Cu - B.Cu
    @(205.3179 mm, 148.9535 mm): Via [/PAD3_RX0] on F.Cu - B.Cu
[unconnected_items]: Missing connection between items
    Local override; Severity: error
    @(330.5979 mm, 148.9535 mm): Via [/PAD3_RX0] on F.Cu - B.Cu
    @(328.4379 mm, 148.9535 mm): Via [/PAD3_RX0] on F.Cu - B.Cu
[unconnected_items]: Missing connection between items
    Local override; Severity: error
    @(332.7579 mm, 148.9535 mm): Via [/PAD3_RX0] on F.Cu - B.Cu
    @(334.9179 mm, 148.9535 mm): Via [/PAD3_RX0] on F.Cu - B.Cu
[unconnected_items]: Missing connection between items
    Local override; Severity: error
    @(332.7579 mm, 148.9535 mm): Via [/PAD3_RX0] on F.Cu - B.Cu
    @(330.5979 mm, 148.9535 mm): Via [/PAD3_RX0] on F.Cu - B.Cu
[unconnected_items]: Missing connection between items
    Local override; Severity: error
    @(211.7979 mm, 148.7809 mm): Pad 1 [/PAD3_RX0] of E3 on F.Cu
    @(209.6379 mm, 148.9535 mm): Via [/PAD3_RX0] on F.Cu - B.Cu
[unconnected_items]: Missing connection between items
    Local override; Severity: error
    @(326.2779 mm, 148.7809 mm): Pad 5 [/PAD3_RX0] of E3 on F.Cu
    @(328.4379 mm, 148.9535 mm): Via [/PAD3_RX0] on F.Cu - B.Cu
[unconnected_items]: Missing connection between items
    Local override; Severity: error
    @(177.0850 mm, 241.0850 mm): Pad 1 [/PAD3_RX0] of D31 on F.Cu
    @(175.8550 mm, 233.8150 mm): Pad 1 [/PAD3_RX0] of R31 on F.Cu
[unconnected_items]: Missing connection between items
    Local override; Severity: error
    @(168.5979 mm, 152.5974 mm): Pad 1 [/PAD3_RX0] of E3 on F.Cu
    @(175.8550 mm, 233.8150 mm): Pad 1 [/PAD3_RX0] of R31 on F.Cu
[unconnected_items]: Missing connection between items
    Local override; Severity: error
    @(324.1179 mm, 148.5361 mm): Pad 5 [/PAD3_RX0] of E3 on F.Cu
    @(213.9579 mm, 148.5361 mm): Pad 1 [/PAD3_RX0] of E3 on F.Cu
[unconnected_items]: Missing connection between items
    Local override; Severity: error
    @(244.1979 mm, 157.9535 mm): Via [/PAD3_RX1] on F.Cu - B.Cu
    @(246.3579 mm, 157.9535 mm): Via [/PAD3_RX1] on F.Cu - B.Cu
[unconnected_items]: Missing connection between items
    Local override; Severity: error
    @(259.3179 mm, 157.9535 mm): Via [/PAD3_RX1] on F.Cu - B.Cu
    @(261.4779 mm, 157.9535 mm): Via [/PAD3_RX1] on F.Cu - B.Cu
[unconnected_items]: Missing connection between items
    Local override; Severity: error
    @(211.7979 mm, 157.9535 mm): Via [/PAD3_RX1] on F.Cu - B.Cu
    @(213.9579 mm, 157.9535 mm): Via [/PAD3_RX1] on F.Cu - B.Cu
[unconnected_items]: Missing connection between items
    Local override; Severity: error
    @(209.6379 mm, 157.9535 mm): Via [/PAD3_RX1] on F.Cu - B.Cu
    @(211.7979 mm, 157.9535 mm): Via [/PAD3_RX1] on F.Cu - B.Cu
[unconnected_items]: Missing connection between items
    Local override; Severity: error
    @(213.9579 mm, 157.9535 mm): Via [/PAD3_RX1] on F.Cu - B.Cu
    @(216.1179 mm, 157.9535 mm): Via [/PAD3_RX1] on F.Cu - B.Cu
[unconnected_items]: Missing connection between items
    Local override; Severity: error
    @(233.3979 mm, 157.9535 mm): Via [/PAD3_RX1] on F.Cu - B.Cu
    @(235.5579 mm, 157.9535 mm): Via [/PAD3_RX1] on F.Cu - B.Cu
[unconnected_items]: Missing connection between items
    Local override; Severity: error
    @(216.1179 mm, 157.9535 mm): Via [/PAD3_RX1] on F.Cu - B.Cu
    @(218.2779 mm, 157.9535 mm): Via [/PAD3_RX1] on F.Cu - B.Cu
[unconnected_items]: Missing connection between items
    Local override; Severity: error
    @(207.4779 mm, 157.9535 mm): Via [/PAD3_RX1] on F.Cu - B.Cu
    @(209.6379 mm, 157.9535 mm): Via [/PAD3_RX1] on F.Cu - B.Cu
[unconnected_items]: Missing connection between items
    Local override; Severity: error
    @(263.6379 mm, 157.9535 mm): Via [/PAD3_RX1] on F.Cu - B.Cu
    @(261.4779 mm, 157.9535 mm): Via [/PAD3_RX1] on F.Cu - B.Cu
[unconnected_items]: Missing connection between items
    Local override; Severity: error
    @(166.4379 mm, 157.9535 mm): Via [/PAD3_RX1] on F.Cu - B.Cu
    @(168.5979 mm, 157.9535 mm): Via [/PAD3_RX1] on F.Cu - B.Cu

** Found 0 Footprint errors **

** End of Report **
