#VRML V2.0 utf8
# 3D model generated by easyeda2kicad.py (https://github.com/uPesy/easyeda2kicad.py)

Shape{
    appearance Appearance {
        material  Material 	{
            diffuseColor 0.10196078431372549 0.10196078431372549 0.10196078431372549
            specularColor 0.03137254901960784 0.03137254901960784 0.03137254901960784
            ambientIntensity 0.102
            transparency 0.0
            shininess 0.5
        }
    }
    geometry IndexedFaceSet {
        ccw TRUE
        solid FALSE
        coord DEF co Coordinate {
            point [
                3.9173 -1.6732 0.0, 1.8244 -1.6732 0.0, 1.8244 -1.0539 0.0, -2.4213 1.0827 0.0, -2.4213 1.6732 0.0, 3.9173 1.6732 0.0, -5.4556 -0.3817 0.0, -5.3065 -0.416 0.0, -5.3477 -0.4302 0.0, -3.3268 0.7874 0.0, -3.3268 -0.7874 0.0, -5.0619 -1.0155 0.0, -5.0619 -0.7274 0.0, -5.0619 -0.6163 0.0, 3.9173 -0.7874 0.0, -1.0039 -0.9449 0.0, 1.8244 -0.9449 0.0, -5.4556 -0.8042 0.0, -5.4556 -1.0155 0.0, -5.458 -1.0539 0.0, -5.3829 -0.4527 0.0, -5.4139 -0.4851 0.0, -5.4378 -0.5263 0.0, -5.1051 -0.9626 0.0, -5.2347 -0.9626 0.0, -5.1051 -0.8138 0.0, -5.2347 -0.8234 0.0, -5.2779 -0.8234 0.0, -5.2779 -0.9626 0.0, -5.4124 -0.9626 0.0, -5.4124 -0.8042 0.0, -5.4556 -0.7274 0.0, -5.4556 -0.6203 0.0, -5.458 1.6732 0.0, -3.3268 1.6732 0.0, -3.3268 1.0827 0.0, -5.0619 -0.8138 0.0, 3.9173 0.7874 0.0, -5.0619 -0.2329 0.0, -5.068 -0.5594 0.0, -5.0841 -0.5133 0.0, -5.1551 -0.4351 0.0, -5.1935 -0.4186 0.0, -5.2345 -0.4112 0.0, -5.2538 -0.4105 0.0, -5.0619 -0.18 0.0, -5.4556 -0.0264 0.0, -5.4556 -0.084 0.0, -5.1095 -0.4743 0.0, -5.1237 -0.459 0.0, -5.3452 -0.1239 0.0, -5.3452 -0.2865 0.0, -5.4556 -0.3241 0.0, -1.0039 -1.0539 0.0, -5.392 -1.0923 0.0, -5.4352 -1.0923 0.0, -1.0039 -1.6732 0.0, -2.4213 -1.6732 0.0, -2.4213 -1.0827 0.0, -3.3268 -1.0827 0.0, -5.458 -1.6732 0.0, -5.4556 -1.6204 0.0, -5.0619 -1.6204 0.0, -5.1046 -1.2232 0.0, -5.1152 -1.2526 0.0, -5.3959 -1.0993 0.0, -5.1339 -1.2805 0.0, -5.1603 -1.3041 0.0, -5.1908 -1.3202 0.0, -5.2334 -1.3306 0.0, -5.2629 -1.3323 0.0, -5.3055 -1.3284 0.0, -5.3394 -1.3177 0.0, -5.4172 -1.1933 0.0, -5.3861 -1.283 0.0, -5.4131 -1.2299 0.0, -5.4025 -1.2588 0.0, -5.3667 -1.3013 0.0, -5.4114 -1.1411 0.0, -5.4124 -1.5676 0.0, -5.4124 -1.4188 0.0, -5.0619 -1.5676 0.0, -3.3268 -1.6732 0.0, -5.0727 -1.0923 0.0, -5.1255 -1.0923 0.0, -5.1065 -1.1366 0.0, -5.1003 -1.1845 0.0, -5.4554 -1.2491 0.0, -5.4422 -1.2875 0.0, -5.4556 -1.4188 0.0, -5.458 -1.2237 0.0, -5.1287 -1.3413 0.0, -5.0955 -1.3071 0.0, -5.0739 -1.2703 0.0, -5.0608 -1.2271 0.0, -5.4215 -1.3196 0.0, -5.3902 -1.349 0.0, -5.3526 -1.3698 0.0, -5.3109 -1.3815 0.0, -5.2662 -1.3852 0.0, -5.2103 -1.3795 0.0, -5.1655 -1.3644 0.0, -5.0571 -1.1849 0.0, -5.0603 -1.1378 0.0, 3.9173 -1.0539 0.0, -5.4602 -1.1898 0.0, -5.9252 -1.0539 0.0, -5.458 -1.174 0.0, -5.4524 -1.1342 0.0, -5.9252 -1.6732 0.0, -5.4604 -1.2006 0.0, -5.9252 1.6732 0.0, -5.4513 -0.5716 0.0, -3.3268 1.6732 -0.3937, -2.4213 1.6732 -0.3937, -3.3268 1.0827 -0.3937, -2.4213 1.0827 -0.3937, -5.9252 1.9685 0.7087, -4.9412 1.9685 0.7087, -5.9252 1.8596 0.7087, -4.9412 1.6732 0.7087, -5.9252 1.6732 0.7087, -1.0039 1.9685 3.8189, -4.9409 1.9685 3.8189, -4.9409 1.9685 4.1929, 3.9173 1.9685 0.7087, 3.3268 1.9685 0.7087, 3.9173 1.9685 4.2126, 3.3268 1.9685 2.4508, -5.9252 1.9685 3.6024, -5.9252 1.9685 4.2126, -5.3346 1.9685 4.1929, -4.9409 1.9685 4.2126, -1.0039 1.9685 2.4508, -5.9252 -1.6732 0.4979, -5.9252 -1.4628 0.3106, -5.9252 -1.212 0.1378, -5.9252 1.212 0.1378, -5.9252 1.4722 0.318, -5.9252 1.6732 0.4979, -4.9409 -1.9685 4.1929, -4.9409 -1.9685 4.2126, -5.3346 -1.9685 4.1929, -5.9252 -1.9685 4.2126, -5.9252 -1.9685 3.6024, 3.9173 -1.9685 0.7087, -0.0624 -1.9685 1.2471, -4.9409 -1.9685 0.7087, -0.0624 -1.9685 2.2765, 3.9173 -1.9685 3.5906, 3.9173 -1.9685 4.2126, -0.8071 -1.9685 3.5906, -0.8071 -1.9685 3.2598, 3.9173 -1.9685 3.2598, 0.9871 -1.9685 2.2765, 0.9871 -1.9685 1.2471, -6.149 2.2109 1.3334, -6.1501 2.1851 1.2749, -6.1813 2.1854 1.2747, -6.1754 1.212 0.1378, -6.2066 1.212 0.1378, -6.1727 1.3412 0.2208, -6.204 1.3367 0.2177, -6.2013 1.4615 0.3123, -6.1706 1.4364 0.2901, -6.1726 1.3428 0.222, -6.1963 1.6768 0.5015, -6.166 1.6382 0.4635, -6.2001 1.5141 0.3522, -6.1688 1.5157 0.3582, -6.17 1.4617 0.3118, -6.1927 1.8231 0.6632, -6.1615 1.8201 0.6596, -6.196 1.6887 0.5147, -6.1648 1.6871 0.5162, -6.165 1.6769 0.5052, -6.1892 1.9518 0.8348, -6.158 1.9489 0.8347, -6.191 1.8857 0.7467, -6.1597 1.8847 0.7474, -6.1614 1.8231 0.6637, -6.1826 2.1572 1.2029, -6.1514 2.1515 1.1985, -6.1859 2.0624 1.0136, -6.1532 2.1073 1.0979, -6.1547 2.0576 1.0118, -6.1862 2.0541 1.0002, -6.1549 2.0517 1.0015, -6.1572 1.9787 0.8752, -6.1479 2.2306 1.3963, -6.179 2.236 1.4037, -6.145 2.283 1.563, -6.1762 2.2822 1.5632, -6.1446 2.2894 1.5834, -6.1443 2.2933 1.6035, -6.1753 2.297 1.6141, -6.1405 2.3355 1.8185, -6.1715 2.3385 1.8317, -6.1401 2.3397 1.8397, -6.1397 2.3415 1.8616, -6.171 2.3414 1.8616, -6.1366 2.3561 2.038, -6.1676 2.3596 2.0536, -6.1355 2.3614 2.1019, -6.1344 2.3595 2.1653, -6.1656 2.3596 2.1654, -6.1327 2.3568 2.2587, -6.1636 2.3596 2.2771, -6.1308 2.3537 2.3661, -6.129 2.3391 2.4687, -6.1602 2.3414 2.4691, -6.1288 2.3377 2.4782, -6.1597 2.3385 2.4991, -6.1262 2.3163 2.629, -6.1559 2.297 2.7166, -6.125 2.2995 2.6939, -5.9252 2.1875 3.0569, -5.9252 2.2502 2.8842, -6.1217 2.2502 2.8842, -6.1237 2.2805 2.7672, -6.155 2.2822 2.7676, -6.1522 2.236 2.927, -6.1246 1.212 4.1929, -5.9252 1.212 4.1929, -6.1272 1.3367 4.113, -5.9252 1.4628 4.0202, -6.1352 1.6887 3.8161, -6.1349 1.6768 3.8292, -5.9252 1.6892 3.8166, -6.1311 1.5141 3.9785, -6.1299 1.4615 4.0184, -6.1385 1.8231 3.6675, -5.9252 1.8876 3.5855, -6.1402 1.8857 3.5841, -6.142 1.9518 3.4959, -5.9252 2.0546 3.3309, -6.145 2.0541 3.3306, -6.1499 2.1854 3.0561, -6.1486 2.1572 3.1279, -6.1453 2.0624 3.3171, -6.4214 1.397 0.2652, -6.4239 1.285 0.1832, -6.454 1.3367 0.2177, -6.4566 1.212 0.1378, -6.4245 1.2548 0.1644, -6.4254 1.212 0.1378, -6.42 1.4615 0.3123, -6.4513 1.4615 0.3123, -6.4192 1.499 0.3397, -6.4501 1.5141 0.3522, -6.4184 1.5338 0.3717, -6.4154 1.6608 0.4884, -6.4463 1.6768 0.5015, -6.4148 1.689 0.5144, -6.446 1.6887 0.5147, -6.4147 1.6932 0.5183, -6.4126 1.7763 0.614, -6.4427 1.8231 0.6632, -6.4102 1.8688 0.7205, -6.441 1.8857 0.7467, -6.4098 1.8845 0.7434, -6.4362 2.0541 1.0002, -6.406 2.0186 0.9385, -6.4392 1.9518 0.8348, -6.4071 1.9788 0.8805, -6.4097 1.8864 0.7461, -6.4326 2.1572 1.2029, -6.402 2.1396 1.1643, -6.4359 2.0624 1.0136, -6.4045 2.0628 1.0209, -6.4049 2.0522 1.0011, -6.4313 2.1854 1.2747, -6.429 2.236 1.4037, -6.3978 2.236 1.4035, -6.3992 2.2031 1.322, -6.4001 2.1843 1.2751, -6.402 2.1405 1.1665, -6.421 2.3414 1.8616, -6.3897 2.3415 1.8617, -6.4215 2.3385 1.8317, -6.3905 2.3341 1.8183, -6.4253 2.297 1.6141, -6.3934 2.3061 1.6538, -6.3935 2.3045 1.6478, -6.4262 2.2822 1.5632, -6.395 2.2808 1.5635, -6.3964 2.2581 1.4824, -6.4156 2.3596 2.1654, -6.3846 2.3621 2.1483, -6.4176 2.3596 2.0536, -6.3874 2.3522 1.9911, -6.3893 2.3456 1.8856, -6.4102 2.3414 2.4691, -6.38 2.3492 2.4126, -6.4136 2.3596 2.2771, -6.3813 2.3528 2.3397, -6.3844 2.3613 2.1653, -6.4059 2.297 2.7166, -6.3754 2.3066 2.6749, -6.4097 2.3385 2.4991, -6.3782 2.333 2.5123, -6.379 2.3401 2.4688, -6.4022 2.236 2.927, -6.3723 2.2579 2.8482, -6.405 2.2822 2.7676, -6.3737 2.2807 2.7671, -6.3752 2.3043 2.6829, -6.3999 2.1854 3.0561, -6.3695 2.2031 3.0087, -6.3708 2.2343 2.932, -6.3986 2.1572 3.1279, -6.3667 2.1399 3.164, -6.3686 2.1841 3.0555, -6.395 2.0541 3.3306, -6.3638 2.0519 3.3294, -6.3953 2.0624 3.3171, -6.3642 2.0626 3.3097, -6.3665 2.135 3.1762, -6.3584 1.8651 3.6149, -6.3902 1.8857 3.5841, -6.3561 1.7765 3.7169, -6.3885 1.8231 3.6675, -6.3541 1.6954 3.8102, -6.3852 1.6887 3.8161, -6.3589 1.8844 3.5872, -6.359 1.8862 3.5845, -6.392 1.9518 3.4959, -6.3616 1.9792 3.4504, -6.3625 2.0115 3.4039, -6.3811 1.5141 3.9785, -6.3503 1.534 3.9592, -6.3849 1.6768 3.8292, -6.3533 1.6608 3.8422, -6.3539 1.6889 3.8162, -6.3746 1.212 4.1929, -6.3433 1.212 4.1929, -6.3442 1.2548 4.1662, -6.3772 1.3367 4.113, -6.345 1.2923 4.1427, -6.3473 1.3971 4.0656, -6.3799 1.4615 4.0184, -6.3487 1.4614 4.0183, -6.3496 1.5038 3.9871, -6.5979 1.43 4.0455, -6.5987 1.4615 4.0187, -6.6299 1.4615 4.0184, -6.6714 1.398 0.2636, -6.6721 1.367 0.2389, -6.704 1.3367 0.2177, -6.7066 1.212 0.1378, -6.6745 1.2542 0.1653, -6.6754 1.212 0.1378, -6.67 1.4605 0.3135, -6.7013 1.4615 0.3123, -6.6684 1.5338 0.372, -6.7001 1.5141 0.3522, -6.6675 1.5747 0.4046, -6.6654 1.6596 0.4896, -6.6963 1.6768 0.5015, -6.6648 1.6867 0.5167, -6.696 1.6887 0.5147, -6.6629 1.7632 0.5933, -6.6927 1.8231 0.6632, -6.6625 1.7784 0.6122, -6.6598 1.8844 0.7436, -6.691 1.8857 0.7467, -6.6597 1.8865 0.7461, -6.6862 2.0541 1.0002, -6.655 2.0511 0.9935, -6.6892 1.9518 0.8348, -6.6571 1.9781 0.8809, -6.6591 1.909 0.7741, -6.6826 2.1572 1.2029, -6.6519 2.1383 1.1676, -6.6859 2.0624 1.0136, -6.6546 2.0643 1.02, -6.6549 2.0543 1.0, -6.6464 2.2602 1.4818, -6.6467 2.256 1.4649, -6.679 2.236 1.4037, -6.6813 2.1854 1.2747, -6.6492 2.2029 1.322, -6.6501 2.1853 1.2747, -6.651 2.166 1.2227, -6.645 2.2807 1.5635, -6.6762 2.2822 1.5632, -6.6435 2.302 1.6484, -6.6753 2.297 1.6141, -6.6423 2.3193 1.7174, -6.6715 2.3385 1.8317, -6.6405 2.3331 1.8184, -6.6397 2.339 1.862, -6.671 2.3414 1.8616, -6.6377 2.3547 1.9773, -6.6676 2.3596 2.0536, -6.6374 2.355 1.9909, -6.6343 2.3592 2.1654, -6.6656 2.3596 2.1654, -6.633 2.361 2.2409, -6.6636 2.3596 2.2771, -6.6313 2.3523 2.3395, -6.629 2.3408 2.4691, -6.6602 2.3414 2.4691, -6.6284 2.3377 2.5049, -6.6597 2.3385 2.4991, -6.6282 2.3361 2.5127, -6.6252 2.3017 2.6824, -6.6559 2.297 2.7166, -6.6238 2.2853 2.7634, -6.655 2.2822 2.7676, -6.6237 2.2838 2.768, -6.6223 2.2579 2.8481, -6.6522 2.236 2.927, -6.6195 2.2056 3.0098, -6.6499 2.1854 3.0561, -6.6193 2.203 3.018, -6.6453 2.0624 3.3171, -6.615 2.0929 3.2607, -6.6486 2.1572 3.1279, -6.6168 2.1373 3.1628, -6.6186 2.1857 3.0561, -6.642 1.9518 3.4959, -6.6116 1.9798 3.451, -6.645 2.0541 3.3306, -6.6138 2.0521 3.3294, -6.6141 2.0635 3.3101, -6.6402 1.8857 3.5841, -6.6385 1.8231 3.6675, -6.6069 1.8069 3.687, -6.6089 1.8829 3.586, -6.609 1.8848 3.5834, -6.611 1.9617 3.4812, -6.6311 1.5141 3.9785, -6.6003 1.5329 3.9579, -6.6349 1.6768 3.8292, -6.6025 1.6291 3.876, -6.6033 1.6607 3.8424, -6.6352 1.6887 3.8161, -6.6039 1.687 3.8144, -6.6061 1.7778 3.7179, -6.5973 1.3982 4.067, -6.6272 1.3367 4.113, -6.5942 1.2537 4.1647, -6.6246 1.212 4.1929, -6.5933 1.212 4.1929, -6.8479 1.43 4.0455, -6.8487 1.4615 4.0187, -6.8799 1.4615 4.0184, -6.9214 1.3974 0.2645, -6.9227 1.3379 0.2186, -6.954 1.3367 0.2177, -6.9566 1.212 0.1378, -6.9245 1.2544 0.165, -6.9254 1.212 0.1378, -6.92 1.4606 0.3134, -6.9513 1.4615 0.3123, -6.9184 1.5348 0.3707, -6.9501 1.5141 0.3522, -6.9181 1.5463 0.3796, -6.9154 1.6597 0.4895, -6.9463 1.6768 0.5015, -6.9148 1.6872 0.5163, -6.946 1.6887 0.5147, -6.9136 1.7378 0.5653, -6.9126 1.7771 0.6132, -6.9427 1.8231 0.6632, -6.9098 1.8843 0.7437, -6.941 1.8857 0.7467, -6.9097 1.8863 0.7463, -6.9362 2.0541 1.0002, -6.905 2.0501 0.9919, -6.9392 1.9518 0.8348, -6.9071 1.9781 0.8809, -6.9092 1.9079 0.7725, -6.9326 2.1572 1.2029, -6.9019 2.1384 1.1676, -6.9359 2.0624 1.0136, -6.9046 2.0643 1.02, -6.9049 2.0542 1.0, -6.8964 2.2601 1.4818, -6.8967 2.2554 1.4631, -6.929 2.236 1.4037, -6.9313 2.1854 1.2747, -6.8992 2.2029 1.322, -6.9001 2.1852 1.2747, -6.901 2.1652 1.221, -6.895 2.2806 1.5635, -6.9262 2.2822 1.5632, -6.8935 2.302 1.6484, -6.9253 2.297 1.6141, -6.8923 2.3193 1.7174, -6.9215 2.3385 1.8317, -6.8905 2.3331 1.8184, -6.8897 2.339 1.862, -6.921 2.3414 1.8616, -6.8877 2.3547 1.9773, -6.9176 2.3596 2.0536, -6.8874 2.355 1.9909, -6.8843 2.3592 2.1654, -6.9156 2.3596 2.1654, -6.883 2.361 2.2409, -6.9136 2.3596 2.2771, -6.8813 2.3523 2.3395, -6.879 2.3408 2.4691, -6.9102 2.3414 2.4691, -6.8784 2.3377 2.5049, -6.9097 2.3385 2.4991, -6.8782 2.3361 2.5127, -6.8752 2.3016 2.6824, -6.9059 2.297 2.7166, -6.8738 2.2846 2.7658, -6.905 2.2822 2.7676, -6.8737 2.2839 2.768, -6.8723 2.2579 2.8481, -6.9022 2.236 2.927, -6.8695 2.2055 3.0097, -6.8999 2.1854 3.0561, -6.8693 2.2021 3.0203, -6.8953 2.0624 3.3171, -6.865 2.0929 3.2607, -6.8986 2.1572 3.1279, -6.8668 2.1374 3.1628, -6.8686 2.1858 3.0561, -6.892 1.9518 3.4959, -6.8616 1.9798 3.451, -6.895 2.0541 3.3306, -6.8638 2.0521 3.3294, -6.8641 2.0635 3.3101, -6.8902 1.8857 3.5841, -6.8885 1.8231 3.6675, -6.8569 1.8069 3.687, -6.8589 1.8829 3.586, -6.859 1.8848 3.5834, -6.861 1.9617 3.4812, -6.8811 1.5141 3.9785, -6.8503 1.5329 3.9579, -6.8849 1.6768 3.8292, -6.8525 1.6291 3.876, -6.8533 1.6607 3.8424, -6.8852 1.6887 3.8161, -6.8539 1.687 3.8144, -6.8561 1.7778 3.7179, -6.8473 1.3982 4.067, -6.8772 1.3367 4.113, -6.8442 1.2537 4.1647, -6.8746 1.212 4.1929, -6.8433 1.212 4.1929, -7.0979 1.43 4.0455, -7.0987 1.4615 4.0187, -7.1299 1.4615 4.0184, -7.1714 1.397 0.2651, -7.1736 1.2992 0.1925, -7.204 1.3367 0.2177, -7.2066 1.212 0.1378, -7.1745 1.2547 0.1646, -7.1754 1.212 0.1378, -7.17 1.4612 0.3127, -7.2013 1.4615 0.3123, -7.1689 1.5122 0.3506, -7.2001 1.5141 0.3522, -7.1684 1.5342 0.3712, -7.1654 1.6603 0.4889, -7.1963 1.6768 0.5015, -7.1648 1.6884 0.5151, -7.196 1.6887 0.5147, -7.1643 1.707 0.5325, -7.1626 1.7764 0.6139, -7.1927 1.8231 0.6632, -7.1599 1.8809 0.7363, -7.191 1.8857 0.7467, -7.1598 1.8853 0.7428, -7.1862 2.0541 1.0002, -7.1557 2.0285 0.955, -7.1892 1.9518 0.8348, -7.1571 1.9784 0.8808, -7.1597 1.8871 0.7455, -7.1826 2.1572 1.2029, -7.152 2.1398 1.1668, -7.1859 2.0624 1.0136, -7.1545 2.0631 1.0207, -7.1549 2.0527 1.0009, -7.1813 2.1854 1.2747, -7.179 2.236 1.4037, -7.1475 2.2421 1.4218, -7.1492 2.2029 1.3221, -7.1501 2.1844 1.2751, -7.1517 2.1477 1.1818, -7.171 2.3414 1.8616, -7.1397 2.3398 1.8619, -7.1715 2.3385 1.8317, -7.1405 2.333 1.8184, -7.1753 2.297 1.6141, -7.143 2.3103 1.6727, -7.1435 2.3036 1.648, -7.1762 2.2822 1.5632, -7.145 2.2806 1.5636, -7.1464 2.2586 1.4823, -7.1656 2.3596 2.1654, -7.1345 2.3622 2.1562, -7.1676 2.3596 2.0536, -7.1374 2.3537 1.991, -7.1385 2.3506 1.9315, -7.1602 2.3414 2.4691, -7.1299 2.3484 2.4204, -7.1636 2.3596 2.2771, -7.1313 2.3526 2.3396, -7.1344 2.3617 2.1653, -7.1559 2.297 2.7166, -7.1252 2.3049 2.6827, -7.1597 2.3385 2.4991, -7.1282 2.3331 2.5123, -7.129 2.3404 2.4689, -7.1522 2.236 2.927, -7.1223 2.2577 2.8482, -7.155 2.2822 2.7676, -7.1237 2.2808 2.7672, -7.1252 2.3048 2.683, -7.1499 2.1854 3.0561, -7.1195 2.2033 3.0087, -7.1207 2.2317 2.9396, -7.1486 2.1572 3.1279, -7.1453 2.0624 3.3171, -7.115 2.0929 3.2607, -7.1163 2.13 3.1866, -7.1167 2.1394 3.1638, -7.1186 2.184 3.0555, -7.142 1.9518 3.4959, -7.1116 1.9798 3.451, -7.145 2.0541 3.3306, -7.1138 2.0521 3.3294, -7.1141 2.0635 3.3101, -7.1402 1.8857 3.5841, -7.1385 1.8231 3.6675, -7.1069 1.8069 3.687, -7.1089 1.8829 3.586, -7.109 1.8848 3.5834, -7.111 1.9617 3.4812, -7.1311 1.5141 3.9785, -7.1003 1.5329 3.9579, -7.1349 1.6768 3.8292, -7.1025 1.6291 3.876, -7.1033 1.6607 3.8424, -7.1352 1.6887 3.8161, -7.1039 1.687 3.8144, -7.1061 1.7778 3.7179, -7.0973 1.3982 4.067, -7.1272 1.3367 4.113, -7.0942 1.2537 4.1647, -7.1246 1.212 4.1929, -7.0933 1.212 4.1929, -7.4513 1.4615 0.3123, -7.4207 1.4309 0.2859, -7.454 1.3367 0.2177, -7.4214 1.3982 0.2637, -7.4566 1.212 0.1378, -7.4245 1.2537 0.166, -7.4254 1.212 0.1378, -7.4463 1.6768 0.5015, -7.4161 1.6332 0.4587, -7.4501 1.5141 0.3522, -7.4184 1.5328 0.373, -7.42 1.4615 0.312, -7.4427 1.8231 0.6632, -7.4126 1.7774 0.6132, -7.446 1.6887 0.5147, -7.4148 1.6869 0.5163, -7.4154 1.6608 0.4883, -7.441 1.8857 0.7467, -7.4098 1.8827 0.7448, -7.4116 1.8156 0.6542, -7.4392 1.9518 0.8348, -7.4073 1.9749 0.8693, -7.4097 1.8846 0.7474, -7.4359 2.0624 1.0136, -7.4046 2.0628 1.021, -7.4362 2.0541 1.0002, -7.4049 2.0516 1.0016, -7.4071 1.9806 0.8792, -7.399 2.2104 1.3322, -7.4313 2.1854 1.2747, -7.3964 2.2578 1.4826, -7.429 2.236 1.4037, -7.395 2.2832 1.5629, -7.4262 2.2822 1.5632, -7.3992 2.2055 1.3211, -7.4001 2.1851 1.2749, -7.4326 2.1572 1.2029, -7.4019 2.1379 1.1676, -7.4032 2.1067 1.0967, -7.4215 2.3385 1.8317, -7.3905 2.3356 1.8181, -7.4253 2.297 1.6141, -7.3935 2.302 1.6482, -7.3947 2.2884 1.5794, -7.4176 2.3596 2.0536, -7.3874 2.3522 1.9912, -7.421 2.3414 1.8616, -7.3897 2.3413 1.8616, -7.3902 2.3391 1.8356, -7.4136 2.3596 2.2771, -7.3813 2.3559 2.3375, -7.4156 2.3596 2.1654, -7.3844 2.3597 2.1653, -7.3855 2.3612 2.0977, -7.4059 2.297 2.7166, -7.3767 2.3217 2.6007, -7.4097 2.3385 2.4991, -7.3782 2.3332 2.5124, -7.4102 2.3414 2.4691, -7.379 2.3389 2.4688, -7.3813 2.3556 2.3398, -7.4022 2.236 2.927, -7.3723 2.2605 2.849, -7.405 2.2822 2.7676, -7.3737 2.2807 2.7672, -7.3752 2.3016 2.6823, -7.3999 2.1854 3.0561, -7.3695 2.2026 3.0086, -7.3721 2.2579 2.8597, -7.3986 2.1572 3.1279, -7.3677 2.1647 3.111, -7.3686 2.1851 3.056, -7.3902 1.8857 3.5841, -7.359 1.8865 3.5846, -7.3595 1.9055 3.5615, -7.392 1.9518 3.4959, -7.3616 1.9783 3.4499, -7.395 2.0541 3.3306, -7.3635 2.0455 3.3468, -7.3638 2.0538 3.3305, -7.3953 2.0624 3.3171, -7.3642 2.0639 3.3105, -7.3668 2.1383 3.1631, -7.3852 1.6887 3.8161, -7.3552 1.7417 3.7611, -7.3885 1.8231 3.6675, -7.3561 1.7773 3.7177, -7.3589 1.8844 3.5871, -7.3811 1.5141 3.9785, -7.3508 1.5556 3.943, -7.3849 1.6768 3.8292, -7.3533 1.6597 3.8413, -7.3539 1.6872 3.8144, -7.3746 1.212 4.1929, -7.3433 1.212 4.1929, -7.3442 1.2544 4.1656, -7.3772 1.3367 4.113, -7.3462 1.349 4.1045, -7.3473 1.3976 4.0665, -7.3799 1.4615 4.0184, -7.3487 1.4606 4.0173, -7.3503 1.5344 3.9596, -7.6546 2.0633 1.0207, -7.6549 2.0519 1.0015, -7.6968 2.0546 0.9998, -7.6745 1.2537 0.166, -7.6754 1.212 0.1378, -7.6968 1.212 0.1378, -7.6714 1.3982 0.2637, -7.6968 1.4628 0.3106, -7.6708 1.43 0.2852, -7.6654 1.6607 0.4884, -7.6662 1.6291 0.4548, -7.6968 1.6892 0.5142, -7.6684 1.5329 0.3729, -7.67 1.4615 0.312, -7.6598 1.8829 0.7447, -7.6618 1.8069 0.6437, -7.6968 1.8876 0.7452, -7.6626 1.7778 0.6128, -7.6648 1.687 0.5163, -7.6571 1.9797 0.8798, -7.6577 1.9617 0.8495, -7.6597 1.8848 0.7473, -7.6493 2.205 1.3179, -7.6501 2.1855 1.2747, -7.6968 2.1875 1.2738, -7.6519 2.1374 1.1679, -7.6536 2.0954 1.0748, -7.6448 2.2866 1.5726, -7.645 2.2835 1.5628, -7.6968 2.284 1.5626, -7.6464 2.2578 1.4826, -7.6492 2.2059 1.3209, -7.6397 2.3412 1.8616, -7.6402 2.3388 1.8337, -7.6968 2.3426 1.8615, -7.6405 2.3357 1.8181, -7.6435 2.3018 1.6483, -7.6968 2.3622 2.1654, -7.6343 2.3622 2.1654, -7.6355 2.3612 2.0977, -7.6374 2.3522 1.9912, -7.6285 2.3388 2.4968, -7.629 2.3412 2.4691, -7.6968 2.3426 2.4692, -7.6313 2.3522 2.3395, -7.6332 2.3612 2.2329, -7.6237 2.2835 2.7679, -7.6239 2.2867 2.7579, -7.6968 2.284 2.7681, -7.6252 2.3018 2.6824, -7.6282 2.3357 2.5127, -7.6186 2.1855 3.056, -7.6194 2.205 3.0127, -7.6968 2.1875 3.0569, -7.6195 2.2059 3.0098, -7.6223 2.2578 2.8481, -7.6138 2.0519 3.3293, -7.6141 2.0633 3.31, -7.6968 2.0546 3.3309, -7.6151 2.0955 3.2557, -7.6168 2.1374 3.1628, -7.6089 1.8829 3.586, -7.609 1.8848 3.5834, -7.6968 1.8876 3.5855, -7.611 1.9617 3.4812, -7.6116 1.9797 3.4509, -7.6033 1.6607 3.8424, -7.6039 1.687 3.8144, -7.6968 1.6892 3.8166, -7.6061 1.7778 3.7179, -7.6069 1.8069 3.687, -7.5979 1.43 4.0455, -7.5987 1.4615 4.0187, -7.6968 1.4628 4.0202, -7.6003 1.5329 3.9579, -7.6025 1.6291 3.876, -7.6968 1.212 4.1929, -7.5933 1.212 4.1929, -7.5942 1.2537 4.1647, -7.5973 1.3982 4.067, -5.9996 -1.212 0.1378, -6.0022 -1.3367 0.2177, -6.0049 -1.4615 0.3123, -5.9252 -1.8876 0.7452, -6.0152 -1.8857 0.7467, -5.9252 -1.8596 0.7087, -6.0135 -1.8231 0.6632, -5.9252 -1.6892 0.5142, -6.0102 -1.6887 0.5147, -6.0099 -1.6768 0.5015, -6.0061 -1.5141 0.3522, -5.9252 -2.1875 1.2738, -6.0249 -2.1854 1.2747, -6.0236 -2.1572 1.2029, -5.9252 -2.0546 0.9998, -6.0203 -2.0624 1.0136, -6.02 -2.0541 1.0002, -6.017 -1.9518 0.8348, -5.9252 -2.3426 1.8615, -6.0352 -2.3414 1.8616, -6.0347 -2.3385 1.8317, -5.9252 -2.284 1.5626, -6.0309 -2.297 1.6141, -6.03 -2.2822 1.5632, -6.0272 -2.236 1.4037, -6.0386 -2.3596 2.0536, -5.9252 -2.3622 2.1654, -6.0406 -2.3596 2.1654, -6.0512 -2.2822 2.7676, -6.0503 -2.297 2.7166, -5.9252 -2.284 2.7681, -6.0465 -2.3385 2.4991, -5.9252 -2.3426 2.4692, -6.046 -2.3414 2.4691, -6.0426 -2.3596 2.2771, -6.054 -2.236 2.927, -5.9252 -2.1875 3.0569, -6.0563 -2.1854 3.0561, -5.9252 -2.0546 3.3309, -6.0612 -2.0541 3.3306, -6.0609 -2.0624 3.3171, -6.0576 -2.1572 3.1279, -6.0642 -1.9518 3.4959, -5.9252 -1.8876 3.5855, -6.066 -1.8857 3.5841, -5.9252 -1.4628 4.0202, -6.0763 -1.4615 4.0184, -6.0751 -1.5141 3.9785, -5.9252 -1.6892 3.8166, -6.0713 -1.6768 3.8292, -6.071 -1.6887 3.8161, -6.0677 -1.8231 3.6675, -6.079 -1.3367 4.113, -5.9252 -1.212 4.1929, -6.0816 -1.212 4.1929, -6.2496 -1.212 0.1378, -6.2183 -1.212 0.1378, -6.2192 -1.2537 0.166, -6.2522 -1.3367 0.2177, -6.2223 -1.3982 0.2637, -6.2549 -1.4615 0.3123, -6.2229 -1.43 0.2852, -6.2237 -1.4615 0.312, -6.2561 -1.5141 0.3522, -6.2253 -1.5329 0.3729, -6.2599 -1.6768 0.5015, -6.2275 -1.6291 0.4548, -6.2283 -1.6607 0.4884, -6.2602 -1.6887 0.5147, -6.2289 -1.687 0.5163, -6.2635 -1.8231 0.6632, -6.2311 -1.7778 0.6128, -6.2319 -1.8069 0.6437, -6.2652 -1.8857 0.7467, -6.2339 -1.8829 0.7447, -6.234 -1.8848 0.7473, -6.267 -1.9518 0.8348, -6.2436 -2.1857 1.2746, -6.2749 -2.1854 1.2747, -6.2418 -2.1373 1.1679, -6.2736 -2.1572 1.2029, -6.24 -2.0929 1.0701, -6.2703 -2.0624 1.0136, -6.236 -1.9617 0.8495, -6.2366 -1.9798 0.8798, -6.27 -2.0541 1.0002, -6.2388 -2.0521 1.0014, -6.2391 -2.0635 1.0206, -6.2443 -2.203 1.3128, -6.2445 -2.2059 1.3209, -6.2772 -2.236 1.4037, -6.2809 -2.297 1.6141, -6.2505 -2.308 1.6623, -6.2847 -2.3385 1.8317, -6.2532 -2.3329 1.8185, -6.2852 -2.3414 1.8616, -6.246 -2.2368 1.4059, -6.2473 -2.2581 1.4824, -6.28 -2.2822 1.5632, -6.2487 -2.2806 1.5636, -6.2502 -2.304 1.6479, -6.254 -2.3399 1.8619, -6.2551 -2.3499 1.9248, -6.2886 -2.3596 2.0536, -6.2563 -2.353 1.991, -6.2906 -2.3596 2.1654, -6.2594 -2.361 2.1654, -6.2598 -2.3621 2.189, -6.2926 -2.3596 2.2771, -6.2624 -2.3522 2.3396, -6.296 -2.3414 2.4691, -6.2644 -2.3448 2.4517, -6.2647 -2.3417 2.4691, -6.2965 -2.3385 2.4991, -6.2655 -2.3339 2.5124, -6.3003 -2.297 2.7166, -6.2685 -2.3035 2.6828, -6.2689 -2.2988 2.7091, -6.3012 -2.2822 2.7676, -6.27 -2.2815 2.7673, -6.304 -2.236 2.927, -6.2714 -2.2576 2.8481, -6.2734 -2.2244 2.9605, -6.3063 -2.1854 3.0561, -6.2742 -2.204 3.009, -6.2751 -2.1844 3.0556, -6.3076 -2.1572 3.1279, -6.316 -1.8857 3.5841, -6.3142 -1.9518 3.4959, -6.2821 -1.9798 3.4508, -6.277 -2.139 3.1636, -6.2776 -2.1246 3.1979, -6.3109 -2.0624 3.3171, -6.2795 -2.0626 3.3097, -6.3112 -2.0541 3.3306, -6.2799 -2.0517 3.3293, -6.2815 -2.0001 3.4222, -6.2847 -1.8853 3.5839, -6.2848 -1.8834 3.5865, -6.3177 -1.8231 3.6675, -6.3213 -1.6768 3.8292, -6.2904 -1.6619 3.8435, -6.3251 -1.5141 3.9785, -6.2934 -1.5332 3.9582, -6.3263 -1.4615 4.0184, -6.2858 -1.8461 3.6392, -6.2876 -1.7765 3.7168, -6.321 -1.6887 3.8161, -6.2898 -1.6881 3.8155, -6.2903 -1.6675 3.8385, -6.2995 -1.2549 4.1665, -6.3004 -1.212 4.1929, -6.3316 -1.212 4.1929, -6.2948 -1.4711 4.0136, -6.295 -1.4625 4.0197, -6.329 -1.3367 4.113, -6.2964 -1.3975 4.0661, -6.2992 -1.2681 4.1583, -6.4996 -1.212 0.1378, -6.4683 -1.212 0.1378, -6.4692 -1.2537 0.166, -6.5022 -1.3367 0.2177, -6.4723 -1.3982 0.2637, -6.5049 -1.4615 0.3123, -6.4729 -1.43 0.2852, -6.4737 -1.4615 0.312, -6.5061 -1.5141 0.3522, -6.4753 -1.5329 0.3729, -6.5099 -1.6768 0.5015, -6.4775 -1.6291 0.4548, -6.4783 -1.6607 0.4884, -6.5102 -1.6887 0.5147, -6.4789 -1.687 0.5163, -6.5135 -1.8231 0.6632, -6.4811 -1.7778 0.6128, -6.4819 -1.8069 0.6437, -6.5152 -1.8857 0.7467, -6.4839 -1.8829 0.7447, -6.484 -1.8848 0.7473, -6.517 -1.9518 0.8348, -6.4936 -2.1867 1.2742, -6.5249 -2.1854 1.2747, -6.4918 -2.1378 1.1677, -6.5236 -2.1572 1.2029, -6.49 -2.0929 1.0701, -6.5203 -2.0624 1.0136, -6.486 -1.9617 0.8495, -6.4866 -1.9798 0.8798, -6.52 -2.0541 1.0002, -6.4888 -2.0521 1.0014, -6.4891 -2.0635 1.0206, -6.4939 -2.1944 1.291, -6.4945 -2.2046 1.3213, -6.5272 -2.236 1.4037, -6.4973 -2.2584 1.4825, -6.53 -2.2822 1.5632, -6.4984 -2.2792 1.5447, -6.4987 -2.2831 1.5628, -6.5309 -2.297 1.6141, -6.5002 -2.3013 1.6484, -6.5347 -2.3385 1.8317, -6.503 -2.3346 1.8052, -6.5032 -2.3358 1.818, -6.5352 -2.3414 1.8616, -6.504 -2.3401 1.8617, -6.5386 -2.3596 2.0536, -6.5063 -2.3527 1.9912, -6.5077 -2.3602 2.069, -6.5406 -2.3596 2.1654, -6.5093 -2.3588 2.1653, -6.5426 -2.3596 2.2771, -6.5123 -2.3563 2.3328, -6.5124 -2.3554 2.3398, -6.546 -2.3414 2.4691, -6.5147 -2.3399 2.4689, -6.5155 -2.3347 2.5126, -6.5465 -2.3385 2.4991, -6.5163 -2.329 2.5598, -6.5503 -2.297 2.7166, -6.5185 -2.3013 2.6822, -6.5512 -2.2822 2.7676, -6.5242 -2.2039 3.0092, -6.5563 -2.1854 3.0561, -6.5214 -2.2595 2.8486, -6.554 -2.236 2.927, -6.5208 -2.2714 2.8141, -6.52 -2.2819 2.7676, -6.5251 -2.1874 3.0569, -6.5251 -2.1868 3.0587, -6.5576 -2.1572 3.1279, -6.5269 -2.1375 3.1628, -6.5609 -2.0624 3.3171, -6.566 -1.8857 3.5841, -6.5642 -1.9518 3.4959, -6.5332 -1.9412 3.5114, -6.5292 -2.0769 3.2908, -6.5296 -2.0646 3.3107, -6.5612 -2.0541 3.3306, -6.5299 -2.0529 3.3298, -6.5321 -1.9788 3.4503, -6.5677 -1.8231 3.6675, -6.5376 -1.7761 3.7227, -6.571 -1.6887 3.8161, -6.5398 -1.6866 3.8139, -6.5713 -1.6768 3.8292, -6.5347 -1.8849 3.5834, -6.5348 -1.8829 3.586, -6.5375 -1.779 3.7191, -6.579 -1.3367 4.113, -6.5468 -1.3826 4.0807, -6.5816 -1.212 4.1929, -6.5495 -1.2541 4.1652, -6.5504 -1.212 4.1929, -6.5404 -1.6597 3.8413, -6.5422 -1.589 3.9133, -6.5751 -1.5141 3.9785, -6.5434 -1.5334 3.9583, -6.5763 -1.4615 4.0184, -6.545 -1.4606 4.0174, -6.5464 -1.3985 4.0677, -6.7496 -1.212 0.1378, -6.7183 -1.212 0.1378, -6.7192 -1.2537 0.166, -6.7522 -1.3367 0.2177, -6.7223 -1.3982 0.2637, -6.7549 -1.4615 0.3123, -6.7229 -1.43 0.2852, -6.7237 -1.4615 0.312, -6.7561 -1.5141 0.3522, -6.7253 -1.5329 0.3729, -6.7599 -1.6768 0.5015, -6.7275 -1.6291 0.4548, -6.7283 -1.6607 0.4884, -6.7602 -1.6887 0.5147, -6.7289 -1.687 0.5163, -6.7635 -1.8231 0.6632, -6.7311 -1.7778 0.6128, -6.7319 -1.8069 0.6437, -6.7652 -1.8857 0.7467, -6.7339 -1.8829 0.7447, -6.734 -1.8848 0.7473, -6.767 -1.9518 0.8348, -6.7436 -2.1855 1.2747, -6.7749 -2.1854 1.2747, -6.7418 -2.1374 1.1679, -6.7736 -2.1572 1.2029, -6.7401 -2.0955 1.075, -6.7703 -2.0624 1.0136, -6.736 -1.9617 0.8495, -6.7366 -1.9797 0.8798, -6.77 -2.0541 1.0002, -6.7388 -2.0519 1.0015, -6.7391 -2.0633 1.0207, -6.7444 -2.205 1.3181, -6.7445 -2.2059 1.3209, -6.7772 -2.236 1.4037, -6.7473 -2.2578 1.4826, -6.78 -2.2822 1.5632, -6.7487 -2.2835 1.5628, -6.7489 -2.2867 1.5728, -6.7809 -2.297 1.6141, -6.7502 -2.3018 1.6483, -6.7847 -2.3385 1.8317, -6.7532 -2.3357 1.8181, -6.7535 -2.3388 1.8339, -6.7852 -2.3414 1.8616, -6.754 -2.3412 1.8616, -6.7886 -2.3596 2.0536, -6.7563 -2.3522 1.9912, -6.7582 -2.3612 2.0979, -6.7906 -2.3596 2.1654, -6.7593 -2.3594 2.1653, -6.7926 -2.3596 2.2771, -6.7624 -2.3546 2.3398, -6.7628 -2.3541 2.3615, -6.796 -2.3414 2.4691, -6.7647 -2.3391 2.4688, -6.7965 -2.3385 2.4991, -6.7655 -2.333 2.5123, -6.7674 -2.3178 2.6212, -6.8003 -2.297 2.7166, -6.7685 -2.3022 2.6824, -6.8012 -2.2822 2.7676, -6.77 -2.2806 2.7672, -6.804 -2.236 2.927, -6.7714 -2.2599 2.8488, -6.7718 -2.2536 2.8734, -6.8063 -2.1854 3.0561, -6.7742 -2.2027 3.0086, -6.7751 -2.1849 3.0559, -6.8076 -2.1572 3.1279, -6.7762 -2.1614 3.1184, -6.777 -2.1386 3.1633, -6.8109 -2.0624 3.3171, -6.7795 -2.0639 3.3105, -6.8112 -2.0541 3.3306, -6.7843 -1.9021 3.5661, -6.816 -1.8857 3.5841, -6.7821 -1.9781 3.4498, -6.8142 -1.9518 3.4959, -6.7802 -2.0455 3.3469, -6.7799 -2.0538 3.3305, -6.7847 -1.8867 3.5847, -6.7848 -1.8846 3.5872, -6.8177 -1.8231 3.6675, -6.7876 -1.7769 3.7173, -6.821 -1.6887 3.8161, -6.7887 -1.7311 3.7726, -6.7898 -1.6874 3.8146, -6.8213 -1.6768 3.8292, -6.7904 -1.6598 3.8412, -6.8251 -1.5141 3.9785, -6.829 -1.3367 4.113, -6.798 -1.3281 4.1189, -6.8316 -1.212 4.1929, -6.7995 -1.2545 4.1658, -6.8004 -1.212 4.1929, -6.7933 -1.5389 3.9575, -6.7934 -1.5351 3.9604, -6.8263 -1.4615 4.0184, -6.795 -1.4607 4.0174, -6.7964 -1.3972 4.066, -6.9996 -1.212 0.1378, -6.9683 -1.212 0.1378, -6.9692 -1.2537 0.166, -7.0022 -1.3367 0.2177, -6.9723 -1.3982 0.2637, -7.0049 -1.4615 0.3123, -6.9775 -1.6291 0.4548, -7.0099 -1.6768 0.5015, -6.9753 -1.5329 0.3729, -7.0061 -1.5141 0.3522, -6.9737 -1.4615 0.312, -6.9729 -1.43 0.2852, -6.9783 -1.6621 0.487, -6.9785 -1.671 0.4957, -7.0102 -1.6887 0.5147, -6.9789 -1.6883 0.515, -7.0135 -1.8231 0.6632, -6.9811 -1.7766 0.6138, -6.9829 -1.8448 0.69, -7.0152 -1.8857 0.7467, -6.9839 -1.8835 0.7441, -6.984 -1.8854 0.7468, -7.017 -1.9518 0.8348, -7.0249 -2.1854 1.2747, -7.0236 -2.1572 1.2029, -6.9917 -2.1386 1.1673, -6.9866 -1.9802 0.8796, -6.987 -1.9942 0.8992, -7.02 -2.0541 1.0002, -6.9888 -2.0516 1.0015, -7.0203 -2.0624 1.0136, -6.9891 -2.0625 1.0211, -6.991 -2.1203 1.1241, -6.9936 -2.1842 1.2752, -6.9945 -2.2038 1.3218, -7.0272 -2.236 1.4037, -7.004 -2.3412 1.8617, -7.0352 -2.3414 1.8616, -7.0032 -2.3336 1.8184, -7.0347 -2.3385 1.8317, -7.0002 -2.3037 1.6479, -7.0309 -2.297 1.6141, -6.9953 -2.2246 1.3709, -6.9973 -2.2575 1.4826, -7.03 -2.2822 1.5632, -6.9987 -2.2813 1.5634, -6.9999 -2.3001 1.6273, -7.0045 -2.346 1.8893, -7.0049 -2.3484 1.9106, -7.0386 -2.3596 2.0536, -7.0063 -2.3526 1.9911, -7.0406 -2.3596 2.1654, -7.0094 -2.3617 2.1654, -7.0095 -2.3622 2.1743, -7.0426 -2.3596 2.2771, -7.0124 -2.3523 2.3396, -7.046 -2.3414 2.4691, -7.0141 -2.3465 2.4371, -7.0147 -2.341 2.469, -7.0465 -2.3385 2.4991, -7.0155 -2.3336 2.5123, -7.0503 -2.297 2.7166, -7.0185 -2.3041 2.6829, -7.0187 -2.3021 2.695, -7.0512 -2.2822 2.7676, -7.02 -2.2812 2.7673, -7.054 -2.236 2.927, -7.0214 -2.2578 2.8482, -7.0231 -2.23 2.9445, -7.0563 -2.1854 3.0561, -7.0242 -2.2035 3.0088, -7.0251 -2.1843 3.0556, -7.0576 -2.1572 3.1279, -7.027 -2.1396 3.1639, -7.0273 -2.1319 3.1828, -7.0609 -2.0624 3.3171, -7.0295 -2.0626 3.3097, -7.0612 -2.0541 3.3306, -7.0299 -2.0519 3.3294, -7.0313 -2.0091 3.4078, -7.0642 -1.9518 3.4959, -7.0321 -1.9793 3.4505, -7.066 -1.8857 3.5841, -7.0347 -1.886 3.5844, -7.0348 -1.8841 3.5871, -7.0677 -1.8231 3.6675, -7.0713 -1.6768 3.8292, -7.0404 -1.6611 3.8426, -7.0751 -1.5141 3.9785, -7.0434 -1.5335 3.9586, -7.0763 -1.4615 4.0184, -7.0354 -1.8609 3.6203, -7.0376 -1.7764 3.7167, -7.071 -1.6887 3.8161, -7.0398 -1.689 3.8163, -7.0399 -1.6844 3.8215, -7.079 -1.3367 4.113, -7.0491 -1.2721 4.1558, -7.0816 -1.212 4.1929, -7.0495 -1.2549 4.1664, -7.0504 -1.212 4.1929, -7.0445 -1.4872 4.0007, -7.045 -1.4619 4.0189, -7.0464 -1.3971 4.0656, -7.2496 -1.212 0.1378, -7.2183 -1.212 0.1378, -7.2192 -1.2537 0.166, -7.2522 -1.3367 0.2177, -7.2223 -1.3982 0.2637, -7.2549 -1.4615 0.3123, -7.2229 -1.43 0.2852, -7.2237 -1.4615 0.312, -7.2561 -1.5141 0.3522, -7.2253 -1.5329 0.3729, -7.2599 -1.6768 0.5015, -7.2275 -1.629 0.4547, -7.2283 -1.6607 0.4884, -7.2602 -1.6887 0.5147, -7.2289 -1.687 0.5163, -7.2635 -1.8231 0.6632, -7.2311 -1.7778 0.6128, -7.2319 -1.8068 0.6437, -7.2652 -1.8857 0.7467, -7.2339 -1.8829 0.7447, -7.234 -1.8848 0.7473, -7.267 -1.9518 0.8348, -7.2436 -2.1859 1.2746, -7.2749 -2.1854 1.2747, -7.2418 -2.1373 1.168, -7.2736 -2.1572 1.2029, -7.24 -2.0907 1.0657, -7.2703 -2.0624 1.0136, -7.236 -1.9617 0.8494, -7.2366 -1.9798 0.8797, -7.27 -2.0541 1.0002, -7.2388 -2.0522 1.0013, -7.2391 -2.0637 1.0205, -7.2442 -2.2012 1.3081, -7.2445 -2.2054 1.321, -7.2772 -2.236 1.4037, -7.2473 -2.258 1.4826, -7.28 -2.2822 1.5632, -7.2487 -2.284 1.5625, -7.2487 -2.284 1.5626, -7.2809 -2.297 1.6141, -7.2502 -2.3015 1.6483, -7.2847 -2.3385 1.8317, -7.2532 -2.3362 1.818, -7.2533 -2.3373 1.8234, -7.2852 -2.3414 1.8616, -7.254 -2.3407 1.8616, -7.2886 -2.3596 2.0536, -7.2563 -2.3523 1.9912, -7.258 -2.3609 2.0873, -7.2906 -2.3596 2.1654, -7.2593 -2.3591 2.1653, -7.2926 -2.3596 2.2771, -7.2624 -2.3552 2.3398, -7.2626 -2.3549 2.3507, -7.296 -2.3414 2.4691, -7.2647 -2.339 2.4688, -7.2965 -2.3385 2.4991, -7.2655 -2.3331 2.5124, -7.2672 -2.3199 2.6107, -7.3003 -2.297 2.7166, -7.2685 -2.302 2.6823, -7.3012 -2.2822 2.7676, -7.27 -2.2807 2.7673, -7.304 -2.236 2.927, -7.2714 -2.2603 2.8489, -7.2717 -2.2568 2.8632, -7.3063 -2.1854 3.0561, -7.2742 -2.2029 3.0087, -7.2751 -2.1854 3.0561, -7.3076 -2.1572 3.1279, -7.2759 -2.1671 3.1055, -7.2769 -2.1383 3.1631, -7.3109 -2.0624 3.3171, -7.2796 -2.0644 3.3108, -7.3112 -2.0541 3.3306, -7.2841 -1.9096 3.5558, -7.316 -1.8857 3.5841, -7.2821 -1.9781 3.4498, -7.3142 -1.9518 3.4959, -7.28 -2.0524 3.3349, -7.2799 -2.0544 3.3308, -7.2847 -1.8862 3.5844, -7.2848 -1.8842 3.5869, -7.3177 -1.8231 3.6675, -7.2876 -1.7772 3.7176, -7.321 -1.6887 3.8161, -7.2885 -1.7398 3.7632, -7.2898 -1.6871 3.8144, -7.3213 -1.6768 3.8292, -7.2904 -1.6596 3.8412, -7.3251 -1.5141 3.9785, -7.329 -1.3367 4.113, -7.2977 -1.3385 4.1117, -7.3316 -1.212 4.1929, -7.2995 -1.2544 4.1657, -7.3004 -1.212 4.1929, -7.2931 -1.5485 3.9492, -7.2934 -1.5347 3.9599, -7.3263 -1.4615 4.0184, -7.295 -1.4606 4.0173, -7.2964 -1.3974 4.0662, -7.4869 -1.991 0.8941, -7.4888 -2.0515 1.0016, -7.6968 -2.0546 0.9998, -7.5129 -2.3538 2.365, -7.5147 -2.3391 2.4688, -7.6968 -2.3426 2.4692, -7.5376 -1.7773 3.7175, -7.5398 -1.687 3.8144, -7.6968 -1.6892 3.8166, -7.6968 -1.4628 4.0202, -7.545 -1.4616 4.0187, -7.5457 -1.4317 4.0443, -7.5504 -1.212 4.1929, -7.6968 -1.212 4.1929, -7.5495 -1.2537 4.1647, -7.5464 -1.3981 4.067, -7.5404 -1.6608 3.8425, -7.5411 -1.6339 3.8714, -7.5434 -1.5328 3.9578, -7.5366 -1.8162 3.6758, -7.6968 -1.8876 3.5855, -7.5348 -1.8827 3.5859, -7.6968 -2.0546 3.3309, -7.5299 -2.0538 3.3305, -7.5302 -2.0455 3.3469, -7.5321 -1.9809 3.4517, -7.5323 -1.9754 3.4607, -7.5347 -1.8846 3.5833, -7.5251 -2.185 3.0559, -7.5262 -2.1615 3.1183, -7.6968 -2.1875 3.0569, -7.527 -2.1386 3.1633, -7.5295 -2.0639 3.3105, -7.52 -2.2806 2.7672, -7.5214 -2.2597 2.8488, -7.6968 -2.284 2.7681, -7.5219 -2.2526 2.8767, -7.5242 -2.2028 3.0087, -7.5155 -2.333 2.5123, -7.5175 -2.3171 2.6246, -7.5185 -2.3023 2.6824, -7.6968 -2.3622 2.1654, -7.5093 -2.3617 2.1653, -7.5124 -2.3548 2.3398, -7.504 -2.3412 1.8617, -7.5045 -2.3459 1.8886, -7.6968 -2.3426 1.8615, -7.5063 -2.3522 1.9911, -7.5091 -2.3622 2.1528, -7.4987 -2.2813 1.5634, -7.4998 -2.3 1.6267, -7.6968 -2.284 1.5626, -7.5002 -2.3037 1.6479, -7.5032 -2.3336 1.8184, -7.4936 -2.1842 1.2752, -7.4945 -2.2039 1.3218, -7.6968 -2.1875 1.2738, -7.4953 -2.2244 1.3703, -7.4973 -2.2575 1.4826, -7.4891 -2.0624 1.0211, -7.491 -2.1201 1.1236, -7.4917 -2.1386 1.1673, -7.4828 -1.841 0.6853, -7.6968 -1.8876 0.7452, -7.4811 -1.7767 0.6137, -7.6968 -1.6892 0.5142, -7.4789 -1.6882 0.5151, -7.4839 -1.8834 0.7442, -7.484 -1.8853 0.7469, -7.4866 -1.9804 0.8794, -7.4739 -1.4731 0.3187, -7.4753 -1.5332 0.3724, -7.6968 -1.4628 0.3106, -7.4783 -1.6619 0.4873, -7.4784 -1.6679 0.4926, -7.6968 -1.212 0.1378, -7.4683 -1.212 0.1378, -7.4692 -1.255 0.1642, -7.4693 -1.2588 0.1665, -7.4723 -1.3973 0.2649, -7.4737 -1.4624 0.3111, -7.6968 1.0562 3.8961, -7.6968 0.793 4.0314, -7.6968 0.5128 0.2037, -7.6968 0.2218 0.15, -7.6968 -0.0 0.1378, -7.6968 0.5128 4.127, -7.6968 0.2218 4.1808, -7.6968 0.0 4.1929, -7.6968 1.297 3.7238, -7.6968 1.5101 3.5184, -7.6968 1.691 3.2841, -7.6968 1.8358 1.3047, -7.6968 1.691 1.0466, -7.6968 1.5101 0.8123, -7.6968 1.297 0.6069, -7.6968 1.0562 0.4346, -7.6968 0.793 0.2993, -7.6968 1.8358 3.026, -7.6968 1.9416 2.7495, -7.6968 2.006 2.4606, -7.6968 2.0276 2.1654, -7.6968 2.006 1.8701, -7.6968 1.9416 1.5812, -7.2943 -1.0432 0.1378, -7.2865 -1.0724 0.1378, -7.2873 -1.1139 0.1593, -7.2721 -1.1268 0.1378, -7.2912 -1.2984 0.2735, -7.3685 -1.0894 4.1929, -7.3729 -1.0731 4.1929, -7.372 -1.1139 4.1714, -7.4144 -0.9209 4.1929, -7.3681 -1.2984 4.0572, -7.3574 -1.1263 4.1929, -7.323 -0.9209 0.1378, -7.3264 -1.081 0.2185, -7.3271 -1.1128 0.2381, -7.3303 -1.2601 0.3293, -7.338 -1.5807 0.5968, -7.3351 -1.4637 0.4894, -7.2951 -1.4707 0.4041, -7.3342 -1.4274 0.4561, -7.3311 -1.2948 0.3556, -7.339 -1.6175 0.6375, -7.2989 -1.6288 0.5492, -7.3417 -1.7186 0.7493, -7.3026 -1.7709 0.7062, -7.3427 -1.7546 0.7973, -7.3451 -1.84 0.911, -7.3093 -2.0033 1.0466, -7.3484 -1.9443 1.0796, -7.3061 -1.8959 0.8729, -7.3462 -1.874 0.966, -7.3127 -2.0954 1.2304, -7.3162 -2.172 1.4255, -7.3553 -2.1079 1.4473, -7.3531 -2.0619 1.3301, -7.3517 -2.0336 1.258, -7.3496 -1.9756 1.1422, -7.3628 -2.2046 1.8508, -7.3607 -2.1826 1.736, -7.3199 -2.2312 1.6299, -7.359 -2.1654 1.6457, -7.3568 -2.1315 1.5287, -7.3647 -2.2139 1.9491, -7.3238 -2.2715 1.8412, -7.3668 -2.2244 2.06, -7.3277 -2.292 2.0568, -7.3687 -2.2244 2.1654, -7.3707 -2.2244 2.2707, -7.3316 -2.292 2.2739, -7.3728 -2.2139 2.3816, -7.3355 -2.2715 2.4895, -7.3394 -2.2312 2.7008, -7.3768 -2.1826 2.5948, -7.3746 -2.2046 2.4799, -7.3431 -2.172 2.9052, -7.3806 -2.1315 2.802, -7.3784 -2.1654 2.685, -7.3879 -1.9756 3.1885, -7.3857 -2.0336 3.0727, -7.3466 -2.0954 3.1003, -7.3844 -2.0619 3.0007, -7.3822 -2.1079 2.8834, -7.389 -1.9443 3.2511, -7.35 -2.0033 3.2841, -7.3912 -1.874 3.3647, -7.3532 -1.8959 3.4578, -7.3567 -1.7709 3.6245, -7.3948 -1.7546 3.5335, -7.3923 -1.84 3.4197, -7.3604 -1.6288 3.7816, -7.3985 -1.6175 3.6932, -7.3958 -1.7186 3.5814, -7.3642 -1.4707 3.9266, -7.4024 -1.4637 3.8413, -7.3995 -1.5807 3.7339, -7.4063 -1.2948 3.9751, -7.4033 -1.4274 3.8746, -7.4111 -1.081 4.1122, -7.4104 -1.1128 4.0926, -7.4071 -1.2601 4.0014, -7.0443 -1.0432 0.1378, -7.0365 -1.0724 0.1378, -7.0373 -1.1139 0.1593, -7.0221 -1.1268 0.1378, -7.0412 -1.2984 0.2735, -7.1185 -1.0894 4.1929, -7.1229 -1.0731 4.1929, -7.122 -1.1139 4.1714, -7.1644 -0.9209 4.1929, -7.1181 -1.2984 4.0572, -7.1074 -1.1263 4.1929, -7.073 -0.9209 0.1378, -7.0764 -1.081 0.2185, -7.0771 -1.1128 0.2381, -7.0803 -1.2601 0.3293, -7.088 -1.5807 0.5968, -7.0851 -1.4637 0.4894, -7.0451 -1.4707 0.4041, -7.0842 -1.4274 0.4561, -7.0811 -1.2948 0.3556, -7.089 -1.6175 0.6375, -7.0489 -1.6288 0.5492, -7.0917 -1.7186 0.7493, -7.0526 -1.7709 0.7062, -7.0927 -1.7546 0.7973, -7.0951 -1.84 0.911, -7.0593 -2.0033 1.0466, -7.0984 -1.9443 1.0796, -7.0561 -1.8959 0.8729, -7.0962 -1.874 0.966, -7.0627 -2.0954 1.2304, -7.0662 -2.172 1.4255, -7.1053 -2.1079 1.4473, -7.1031 -2.0619 1.3301, -7.1017 -2.0336 1.258, -7.0996 -1.9756 1.1422, -7.1128 -2.2046 1.8508, -7.1107 -2.1826 1.736, -7.0699 -2.2312 1.6299, -7.109 -2.1654 1.6457, -7.1068 -2.1315 1.5287, -7.1147 -2.2139 1.9491, -7.0738 -2.2715 1.8412, -7.1168 -2.2244 2.06, -7.0777 -2.292 2.0568, -7.1187 -2.2244 2.1654, -7.1207 -2.2244 2.2707, -7.0816 -2.292 2.2739, -7.1228 -2.2139 2.3816, -7.0855 -2.2715 2.4895, -7.0894 -2.2312 2.7008, -7.1268 -2.1826 2.5948, -7.1246 -2.2046 2.4799, -7.0931 -2.172 2.9052, -7.1306 -2.1315 2.802, -7.1284 -2.1654 2.685, -7.1379 -1.9756 3.1885, -7.1357 -2.0336 3.0727, -7.0966 -2.0954 3.1003, -7.1344 -2.0619 3.0007, -7.1322 -2.1079 2.8834, -7.139 -1.9443 3.2511, -7.1 -2.0033 3.2841, -7.1412 -1.874 3.3647, -7.1032 -1.8959 3.4578, -7.1067 -1.7709 3.6245, -7.1448 -1.7546 3.5335, -7.1423 -1.84 3.4197, -7.1104 -1.6288 3.7816, -7.1485 -1.6175 3.6932, -7.1458 -1.7186 3.5814, -7.1142 -1.4707 3.9266, -7.1524 -1.4637 3.8413, -7.1495 -1.5807 3.7339, -7.1563 -1.2948 3.9751, -7.1533 -1.4274 3.8746, -7.1611 -1.081 4.1122, -7.1604 -1.1128 4.0926, -7.1571 -1.2601 4.0014, -6.7943 -1.0432 0.1378, -6.7865 -1.0724 0.1378, -6.7873 -1.1139 0.1593, -6.7721 -1.1268 0.1378, -6.7912 -1.2984 0.2735, -6.8685 -1.0894 4.1929, -6.8729 -1.0731 4.1929, -6.872 -1.1139 4.1714, -6.9144 -0.9209 4.1929, -6.8681 -1.2984 4.0572, -6.8574 -1.1263 4.1929, -6.823 -0.9209 0.1378, -6.8264 -1.081 0.2185, -6.8271 -1.1128 0.2381, -6.8303 -1.2601 0.3293, -6.838 -1.5807 0.5968, -6.8351 -1.4637 0.4894, -6.7951 -1.4707 0.4041, -6.8342 -1.4274 0.4561, -6.8311 -1.2948 0.3556, -6.839 -1.6175 0.6375, -6.7989 -1.6288 0.5492, -6.8417 -1.7186 0.7493, -6.8026 -1.7709 0.7062, -6.8427 -1.7546 0.7973, -6.8451 -1.84 0.911, -6.8093 -2.0033 1.0466, -6.8484 -1.9443 1.0796, -6.8061 -1.8959 0.8729, -6.8462 -1.874 0.966, -6.8127 -2.0954 1.2304, -6.8162 -2.172 1.4255, -6.8553 -2.1079 1.4473, -6.8531 -2.0619 1.3301, -6.8517 -2.0336 1.258, -6.8496 -1.9756 1.1422, -6.8628 -2.2046 1.8508, -6.8607 -2.1826 1.736, -6.8199 -2.2312 1.6299, -6.859 -2.1654 1.6457, -6.8568 -2.1315 1.5287, -6.8647 -2.2139 1.9491, -6.8238 -2.2715 1.8412, -6.8668 -2.2244 2.06, -6.8277 -2.292 2.0568, -6.8687 -2.2244 2.1654, -6.8707 -2.2244 2.2707, -6.8316 -2.292 2.2739, -6.8728 -2.2139 2.3816, -6.8355 -2.2715 2.4895, -6.8394 -2.2312 2.7008, -6.8768 -2.1826 2.5948, -6.8746 -2.2046 2.4799, -6.8431 -2.172 2.9052, -6.8806 -2.1315 2.802, -6.8784 -2.1654 2.685, -6.8879 -1.9756 3.1885, -6.8857 -2.0336 3.0727, -6.8466 -2.0954 3.1003, -6.8844 -2.0619 3.0007, -6.8822 -2.1079 2.8834, -6.889 -1.9443 3.2511, -6.85 -2.0033 3.2841, -6.8912 -1.874 3.3647, -6.8532 -1.8959 3.4578, -6.8567 -1.7709 3.6245, -6.8948 -1.7546 3.5335, -6.8923 -1.84 3.4197, -6.8604 -1.6288 3.7816, -6.8985 -1.6175 3.6932, -6.8958 -1.7186 3.5814, -6.8642 -1.4707 3.9266, -6.9024 -1.4637 3.8413, -6.8995 -1.5807 3.7339, -6.9063 -1.2948 3.9751, -6.9033 -1.4274 3.8746, -6.9111 -1.081 4.1122, -6.9104 -1.1128 4.0926, -6.9071 -1.2601 4.0014, -6.5443 -1.0432 0.1378, -6.5365 -1.0724 0.1378, -6.5373 -1.1139 0.1593, -6.5221 -1.1268 0.1378, -6.5412 -1.2984 0.2735, -6.6185 -1.0894 4.1929, -6.6229 -1.0731 4.1929, -6.622 -1.1139 4.1714, -6.6644 -0.9209 4.1929, -6.6181 -1.2984 4.0572, -6.6074 -1.1263 4.1929, -6.573 -0.9209 0.1378, -6.5764 -1.081 0.2185, -6.5771 -1.1128 0.2381, -6.5803 -1.2601 0.3293, -6.588 -1.5807 0.5968, -6.5851 -1.4637 0.4894, -6.5451 -1.4707 0.4041, -6.5842 -1.4274 0.4561, -6.5811 -1.2948 0.3556, -6.589 -1.6175 0.6375, -6.5489 -1.6288 0.5492, -6.5917 -1.7186 0.7493, -6.5526 -1.7709 0.7062, -6.5927 -1.7546 0.7973, -6.5951 -1.84 0.911, -6.5593 -2.0033 1.0466, -6.5984 -1.9443 1.0796, -6.5561 -1.8959 0.8729, -6.5962 -1.874 0.966, -6.5627 -2.0954 1.2304, -6.5662 -2.172 1.4255, -6.6053 -2.1079 1.4473, -6.6031 -2.0619 1.3301, -6.6017 -2.0336 1.258, -6.5996 -1.9756 1.1422, -6.6128 -2.2046 1.8508, -6.6107 -2.1826 1.736, -6.5699 -2.2312 1.6299, -6.609 -2.1654 1.6457, -6.6068 -2.1315 1.5287, -6.6147 -2.2139 1.9491, -6.5738 -2.2715 1.8412, -6.6168 -2.2244 2.06, -6.5777 -2.292 2.0568, -6.6187 -2.2244 2.1654, -6.6207 -2.2244 2.2707, -6.5816 -2.292 2.2739, -6.6228 -2.2139 2.3816, -6.5855 -2.2715 2.4895, -6.5894 -2.2312 2.7008, -6.6268 -2.1826 2.5948, -6.6246 -2.2046 2.4799, -6.5931 -2.172 2.9052, -6.6306 -2.1315 2.802, -6.6284 -2.1654 2.685, -6.6379 -1.9756 3.1885, -6.6357 -2.0336 3.0727, -6.5966 -2.0954 3.1003, -6.6344 -2.0619 3.0007, -6.6322 -2.1079 2.8834, -6.639 -1.9443 3.2511, -6.6 -2.0033 3.2841, -6.6412 -1.874 3.3647, -6.6032 -1.8959 3.4578, -6.6067 -1.7709 3.6245, -6.6448 -1.7546 3.5335, -6.6423 -1.84 3.4197, -6.6104 -1.6288 3.7816, -6.6485 -1.6175 3.6932, -6.6458 -1.7186 3.5814, -6.6142 -1.4707 3.9266, -6.6524 -1.4637 3.8413, -6.6495 -1.5807 3.7339, -6.6563 -1.2948 3.9751, -6.6533 -1.4274 3.8746, -6.6611 -1.081 4.1122, -6.6604 -1.1128 4.0926, -6.6571 -1.2601 4.0014, -6.2943 -1.0432 0.1378, -6.2865 -1.0724 0.1378, -6.2873 -1.1139 0.1593, -6.2721 -1.1268 0.1378, -6.2912 -1.2984 0.2735, -6.3685 -1.0894 4.1929, -6.3729 -1.0731 4.1929, -6.372 -1.1139 4.1714, -6.4144 -0.9209 4.1929, -6.3681 -1.2984 4.0572, -6.3574 -1.1263 4.1929, -6.323 -0.9209 0.1378, -6.3264 -1.081 0.2185, -6.3271 -1.1128 0.2381, -6.3303 -1.2601 0.3293, -6.338 -1.5807 0.5968, -6.3351 -1.4637 0.4894, -6.2951 -1.4707 0.4041, -6.3342 -1.4274 0.4561, -6.3311 -1.2948 0.3556, -6.339 -1.6175 0.6375, -6.2989 -1.6288 0.5492, -6.3417 -1.7186 0.7493, -6.3026 -1.7709 0.7062, -6.3427 -1.7546 0.7973, -6.3451 -1.84 0.911, -6.3093 -2.0033 1.0466, -6.3484 -1.9443 1.0796, -6.3061 -1.8959 0.8729, -6.3462 -1.874 0.966, -6.3127 -2.0954 1.2304, -6.3162 -2.172 1.4255, -6.3553 -2.1079 1.4473, -6.3531 -2.0619 1.3301, -6.3517 -2.0336 1.258, -6.3496 -1.9756 1.1422, -6.3628 -2.2046 1.8508, -6.3607 -2.1826 1.736, -6.3199 -2.2312 1.6299, -6.359 -2.1654 1.6457, -6.3568 -2.1315 1.5287, -6.3647 -2.2139 1.9491, -6.3238 -2.2715 1.8412, -6.3668 -2.2244 2.06, -6.3277 -2.292 2.0568, -6.3687 -2.2244 2.1654, -6.3707 -2.2244 2.2707, -6.3316 -2.292 2.2739, -6.3728 -2.2139 2.3816, -6.3355 -2.2715 2.4895, -6.3394 -2.2312 2.7008, -6.3768 -2.1826 2.5948, -6.3746 -2.2046 2.4799, -6.3431 -2.172 2.9052, -6.3806 -2.1315 2.802, -6.3784 -2.1654 2.685, -6.3879 -1.9756 3.1885, -6.3857 -2.0336 3.0727, -6.3466 -2.0954 3.1003, -6.3844 -2.0619 3.0007, -6.3822 -2.1079 2.8834, -6.389 -1.9443 3.2511, -6.35 -2.0033 3.2841, -6.3912 -1.874 3.3647, -6.3532 -1.8959 3.4578, -6.3567 -1.7709 3.6245, -6.3948 -1.7546 3.5335, -6.3923 -1.84 3.4197, -6.3604 -1.6288 3.7816, -6.3985 -1.6175 3.6932, -6.3958 -1.7186 3.5814, -6.3642 -1.4707 3.9266, -6.4024 -1.4637 3.8413, -6.3995 -1.5807 3.7339, -6.4063 -1.2948 3.9751, -6.4033 -1.4274 3.8746, -6.4111 -1.081 4.1122, -6.4104 -1.1128 4.0926, -6.4071 -1.2601 4.0014, -6.0443 -1.0432 0.1378, -6.0365 -1.0724 0.1378, -6.0373 -1.1139 0.1593, -6.0221 -1.1268 0.1378, -6.0412 -1.2984 0.2735, -6.1185 -1.0894 4.1929, -6.1229 -1.0731 4.1929, -6.122 -1.1139 4.1714, -6.1644 -0.9209 4.1929, -6.1181 -1.2984 4.0572, -6.1074 -1.1263 4.1929, -6.073 -0.9209 0.1378, -6.0764 -1.081 0.2185, -6.0771 -1.1128 0.2381, -6.0803 -1.2601 0.3293, -6.088 -1.5807 0.5968, -6.0851 -1.4637 0.4894, -6.0451 -1.4707 0.4041, -6.0842 -1.4274 0.4561, -6.0811 -1.2948 0.3556, -6.089 -1.6175 0.6375, -6.0489 -1.6288 0.5492, -6.0917 -1.7186 0.7493, -6.0526 -1.7709 0.7062, -6.0927 -1.7546 0.7973, -6.0951 -1.84 0.911, -6.0593 -2.0033 1.0466, -6.0984 -1.9443 1.0796, -6.0561 -1.8959 0.8729, -6.0962 -1.874 0.966, -6.0627 -2.0954 1.2304, -6.0662 -2.172 1.4255, -6.1053 -2.1079 1.4473, -6.1031 -2.0619 1.3301, -6.1017 -2.0336 1.258, -6.0996 -1.9756 1.1422, -6.1128 -2.2046 1.8508, -6.1107 -2.1826 1.736, -6.0699 -2.2312 1.6299, -6.109 -2.1654 1.6457, -6.1068 -2.1315 1.5287, -6.1147 -2.2139 1.9491, -6.0738 -2.2715 1.8412, -6.1168 -2.2244 2.06, -6.0777 -2.292 2.0568, -6.1187 -2.2244 2.1654, -6.1207 -2.2244 2.2707, -6.0816 -2.292 2.2739, -6.1228 -2.2139 2.3816, -6.0855 -2.2715 2.4895, -6.0894 -2.2312 2.7008, -6.1268 -2.1826 2.5948, -6.1246 -2.2046 2.4799, -6.0931 -2.172 2.9052, -6.1306 -2.1315 2.802, -6.1284 -2.1654 2.685, -6.1379 -1.9756 3.1885, -6.1357 -2.0336 3.0727, -6.0966 -2.0954 3.1003, -6.1344 -2.0619 3.0007, -6.1322 -2.1079 2.8834, -6.139 -1.9443 3.2511, -6.1 -2.0033 3.2841, -6.1412 -1.874 3.3647, -6.1032 -1.8959 3.4578, -6.1067 -1.7709 3.6245, -6.1448 -1.7546 3.5335, -6.1423 -1.84 3.4197, -6.1104 -1.6288 3.7816, -6.1485 -1.6175 3.6932, -6.1458 -1.7186 3.5814, -6.1142 -1.4707 3.9266, -6.1524 -1.4637 3.8413, -6.1495 -1.5807 3.7339, -6.1563 -1.2948 3.9751, -6.1533 -1.4274 3.8746, -6.1611 -1.081 4.1122, -6.1604 -1.1128 4.0926, -6.1571 -1.2601 4.0014, -5.9572 2.2903 2.0261, -5.9252 2.343 1.9617, -5.961 2.2676 1.8144, -5.9252 2.3316 1.8279, -5.9252 2.3283 1.805, -5.9252 2.3418 2.2412, -5.9252 2.3467 2.105, -5.9252 2.3446 2.0228, -5.9252 2.3416 2.2482, -5.9533 2.2933 2.2396, -5.9252 2.3277 2.3914, -5.9495 2.2766 2.4522, -5.9252 2.3171 2.4572, -5.9457 2.2404 2.661, -5.9252 2.2739 2.6684, -5.9252 2.2921 2.5962, -5.9252 2.3048 2.5342, -5.942 2.1857 2.8636, -5.9252 2.2134 2.8724, -5.9252 2.257 2.7355, -5.9935 1.0894 0.1378, -5.9979 1.0731 0.1378, -5.9969 1.1211 0.1633, -6.0394 0.9209 0.1378, -5.993 1.3023 0.2762, -5.9566 1.212 0.1378, -5.9795 1.1359 0.1378, -5.981 2.1213 2.843, -5.9847 2.1743 2.6464, -5.985 2.1764 2.6342, -5.9931 2.2252 2.2, -5.9924 2.2257 2.2374, -5.989 2.2114 2.4189, -5.9885 2.2094 2.4437, -5.9963 2.2228 2.0302, -6.0039 2.16 1.6237, -5.9648 2.2256 1.6072, -5.9252 2.311 1.6857, -6.0012 2.1884 1.764, -6.0001 2.2007 1.8248, -5.9972 2.2174 1.9806, -6.011 2.0273 1.244, -6.009 2.0702 1.3507, -5.9684 2.1656 1.407, -6.0075 2.1017 1.4294, -6.0052 2.1388 1.5531, -6.0126 1.9842 1.1592, -5.9719 2.0889 1.216, -6.0142 1.9385 1.0693, -5.9752 1.9974 1.036, -6.016 1.8826 0.9799, -5.9784 1.8908 0.8655, -6.0175 1.8351 0.9038, -6.0195 1.763 0.8084, -6.0209 1.7151 0.745, -5.9818 1.7672 0.7018, -6.0233 1.6251 0.6458, -5.9854 1.6271 0.5475, -5.9892 1.4716 0.4049, -6.0272 1.4701 0.4952, -6.0245 1.5791 0.5952, -6.0312 1.2995 0.3589, -6.0282 1.4282 0.4568, -6.0359 1.088 0.2224, -6.0353 1.1154 0.2394, -6.0321 1.2639 0.3319, -5.9294 2.2295 1.3846, -5.9257 2.2913 1.5908, -5.9252 2.2987 1.6213, -5.9303 2.2076 1.3302, -5.9393 1.9466 0.8271, -5.9361 2.0563 1.0027, -5.9354 2.0765 1.0424, -5.9328 2.1505 1.188, -5.9404 1.9074 0.7753, -5.9428 1.8193 0.6587, -5.9456 1.7047 0.5324, -5.9464 1.6751 0.4998, -5.9501 1.515 0.353, -5.9511 1.471 0.3195, -5.9539 1.3407 0.2205, -6.2435 1.0894 0.1378, -6.2479 1.0731 0.1378, -6.247 1.1139 0.1593, -6.2894 0.9209 0.1378, -6.2431 1.2984 0.2735, -6.2324 1.1263 0.1378, -6.1693 1.0432 4.1929, -6.1615 1.0724 4.1929, -6.1623 1.1139 4.1714, -6.1471 1.1268 4.1929, -6.1662 1.2984 4.0572, -6.198 0.9209 4.1929, -6.2014 1.081 4.1122, -6.2021 1.1128 4.0926, -6.2053 1.2601 4.0014, -6.213 1.5807 3.7339, -6.2101 1.4637 3.8413, -6.1701 1.4707 3.9266, -6.2092 1.4274 3.8746, -6.2061 1.2948 3.9751, -6.214 1.6175 3.6932, -6.1739 1.6288 3.7816, -6.2167 1.7186 3.5814, -6.1776 1.7709 3.6245, -6.2177 1.7546 3.5335, -6.2201 1.84 3.4197, -6.1843 2.0033 3.2841, -6.2234 1.9443 3.2511, -6.1811 1.8959 3.4578, -6.2212 1.874 3.3647, -6.1877 2.0954 3.1003, -6.1912 2.172 2.9052, -6.2303 2.1079 2.8834, -6.2281 2.0619 3.0007, -6.2267 2.0336 3.0727, -6.2246 1.9756 3.1885, -6.2378 2.2046 2.4799, -6.2357 2.1826 2.5948, -6.1949 2.2312 2.7008, -6.234 2.1654 2.685, -6.2318 2.1315 2.802, -6.2397 2.2139 2.3816, -6.1988 2.2715 2.4895, -6.2418 2.2244 2.2707, -6.2027 2.292 2.2739, -6.2437 2.2244 2.1654, -6.2457 2.2244 2.06, -6.2066 2.292 2.0568, -6.2478 2.2139 1.9491, -6.2105 2.2715 1.8412, -6.2144 2.2312 1.6299, -6.2518 2.1826 1.736, -6.2496 2.2046 1.8508, -6.2181 2.172 1.4255, -6.2556 2.1315 1.5287, -6.2534 2.1654 1.6457, -6.2629 1.9756 1.1422, -6.2607 2.0336 1.258, -6.2216 2.0954 1.2304, -6.2594 2.0619 1.3301, -6.2572 2.1079 1.4473, -6.264 1.9443 1.0796, -6.225 2.0033 1.0466, -6.2662 1.874 0.966, -6.2282 1.8959 0.8729, -6.2317 1.7709 0.7062, -6.2698 1.7546 0.7973, -6.2673 1.84 0.911, -6.2354 1.6288 0.5492, -6.2735 1.6175 0.6375, -6.2708 1.7186 0.7493, -6.2392 1.4707 0.4041, -6.2774 1.4637 0.4894, -6.2745 1.5807 0.5968, -6.2813 1.2948 0.3556, -6.2783 1.4274 0.4561, -6.2861 1.081 0.2185, -6.2854 1.1128 0.2381, -6.2821 1.2601 0.3293, -6.4935 1.0894 0.1378, -6.4979 1.0731 0.1378, -6.497 1.1139 0.1593, -6.5394 0.9209 0.1378, -6.4931 1.2984 0.2735, -6.4824 1.1263 0.1378, -6.4193 1.0432 4.1929, -6.4115 1.0724 4.1929, -6.4123 1.1139 4.1714, -6.3971 1.1268 4.1929, -6.4162 1.2984 4.0572, -6.448 0.9209 4.1929, -6.4514 1.081 4.1122, -6.4521 1.1128 4.0926, -6.4553 1.2601 4.0014, -6.463 1.5807 3.7339, -6.4601 1.4637 3.8413, -6.4201 1.4707 3.9266, -6.4592 1.4274 3.8746, -6.4561 1.2948 3.9751, -6.464 1.6175 3.6932, -6.4239 1.6288 3.7816, -6.4667 1.7186 3.5814, -6.4276 1.7709 3.6245, -6.4677 1.7546 3.5335, -6.4701 1.84 3.4197, -6.4343 2.0033 3.2841, -6.4734 1.9443 3.2511, -6.4311 1.8959 3.4578, -6.4712 1.874 3.3647, -6.4377 2.0954 3.1003, -6.4412 2.172 2.9052, -6.4803 2.1079 2.8834, -6.4781 2.0619 3.0007, -6.4767 2.0336 3.0727, -6.4746 1.9756 3.1885, -6.4878 2.2046 2.4799, -6.4857 2.1826 2.5948, -6.4449 2.2312 2.7008, -6.484 2.1654 2.685, -6.4818 2.1315 2.802, -6.4897 2.2139 2.3816, -6.4488 2.2715 2.4895, -6.4918 2.2244 2.2707, -6.4527 2.292 2.2739, -6.4937 2.2244 2.1654, -6.4957 2.2244 2.06, -6.4566 2.292 2.0568, -6.4978 2.2139 1.9491, -6.4605 2.2715 1.8412, -6.4644 2.2312 1.6299, -6.5018 2.1826 1.736, -6.4996 2.2046 1.8508, -6.4681 2.172 1.4255, -6.5056 2.1315 1.5287, -6.5034 2.1654 1.6457, -6.5129 1.9756 1.1422, -6.5107 2.0336 1.258, -6.4716 2.0954 1.2304, -6.5094 2.0619 1.3301, -6.5072 2.1079 1.4473, -6.514 1.9443 1.0796, -6.475 2.0033 1.0466, -6.5162 1.874 0.966, -6.4782 1.8959 0.8729, -6.4817 1.7709 0.7062, -6.5198 1.7546 0.7973, -6.5173 1.84 0.911, -6.4854 1.6288 0.5492, -6.5235 1.6175 0.6375, -6.5208 1.7186 0.7493, -6.4892 1.4707 0.4041, -6.5274 1.4637 0.4894, -6.5245 1.5807 0.5968, -6.5313 1.2948 0.3556, -6.5283 1.4274 0.4561, -6.5361 1.081 0.2185, -6.5354 1.1128 0.2381, -6.5321 1.2601 0.3293, -6.7435 1.0894 0.1378, -6.7479 1.0731 0.1378, -6.747 1.1139 0.1593, -6.7894 0.9209 0.1378, -6.7431 1.2984 0.2735, -6.7324 1.1263 0.1378, -6.6693 1.0432 4.1929, -6.6615 1.0724 4.1929, -6.6623 1.1139 4.1714, -6.6471 1.1268 4.1929, -6.6662 1.2984 4.0572, -6.698 0.9209 4.1929, -6.7014 1.081 4.1122, -6.7021 1.1128 4.0926, -6.7053 1.2601 4.0014, -6.713 1.5807 3.7339, -6.7101 1.4637 3.8413, -6.6701 1.4707 3.9266, -6.7092 1.4274 3.8746, -6.7061 1.2948 3.9751, -6.714 1.6175 3.6932, -6.6739 1.6288 3.7816, -6.7167 1.7186 3.5814, -6.6776 1.7709 3.6245, -6.7177 1.7546 3.5335, -6.7201 1.84 3.4197, -6.6843 2.0033 3.2841, -6.7234 1.9443 3.2511, -6.6811 1.8959 3.4578, -6.7212 1.874 3.3647, -6.6877 2.0954 3.1003, -6.6912 2.172 2.9052, -6.7303 2.1079 2.8834, -6.7281 2.0619 3.0007, -6.7267 2.0336 3.0727, -6.7246 1.9756 3.1885, -6.7378 2.2046 2.4799, -6.7357 2.1826 2.5948, -6.6949 2.2312 2.7008, -6.734 2.1654 2.685, -6.7318 2.1315 2.802, -6.7397 2.2139 2.3816, -6.6988 2.2715 2.4895, -6.7418 2.2244 2.2707, -6.7027 2.292 2.2739, -6.7437 2.2244 2.1654, -6.7457 2.2244 2.06, -6.7066 2.292 2.0568, -6.7478 2.2139 1.9491, -6.7105 2.2715 1.8412, -6.7144 2.2312 1.6299, -6.7518 2.1826 1.736, -6.7496 2.2046 1.8508, -6.7181 2.172 1.4255, -6.7556 2.1315 1.5287, -6.7534 2.1654 1.6457, -6.7629 1.9756 1.1422, -6.7607 2.0336 1.258, -6.7216 2.0954 1.2304, -6.7594 2.0619 1.3301, -6.7572 2.1079 1.4473, -6.764 1.9443 1.0796, -6.725 2.0033 1.0466, -6.7662 1.874 0.966, -6.7282 1.8959 0.8729, -6.7317 1.7709 0.7062, -6.7698 1.7546 0.7973, -6.7673 1.84 0.911, -6.7354 1.6288 0.5492, -6.7735 1.6175 0.6375, -6.7708 1.7186 0.7493, -6.7392 1.4707 0.4041, -6.7774 1.4637 0.4894, -6.7745 1.5807 0.5968, -6.7813 1.2948 0.3556, -6.7783 1.4274 0.4561, -6.7861 1.081 0.2185, -6.7854 1.1128 0.2381, -6.7821 1.2601 0.3293, -6.9935 1.0894 0.1378, -6.9979 1.0731 0.1378, -6.997 1.1139 0.1593, -7.0394 0.9209 0.1378, -6.9931 1.2984 0.2735, -6.9824 1.1263 0.1378, -6.9193 1.0432 4.1929, -6.9115 1.0724 4.1929, -6.9123 1.1139 4.1714, -6.8971 1.1268 4.1929, -6.9162 1.2984 4.0572, -6.948 0.9209 4.1929, -6.9514 1.081 4.1122, -6.9521 1.1128 4.0926, -6.9553 1.2601 4.0014, -6.963 1.5807 3.7339, -6.9601 1.4637 3.8413, -6.9201 1.4707 3.9266, -6.9592 1.4274 3.8746, -6.9561 1.2948 3.9751, -6.964 1.6175 3.6932, -6.9239 1.6288 3.7816, -6.9667 1.7186 3.5814, -6.9276 1.7709 3.6245, -6.9677 1.7546 3.5335, -6.9701 1.84 3.4197, -6.9343 2.0033 3.2841, -6.9734 1.9443 3.2511, -6.9311 1.8959 3.4578, -6.9712 1.874 3.3647, -6.9377 2.0954 3.1003, -6.9412 2.172 2.9052, -6.9803 2.1079 2.8834, -6.9781 2.0619 3.0007, -6.9767 2.0336 3.0727, -6.9746 1.9756 3.1885, -6.9878 2.2046 2.4799, -6.9857 2.1826 2.5948, -6.9449 2.2312 2.7008, -6.984 2.1654 2.685, -6.9818 2.1315 2.802, -6.9897 2.2139 2.3816, -6.9488 2.2715 2.4895, -6.9918 2.2244 2.2707, -6.9527 2.292 2.2739, -6.9937 2.2244 2.1654, -6.9957 2.2244 2.06, -6.9566 2.292 2.0568, -6.9978 2.2139 1.9491, -6.9605 2.2715 1.8412, -6.9644 2.2312 1.6299, -7.0018 2.1826 1.736, -6.9996 2.2046 1.8508, -6.9681 2.172 1.4255, -7.0056 2.1315 1.5287, -7.0034 2.1654 1.6457, -7.0129 1.9756 1.1422, -7.0107 2.0336 1.258, -6.9716 2.0954 1.2304, -7.0094 2.0619 1.3301, -7.0072 2.1079 1.4473, -7.014 1.9443 1.0796, -6.975 2.0033 1.0466, -7.0162 1.874 0.966, -6.9782 1.8959 0.8729, -6.9817 1.7709 0.7062, -7.0198 1.7546 0.7973, -7.0173 1.84 0.911, -6.9854 1.6288 0.5492, -7.0235 1.6175 0.6375, -7.0208 1.7186 0.7493, -6.9892 1.4707 0.4041, -7.0274 1.4637 0.4894, -7.0245 1.5807 0.5968, -7.0313 1.2948 0.3556, -7.0283 1.4274 0.4561, -7.0361 1.081 0.2185, -7.0354 1.1128 0.2381, -7.0321 1.2601 0.3293, -7.2435 1.0894 0.1378, -7.2479 1.0731 0.1378, -7.247 1.1139 0.1593, -7.2894 0.9209 0.1378, -7.2431 1.2984 0.2735, -7.2324 1.1263 0.1378, -7.1693 1.0432 4.1929, -7.1615 1.0724 4.1929, -7.1623 1.1139 4.1714, -7.1471 1.1268 4.1929, -7.1662 1.2984 4.0572, -7.198 0.9209 4.1929, -7.2014 1.081 4.1122, -7.2021 1.1128 4.0926, -7.2053 1.2601 4.0014, -7.213 1.5807 3.7339, -7.2101 1.4637 3.8413, -7.1701 1.4707 3.9266, -7.2092 1.4274 3.8746, -7.2061 1.2948 3.9751, -7.214 1.6175 3.6932, -7.1739 1.6288 3.7816, -7.2167 1.7186 3.5814, -7.1776 1.7709 3.6245, -7.2177 1.7546 3.5335, -7.2201 1.84 3.4197, -7.1843 2.0033 3.2841, -7.2234 1.9443 3.2511, -7.1811 1.8959 3.4578, -7.2212 1.874 3.3647, -7.1877 2.0954 3.1003, -7.1912 2.172 2.9052, -7.2303 2.1079 2.8834, -7.2281 2.0619 3.0007, -7.2267 2.0336 3.0727, -7.2246 1.9756 3.1885, -7.2378 2.2046 2.4799, -7.2357 2.1826 2.5948, -7.1949 2.2312 2.7008, -7.234 2.1654 2.685, -7.2318 2.1315 2.802, -7.2397 2.2139 2.3816, -7.1988 2.2715 2.4895, -7.2418 2.2244 2.2707, -7.2027 2.292 2.2739, -7.2437 2.2244 2.1654, -7.2457 2.2244 2.06, -7.2066 2.292 2.0568, -7.2478 2.2139 1.9491, -7.2105 2.2715 1.8412, -7.2144 2.2312 1.6299, -7.2518 2.1826 1.736, -7.2496 2.2046 1.8508, -7.2181 2.172 1.4255, -7.2556 2.1315 1.5287, -7.2534 2.1654 1.6457, -7.2629 1.9756 1.1422, -7.2607 2.0336 1.258, -7.2216 2.0954 1.2304, -7.2594 2.0619 1.3301, -7.2572 2.1079 1.4473, -7.264 1.9443 1.0796, -7.225 2.0033 1.0466, -7.2662 1.874 0.966, -7.2282 1.8959 0.8729, -7.2317 1.7709 0.7062, -7.2698 1.7546 0.7973, -7.2673 1.84 0.911, -7.2354 1.6288 0.5492, -7.2735 1.6175 0.6375, -7.2708 1.7186 0.7493, -7.2392 1.4707 0.4041, -7.2774 1.4637 0.4894, -7.2745 1.5807 0.5968, -7.2813 1.2948 0.3556, -7.2783 1.4274 0.4561, -7.2861 1.081 0.2185, -7.2854 1.1128 0.2381, -7.2821 1.2601 0.3293, -6.1355 -0.9209 0.1378, -6.138 -1.0394 0.1987, -6.1767 -1.0719 0.1378, -6.1815 -1.0894 0.1378, -6.1396 -1.1136 0.2369, -6.2269 -0.9209 4.1929, -6.2557 -1.0432 4.1929, -6.2244 -1.0394 4.132, -6.2633 -1.0721 4.1929, -6.2229 -1.1136 4.0938, -6.2214 -1.1818 4.0499, -6.1772 -2.2163 1.9489, -6.1751 -2.2001 1.8382, -6.1732 -2.185 1.7355, -6.1721 -2.1708 1.6778, -6.1663 -2.0782 1.3697, -6.1656 -2.064 1.3293, -6.1636 -2.0158 1.2246, -6.1621 -1.9775 1.1413, -6.161 -1.9455 1.086, -6.1693 -2.1338 1.5281, -6.1692 -2.1312 1.5209, -6.1558 -1.7765 0.8249, -6.1552 -1.7562 0.7961, -6.153 -1.6754 0.7021, -6.1515 -1.6189 0.6362, -6.1501 -1.5654 0.5848, -6.1441 -1.3183 0.3721, -6.1411 -1.1818 0.2808, -6.1436 -1.2958 0.3543, -6.1472 -1.4467 0.4737, -6.1476 -1.4649 0.4881, -6.1587 -1.8757 0.965, -6.1585 -1.8672 0.953, -6.2188 -1.2958 3.9764, -6.2123 -1.5654 3.746, -6.211 -1.6189 3.6945, -6.2094 -1.6754 3.6286, -6.2072 -1.7562 3.5346, -6.2066 -1.7765 3.5058, -6.2153 -1.4467 3.857, -6.2183 -1.3183 3.9586, -6.2148 -1.4649 3.8426, -6.2014 -1.9455 3.2447, -6.2004 -1.9775 3.1894, -6.1988 -2.0158 3.1061, -6.1969 -2.064 3.0015, -6.1961 -2.0782 2.961, -6.1873 -2.2001 2.4925, -6.1931 -2.1338 2.8026, -6.1903 -2.1708 2.6529, -6.1893 -2.185 2.5952, -6.1933 -2.1312 2.8098, -6.204 -1.8672 3.3777, -6.2037 -1.8757 3.3657, -6.1853 -2.2163 2.3818, -6.1843 -2.2189 2.3297, -6.1812 -2.2269 2.1654, -6.1781 -2.2189 2.001, -6.3855 -0.9209 0.1378, -6.388 -1.0394 0.1987, -6.4267 -1.0719 0.1378, -6.4315 -1.0894 0.1378, -6.3896 -1.1136 0.2369, -6.4232 -2.185 1.7355, -6.4251 -2.2001 1.8382, -6.4312 -2.2269 2.1654, -6.4281 -2.2189 2.001, -6.4272 -2.2163 1.9489, -6.4163 -2.0782 1.3697, -6.4156 -2.064 1.3293, -6.4136 -2.0158 1.2246, -6.4121 -1.9775 1.1413, -6.411 -1.9455 1.086, -6.4193 -2.1338 1.5281, -6.4221 -2.1708 1.6778, -6.4192 -2.1312 1.5209, -6.4058 -1.7765 0.8249, -6.4052 -1.7562 0.7961, -6.403 -1.6754 0.7021, -6.4015 -1.6189 0.6362, -6.4001 -1.5654 0.5848, -6.3941 -1.3183 0.3721, -6.3911 -1.1818 0.2808, -6.3936 -1.2958 0.3543, -6.3972 -1.4467 0.4737, -6.3976 -1.4649 0.4881, -6.4087 -1.8757 0.965, -6.4085 -1.8672 0.953, -6.4769 -0.9209 4.1929, -6.5057 -1.0432 4.1929, -6.4744 -1.0394 4.132, -6.5133 -1.0721 4.1929, -6.4729 -1.1136 4.0938, -6.4714 -1.1818 4.0499, -6.4688 -1.2958 3.9764, -6.4683 -1.3183 3.9586, -6.461 -1.6189 3.6945, -6.4594 -1.6754 3.6286, -6.4572 -1.7562 3.5346, -6.4566 -1.7765 3.5058, -6.4653 -1.4467 3.857, -6.4648 -1.4649 3.8426, -6.4623 -1.5654 3.746, -6.4431 -2.1338 2.8026, -6.4403 -2.1708 2.6529, -6.4393 -2.185 2.5952, -6.4373 -2.2001 2.4925, -6.4488 -2.0158 3.1061, -6.4469 -2.064 3.0015, -6.4461 -2.0782 2.961, -6.4433 -2.1312 2.8098, -6.454 -1.8672 3.3777, -6.4537 -1.8757 3.3657, -6.4514 -1.9455 3.2447, -6.4504 -1.9775 3.1894, -6.4353 -2.2163 2.3818, -6.4343 -2.2189 2.3297, -6.6355 -0.9209 0.1378, -6.638 -1.0394 0.1987, -6.6767 -1.0719 0.1378, -6.6815 -1.0894 0.1378, -6.6396 -1.1136 0.2369, -6.7269 -0.9209 4.1929, -6.7557 -1.0432 4.1929, -6.7244 -1.0394 4.132, -6.7633 -1.0721 4.1929, -6.7229 -1.1136 4.0938, -6.7214 -1.1818 4.0499, -6.6781 -2.2189 2.001, -6.6812 -2.2269 2.1654, -6.6751 -2.2001 1.8382, -6.6772 -2.2163 1.9489, -6.6732 -2.185 1.7355, -6.6721 -2.1708 1.6778, -6.6663 -2.0782 1.3697, -6.6656 -2.064 1.3293, -6.6636 -2.0158 1.2246, -6.6621 -1.9775 1.1413, -6.661 -1.9455 1.086, -6.6692 -2.1312 1.5209, -6.6693 -2.1338 1.5281, -6.6558 -1.7765 0.8249, -6.6552 -1.7562 0.7961, -6.653 -1.6754 0.7021, -6.6515 -1.6189 0.6362, -6.6501 -1.5654 0.5848, -6.6441 -1.3183 0.3721, -6.6411 -1.1818 0.2808, -6.6436 -1.2958 0.3543, -6.6472 -1.4467 0.4737, -6.6476 -1.4649 0.4881, -6.6587 -1.8757 0.965, -6.6585 -1.8672 0.953, -6.7123 -1.5654 3.746, -6.711 -1.6189 3.6945, -6.7094 -1.6754 3.6286, -6.7072 -1.7562 3.5346, -6.7066 -1.7765 3.5058, -6.7188 -1.2958 3.9764, -6.7183 -1.3183 3.9586, -6.7153 -1.4467 3.857, -6.7148 -1.4649 3.8426, -6.6961 -2.0782 2.961, -6.6969 -2.064 3.0015, -6.6988 -2.0158 3.1061, -6.7004 -1.9775 3.1894, -6.7014 -1.9455 3.2447, -6.6933 -2.1312 2.8098, -6.6931 -2.1338 2.8026, -6.6903 -2.1708 2.6529, -6.6893 -2.185 2.5952, -6.6873 -2.2001 2.4925, -6.704 -1.8672 3.3777, -6.7037 -1.8757 3.3657, -6.6853 -2.2163 2.3818, -6.6843 -2.2189 2.3297, -6.8855 -0.9209 0.1378, -6.888 -1.0394 0.1987, -6.9267 -1.0719 0.1378, -6.9315 -1.0894 0.1378, -6.8896 -1.1136 0.2369, -6.9769 -0.9209 4.1929, -7.0057 -1.0432 4.1929, -6.9744 -1.0394 4.132, -7.0133 -1.0721 4.1929, -6.9729 -1.1136 4.0938, -6.9714 -1.1818 4.0499, -6.9251 -2.2001 1.8382, -6.9232 -2.185 1.7355, -6.9221 -2.1708 1.6778, -6.9272 -2.2163 1.9489, -6.9193 -2.1338 1.5281, -6.9192 -2.1312 1.5209, -6.9163 -2.0782 1.3697, -6.9156 -2.064 1.3293, -6.9136 -2.0158 1.2246, -6.9121 -1.9775 1.1413, -6.911 -1.9455 1.086, -6.9001 -1.5654 0.5848, -6.9015 -1.6189 0.6362, -6.9085 -1.8672 0.953, -6.9058 -1.7765 0.8249, -6.9052 -1.7562 0.7961, -6.903 -1.6754 0.7021, -6.8941 -1.3183 0.3721, -6.8911 -1.1818 0.2808, -6.8936 -1.2958 0.3543, -6.8972 -1.4467 0.4737, -6.8976 -1.4649 0.4881, -6.9087 -1.8757 0.965, -6.9688 -1.2958 3.9764, -6.9683 -1.3183 3.9586, -6.9623 -1.5654 3.746, -6.961 -1.6189 3.6945, -6.9594 -1.6754 3.6286, -6.9572 -1.7562 3.5346, -6.9566 -1.7765 3.5058, -6.9648 -1.4649 3.8426, -6.9653 -1.4467 3.857, -6.9514 -1.9455 3.2447, -6.9504 -1.9775 3.1894, -6.9488 -2.0158 3.1061, -6.9469 -2.064 3.0015, -6.9461 -2.0782 2.961, -6.9403 -2.1708 2.6529, -6.9431 -2.1338 2.8026, -6.9343 -2.2189 2.3297, -6.9353 -2.2163 2.3818, -6.9373 -2.2001 2.4925, -6.9393 -2.185 2.5952, -6.9433 -2.1312 2.8098, -6.954 -1.8672 3.3777, -6.9537 -1.8757 3.3657, -6.9312 -2.2269 2.1654, -6.9281 -2.2189 2.001, -7.1355 -0.9209 0.1378, -7.138 -1.0394 0.1987, -7.1767 -1.0719 0.1378, -7.1815 -1.0894 0.1378, -7.1396 -1.1136 0.2369, -7.2269 -0.9209 4.1929, -7.2557 -1.0432 4.1929, -7.2244 -1.0394 4.132, -7.2633 -1.0721 4.1929, -7.2229 -1.1136 4.0938, -7.2214 -1.1818 4.0499, -7.1781 -2.2189 2.001, -7.1812 -2.2269 2.1654, -7.1751 -2.2001 1.8382, -7.1772 -2.2163 1.9489, -7.1732 -2.185 1.7355, -7.1663 -2.0782 1.3697, -7.1656 -2.064 1.3293, -7.1636 -2.0158 1.2246, -7.1621 -1.9775 1.1413, -7.161 -1.9455 1.086, -7.1693 -2.1338 1.5281, -7.1721 -2.1708 1.6778, -7.1692 -2.1312 1.5209, -7.1558 -1.7765 0.8249, -7.1552 -1.7562 0.7961, -7.153 -1.6754 0.7021, -7.1515 -1.6189 0.6362, -7.1501 -1.5654 0.5848, -7.1441 -1.3183 0.3721, -7.1411 -1.1818 0.2808, -7.1436 -1.2958 0.3543, -7.1472 -1.4467 0.4737, -7.1476 -1.4649 0.4881, -7.1587 -1.8757 0.965, -7.1585 -1.8672 0.953, -7.2123 -1.5654 3.746, -7.211 -1.6189 3.6945, -7.2094 -1.6754 3.6286, -7.2072 -1.7562 3.5346, -7.2066 -1.7765 3.5058, -7.2188 -1.2958 3.9764, -7.2183 -1.3183 3.9586, -7.2153 -1.4467 3.857, -7.2148 -1.4649 3.8426, -7.1961 -2.0782 2.961, -7.1969 -2.064 3.0015, -7.1988 -2.0158 3.1061, -7.2004 -1.9775 3.1894, -7.2014 -1.9455 3.2447, -7.1933 -2.1312 2.8098, -7.1931 -2.1338 2.8026, -7.1903 -2.1708 2.6529, -7.1893 -2.185 2.5952, -7.1873 -2.2001 2.4925, -7.204 -1.8672 3.3777, -7.2037 -1.8757 3.3657, -7.1853 -2.2163 2.3818, -7.1843 -2.2189 2.3297, -7.3896 -1.1136 0.2369, -7.4315 -1.0894 0.1378, -7.388 -1.0394 0.1987, -7.4267 -1.0719 0.1378, -7.3855 -0.9209 0.1378, -7.4312 -2.2269 2.1654, -7.4281 -2.2189 2.001, -7.4272 -2.2163 1.9489, -7.4251 -2.2001 1.8382, -7.4232 -2.185 1.7355, -7.4221 -2.1708 1.6778, -7.4193 -2.1338 1.5281, -7.4192 -2.1312 1.5209, -7.4163 -2.0782 1.3697, -7.4156 -2.064 1.3293, -7.4136 -2.0158 1.2246, -7.4121 -1.9775 1.1413, -7.411 -1.9455 1.086, -7.4085 -1.8672 0.953, -7.4058 -1.7765 0.8249, -7.4052 -1.7562 0.7961, -7.403 -1.6754 0.7021, -7.4015 -1.6189 0.6362, -7.3972 -1.4467 0.4737, -7.3941 -1.3183 0.3721, -7.3936 -1.2958 0.3543, -7.3911 -1.1818 0.2808, -7.4001 -1.5654 0.5848, -7.3976 -1.4649 0.4881, -7.4087 -1.8757 0.965, -7.4769 -0.9209 4.1929, -7.5057 -1.0432 4.1929, -7.4744 -1.0394 4.132, -7.5133 -1.0721 4.1929, -7.4729 -1.1136 4.0938, -7.4714 -1.1818 4.0499, -7.4688 -1.2958 3.9764, -7.4683 -1.3183 3.9586, -7.4594 -1.6754 3.6286, -7.4572 -1.7562 3.5346, -7.4566 -1.7765 3.5058, -7.4653 -1.4467 3.857, -7.4648 -1.4649 3.8426, -7.4623 -1.5654 3.746, -7.461 -1.6189 3.6945, -7.4461 -2.0782 2.961, -7.4469 -2.064 3.0015, -7.4488 -2.0158 3.1061, -7.4504 -1.9775 3.1894, -7.4514 -1.9455 3.2447, -7.4433 -2.1312 2.8098, -7.4431 -2.1338 2.8026, -7.4403 -2.1708 2.6529, -7.4393 -2.185 2.5952, -7.4373 -2.2001 2.4925, -7.454 -1.8672 3.3777, -7.4537 -1.8757 3.3657, -7.4353 -2.2163 2.3818, -7.4343 -2.2189 2.3297, -6.1019 0.9209 0.1378, -6.1307 1.0432 0.1378, -6.0984 1.0885 0.2241, -6.1557 1.1378 0.1378, -6.0978 1.1161 0.2384, -6.0715 2.0722 1.3499, -6.0698 2.1029 1.4404, -6.0677 2.1409 1.5525, -6.0661 2.1605 1.6361, -6.0637 2.1903 1.7636, -6.0623 2.2003 1.8385, -6.0435 2.1213 2.843, -6.0469 2.169 2.6639, -6.0475 2.177 2.6343, -6.0507 2.2056 2.4605, -6.0546 2.2232 2.2534, -6.0515 2.2124 2.419, -6.0597 2.2192 1.9804, -6.0585 2.2214 2.0451, -6.0556 2.2266 2.1999, -6.0945 1.265 0.3347, -6.0937 1.3004 0.3576, -6.0907 1.4298 0.4607, -6.0858 1.6266 0.6445, -6.0833 1.7171 0.7511, -6.082 1.7647 0.8071, -6.0799 1.8371 0.911, -6.0785 1.8844 0.9788, -6.0897 1.4713 0.4938, -6.0869 1.581 0.6002, -6.0766 1.9404 1.0775, -6.0751 1.9862 1.1583, -6.0733 2.029 1.2536, -6.3519 0.9209 0.1378, -6.3807 1.0432 0.1378, -6.3494 1.0394 0.1987, -6.3883 1.0721 0.1378, -6.3479 1.1136 0.2369, -6.3464 1.1818 0.2808, -6.2646 1.1136 4.0938, -6.3065 1.0894 4.1929, -6.263 1.0394 4.132, -6.3017 1.0719 4.1929, -6.2605 0.9209 4.1929, -6.3022 2.2163 2.3818, -6.3001 2.2001 2.4925, -6.2982 2.185 2.5952, -6.2971 2.1708 2.6529, -6.2886 2.0158 3.1061, -6.2871 1.9775 3.1894, -6.286 1.9455 3.2447, -6.2943 2.1338 2.8026, -6.2942 2.1312 2.8098, -6.2913 2.0782 2.961, -6.2906 2.064 3.0015, -6.2722 1.4467 3.857, -6.2691 1.3183 3.9586, -6.2686 1.2958 3.9764, -6.2661 1.1818 4.0499, -6.2765 1.6189 3.6945, -6.2751 1.5654 3.746, -6.2726 1.4649 3.8426, -6.2837 1.8757 3.3657, -6.2835 1.8672 3.3777, -6.2808 1.7765 3.5058, -6.2802 1.7562 3.5346, -6.278 1.6754 3.6286, -6.3438 1.2958 0.3543, -6.3433 1.3183 0.3721, -6.3373 1.5654 0.5848, -6.336 1.6189 0.6362, -6.3344 1.6754 0.7021, -6.3322 1.7562 0.7961, -6.3316 1.7765 0.8249, -6.3398 1.4649 0.4881, -6.3403 1.4467 0.4737, -6.3264 1.9455 1.086, -6.3254 1.9775 1.1413, -6.3238 2.0158 1.2246, -6.3219 2.064 1.3293, -6.3211 2.0782 1.3697, -6.3123 2.2001 1.8382, -6.3103 2.2163 1.9489, -6.3093 2.2189 2.001, -6.3183 2.1312 1.5209, -6.3181 2.1338 1.5281, -6.3153 2.1708 1.6778, -6.3143 2.185 1.7355, -6.329 1.8672 0.953, -6.3287 1.8757 0.965, -6.3062 2.2269 2.1654, -6.3031 2.2189 2.3297, -6.5105 0.9209 4.1929, -6.513 1.0394 4.132, -6.5517 1.0719 4.1929, -6.5565 1.0894 4.1929, -6.5146 1.1136 4.0938, -6.5531 2.2189 2.3297, -6.5562 2.2269 2.1654, -6.5501 2.2001 2.4925, -6.5522 2.2163 2.3818, -6.5482 2.185 2.5952, -6.5471 2.1708 2.6529, -6.5413 2.0782 2.961, -6.5406 2.064 3.0015, -6.5386 2.0158 3.1061, -6.5371 1.9775 3.1894, -6.536 1.9455 3.2447, -6.5442 2.1312 2.8098, -6.5443 2.1338 2.8026, -6.5308 1.7765 3.5058, -6.5302 1.7562 3.5346, -6.528 1.6754 3.6286, -6.5265 1.6189 3.6945, -6.5251 1.5654 3.746, -6.5191 1.3183 3.9586, -6.5161 1.1818 4.0499, -6.5186 1.2958 3.9764, -6.5222 1.4467 3.857, -6.5226 1.4649 3.8426, -6.5337 1.8757 3.3657, -6.5335 1.8672 3.3777, -6.6019 0.9209 0.1378, -6.6307 1.0432 0.1378, -6.5994 1.0394 0.1987, -6.6383 1.0721 0.1378, -6.5979 1.1136 0.2369, -6.5964 1.1818 0.2808, -6.5938 1.2958 0.3543, -6.5933 1.3183 0.3721, -6.586 1.6189 0.6362, -6.5844 1.6754 0.7021, -6.5822 1.7562 0.7961, -6.5816 1.7765 0.8249, -6.5903 1.4467 0.4737, -6.5898 1.4649 0.4881, -6.5873 1.5654 0.5848, -6.5711 2.0782 1.3697, -6.5719 2.064 1.3293, -6.5738 2.0158 1.2246, -6.5754 1.9775 1.1413, -6.5764 1.9455 1.086, -6.5683 2.1312 1.5209, -6.5681 2.1338 1.5281, -6.5653 2.1708 1.6778, -6.5643 2.185 1.7355, -6.5623 2.2001 1.8382, -6.579 1.8672 0.953, -6.5787 1.8757 0.965, -6.5603 2.2163 1.9489, -6.5593 2.2189 2.001, -6.7605 0.9209 4.1929, -6.763 1.0394 4.132, -6.8017 1.0719 4.1929, -6.8519 0.9209 0.1378, -6.8807 1.0432 0.1378, -6.8494 1.0394 0.1987, -6.8883 1.0721 0.1378, -6.8479 1.1136 0.2369, -6.8464 1.1818 0.2808, -6.8065 1.0894 4.1929, -6.7646 1.1136 4.0938, -6.8031 2.2189 2.3297, -6.8062 2.2269 2.1654, -6.8001 2.2001 2.4925, -6.8022 2.2163 2.3818, -6.7982 2.185 2.5952, -6.7971 2.1708 2.6529, -6.7913 2.0782 2.961, -6.7906 2.064 3.0015, -6.7886 2.0158 3.1061, -6.7871 1.9775 3.1894, -6.786 1.9455 3.2447, -6.7942 2.1312 2.8098, -6.7943 2.1338 2.8026, -6.7808 1.7765 3.5058, -6.7802 1.7562 3.5346, -6.778 1.6754 3.6286, -6.7765 1.6189 3.6945, -6.7751 1.5654 3.746, -6.7691 1.3183 3.9586, -6.7661 1.1818 4.0499, -6.7686 1.2958 3.9764, -6.7722 1.4467 3.857, -6.7726 1.4649 3.8426, -6.7837 1.8757 3.3657, -6.7835 1.8672 3.3777, -6.8373 1.5654 0.5848, -6.836 1.6189 0.6362, -6.8344 1.6754 0.7021, -6.8322 1.7562 0.7961, -6.8316 1.7765 0.8249, -6.8438 1.2958 0.3543, -6.8433 1.3183 0.3721, -6.8403 1.4467 0.4737, -6.8398 1.4649 0.4881, -6.8211 2.0782 1.3697, -6.8219 2.064 1.3293, -6.8238 2.0158 1.2246, -6.8254 1.9775 1.1413, -6.8264 1.9455 1.086, -6.8183 2.1312 1.5209, -6.8181 2.1338 1.5281, -6.8153 2.1708 1.6778, -6.8143 2.185 1.7355, -6.8123 2.2001 1.8382, -6.829 1.8672 0.953, -6.8287 1.8757 0.965, -6.8103 2.2163 1.9489, -6.8093 2.2189 2.001, -7.0105 0.9209 4.1929, -7.013 1.0394 4.132, -7.0517 1.0719 4.1929, -7.1019 0.9209 0.1378, -7.1307 1.0432 0.1378, -7.0994 1.0394 0.1987, -7.1383 1.0721 0.1378, -7.0979 1.1136 0.2369, -7.0964 1.1818 0.2808, -7.0565 1.0894 4.1929, -7.0146 1.1136 4.0938, -7.0522 2.2163 2.3818, -7.0501 2.2001 2.4925, -7.0482 2.185 2.5952, -7.0471 2.1708 2.6529, -7.0386 2.0158 3.1061, -7.0371 1.9775 3.1894, -7.036 1.9455 3.2447, -7.0443 2.1338 2.8026, -7.0442 2.1312 2.8098, -7.0413 2.0782 2.961, -7.0406 2.064 3.0015, -7.0308 1.7765 3.5058, -7.0302 1.7562 3.5346, -7.028 1.6754 3.6286, -7.0265 1.6189 3.6945, -7.0251 1.5654 3.746, -7.0191 1.3183 3.9586, -7.0161 1.1818 4.0499, -7.0186 1.2958 3.9764, -7.0222 1.4467 3.857, -7.0226 1.4649 3.8426, -7.0337 1.8757 3.3657, -7.0335 1.8672 3.3777, -7.0938 1.2958 0.3543, -7.0933 1.3183 0.3721, -7.0873 1.5654 0.5848, -7.086 1.6189 0.6362, -7.0844 1.6754 0.7021, -7.0822 1.7562 0.7961, -7.0816 1.7765 0.8249, -7.0898 1.4649 0.4881, -7.0903 1.4467 0.4737, -7.0711 2.0782 1.3697, -7.0719 2.064 1.3293, -7.0738 2.0158 1.2246, -7.0754 1.9775 1.1413, -7.0764 1.9455 1.086, -7.0623 2.2001 1.8382, -7.0603 2.2163 1.9489, -7.0593 2.2189 2.001, -7.0683 2.1312 1.5209, -7.0681 2.1338 1.5281, -7.0653 2.1708 1.6778, -7.0643 2.185 1.7355, -7.079 1.8672 0.953, -7.0787 1.8757 0.965, -7.0562 2.2269 2.1654, -7.0531 2.2189 2.3297, -7.2765 1.6189 3.6945, -7.278 1.6754 3.6286, -7.2646 1.1136 4.0938, -7.3065 1.0894 4.1929, -7.263 1.0394 4.132, -7.3017 1.0719 4.1929, -7.2605 0.9209 4.1929, -7.3062 2.2269 2.1654, -7.3031 2.2189 2.3297, -7.3022 2.2163 2.3818, -7.3001 2.2001 2.4925, -7.2982 2.185 2.5952, -7.2971 2.1708 2.6529, -7.2906 2.064 3.0015, -7.2886 2.0158 3.1061, -7.2871 1.9775 3.1894, -7.286 1.9455 3.2447, -7.2943 2.1338 2.8026, -7.2942 2.1312 2.8098, -7.2913 2.0782 2.961, -7.2802 1.7562 3.5346, -7.2808 1.7765 3.5058, -7.2722 1.4467 3.857, -7.2691 1.3183 3.9586, -7.2686 1.2958 3.9764, -7.2661 1.1818 4.0499, -7.2751 1.5654 3.746, -7.2726 1.4649 3.8426, -7.2837 1.8757 3.3657, -7.2835 1.8672 3.3777, -7.3519 0.9209 0.1378, -7.3807 1.0432 0.1378, -7.3494 1.0394 0.1987, -7.3883 1.0721 0.1378, -7.3479 1.1136 0.2369, -7.3464 1.1818 0.2808, -7.3438 1.2958 0.3543, -7.3433 1.3183 0.3721, -7.3344 1.6754 0.7021, -7.3322 1.7562 0.7961, -7.3316 1.7765 0.8249, -7.3403 1.4467 0.4737, -7.3398 1.4649 0.4881, -7.3373 1.5654 0.5848, -7.336 1.6189 0.6362, -7.3153 2.1708 1.6778, -7.3123 2.2001 1.8382, -7.3143 2.185 1.7355, -7.3181 2.1338 1.5281, -7.3183 2.1312 1.5209, -7.3211 2.0782 1.3697, -7.329 1.8672 0.953, -7.3287 1.8757 0.965, -7.3264 1.9455 1.086, -7.3254 1.9775 1.1413, -7.3238 2.0158 1.2246, -7.3219 2.064 1.3293, -7.3103 2.2163 1.9489, -7.3093 2.2189 2.001, -7.4 -2.2269 2.1654, -7.3583 -1.1136 0.2369, -7.3624 -1.2958 0.3543, -7.3664 -1.4649 0.4881, -7.3702 -1.6189 0.6362, -7.374 -1.7562 0.7961, -7.3775 -1.8757 0.965, -7.3843 -2.064 1.3293, -7.3808 -1.9775 1.1413, -7.3881 -2.1338 1.5281, -7.3919 -2.185 1.7355, -7.3959 -2.2163 1.9489, -7.404 -2.2163 2.3818, -7.408 -2.185 2.5952, -7.4156 -2.064 3.0015, -7.4119 -2.1338 2.8026, -7.4225 -1.8757 3.3657, -7.4191 -1.9775 3.1894, -7.426 -1.7562 3.5346, -7.4297 -1.6189 3.6945, -7.4376 -1.2958 3.9764, -7.4336 -1.4649 3.8426, -7.4457 -0.9209 4.1929, -7.4416 -1.1136 4.0938, -7.3543 -0.9209 0.1378, -7.15 -2.2269 2.1654, -7.1083 -1.1136 0.2369, -7.1124 -1.2958 0.3543, -7.1164 -1.4649 0.4881, -7.1202 -1.6189 0.6362, -7.1275 -1.8757 0.965, -7.124 -1.7562 0.7961, -7.1343 -2.064 1.3293, -7.1308 -1.9775 1.1413, -7.1381 -2.1338 1.5281, -7.1419 -2.185 1.7355, -7.1459 -2.2163 1.9489, -7.154 -2.2163 2.3818, -7.158 -2.185 2.5952, -7.1619 -2.1338 2.8026, -7.1656 -2.064 3.0015, -7.1725 -1.8757 3.3657, -7.1691 -1.9775 3.1894, -7.176 -1.7562 3.5346, -7.1797 -1.6189 3.6945, -7.1876 -1.2958 3.9764, -7.1836 -1.4649 3.8426, -7.1957 -0.9209 4.1929, -7.1916 -1.1136 4.0938, -7.1043 -0.9209 0.1378, -6.9 -2.2269 2.1654, -6.8583 -1.1136 0.2369, -6.8624 -1.2958 0.3543, -6.8664 -1.4649 0.4881, -6.8702 -1.6189 0.6362, -6.8775 -1.8757 0.965, -6.874 -1.7562 0.7961, -6.8843 -2.064 1.3293, -6.8808 -1.9775 1.1413, -6.8881 -2.1338 1.5281, -6.8919 -2.185 1.7355, -6.8959 -2.2163 1.9489, -6.904 -2.2163 2.3818, -6.908 -2.185 2.5952, -6.9156 -2.064 3.0015, -6.9119 -2.1338 2.8026, -6.9225 -1.8757 3.3657, -6.9191 -1.9775 3.1894, -6.926 -1.7562 3.5346, -6.9297 -1.6189 3.6945, -6.9376 -1.2958 3.9764, -6.9336 -1.4649 3.8426, -6.9457 -0.9209 4.1929, -6.9416 -1.1136 4.0938, -6.8543 -0.9209 0.1378, -6.65 -2.2269 2.1654, -6.6083 -1.1136 0.2369, -6.6124 -1.2958 0.3543, -6.6164 -1.4649 0.4881, -6.6202 -1.6189 0.6362, -6.6275 -1.8757 0.965, -6.624 -1.7562 0.7961, -6.6343 -2.064 1.3293, -6.6308 -1.9775 1.1413, -6.6381 -2.1338 1.5281, -6.6419 -2.185 1.7355, -6.6459 -2.2163 1.9489, -6.654 -2.2163 2.3818, -6.658 -2.185 2.5952, -6.6656 -2.064 3.0015, -6.6619 -2.1338 2.8026, -6.6725 -1.8757 3.3657, -6.6691 -1.9775 3.1894, -6.676 -1.7562 3.5346, -6.6797 -1.6189 3.6945, -6.6836 -1.4649 3.8426, -6.6876 -1.2958 3.9764, -6.6957 -0.9209 4.1929, -6.6916 -1.1136 4.0938, -6.6043 -0.9209 0.1378, -6.4 -2.2269 2.1654, -6.3583 -1.1136 0.2369, -6.3624 -1.2958 0.3543, -6.3664 -1.4649 0.4881, -6.3702 -1.6189 0.6362, -6.374 -1.7562 0.7961, -6.3775 -1.8757 0.965, -6.3843 -2.064 1.3293, -6.3808 -1.9775 1.1413, -6.3881 -2.1338 1.5281, -6.3919 -2.185 1.7355, -6.3959 -2.2163 1.9489, -6.404 -2.2163 2.3818, -6.408 -2.185 2.5952, -6.4156 -2.064 3.0015, -6.4119 -2.1338 2.8026, -6.4225 -1.8757 3.3657, -6.4191 -1.9775 3.1894, -6.426 -1.7562 3.5346, -6.4297 -1.6189 3.6945, -6.4376 -1.2958 3.9764, -6.4336 -1.4649 3.8426, -6.4457 -0.9209 4.1929, -6.4416 -1.1136 4.0938, -6.3543 -0.9209 0.1378, -6.15 -2.2269 2.1654, -6.1083 -1.1136 0.2369, -6.1124 -1.2958 0.3543, -6.1164 -1.4649 0.4881, -6.1202 -1.6189 0.6362, -6.124 -1.7562 0.7961, -6.1275 -1.8757 0.965, -6.1343 -2.064 1.3293, -6.1308 -1.9775 1.1413, -6.1381 -2.1338 1.5281, -6.1419 -2.185 1.7355, -6.1459 -2.2163 1.9489, -6.154 -2.2163 2.3818, -6.158 -2.185 2.5952, -6.1656 -2.064 3.0015, -6.1619 -2.1338 2.8026, -6.1725 -1.8757 3.3657, -6.1691 -1.9775 3.1894, -6.176 -1.7562 3.5346, -6.1797 -1.6189 3.6945, -6.1836 -1.4649 3.8426, -6.1876 -1.2958 3.9764, -6.1957 -0.9209 4.1929, -6.1916 -1.1136 4.0938, -6.1043 -0.9209 0.1378, -6.0123 2.1213 2.843, -6.0162 2.177 2.6343, -6.0202 2.2124 2.419, -6.0243 2.2266 2.1999, -6.0284 2.2192 1.9804, -6.0325 2.1903 1.7636, -6.0364 2.1409 1.5525, -6.0402 2.0722 1.3499, -6.0438 1.9862 1.1583, -6.0472 1.8844 0.9788, -6.0508 1.7647 0.8071, -6.0545 1.6266 0.6445, -6.0584 1.4713 0.4938, -6.0625 1.3004 0.3576, -6.0707 0.9209 0.1378, -6.0666 1.1161 0.2384, -6.275 2.2269 2.1654, -6.2333 1.1136 4.0938, -6.2374 1.2958 3.9764, -6.2414 1.4649 3.8426, -6.2452 1.6189 3.6945, -6.249 1.7562 3.5346, -6.2525 1.8757 3.3657, -6.2593 2.064 3.0015, -6.2558 1.9775 3.1894, -6.2631 2.1338 2.8026, -6.2669 2.185 2.5952, -6.2709 2.2163 2.3818, -6.279 2.2163 1.9489, -6.283 2.185 1.7355, -6.2906 2.064 1.3293, -6.2869 2.1338 1.5281, -6.2975 1.8757 0.965, -6.2941 1.9775 1.1413, -6.301 1.7562 0.7961, -6.3047 1.6189 0.6362, -6.3126 1.2958 0.3543, -6.3086 1.4649 0.4881, -6.3207 0.9209 0.1378, -6.3166 1.1136 0.2369, -6.2293 0.9209 4.1929, -6.525 2.2269 2.1654, -6.4833 1.1136 4.0938, -6.4874 1.2958 3.9764, -6.4914 1.4649 3.8426, -6.4952 1.6189 3.6945, -6.5025 1.8757 3.3657, -6.499 1.7562 3.5346, -6.5093 2.064 3.0015, -6.5058 1.9775 3.1894, -6.5131 2.1338 2.8026, -6.5169 2.185 2.5952, -6.5209 2.2163 2.3818, -6.529 2.2163 1.9489, -6.533 2.185 1.7355, -6.5369 2.1338 1.5281, -6.5406 2.064 1.3293, -6.5475 1.8757 0.965, -6.5441 1.9775 1.1413, -6.551 1.7562 0.7961, -6.5547 1.6189 0.6362, -6.5586 1.4649 0.4881, -6.5626 1.2958 0.3543, -6.5707 0.9209 0.1378, -6.5666 1.1136 0.2369, -6.4793 0.9209 4.1929, -6.775 2.2269 2.1654, -6.7333 1.1136 4.0938, -6.7374 1.2958 3.9764, -6.7414 1.4649 3.8426, -6.7452 1.6189 3.6945, -6.7525 1.8757 3.3657, -6.749 1.7562 3.5346, -6.7593 2.064 3.0015, -6.7558 1.9775 3.1894, -6.7631 2.1338 2.8026, -6.7669 2.185 2.5952, -6.7709 2.2163 2.3818, -6.779 2.2163 1.9489, -6.783 2.185 1.7355, -6.7906 2.064 1.3293, -6.7869 2.1338 1.5281, -6.7975 1.8757 0.965, -6.7941 1.9775 1.1413, -6.801 1.7562 0.7961, -6.8047 1.6189 0.6362, -6.8086 1.4649 0.4881, -6.8126 1.2958 0.3543, -6.8207 0.9209 0.1378, -6.8166 1.1136 0.2369, -6.7293 0.9209 4.1929, -7.025 2.2269 2.1654, -6.9833 1.1136 4.0938, -6.9874 1.2958 3.9764, -6.9914 1.4649 3.8426, -6.9952 1.6189 3.6945, -6.999 1.7562 3.5346, -7.0025 1.8757 3.3657, -7.0093 2.064 3.0015, -7.0058 1.9775 3.1894, -7.0131 2.1338 2.8026, -7.0169 2.185 2.5952, -7.0209 2.2163 2.3818, -7.029 2.2163 1.9489, -7.033 2.185 1.7355, -7.0406 2.064 1.3293, -7.0369 2.1338 1.5281, -7.0475 1.8757 0.965, -7.0441 1.9775 1.1413, -7.051 1.7562 0.7961, -7.0547 1.6189 0.6362, -7.0586 1.4649 0.4881, -7.0626 1.2958 0.3543, -7.0707 0.9209 0.1378, -7.0666 1.1136 0.2369, -6.9793 0.9209 4.1929, -7.275 2.2269 2.1654, -7.2333 1.1136 4.0938, -7.2374 1.2958 3.9764, -7.2414 1.4649 3.8426, -7.2452 1.6189 3.6945, -7.249 1.7562 3.5346, -7.2525 1.8757 3.3657, -7.2593 2.064 3.0015, -7.2558 1.9775 3.1894, -7.2631 2.1338 2.8026, -7.2669 2.185 2.5952, -7.2709 2.2163 2.3818, -7.279 2.2163 1.9489, -7.283 2.185 1.7355, -7.2906 2.064 1.3293, -7.2869 2.1338 1.5281, -7.2975 1.8757 0.965, -7.2941 1.9775 1.1413, -7.301 1.7562 0.7961, -7.3047 1.6189 0.6362, -7.3126 1.2958 0.3543, -7.3086 1.4649 0.4881, -7.3207 0.9209 0.1378, -7.3166 1.1136 0.2369, -7.2293 0.9209 4.1929, 3.9173 -1.6732 0.7087, 3.9173 -0.7874 0.7087, 3.9173 0.0 3.5906, 3.9173 0.0 3.4449, 3.9173 0.0574 3.4436, 3.9173 -1.5748 4.6063, 3.9173 1.5748 4.6063, 3.9173 0.2847 3.4128, 3.9173 -0.7978 1.165, 3.9173 -0.9636 1.3235, 3.9173 1.0352 2.9174, 3.9173 1.1528 2.7205, 3.9173 0.7874 0.7087, 3.9173 1.6732 0.7087, 3.9173 0.5029 3.3419, 3.9173 0.7049 3.2332, 3.9173 0.8842 3.0902, 3.9173 1.2334 1.825, 3.9173 1.1528 1.6102, 3.9173 1.0352 1.4133, 3.9173 0.8842 1.2405, 3.9173 0.7049 1.0975, 3.9173 0.748 0.7087, 3.9173 0.5029 0.9888, 3.9173 0.748 0.0, 3.9173 -1.2795 2.1654, 3.9173 -1.259 2.3938, 3.9173 -0.6628 3.2598, 3.9173 -0.7978 3.1657, 3.9173 -0.9636 3.0072, 3.9173 0.2847 0.9179, 3.9173 0.0574 0.8871, 3.9173 -0.748 0.0, 3.9173 -0.1718 0.8974, 3.9173 -0.748 0.7087, 3.9173 -0.3954 0.9485, 3.9173 -0.6063 1.0386, 3.9173 -1.0984 1.5091, 3.9173 -1.1979 1.7158, 3.9173 -1.259 1.9369, 3.9173 -1.1979 2.615, 3.9173 -1.0984 2.8216, 3.9173 1.2334 2.5058, 3.9173 1.2744 2.2801, 3.9173 1.2744 2.0507, -5.9252 2.7559 0.6496, -5.9252 1.9685 0.6496, -5.9252 1.909 0.774, -5.9252 -1.9685 0.7087, -5.9252 -2.7559 0.6496, -5.9252 2.7559 3.6024, -5.9252 -1.9685 0.6496, -5.9252 2.0778 1.0417, -5.9252 2.2094 1.3295, -5.9252 -2.7559 3.6024, -4.9409 -1.5748 4.6063, -4.9409 1.5748 4.6063, -2.4213 -1.6732 -0.3937, -3.3268 -1.6732 -0.3937, -2.4213 -1.0827 -0.3937, -3.3268 -1.0827 -0.3937, -5.9252 1.7059 0.5314, -7.6968 -0.3683 4.1592, -7.6968 -0.0741 4.1916, -7.6968 -0.9271 0.3622, -7.6968 -0.6547 0.2464, -7.6968 -0.3683 0.1715, -7.6968 -0.0741 0.1392, -7.6968 -0.6547 4.0843, -7.6968 -0.9271 3.9686, -7.6968 -1.1798 3.8144, -7.6968 -1.4073 3.625, -7.6968 -1.6048 3.4045, -7.6968 -1.7681 3.1577, -7.6968 -1.8938 2.8897, -7.6968 -1.9791 2.6062, -7.6968 -2.0221 2.3134, -7.6968 -2.0221 2.0174, -7.6968 -1.1798 0.5164, -7.6968 -1.4073 0.7057, -7.6968 -1.6048 0.9262, -7.6968 -1.7681 1.173, -7.6968 -1.8938 1.4411, -7.6968 -1.9791 1.7245, -9.4685 -0.0741 0.1392, -9.4685 -0.3683 0.1715, -9.4685 -0.6547 0.2464, -9.4685 -0.9271 0.3622, -9.4685 -1.1798 0.5164, -9.4685 -1.4073 0.7057, -9.4685 -1.6048 0.9262, -9.4685 -1.7681 1.173, -9.4685 -1.8938 1.4411, -9.4685 -1.9791 1.7245, -9.4685 -2.0221 2.0174, -9.4685 -2.0276 2.1654, -9.4685 -2.0221 2.3134, -9.4685 -1.9791 2.6062, -9.4685 -1.8938 2.8897, -9.4685 -1.7681 3.1577, -9.4685 -1.6048 3.4045, -9.4685 -1.4073 3.625, -9.4685 -1.1798 3.8144, -9.4685 -0.9271 3.9686, -9.4685 -0.6547 4.0843, -9.4685 -0.3683 4.1592, -9.4685 -0.0741 4.1916, -9.4685 0.2218 4.1808, -9.4685 0.5128 4.127, -9.4685 0.793 4.0314, -9.4685 1.0562 3.8961, -9.4685 1.297 3.7238, -9.4685 1.5101 3.5184, -9.4685 1.691 3.2841, -9.4685 1.8358 3.026, -9.4685 1.9416 2.7495, -9.4685 2.006 2.4606, -9.4685 2.0276 2.1654, -9.4685 2.006 1.8701, -9.4685 1.9416 1.5812, -9.4685 1.8358 1.3047, -9.4685 1.691 1.0466, -9.4685 1.5101 0.8123, -9.4685 1.297 0.6069, -9.4685 1.0562 0.4346, -9.4685 0.793 0.2993, -9.4685 0.5128 0.2037, -9.4685 0.2218 0.15, -9.4685 -1.2795 2.1654, -9.4685 -1.259 1.9369, -9.4685 -0.1718 3.4333, -9.4685 0.0574 3.4436, -9.4685 0.2847 3.4128, -9.4685 0.5029 3.3419, -9.4685 0.7049 3.2332, -9.4685 0.8842 3.0902, -9.4685 -0.9636 3.0072, -9.4685 -0.7978 3.1657, -9.4685 -0.6063 3.2921, -9.4685 -0.3954 3.3823, -9.4685 -1.259 2.3938, -9.4685 -1.1979 2.615, -9.4685 -1.0984 2.8216, -9.4685 1.2744 2.2801, -9.4685 1.2744 2.0507, -9.4685 1.2334 1.825, -9.4685 1.1528 1.6102, -9.4685 1.0352 1.4133, -9.4685 -0.7978 1.165, -9.4685 -0.9636 1.3235, -9.4685 -1.0984 1.5091, -9.4685 -1.1979 1.7158, -9.4685 0.8842 1.2405, -9.4685 0.7049 1.0975, -9.4685 0.5029 0.9888, -9.4685 0.2847 0.9179, -9.4685 0.0574 0.8871, -9.4685 1.0352 2.9174, -9.4685 1.1528 2.7205, -9.4685 1.2334 2.5058, -9.4685 -0.1718 0.8974, -9.4685 -0.3954 0.9485, -9.4685 -0.6063 1.0386, -0.8071 -0.6628 3.2598, -0.8071 -0.0 3.4449, -0.8071 -0.1718 3.4333, -0.8071 -0.3954 3.3823, -0.8071 -0.6063 3.2921, 0.9871 -1.2747 2.2765, 0.9871 -1.2795 2.1654, 0.9871 -1.259 1.9369, 0.9871 -1.1979 1.7158, 0.9871 -1.0984 1.5091, 0.9871 -0.9636 1.3235, 0.9871 -0.8911 1.2471, -0.0624 -0.8911 1.2471, -0.0624 -1.2747 2.2765, -0.0624 -1.2795 2.1654, -0.0624 -1.259 1.9369, -0.0624 -1.1979 1.7158, -0.0624 -1.0984 1.5091, -0.0624 -0.9636 1.3235, -7.4935 1.0894 0.1378, -7.4979 1.0731 0.1378, -7.497 1.1139 0.1593, -7.5394 0.9209 0.1378, -7.4931 1.2984 0.2735, -7.4824 1.1263 0.1378, -7.4193 1.0432 4.1929, -7.4115 1.0724 4.1929, -7.4123 1.1139 4.1714, -7.3971 1.1268 4.1929, -7.4162 1.2984 4.0572, -7.448 0.9209 4.1929, -7.4514 1.081 4.1122, -7.4521 1.1128 4.0926, -7.4553 1.2601 4.0014, -7.463 1.5807 3.7339, -7.4601 1.4637 3.8413, -7.4201 1.4707 3.9266, -7.4592 1.4274 3.8746, -7.4561 1.2948 3.9751, -7.464 1.6175 3.6932, -7.4239 1.6288 3.7816, -7.4667 1.7186 3.5814, -7.4276 1.7709 3.6245, -7.4677 1.7546 3.5335, -7.4701 1.84 3.4197, -7.4343 2.0033 3.2841, -7.4734 1.9443 3.2511, -7.4311 1.8959 3.4578, -7.4712 1.874 3.3647, -7.4377 2.0954 3.1003, -7.4412 2.172 2.9052, -7.4803 2.1079 2.8834, -7.4781 2.0619 3.0007, -7.4767 2.0336 3.0727, -7.4746 1.9756 3.1885, -7.4878 2.2046 2.4799, -7.4857 2.1826 2.5948, -7.4449 2.2312 2.7008, -7.484 2.1654 2.685, -7.4818 2.1315 2.802, -7.4897 2.2139 2.3816, -7.4488 2.2715 2.4895, -7.4918 2.2244 2.2707, -7.4527 2.292 2.2739, -7.4937 2.2244 2.1654, -7.4957 2.2244 2.06, -7.4566 2.292 2.0568, -7.4978 2.2139 1.9491, -7.4605 2.2715 1.8412, -7.4644 2.2312 1.6299, -7.5018 2.1826 1.736, -7.4996 2.2046 1.8508, -7.4681 2.172 1.4255, -7.5056 2.1315 1.5287, -7.5034 2.1654 1.6457, -7.5129 1.9756 1.1422, -7.5107 2.0336 1.258, -7.4716 2.0954 1.2304, -7.5094 2.0619 1.3301, -7.5072 2.1079 1.4473, -7.514 1.9443 1.0796, -7.475 2.0033 1.0466, -7.5162 1.874 0.966, -7.4782 1.8959 0.8729, -7.4817 1.7709 0.7062, -7.5198 1.7546 0.7973, -7.5173 1.84 0.911, -7.4854 1.6288 0.5492, -7.5235 1.6175 0.6375, -7.5208 1.7186 0.7493, -7.4892 1.4707 0.4041, -7.5274 1.4637 0.4894, -7.5245 1.5807 0.5968, -7.5313 1.2948 0.3556, -7.5283 1.4274 0.4561, -7.5361 1.081 0.2185, -7.5354 1.1128 0.2381, -7.5321 1.2601 0.3293, -7.5105 0.9209 4.1929, -7.513 1.0394 4.132, -7.5517 1.0719 4.1929, -7.5565 1.0894 4.1929, -7.5146 1.1136 4.0938, -7.5531 2.2189 2.3297, -7.5562 2.2269 2.1654, -7.5501 2.2001 2.4925, -7.5522 2.2163 2.3818, -7.5482 2.185 2.5952, -7.5471 2.1708 2.6529, -7.5413 2.0782 2.961, -7.5406 2.064 3.0015, -7.5386 2.0158 3.1061, -7.5371 1.9775 3.1894, -7.536 1.9455 3.2447, -7.5442 2.1312 2.8098, -7.5443 2.1338 2.8026, -7.5308 1.7765 3.5058, -7.5302 1.7562 3.5346, -7.528 1.6754 3.6286, -7.5265 1.6189 3.6945, -7.5251 1.5654 3.746, -7.5191 1.3183 3.9586, -7.5161 1.1818 4.0499, -7.5186 1.2958 3.9764, -7.5222 1.4467 3.857, -7.5226 1.4649 3.8426, -7.5337 1.8757 3.3657, -7.5335 1.8672 3.3777, -7.6019 0.9209 0.1378, -7.6307 1.0432 0.1378, -7.5994 1.0394 0.1987, -7.6383 1.0721 0.1378, -7.5979 1.1136 0.2369, -7.5964 1.1818 0.2808, -7.5938 1.2958 0.3543, -7.5933 1.3183 0.3721, -7.5844 1.6754 0.7021, -7.5822 1.7562 0.7961, -7.5816 1.7765 0.8249, -7.5903 1.4467 0.4737, -7.5898 1.4649 0.4881, -7.5873 1.5654 0.5848, -7.586 1.6189 0.6362, -7.5653 2.1708 1.6778, -7.5623 2.2001 1.8382, -7.5643 2.185 1.7355, -7.5681 2.1338 1.5281, -7.5683 2.1312 1.5209, -7.5711 2.0782 1.3697, -7.5719 2.064 1.3293, -7.579 1.8672 0.953, -7.5787 1.8757 0.965, -7.5764 1.9455 1.086, -7.5754 1.9775 1.1413, -7.5738 2.0158 1.2246, -7.5603 2.2163 1.9489, -7.5593 2.2189 2.001, -7.525 2.2269 2.1654, -7.4833 1.1136 4.0938, -7.4874 1.2958 3.9764, -7.4914 1.4649 3.8426, -7.4952 1.6189 3.6945, -7.499 1.7562 3.5346, -7.5025 1.8757 3.3657, -7.5093 2.064 3.0015, -7.5058 1.9775 3.1894, -7.5131 2.1338 2.8026, -7.5169 2.185 2.5952, -7.5209 2.2163 2.3818, -7.529 2.2163 1.9489, -7.533 2.185 1.7355, -7.5406 2.064 1.3293, -7.5369 2.1338 1.5281, -7.5475 1.8757 0.965, -7.5441 1.9775 1.1413, -7.551 1.7562 0.7961, -7.5547 1.6189 0.6362, -7.5586 1.4649 0.4881, -7.5626 1.2958 0.3543, -7.5707 0.9209 0.1378, -7.5666 1.1136 0.2369, -7.4793 0.9209 4.1929, -4.9409 2.7559 0.6496, -5.3346 2.7559 4.1929, -4.9409 2.7559 4.1929, -4.9409 1.9685 0.6496, -5.3346 -2.7559 4.1929, -4.9409 -2.7559 4.1929, -4.9409 -2.7559 0.6496, -4.9409 -1.9685 0.6496, -5.9252 -1.6732 0.7087, -1.0039 -1.6732 0.1969, 1.8244 -1.6732 0.1969, -4.9409 1.6732 3.8189, -1.0039 1.6732 3.8189, -1.0039 1.6732 2.4508, 3.3268 1.6732 2.4508, 3.3268 1.6732 0.7087, -3.2874 -0.748 0.7087, -3.3268 -0.7874 0.7087, -3.2874 0.748 0.7087, -3.3268 0.7874 0.7087, -3.2874 0.748 0.0, -3.2874 -0.748 0.0, -5.0619 -0.18 0.0039, -5.4556 -0.0264 0.0039, -5.4556 -0.084 0.0039, -5.3452 -0.1239 0.0039, -5.3452 -0.2865 0.0039, -5.4556 -0.3241 0.0039, -5.4556 -0.3817 0.0039, -5.0619 -0.2329 0.0039
            ]
        }
        coordIndex [
            0,1,2,-1,3,4,5,-1,6,7,8,-1,9,10,11,-1,9,12,13,-1,10,14,15,-1,15,14,16,-1,17,18,19,-1,19,18,11,-1,8,20,6,-1,6,20,21,-1,6,21,22,-1,23,24,25,-1,25,24,26,-1,27,28,29,-1,30,17,31,-1,31,17,19,-1,31,19,32,-1,33,34,35,-1,29,30,27,-1,27,30,31,-1,27,31,26,-1,26,31,12,-1,26,12,25,-1,25,12,9,-1,25,9,36,-1,36,9,11,-1,5,37,3,-1,3,37,9,-1,3,9,35,-1,35,9,13,-1,35,13,38,-1,38,13,39,-1,38,39,40,-1,41,42,38,-1,38,42,43,-1,38,43,6,-1,6,43,44,-1,6,44,7,-1,38,45,35,-1,35,45,46,-1,35,46,33,-1,33,46,47,-1,40,48,38,-1,38,48,49,-1,38,49,41,-1,50,51,47,-1,47,51,52,-1,47,52,33,-1,33,52,6,-1,10,15,11,-1,11,15,53,-1,11,53,19,-1,19,53,54,-1,19,54,55,-1,56,57,53,-1,53,57,58,-1,53,58,59,-1,60,61,62,-1,63,64,65,-1,65,64,66,-1,66,67,65,-1,65,67,68,-1,65,68,69,-1,69,70,65,-1,65,70,71,-1,65,71,72,-1,73,74,75,-1,75,74,76,-1,72,77,65,-1,65,77,74,-1,65,74,78,-1,78,74,73,-1,79,80,81,-1,81,80,59,-1,81,59,62,-1,62,59,82,-1,62,82,60,-1,59,83,53,-1,53,83,84,-1,53,84,54,-1,54,84,85,-1,54,85,65,-1,65,85,86,-1,65,86,63,-1,87,88,89,-1,61,60,89,-1,89,60,90,-1,89,90,87,-1,91,92,59,-1,59,92,93,-1,59,93,94,-1,88,95,89,-1,89,95,96,-1,89,96,80,-1,80,96,97,-1,80,97,98,-1,98,99,80,-1,80,99,100,-1,80,100,59,-1,59,100,101,-1,59,101,91,-1,94,102,59,-1,59,102,103,-1,59,103,83,-1,16,14,2,-1,2,14,104,-1,2,104,0,-1,105,106,107,-1,107,106,19,-1,107,19,108,-1,108,19,55,-1,60,109,90,-1,90,109,106,-1,90,106,110,-1,110,106,105,-1,106,111,19,-1,19,111,33,-1,19,33,32,-1,32,33,6,-1,32,6,112,-1,112,6,22,-1,113,114,115,-1,115,114,116,-1,117,118,119,-1,119,118,120,-1,119,120,121,-1,122,123,124,-1,125,126,127,-1,127,126,128,-1,129,130,131,-1,131,130,132,-1,131,132,124,-1,124,132,127,-1,124,127,122,-1,122,127,128,-1,122,128,133,-1,134,135,109,-1,109,135,136,-1,109,136,106,-1,106,136,137,-1,106,137,111,-1,111,137,138,-1,111,138,139,-1,140,141,142,-1,142,141,143,-1,142,143,144,-1,145,146,147,-1,147,146,148,-1,149,150,151,-1,151,150,141,-1,151,141,152,-1,152,141,140,-1,140,147,152,-1,152,147,148,-1,152,148,153,-1,153,148,154,-1,153,154,145,-1,145,154,155,-1,145,155,146,-1,156,157,158,-1,159,160,161,-1,161,160,162,-1,163,164,162,-1,162,164,165,-1,162,165,161,-1,166,167,168,-1,168,167,169,-1,168,169,163,-1,163,169,170,-1,163,170,164,-1,171,172,173,-1,173,172,174,-1,173,174,166,-1,166,174,175,-1,166,175,167,-1,176,177,178,-1,178,177,179,-1,178,179,171,-1,171,179,180,-1,171,180,172,-1,158,157,181,-1,181,157,182,-1,181,182,183,-1,182,184,183,-1,183,184,185,-1,183,185,186,-1,186,185,187,-1,186,187,176,-1,176,187,188,-1,176,188,177,-1,156,158,189,-1,189,158,190,-1,189,190,191,-1,191,190,192,-1,191,192,193,-1,193,192,194,-1,194,192,195,-1,194,195,196,-1,196,195,197,-1,196,197,198,-1,198,197,199,-1,199,197,200,-1,199,200,201,-1,201,200,202,-1,201,202,203,-1,203,202,204,-1,204,202,205,-1,204,205,206,-1,206,205,207,-1,206,207,208,-1,208,207,209,-1,209,207,210,-1,209,210,211,-1,211,210,212,-1,211,212,213,-1,213,212,214,-1,213,214,215,-1,216,217,218,-1,215,214,219,-1,219,214,220,-1,219,220,218,-1,218,220,221,-1,218,221,216,-1,222,223,224,-1,224,223,225,-1,226,227,228,-1,228,227,229,-1,228,229,225,-1,225,229,230,-1,225,230,224,-1,226,228,231,-1,231,228,232,-1,231,232,233,-1,233,232,234,-1,234,232,235,-1,234,235,236,-1,221,237,216,-1,216,237,238,-1,216,238,235,-1,235,238,239,-1,235,239,236,-1,240,241,242,-1,242,241,243,-1,243,241,244,-1,243,244,245,-1,240,242,246,-1,246,242,247,-1,246,247,248,-1,248,247,249,-1,248,249,250,-1,250,249,251,-1,251,249,252,-1,251,252,253,-1,253,252,254,-1,253,254,255,-1,255,254,256,-1,256,254,257,-1,256,257,258,-1,258,257,259,-1,258,259,260,-1,261,262,263,-1,263,262,264,-1,263,264,259,-1,259,264,265,-1,259,265,260,-1,266,267,268,-1,268,267,269,-1,268,269,261,-1,261,269,270,-1,261,270,262,-1,271,272,273,-1,273,274,271,-1,271,274,275,-1,271,275,266,-1,266,275,276,-1,266,276,267,-1,277,278,279,-1,279,278,280,-1,279,280,281,-1,280,282,281,-1,281,282,283,-1,281,283,284,-1,284,283,285,-1,284,285,272,-1,272,285,286,-1,272,286,273,-1,287,288,289,-1,289,288,290,-1,289,290,277,-1,277,290,291,-1,277,291,278,-1,292,293,294,-1,294,293,295,-1,294,295,287,-1,287,295,296,-1,287,296,288,-1,297,298,299,-1,299,298,300,-1,299,300,292,-1,292,300,301,-1,292,301,293,-1,302,303,304,-1,304,303,305,-1,304,305,297,-1,297,305,306,-1,297,306,298,-1,307,308,302,-1,302,308,309,-1,302,309,303,-1,310,311,307,-1,307,311,312,-1,307,312,308,-1,313,314,315,-1,315,314,316,-1,315,316,310,-1,310,316,317,-1,310,317,311,-1,318,319,320,-1,320,319,321,-1,320,321,322,-1,322,321,323,-1,318,324,319,-1,319,324,325,-1,319,325,326,-1,326,325,327,-1,326,327,313,-1,313,327,328,-1,313,328,314,-1,329,330,331,-1,331,330,332,-1,331,332,323,-1,323,332,333,-1,323,333,322,-1,334,335,336,-1,334,336,337,-1,336,338,337,-1,337,338,339,-1,337,339,340,-1,340,339,341,-1,340,341,329,-1,329,341,342,-1,329,342,330,-1,343,344,345,-1,346,347,348,-1,348,347,349,-1,349,347,350,-1,349,350,351,-1,346,348,352,-1,352,348,353,-1,352,353,354,-1,354,353,355,-1,354,355,356,-1,356,355,357,-1,357,355,358,-1,357,358,359,-1,359,358,360,-1,359,360,361,-1,361,360,362,-1,361,362,363,-1,363,362,364,-1,364,362,365,-1,364,365,366,-1,367,368,369,-1,369,368,370,-1,369,370,365,-1,365,370,371,-1,365,371,366,-1,372,373,374,-1,374,373,375,-1,374,375,367,-1,367,375,376,-1,367,376,368,-1,377,378,379,-1,379,378,380,-1,378,381,380,-1,380,381,382,-1,380,382,372,-1,372,382,383,-1,372,383,373,-1,377,379,384,-1,384,379,385,-1,384,385,386,-1,386,385,387,-1,386,387,388,-1,388,387,389,-1,388,389,390,-1,390,389,391,-1,391,389,392,-1,391,392,393,-1,393,392,394,-1,393,394,395,-1,395,394,396,-1,396,394,397,-1,396,397,398,-1,398,397,399,-1,398,399,400,-1,400,399,401,-1,401,399,402,-1,401,402,403,-1,403,402,404,-1,403,404,405,-1,405,404,406,-1,406,404,407,-1,406,407,408,-1,408,407,409,-1,408,409,410,-1,410,409,411,-1,411,409,412,-1,411,412,413,-1,413,412,414,-1,413,414,415,-1,416,417,418,-1,418,417,419,-1,418,419,414,-1,414,419,420,-1,414,420,415,-1,421,422,423,-1,423,422,424,-1,423,424,416,-1,416,424,425,-1,416,425,417,-1,426,427,428,-1,428,429,426,-1,426,429,430,-1,426,430,421,-1,421,430,431,-1,421,431,422,-1,345,344,432,-1,432,344,433,-1,432,433,434,-1,433,435,434,-1,434,435,436,-1,434,436,437,-1,437,436,438,-1,437,438,427,-1,427,438,439,-1,427,439,428,-1,343,345,440,-1,440,345,441,-1,440,441,442,-1,442,441,443,-1,442,443,444,-1,445,446,447,-1,448,449,450,-1,450,449,451,-1,451,449,452,-1,451,452,453,-1,448,450,454,-1,454,450,455,-1,454,455,456,-1,456,455,457,-1,456,457,458,-1,458,457,459,-1,459,457,460,-1,459,460,461,-1,461,460,462,-1,461,462,463,-1,463,462,464,-1,464,462,465,-1,464,465,466,-1,466,465,467,-1,466,467,468,-1,469,470,471,-1,471,470,472,-1,471,472,467,-1,467,472,473,-1,467,473,468,-1,474,475,476,-1,476,475,477,-1,476,477,469,-1,469,477,478,-1,469,478,470,-1,479,480,481,-1,481,480,482,-1,480,483,482,-1,482,483,484,-1,482,484,474,-1,474,484,485,-1,474,485,475,-1,479,481,486,-1,486,481,487,-1,486,487,488,-1,488,487,489,-1,488,489,490,-1,490,489,491,-1,490,491,492,-1,492,491,493,-1,493,491,494,-1,493,494,495,-1,495,494,496,-1,495,496,497,-1,497,496,498,-1,498,496,499,-1,498,499,500,-1,500,499,501,-1,500,501,502,-1,502,501,503,-1,503,501,504,-1,503,504,505,-1,505,504,506,-1,505,506,507,-1,507,506,508,-1,508,506,509,-1,508,509,510,-1,510,509,511,-1,510,511,512,-1,512,511,513,-1,513,511,514,-1,513,514,515,-1,515,514,516,-1,515,516,517,-1,518,519,520,-1,520,519,521,-1,520,521,516,-1,516,521,522,-1,516,522,517,-1,523,524,525,-1,525,524,526,-1,525,526,518,-1,518,526,527,-1,518,527,519,-1,528,529,530,-1,530,531,528,-1,528,531,532,-1,528,532,523,-1,523,532,533,-1,523,533,524,-1,447,446,534,-1,534,446,535,-1,534,535,536,-1,535,537,536,-1,536,537,538,-1,536,538,539,-1,539,538,540,-1,539,540,529,-1,529,540,541,-1,529,541,530,-1,445,447,542,-1,542,447,543,-1,542,543,544,-1,544,543,545,-1,544,545,546,-1,547,548,549,-1,550,551,552,-1,552,551,553,-1,553,551,554,-1,553,554,555,-1,550,552,556,-1,556,552,557,-1,556,557,558,-1,558,557,559,-1,558,559,560,-1,560,559,561,-1,561,559,562,-1,561,562,563,-1,563,562,564,-1,563,564,565,-1,565,564,566,-1,566,564,567,-1,566,567,568,-1,568,567,569,-1,568,569,570,-1,571,572,573,-1,573,572,574,-1,573,574,569,-1,569,574,575,-1,569,575,570,-1,576,577,578,-1,578,577,579,-1,578,579,571,-1,571,579,580,-1,571,580,572,-1,581,582,583,-1,583,584,581,-1,581,584,585,-1,581,585,576,-1,576,585,586,-1,576,586,577,-1,587,588,589,-1,589,588,590,-1,589,590,591,-1,590,592,591,-1,591,592,593,-1,591,593,594,-1,594,593,595,-1,594,595,582,-1,582,595,596,-1,582,596,583,-1,597,598,599,-1,599,598,600,-1,599,600,587,-1,587,600,601,-1,587,601,588,-1,602,603,604,-1,604,603,605,-1,604,605,597,-1,597,605,606,-1,597,606,598,-1,607,608,609,-1,609,608,610,-1,609,610,602,-1,602,610,611,-1,602,611,603,-1,612,613,614,-1,614,613,615,-1,614,615,607,-1,607,615,616,-1,607,616,608,-1,617,618,612,-1,612,618,619,-1,612,619,613,-1,620,621,622,-1,622,623,620,-1,620,623,624,-1,620,624,617,-1,617,624,625,-1,617,625,618,-1,626,627,628,-1,628,627,629,-1,628,629,621,-1,621,629,630,-1,621,630,622,-1,631,632,633,-1,633,634,631,-1,631,634,635,-1,631,635,626,-1,626,635,636,-1,626,636,627,-1,549,548,637,-1,637,548,638,-1,637,638,639,-1,638,640,639,-1,639,640,641,-1,639,641,642,-1,642,641,643,-1,642,643,632,-1,632,643,644,-1,632,644,633,-1,547,549,645,-1,645,549,646,-1,645,646,647,-1,647,646,648,-1,647,648,649,-1,650,651,652,-1,652,651,653,-1,652,653,654,-1,654,653,655,-1,654,655,656,-1,657,658,659,-1,659,658,660,-1,659,660,650,-1,650,660,661,-1,650,661,651,-1,662,663,664,-1,664,663,665,-1,664,665,657,-1,657,665,666,-1,657,666,658,-1,667,668,662,-1,662,668,669,-1,662,669,663,-1,670,671,667,-1,667,671,672,-1,667,672,668,-1,673,674,675,-1,675,674,676,-1,675,676,670,-1,670,676,677,-1,670,677,671,-1,678,679,680,-1,680,679,681,-1,680,681,682,-1,682,681,683,-1,678,684,679,-1,679,684,685,-1,679,685,686,-1,686,685,687,-1,686,687,673,-1,673,687,688,-1,673,688,674,-1,689,690,691,-1,691,690,692,-1,691,692,683,-1,683,692,693,-1,683,693,682,-1,694,695,696,-1,696,695,697,-1,696,697,689,-1,689,697,698,-1,689,698,690,-1,699,700,701,-1,701,700,702,-1,701,702,694,-1,694,702,703,-1,694,703,695,-1,704,705,706,-1,706,705,707,-1,706,707,708,-1,708,707,709,-1,708,709,699,-1,699,709,710,-1,699,710,700,-1,711,712,713,-1,713,712,714,-1,713,714,704,-1,704,714,715,-1,704,715,705,-1,716,717,711,-1,711,717,718,-1,711,718,712,-1,719,720,716,-1,716,720,721,-1,716,721,717,-1,722,723,724,-1,722,724,725,-1,725,724,726,-1,725,726,727,-1,726,728,727,-1,727,728,729,-1,727,729,730,-1,730,729,731,-1,730,731,719,-1,719,731,732,-1,719,732,720,-1,733,734,735,-1,735,734,736,-1,735,736,722,-1,722,736,737,-1,722,737,723,-1,738,739,740,-1,740,739,741,-1,740,741,733,-1,733,741,742,-1,733,742,734,-1,743,744,745,-1,743,745,746,-1,745,747,746,-1,746,747,748,-1,746,748,749,-1,749,748,750,-1,749,750,738,-1,738,750,751,-1,738,751,739,-1,752,753,754,-1,755,756,757,-1,755,757,758,-1,758,757,759,-1,758,759,760,-1,761,762,763,-1,763,762,764,-1,763,764,759,-1,759,764,765,-1,759,765,760,-1,766,767,768,-1,768,767,769,-1,768,769,763,-1,763,769,770,-1,763,770,761,-1,753,771,754,-1,754,771,772,-1,754,772,768,-1,768,772,773,-1,768,773,766,-1,774,775,776,-1,776,775,777,-1,776,777,754,-1,754,777,778,-1,754,778,752,-1,779,780,781,-1,781,780,782,-1,781,782,776,-1,776,782,783,-1,776,783,774,-1,784,785,786,-1,786,785,787,-1,786,787,781,-1,781,787,788,-1,781,788,779,-1,789,790,791,-1,789,791,786,-1,786,791,792,-1,786,792,784,-1,793,794,795,-1,795,794,796,-1,795,796,789,-1,789,796,797,-1,789,797,790,-1,798,799,800,-1,800,799,801,-1,800,801,795,-1,795,801,802,-1,795,802,793,-1,803,804,805,-1,805,804,806,-1,805,806,800,-1,800,806,807,-1,800,807,798,-1,808,809,810,-1,810,809,811,-1,810,811,805,-1,805,811,812,-1,805,812,803,-1,813,814,815,-1,815,814,816,-1,815,816,810,-1,810,816,817,-1,810,817,808,-1,818,819,820,-1,820,819,821,-1,820,821,815,-1,815,821,822,-1,815,822,813,-1,823,824,825,-1,825,824,826,-1,825,826,820,-1,820,826,827,-1,820,827,818,-1,828,829,830,-1,828,830,825,-1,825,830,831,-1,825,831,823,-1,832,136,833,-1,833,136,135,-1,833,135,834,-1,835,836,837,-1,837,836,838,-1,837,838,839,-1,839,838,840,-1,839,840,134,-1,134,840,841,-1,134,841,135,-1,135,841,842,-1,135,842,834,-1,843,844,845,-1,843,845,846,-1,845,847,846,-1,846,847,848,-1,846,848,835,-1,835,848,849,-1,835,849,836,-1,850,851,852,-1,850,852,853,-1,852,854,853,-1,853,854,855,-1,853,855,843,-1,843,855,856,-1,843,856,844,-1,851,850,857,-1,857,850,858,-1,857,858,859,-1,860,861,862,-1,862,861,863,-1,862,863,864,-1,864,863,865,-1,864,865,858,-1,858,865,866,-1,858,866,859,-1,860,862,867,-1,867,862,868,-1,867,868,869,-1,870,871,872,-1,870,872,868,-1,868,872,873,-1,868,873,869,-1,871,870,874,-1,874,870,875,-1,874,875,876,-1,877,878,879,-1,877,879,880,-1,879,881,880,-1,880,881,882,-1,880,882,875,-1,875,882,883,-1,875,883,876,-1,878,877,884,-1,884,877,885,-1,884,885,886,-1,887,888,889,-1,887,889,890,-1,890,889,891,-1,890,891,892,-1,891,893,892,-1,892,893,894,-1,892,894,895,-1,895,894,896,-1,895,896,897,-1,896,898,897,-1,897,898,899,-1,897,899,900,-1,900,899,901,-1,900,901,902,-1,901,903,902,-1,902,903,904,-1,902,904,905,-1,904,906,905,-1,905,906,907,-1,905,907,908,-1,909,910,911,-1,911,910,912,-1,911,912,913,-1,913,912,914,-1,907,915,908,-1,908,915,916,-1,908,916,917,-1,917,916,918,-1,917,918,914,-1,914,918,919,-1,914,919,913,-1,909,920,910,-1,910,920,921,-1,910,921,922,-1,923,924,925,-1,925,924,926,-1,925,926,927,-1,921,928,922,-1,922,928,929,-1,922,929,930,-1,930,929,931,-1,930,931,923,-1,923,931,932,-1,923,932,924,-1,926,933,927,-1,927,933,934,-1,927,934,935,-1,935,934,936,-1,935,936,937,-1,936,938,937,-1,937,938,939,-1,937,939,940,-1,940,939,941,-1,940,941,942,-1,941,943,942,-1,942,943,944,-1,942,944,945,-1,945,944,946,-1,945,946,947,-1,946,948,947,-1,947,948,949,-1,947,949,950,-1,950,949,951,-1,950,951,952,-1,951,953,952,-1,952,953,954,-1,952,954,955,-1,954,956,955,-1,955,956,957,-1,955,957,958,-1,959,960,961,-1,957,962,958,-1,958,962,963,-1,958,963,964,-1,964,963,965,-1,964,965,966,-1,966,965,967,-1,966,967,960,-1,960,967,968,-1,960,968,961,-1,961,969,959,-1,959,969,970,-1,959,970,971,-1,972,973,974,-1,974,973,975,-1,974,975,976,-1,970,977,971,-1,971,977,978,-1,971,978,979,-1,979,978,980,-1,979,980,972,-1,972,980,981,-1,972,981,973,-1,982,983,984,-1,975,985,976,-1,976,985,986,-1,976,986,987,-1,987,986,988,-1,987,988,984,-1,984,988,989,-1,984,989,982,-1,990,991,992,-1,990,992,993,-1,993,992,994,-1,993,994,995,-1,994,996,995,-1,995,996,997,-1,995,997,998,-1,998,997,999,-1,998,999,1000,-1,999,1001,1000,-1,1000,1001,1002,-1,1000,1002,1003,-1,1003,1002,1004,-1,1003,1004,1005,-1,1004,1006,1005,-1,1005,1006,1007,-1,1005,1007,1008,-1,1007,1009,1008,-1,1008,1009,1010,-1,1008,1010,1011,-1,1012,1013,1014,-1,1014,1013,1015,-1,1014,1015,1016,-1,1016,1015,1017,-1,1010,1018,1011,-1,1011,1018,1019,-1,1011,1019,1020,-1,1020,1019,1021,-1,1020,1021,1017,-1,1017,1021,1022,-1,1017,1022,1016,-1,1012,1023,1013,-1,1013,1023,1024,-1,1013,1024,1025,-1,1025,1024,1026,-1,1025,1026,1027,-1,1026,1028,1027,-1,1027,1028,1029,-1,1027,1029,1030,-1,1030,1029,1031,-1,1030,1031,1032,-1,1031,1033,1032,-1,1032,1033,1034,-1,1032,1034,1035,-1,1035,1034,1036,-1,1035,1036,1037,-1,1036,1038,1037,-1,1037,1038,1039,-1,1037,1039,1040,-1,1040,1039,1041,-1,1040,1041,1042,-1,1041,1043,1042,-1,1042,1043,1044,-1,1042,1044,1045,-1,1044,1046,1045,-1,1045,1046,1047,-1,1045,1047,1048,-1,1048,1047,1049,-1,1048,1049,1050,-1,1050,1049,1051,-1,1050,1051,1052,-1,1053,1054,1055,-1,1055,1054,1056,-1,1055,1056,1057,-1,1057,1056,1052,-1,1057,1052,1058,-1,1058,1052,1051,-1,1053,1059,1054,-1,1054,1059,1060,-1,1054,1060,1061,-1,1061,1060,1062,-1,1061,1062,1063,-1,1064,1065,1066,-1,1062,1067,1063,-1,1063,1067,1068,-1,1063,1068,1069,-1,1069,1068,1070,-1,1069,1070,1065,-1,1065,1070,1071,-1,1065,1071,1066,-1,1072,1073,1074,-1,1074,1073,1075,-1,1074,1075,1076,-1,1066,1077,1064,-1,1064,1077,1078,-1,1064,1078,1072,-1,1072,1078,1079,-1,1072,1079,1073,-1,1080,1081,1082,-1,1082,1081,1083,-1,1082,1083,1084,-1,1075,1085,1076,-1,1076,1085,1086,-1,1076,1086,1087,-1,1087,1086,1088,-1,1087,1088,1089,-1,1089,1088,1090,-1,1089,1090,1080,-1,1080,1090,1091,-1,1080,1091,1081,-1,1092,1093,1094,-1,1092,1094,1095,-1,1095,1094,1096,-1,1095,1096,1097,-1,1096,1098,1097,-1,1097,1098,1099,-1,1097,1099,1100,-1,1100,1099,1101,-1,1100,1101,1102,-1,1101,1103,1102,-1,1102,1103,1104,-1,1102,1104,1105,-1,1105,1104,1106,-1,1105,1106,1107,-1,1106,1108,1107,-1,1107,1108,1109,-1,1107,1109,1110,-1,1109,1111,1110,-1,1110,1111,1112,-1,1110,1112,1113,-1,1114,1115,1116,-1,1116,1115,1117,-1,1116,1117,1118,-1,1118,1117,1119,-1,1112,1120,1113,-1,1113,1120,1121,-1,1113,1121,1122,-1,1122,1121,1123,-1,1122,1123,1119,-1,1119,1123,1124,-1,1119,1124,1118,-1,1114,1125,1115,-1,1115,1125,1126,-1,1115,1126,1127,-1,1127,1126,1128,-1,1127,1128,1129,-1,1128,1130,1129,-1,1129,1130,1131,-1,1129,1131,1132,-1,1132,1131,1133,-1,1132,1133,1134,-1,1133,1135,1134,-1,1134,1135,1136,-1,1134,1136,1137,-1,1137,1136,1138,-1,1137,1138,1139,-1,1138,1140,1139,-1,1139,1140,1141,-1,1139,1141,1142,-1,1142,1141,1143,-1,1142,1143,1144,-1,1143,1145,1144,-1,1144,1145,1146,-1,1144,1146,1147,-1,1147,1146,1148,-1,1147,1148,1149,-1,1148,1150,1149,-1,1149,1150,1151,-1,1149,1151,1152,-1,1152,1151,1153,-1,1152,1153,1154,-1,1154,1153,1155,-1,1154,1155,1156,-1,1155,1157,1156,-1,1156,1157,1158,-1,1156,1158,1159,-1,1158,1160,1159,-1,1159,1160,1161,-1,1159,1161,1162,-1,1161,1163,1162,-1,1162,1163,1164,-1,1162,1164,1165,-1,1165,1164,1166,-1,1165,1166,1167,-1,1168,1169,1170,-1,1170,1169,1171,-1,1170,1171,1172,-1,1172,1171,1167,-1,1172,1167,1173,-1,1173,1167,1166,-1,1168,1174,1169,-1,1169,1174,1175,-1,1169,1175,1176,-1,1176,1175,1177,-1,1176,1177,1178,-1,1177,1179,1178,-1,1178,1179,1180,-1,1178,1180,1181,-1,1181,1180,1182,-1,1181,1182,1183,-1,1184,1185,1186,-1,1186,1185,1187,-1,1186,1187,1188,-1,1182,1189,1183,-1,1183,1189,1190,-1,1183,1190,1191,-1,1191,1190,1192,-1,1191,1192,1184,-1,1184,1192,1193,-1,1184,1193,1185,-1,1194,1195,1196,-1,1194,1196,1197,-1,1197,1196,1198,-1,1197,1198,1199,-1,1200,1201,1202,-1,1202,1201,1203,-1,1202,1203,1204,-1,1204,1203,1199,-1,1204,1199,1205,-1,1205,1199,1198,-1,1200,1206,1201,-1,1201,1206,1207,-1,1201,1207,1208,-1,1208,1207,1209,-1,1208,1209,1210,-1,1209,1211,1210,-1,1210,1211,1212,-1,1210,1212,1213,-1,1212,1214,1213,-1,1213,1214,1215,-1,1213,1215,1216,-1,1217,1218,1219,-1,1215,1220,1216,-1,1216,1220,1221,-1,1216,1221,1222,-1,1222,1221,1223,-1,1222,1223,1224,-1,1224,1223,1225,-1,1224,1225,1218,-1,1218,1225,1226,-1,1218,1226,1219,-1,1219,1227,1217,-1,1217,1227,1228,-1,1217,1228,1229,-1,1230,1231,1232,-1,1232,1231,1233,-1,1232,1233,1234,-1,1234,1233,1235,-1,1228,1236,1229,-1,1229,1236,1237,-1,1229,1237,1238,-1,1238,1237,1239,-1,1238,1239,1235,-1,1235,1239,1240,-1,1235,1240,1234,-1,1230,1241,1231,-1,1231,1241,1242,-1,1231,1242,1243,-1,1243,1242,1244,-1,1243,1244,1245,-1,1244,1246,1245,-1,1245,1246,1247,-1,1245,1247,1248,-1,1248,1247,1249,-1,1248,1249,1250,-1,1249,1251,1250,-1,1250,1251,1252,-1,1250,1252,1253,-1,1253,1252,1254,-1,1253,1254,1255,-1,1254,1256,1255,-1,1255,1256,1257,-1,1255,1257,1258,-1,1258,1257,1259,-1,1258,1259,1260,-1,1259,1261,1260,-1,1260,1261,1262,-1,1260,1262,1263,-1,1262,1264,1263,-1,1263,1264,1265,-1,1263,1265,1266,-1,1265,1267,1266,-1,1266,1267,1268,-1,1266,1268,1269,-1,1269,1268,1270,-1,1269,1270,1271,-1,1270,1272,1271,-1,1271,1272,1273,-1,1271,1273,1274,-1,1274,1273,1275,-1,1274,1275,1276,-1,1275,1277,1276,-1,1276,1277,1278,-1,1276,1278,1279,-1,1280,1281,1282,-1,1282,1281,1283,-1,1282,1283,1284,-1,1278,1285,1279,-1,1279,1285,1286,-1,1279,1286,1287,-1,1287,1286,1288,-1,1287,1288,1280,-1,1280,1288,1289,-1,1280,1289,1281,-1,1290,1291,1292,-1,1292,1291,1293,-1,1292,1293,1294,-1,1283,1295,1284,-1,1284,1295,1296,-1,1284,1296,1290,-1,1290,1296,1297,-1,1290,1297,1291,-1,1298,1299,1300,-1,1298,1300,1301,-1,1301,1300,1302,-1,1301,1302,1303,-1,1302,1304,1303,-1,1303,1304,1305,-1,1303,1305,1306,-1,1306,1305,1307,-1,1306,1307,1308,-1,1307,1309,1308,-1,1308,1309,1310,-1,1308,1310,1311,-1,1311,1310,1312,-1,1311,1312,1313,-1,1312,1314,1313,-1,1313,1314,1315,-1,1313,1315,1316,-1,1315,1317,1316,-1,1316,1317,1318,-1,1316,1318,1319,-1,1320,1321,1322,-1,1322,1321,1323,-1,1322,1323,1324,-1,1324,1323,1325,-1,1318,1326,1319,-1,1319,1326,1327,-1,1319,1327,1328,-1,1328,1327,1329,-1,1328,1329,1325,-1,1325,1329,1330,-1,1325,1330,1324,-1,1320,1331,1321,-1,1321,1331,1332,-1,1321,1332,1333,-1,1333,1332,1334,-1,1333,1334,1335,-1,1334,1336,1335,-1,1335,1336,1337,-1,1335,1337,1338,-1,1338,1337,1339,-1,1338,1339,1340,-1,1339,1341,1340,-1,1340,1341,1342,-1,1340,1342,1343,-1,1343,1342,1344,-1,1343,1344,1345,-1,1344,1346,1345,-1,1345,1346,1347,-1,1345,1347,1348,-1,1348,1347,1349,-1,1348,1349,1350,-1,1349,1351,1350,-1,1350,1351,1352,-1,1350,1352,1353,-1,1353,1352,1354,-1,1353,1354,1355,-1,1354,1356,1355,-1,1355,1356,1357,-1,1355,1357,1358,-1,1358,1357,1359,-1,1358,1359,1360,-1,1360,1359,1361,-1,1360,1361,1362,-1,1361,1363,1362,-1,1362,1363,1364,-1,1362,1364,1365,-1,1364,1366,1365,-1,1365,1366,1367,-1,1365,1367,1368,-1,1367,1369,1368,-1,1368,1369,1370,-1,1368,1370,1371,-1,1371,1370,1372,-1,1371,1372,1373,-1,1374,1375,1376,-1,1376,1375,1377,-1,1376,1377,1378,-1,1378,1377,1373,-1,1378,1373,1379,-1,1379,1373,1372,-1,1374,1380,1375,-1,1375,1380,1381,-1,1375,1381,1382,-1,1382,1381,1383,-1,1382,1383,1384,-1,1383,1385,1384,-1,1384,1385,1386,-1,1384,1386,1387,-1,1387,1386,1388,-1,1387,1388,1389,-1,1390,1391,1392,-1,1392,1391,1393,-1,1392,1393,1394,-1,1388,1395,1389,-1,1389,1395,1396,-1,1389,1396,1397,-1,1397,1396,1398,-1,1397,1398,1390,-1,1390,1398,1399,-1,1390,1399,1391,-1,1400,1401,1402,-1,1403,1404,1405,-1,1406,1407,1408,-1,1409,1410,1411,-1,1412,1413,1414,-1,1414,1413,1409,-1,1414,1409,1415,-1,1415,1409,1411,-1,1407,1416,1408,-1,1408,1416,1417,-1,1408,1417,1409,-1,1409,1417,1418,-1,1409,1418,1410,-1,1406,1408,1419,-1,1419,1408,1420,-1,1419,1420,1421,-1,1422,1423,1424,-1,1424,1425,1422,-1,1422,1425,1426,-1,1422,1426,1420,-1,1420,1426,1427,-1,1420,1427,1421,-1,1428,1429,1430,-1,1430,1429,1431,-1,1430,1431,1422,-1,1422,1431,1432,-1,1422,1432,1423,-1,1433,1434,1435,-1,1435,1434,1436,-1,1435,1436,1430,-1,1430,1436,1437,-1,1430,1437,1428,-1,1404,1438,1405,-1,1405,1438,1439,-1,1405,1439,1435,-1,1435,1439,1440,-1,1435,1440,1433,-1,1441,1442,1405,-1,1405,1442,1443,-1,1405,1443,1403,-1,1444,1445,1446,-1,1446,1445,1447,-1,1446,1447,1441,-1,1441,1447,1448,-1,1441,1448,1442,-1,1449,1450,1451,-1,1451,1450,1452,-1,1451,1452,1446,-1,1446,1452,1453,-1,1446,1453,1444,-1,1454,1455,1456,-1,1456,1455,1457,-1,1456,1457,1451,-1,1451,1457,1458,-1,1451,1458,1449,-1,1401,1459,1402,-1,1402,1459,1460,-1,1402,1460,1456,-1,1456,1460,1461,-1,1456,1461,1454,-1,1462,1463,1464,-1,1464,1463,1465,-1,1464,1465,1466,-1,1462,1467,1463,-1,1463,1467,1468,-1,1463,1468,1402,-1,1402,1468,1469,-1,1402,1469,1400,-1,1470,1471,1472,-1,1472,1471,1473,-1,1472,1473,1465,-1,1465,1473,1474,-1,1465,1474,1466,-1,1475,1476,1477,-1,1477,1478,1475,-1,1475,1478,1479,-1,1475,1479,1472,-1,1472,1479,1480,-1,1472,1480,1470,-1,828,1481,1482,-1,1483,757,1484,-1,1484,757,1485,-1,1482,1486,828,-1,828,1486,1487,-1,828,1487,1488,-1,1481,828,1489,-1,1489,828,825,-1,1489,825,1490,-1,1490,825,820,-1,1490,820,1491,-1,1492,754,1493,-1,1493,754,768,-1,1493,768,1494,-1,1494,768,763,-1,1494,763,1495,-1,1495,763,759,-1,1495,759,1496,-1,1496,759,757,-1,1496,757,1497,-1,1497,757,1483,-1,820,815,1491,-1,1491,815,810,-1,1491,810,1498,-1,1498,810,805,-1,1498,805,1499,-1,1499,805,800,-1,1499,800,1500,-1,1500,800,795,-1,1500,795,1501,-1,1501,795,789,-1,1501,789,1502,-1,1502,789,786,-1,1502,786,1503,-1,1503,786,781,-1,1503,781,1492,-1,1492,781,776,-1,1492,776,754,-1,1504,1505,1506,-1,1506,1505,1507,-1,1506,1507,1508,-1,1509,1510,1511,-1,1511,1510,1512,-1,1513,1392,1511,-1,1511,1392,1514,-1,1511,1514,1509,-1,1515,1504,1516,-1,1516,1504,1506,-1,1516,1506,1517,-1,1517,1506,1508,-1,1517,1508,1518,-1,1519,1520,1521,-1,1521,1520,1522,-1,1521,1522,1508,-1,1508,1522,1523,-1,1508,1523,1518,-1,1524,1525,1526,-1,1526,1525,1527,-1,1526,1527,1528,-1,1528,1527,1529,-1,1530,1531,1532,-1,1532,1531,1533,-1,1534,1535,1536,-1,1536,1537,1534,-1,1534,1537,1538,-1,1534,1538,1530,-1,1530,1538,1539,-1,1530,1539,1531,-1,1540,1541,1542,-1,1542,1541,1543,-1,1542,1543,1535,-1,1535,1543,1544,-1,1535,1544,1536,-1,1545,1546,1547,-1,1547,1546,1548,-1,1547,1548,1549,-1,1550,1551,1552,-1,1552,1551,1553,-1,1554,1555,1553,-1,1553,1555,1556,-1,1553,1556,1552,-1,1557,1558,1554,-1,1554,1558,1559,-1,1554,1559,1555,-1,1560,1561,1562,-1,1562,1561,1563,-1,1562,1563,1557,-1,1557,1563,1564,-1,1557,1564,1558,-1,1565,1566,1567,-1,1567,1566,1568,-1,1569,1570,1568,-1,1568,1570,1571,-1,1568,1571,1567,-1,1572,1573,1569,-1,1569,1573,1574,-1,1569,1574,1570,-1,1575,1576,1572,-1,1572,1576,1577,-1,1572,1577,1573,-1,1513,1578,1575,-1,1575,1578,1579,-1,1575,1579,1576,-1,1512,1580,1511,-1,1511,1580,1581,-1,1511,1581,1513,-1,1513,1581,1582,-1,1513,1582,1578,-1,1507,1298,1508,-1,1508,1298,1301,-1,1508,1301,1521,-1,1521,1301,1303,-1,1303,1306,1521,-1,1521,1306,1525,-1,1521,1525,1519,-1,1519,1525,1524,-1,1313,1527,1311,-1,1311,1527,1525,-1,1311,1525,1308,-1,1308,1525,1306,-1,1313,1316,1527,-1,1527,1316,1532,-1,1527,1532,1529,-1,1529,1532,1533,-1,1316,1319,1532,-1,1532,1319,1328,-1,1532,1328,1530,-1,1530,1328,1325,-1,1530,1325,1534,-1,1325,1323,1534,-1,1534,1323,1321,-1,1534,1321,1535,-1,1535,1321,1333,-1,1535,1333,1542,-1,1542,1333,1335,-1,1335,1338,1542,-1,1542,1338,1546,-1,1542,1546,1540,-1,1540,1546,1545,-1,1345,1548,1343,-1,1343,1548,1546,-1,1343,1546,1340,-1,1340,1546,1338,-1,1345,1348,1548,-1,1548,1348,1551,-1,1548,1551,1549,-1,1549,1551,1550,-1,1348,1350,1551,-1,1551,1350,1353,-1,1551,1353,1553,-1,1553,1353,1355,-1,1553,1355,1554,-1,1355,1358,1554,-1,1554,1358,1360,-1,1554,1360,1557,-1,1557,1360,1362,-1,1557,1362,1562,-1,1562,1362,1365,-1,1365,1368,1562,-1,1562,1368,1566,-1,1562,1566,1560,-1,1560,1566,1565,-1,1368,1371,1566,-1,1566,1371,1373,-1,1566,1373,1568,-1,1568,1373,1377,-1,1568,1377,1569,-1,1569,1377,1375,-1,1375,1382,1569,-1,1569,1382,1384,-1,1569,1384,1572,-1,1572,1384,1387,-1,1572,1387,1575,-1,1387,1389,1575,-1,1575,1389,1397,-1,1575,1397,1513,-1,1513,1397,1390,-1,1513,1390,1392,-1,1583,1584,1585,-1,1585,1584,1586,-1,1585,1586,1587,-1,1588,1589,1590,-1,1590,1589,1591,-1,1592,1292,1590,-1,1590,1292,1593,-1,1590,1593,1588,-1,1594,1583,1595,-1,1595,1583,1585,-1,1595,1585,1596,-1,1596,1585,1587,-1,1596,1587,1597,-1,1598,1599,1600,-1,1600,1599,1601,-1,1600,1601,1587,-1,1587,1601,1602,-1,1587,1602,1597,-1,1603,1604,1605,-1,1605,1604,1606,-1,1605,1606,1607,-1,1607,1606,1608,-1,1609,1610,1611,-1,1611,1610,1612,-1,1613,1614,1615,-1,1615,1616,1613,-1,1613,1616,1617,-1,1613,1617,1609,-1,1609,1617,1618,-1,1609,1618,1610,-1,1619,1620,1621,-1,1621,1620,1622,-1,1621,1622,1614,-1,1614,1622,1623,-1,1614,1623,1615,-1,1624,1625,1626,-1,1626,1625,1627,-1,1626,1627,1628,-1,1629,1630,1631,-1,1631,1630,1632,-1,1633,1634,1632,-1,1632,1634,1635,-1,1632,1635,1631,-1,1636,1637,1633,-1,1633,1637,1638,-1,1633,1638,1634,-1,1639,1640,1641,-1,1641,1640,1642,-1,1641,1642,1636,-1,1636,1642,1643,-1,1636,1643,1637,-1,1644,1645,1646,-1,1646,1645,1647,-1,1648,1649,1647,-1,1647,1649,1650,-1,1647,1650,1646,-1,1651,1652,1648,-1,1648,1652,1653,-1,1648,1653,1649,-1,1654,1655,1651,-1,1651,1655,1656,-1,1651,1656,1652,-1,1592,1657,1654,-1,1654,1657,1658,-1,1654,1658,1655,-1,1591,1659,1590,-1,1590,1659,1660,-1,1590,1660,1592,-1,1592,1660,1661,-1,1592,1661,1657,-1,1586,1194,1587,-1,1587,1194,1197,-1,1587,1197,1600,-1,1600,1197,1199,-1,1199,1203,1600,-1,1600,1203,1604,-1,1600,1604,1598,-1,1598,1604,1603,-1,1210,1606,1208,-1,1208,1606,1604,-1,1208,1604,1201,-1,1201,1604,1203,-1,1210,1213,1606,-1,1606,1213,1611,-1,1606,1611,1608,-1,1608,1611,1612,-1,1213,1216,1611,-1,1611,1216,1222,-1,1611,1222,1609,-1,1609,1222,1224,-1,1609,1224,1613,-1,1224,1218,1613,-1,1613,1218,1217,-1,1613,1217,1614,-1,1614,1217,1229,-1,1614,1229,1621,-1,1621,1229,1238,-1,1238,1235,1621,-1,1621,1235,1625,-1,1621,1625,1619,-1,1619,1625,1624,-1,1243,1627,1231,-1,1231,1627,1625,-1,1231,1625,1233,-1,1233,1625,1235,-1,1243,1245,1627,-1,1627,1245,1630,-1,1627,1630,1628,-1,1628,1630,1629,-1,1245,1248,1630,-1,1630,1248,1250,-1,1630,1250,1632,-1,1632,1250,1253,-1,1632,1253,1633,-1,1253,1255,1633,-1,1633,1255,1258,-1,1633,1258,1636,-1,1636,1258,1260,-1,1636,1260,1641,-1,1641,1260,1263,-1,1263,1266,1641,-1,1641,1266,1645,-1,1641,1645,1639,-1,1639,1645,1644,-1,1266,1269,1645,-1,1645,1269,1271,-1,1645,1271,1647,-1,1647,1271,1274,-1,1647,1274,1648,-1,1648,1274,1276,-1,1276,1279,1648,-1,1648,1279,1287,-1,1648,1287,1651,-1,1651,1287,1280,-1,1651,1280,1654,-1,1280,1282,1654,-1,1654,1282,1284,-1,1654,1284,1592,-1,1592,1284,1290,-1,1592,1290,1292,-1,1662,1663,1664,-1,1664,1663,1665,-1,1664,1665,1666,-1,1667,1668,1669,-1,1669,1668,1670,-1,1671,1186,1669,-1,1669,1186,1672,-1,1669,1672,1667,-1,1673,1662,1674,-1,1674,1662,1664,-1,1674,1664,1675,-1,1675,1664,1666,-1,1675,1666,1676,-1,1677,1678,1679,-1,1679,1678,1680,-1,1679,1680,1666,-1,1666,1680,1681,-1,1666,1681,1676,-1,1682,1683,1684,-1,1684,1683,1685,-1,1684,1685,1686,-1,1686,1685,1687,-1,1688,1689,1690,-1,1690,1689,1691,-1,1692,1693,1694,-1,1694,1695,1692,-1,1692,1695,1696,-1,1692,1696,1688,-1,1688,1696,1697,-1,1688,1697,1689,-1,1698,1699,1700,-1,1700,1699,1701,-1,1700,1701,1693,-1,1693,1701,1702,-1,1693,1702,1694,-1,1703,1704,1705,-1,1705,1704,1706,-1,1705,1706,1707,-1,1708,1709,1710,-1,1710,1709,1711,-1,1712,1713,1711,-1,1711,1713,1714,-1,1711,1714,1710,-1,1715,1716,1712,-1,1712,1716,1717,-1,1712,1717,1713,-1,1718,1719,1720,-1,1720,1719,1721,-1,1720,1721,1715,-1,1715,1721,1722,-1,1715,1722,1716,-1,1723,1724,1725,-1,1725,1724,1726,-1,1727,1728,1726,-1,1726,1728,1729,-1,1726,1729,1725,-1,1730,1731,1727,-1,1727,1731,1732,-1,1727,1732,1728,-1,1733,1734,1730,-1,1730,1734,1735,-1,1730,1735,1731,-1,1671,1736,1733,-1,1733,1736,1737,-1,1733,1737,1734,-1,1670,1738,1669,-1,1669,1738,1739,-1,1669,1739,1671,-1,1671,1739,1740,-1,1671,1740,1736,-1,1665,1092,1666,-1,1666,1092,1095,-1,1666,1095,1679,-1,1679,1095,1097,-1,1097,1100,1679,-1,1679,1100,1683,-1,1679,1683,1677,-1,1677,1683,1682,-1,1107,1685,1105,-1,1105,1685,1683,-1,1105,1683,1102,-1,1102,1683,1100,-1,1107,1110,1685,-1,1685,1110,1690,-1,1685,1690,1687,-1,1687,1690,1691,-1,1110,1113,1690,-1,1690,1113,1122,-1,1690,1122,1688,-1,1688,1122,1119,-1,1688,1119,1692,-1,1119,1117,1692,-1,1692,1117,1115,-1,1692,1115,1693,-1,1693,1115,1127,-1,1693,1127,1700,-1,1700,1127,1129,-1,1129,1132,1700,-1,1700,1132,1704,-1,1700,1704,1698,-1,1698,1704,1703,-1,1139,1706,1137,-1,1137,1706,1704,-1,1137,1704,1134,-1,1134,1704,1132,-1,1139,1142,1706,-1,1706,1142,1709,-1,1706,1709,1707,-1,1707,1709,1708,-1,1142,1144,1709,-1,1709,1144,1147,-1,1709,1147,1711,-1,1711,1147,1149,-1,1711,1149,1712,-1,1149,1152,1712,-1,1712,1152,1154,-1,1712,1154,1715,-1,1715,1154,1156,-1,1715,1156,1720,-1,1720,1156,1159,-1,1159,1162,1720,-1,1720,1162,1724,-1,1720,1724,1718,-1,1718,1724,1723,-1,1162,1165,1724,-1,1724,1165,1167,-1,1724,1167,1726,-1,1726,1167,1171,-1,1726,1171,1727,-1,1727,1171,1169,-1,1169,1176,1727,-1,1727,1176,1178,-1,1727,1178,1730,-1,1730,1178,1181,-1,1730,1181,1733,-1,1181,1183,1733,-1,1733,1183,1191,-1,1733,1191,1671,-1,1671,1191,1184,-1,1671,1184,1186,-1,1741,1742,1743,-1,1743,1742,1744,-1,1743,1744,1745,-1,1746,1747,1748,-1,1748,1747,1749,-1,1750,1082,1748,-1,1748,1082,1751,-1,1748,1751,1746,-1,1752,1741,1753,-1,1753,1741,1743,-1,1753,1743,1754,-1,1754,1743,1745,-1,1754,1745,1755,-1,1756,1757,1758,-1,1758,1757,1759,-1,1758,1759,1745,-1,1745,1759,1760,-1,1745,1760,1755,-1,1761,1762,1763,-1,1763,1762,1764,-1,1763,1764,1765,-1,1765,1764,1766,-1,1767,1768,1769,-1,1769,1768,1770,-1,1771,1772,1773,-1,1773,1774,1771,-1,1771,1774,1775,-1,1771,1775,1767,-1,1767,1775,1776,-1,1767,1776,1768,-1,1777,1778,1779,-1,1779,1778,1780,-1,1779,1780,1772,-1,1772,1780,1781,-1,1772,1781,1773,-1,1782,1783,1784,-1,1784,1783,1785,-1,1784,1785,1786,-1,1787,1788,1789,-1,1789,1788,1790,-1,1791,1792,1790,-1,1790,1792,1793,-1,1790,1793,1789,-1,1794,1795,1791,-1,1791,1795,1796,-1,1791,1796,1792,-1,1797,1798,1799,-1,1799,1798,1800,-1,1799,1800,1794,-1,1794,1800,1801,-1,1794,1801,1795,-1,1802,1803,1804,-1,1804,1803,1805,-1,1806,1807,1805,-1,1805,1807,1808,-1,1805,1808,1804,-1,1809,1810,1806,-1,1806,1810,1811,-1,1806,1811,1807,-1,1812,1813,1809,-1,1809,1813,1814,-1,1809,1814,1810,-1,1750,1815,1812,-1,1812,1815,1816,-1,1812,1816,1813,-1,1749,1817,1748,-1,1748,1817,1818,-1,1748,1818,1750,-1,1750,1818,1819,-1,1750,1819,1815,-1,1744,990,1745,-1,1745,990,993,-1,1745,993,1758,-1,1758,993,995,-1,995,998,1758,-1,1758,998,1762,-1,1758,1762,1756,-1,1756,1762,1761,-1,1005,1764,1003,-1,1003,1764,1762,-1,1003,1762,1000,-1,1000,1762,998,-1,1005,1008,1764,-1,1764,1008,1769,-1,1764,1769,1766,-1,1766,1769,1770,-1,1008,1011,1769,-1,1769,1011,1020,-1,1769,1020,1767,-1,1767,1020,1017,-1,1767,1017,1771,-1,1017,1015,1771,-1,1771,1015,1013,-1,1771,1013,1772,-1,1772,1013,1025,-1,1772,1025,1779,-1,1779,1025,1027,-1,1027,1030,1779,-1,1779,1030,1783,-1,1779,1783,1777,-1,1777,1783,1782,-1,1037,1785,1035,-1,1035,1785,1783,-1,1035,1783,1032,-1,1032,1783,1030,-1,1037,1040,1785,-1,1785,1040,1788,-1,1785,1788,1786,-1,1786,1788,1787,-1,1040,1042,1788,-1,1788,1042,1045,-1,1788,1045,1790,-1,1790,1045,1048,-1,1790,1048,1791,-1,1048,1050,1791,-1,1791,1050,1052,-1,1791,1052,1794,-1,1794,1052,1056,-1,1794,1056,1799,-1,1799,1056,1054,-1,1054,1061,1799,-1,1799,1061,1803,-1,1799,1803,1797,-1,1797,1803,1802,-1,1061,1063,1803,-1,1803,1063,1069,-1,1803,1069,1805,-1,1805,1069,1065,-1,1805,1065,1806,-1,1806,1065,1064,-1,1064,1072,1806,-1,1806,1072,1074,-1,1806,1074,1809,-1,1809,1074,1076,-1,1809,1076,1812,-1,1076,1087,1812,-1,1812,1087,1089,-1,1812,1089,1750,-1,1750,1089,1080,-1,1750,1080,1082,-1,1820,1821,1822,-1,1822,1821,1823,-1,1822,1823,1824,-1,1825,1826,1827,-1,1827,1826,1828,-1,1829,984,1827,-1,1827,984,1830,-1,1827,1830,1825,-1,1831,1820,1832,-1,1832,1820,1822,-1,1832,1822,1833,-1,1833,1822,1824,-1,1833,1824,1834,-1,1835,1836,1837,-1,1837,1836,1838,-1,1837,1838,1824,-1,1824,1838,1839,-1,1824,1839,1834,-1,1840,1841,1842,-1,1842,1841,1843,-1,1842,1843,1844,-1,1844,1843,1845,-1,1846,1847,1848,-1,1848,1847,1849,-1,1850,1851,1852,-1,1852,1853,1850,-1,1850,1853,1854,-1,1850,1854,1846,-1,1846,1854,1855,-1,1846,1855,1847,-1,1856,1857,1858,-1,1858,1857,1859,-1,1858,1859,1851,-1,1851,1859,1860,-1,1851,1860,1852,-1,1861,1862,1863,-1,1863,1862,1864,-1,1863,1864,1865,-1,1866,1867,1868,-1,1868,1867,1869,-1,1870,1871,1869,-1,1869,1871,1872,-1,1869,1872,1868,-1,1873,1874,1870,-1,1870,1874,1875,-1,1870,1875,1871,-1,1876,1877,1878,-1,1878,1877,1879,-1,1878,1879,1873,-1,1873,1879,1880,-1,1873,1880,1874,-1,1881,1882,1883,-1,1883,1882,1884,-1,1885,1886,1884,-1,1884,1886,1887,-1,1884,1887,1883,-1,1888,1889,1885,-1,1885,1889,1890,-1,1885,1890,1886,-1,1891,1892,1888,-1,1888,1892,1893,-1,1888,1893,1889,-1,1829,1894,1891,-1,1891,1894,1895,-1,1891,1895,1892,-1,1828,1896,1827,-1,1827,1896,1897,-1,1827,1897,1829,-1,1829,1897,1898,-1,1829,1898,1894,-1,1823,887,1824,-1,1824,887,890,-1,1824,890,1837,-1,1837,890,892,-1,892,895,1837,-1,1837,895,1841,-1,1837,1841,1835,-1,1835,1841,1840,-1,902,1843,900,-1,900,1843,1841,-1,900,1841,897,-1,897,1841,895,-1,902,905,1843,-1,1843,905,1848,-1,1843,1848,1845,-1,1845,1848,1849,-1,905,908,1848,-1,1848,908,917,-1,1848,917,1846,-1,1846,917,914,-1,1846,914,1850,-1,914,912,1850,-1,1850,912,910,-1,1850,910,1851,-1,1851,910,922,-1,1851,922,1858,-1,1858,922,930,-1,930,923,1858,-1,1858,923,1862,-1,1858,1862,1856,-1,1856,1862,1861,-1,935,1864,927,-1,927,1864,1862,-1,927,1862,925,-1,925,1862,923,-1,935,937,1864,-1,1864,937,1867,-1,1864,1867,1865,-1,1865,1867,1866,-1,937,940,1867,-1,1867,940,942,-1,1867,942,1869,-1,1869,942,945,-1,1869,945,1870,-1,945,947,1870,-1,1870,947,950,-1,1870,950,1873,-1,1873,950,952,-1,1873,952,1878,-1,1878,952,955,-1,955,958,1878,-1,1878,958,1882,-1,1878,1882,1876,-1,1876,1882,1881,-1,958,964,1882,-1,1882,964,966,-1,1882,966,1884,-1,1884,966,960,-1,1884,960,1885,-1,1885,960,959,-1,959,971,1885,-1,1885,971,979,-1,1885,979,1888,-1,1888,979,972,-1,1888,972,1891,-1,972,974,1891,-1,1891,974,976,-1,1891,976,1829,-1,1829,976,987,-1,1829,987,984,-1,1899,1900,1901,-1,1901,1900,1902,-1,1901,1902,1903,-1,1904,1905,1906,-1,1906,1905,1907,-1,1908,886,1906,-1,1906,886,1909,-1,1906,1909,1904,-1,1910,1899,1911,-1,1911,1899,1901,-1,1911,1901,1912,-1,1912,1901,1903,-1,1912,1903,1913,-1,1914,1915,1916,-1,1916,1915,1917,-1,1916,1917,1903,-1,1903,1917,1918,-1,1903,1918,1913,-1,1919,1920,1921,-1,1921,1920,1922,-1,1921,1922,1923,-1,1923,1922,1924,-1,1925,1926,1927,-1,1927,1926,1928,-1,1929,1930,1931,-1,1931,1932,1929,-1,1929,1932,1933,-1,1929,1933,1925,-1,1925,1933,1934,-1,1925,1934,1926,-1,1935,1936,1937,-1,1937,1936,1938,-1,1937,1938,1930,-1,1930,1938,1939,-1,1930,1939,1931,-1,1940,1941,1942,-1,1942,1941,1943,-1,1942,1943,1944,-1,1945,1946,1947,-1,1947,1946,1948,-1,1949,1950,1948,-1,1948,1950,1951,-1,1948,1951,1947,-1,1952,1953,1949,-1,1949,1953,1954,-1,1949,1954,1950,-1,1955,1956,1957,-1,1957,1956,1958,-1,1957,1958,1952,-1,1952,1958,1959,-1,1952,1959,1953,-1,1960,1961,1962,-1,1962,1961,1963,-1,1964,1965,1963,-1,1963,1965,1966,-1,1963,1966,1962,-1,1967,1968,1964,-1,1964,1968,1969,-1,1964,1969,1965,-1,1970,1971,1967,-1,1967,1971,1972,-1,1967,1972,1968,-1,1908,1973,1970,-1,1970,1973,1974,-1,1970,1974,1971,-1,1907,1975,1906,-1,1906,1975,1976,-1,1906,1976,1908,-1,1908,1976,1977,-1,1908,1977,1973,-1,1902,832,1903,-1,1903,832,833,-1,1903,833,1916,-1,1916,833,834,-1,834,842,1916,-1,1916,842,1920,-1,1916,1920,1914,-1,1914,1920,1919,-1,838,1922,840,-1,840,1922,1920,-1,840,1920,841,-1,841,1920,842,-1,838,836,1922,-1,1922,836,1927,-1,1922,1927,1924,-1,1924,1927,1928,-1,836,849,1927,-1,1927,849,848,-1,1927,848,1925,-1,1925,848,847,-1,1925,847,1929,-1,847,845,1929,-1,1929,845,844,-1,1929,844,1930,-1,1930,844,856,-1,1930,856,1937,-1,1937,856,855,-1,855,854,1937,-1,1937,854,1941,-1,1937,1941,1935,-1,1935,1941,1940,-1,857,1943,851,-1,851,1943,1941,-1,851,1941,852,-1,852,1941,854,-1,857,859,1943,-1,1943,859,1946,-1,1943,1946,1944,-1,1944,1946,1945,-1,859,866,1946,-1,1946,866,865,-1,1946,865,1948,-1,1948,865,863,-1,1948,863,1949,-1,863,861,1949,-1,1949,861,860,-1,1949,860,1952,-1,1952,860,867,-1,1952,867,1957,-1,1957,867,869,-1,869,873,1957,-1,1957,873,1961,-1,1957,1961,1955,-1,1955,1961,1960,-1,873,872,1961,-1,1961,872,871,-1,1961,871,1963,-1,1963,871,874,-1,1963,874,1964,-1,1964,874,876,-1,876,883,1964,-1,1964,883,882,-1,1964,882,1967,-1,1967,882,881,-1,1967,881,1970,-1,881,879,1970,-1,1970,879,878,-1,1970,878,1908,-1,1908,878,884,-1,1908,884,886,-1,1978,1979,1980,-1,1980,1979,1981,-1,1980,1981,1982,-1,1983,1984,1978,-1,1978,1984,1985,-1,1978,1985,1979,-1,1986,1987,1988,-1,1988,1987,1989,-1,1988,1989,1990,-1,1991,1992,1993,-1,1991,1993,1989,-1,1989,1993,1994,-1,1989,1994,1990,-1,1995,1996,1991,-1,1991,1996,1997,-1,1991,1997,1992,-1,1998,1999,2000,-1,2000,1999,2001,-1,2002,2003,2000,-1,2000,2003,2004,-1,2000,2004,1998,-1,2005,1995,2006,-1,2006,1995,1991,-1,2006,1991,2007,-1,2007,1991,1989,-1,2008,2009,1987,-1,1987,2009,2010,-1,1987,2010,1989,-1,1989,2010,2011,-1,1989,2011,2007,-1,2012,2008,1978,-1,1978,2008,1987,-1,1978,1987,1983,-1,1983,1987,1986,-1,2013,1980,2014,-1,2014,1980,1982,-1,2014,1982,2015,-1,2013,2016,1980,-1,1980,2016,2017,-1,1980,2017,1978,-1,1978,2017,2018,-1,1978,2018,2012,-1,2019,2020,2021,-1,2021,2020,2022,-1,2021,2022,2014,-1,2014,2022,2023,-1,2014,2023,2013,-1,2024,2025,2026,-1,2026,2025,2027,-1,2026,2027,2028,-1,2028,2027,2029,-1,2028,2029,2030,-1,2030,2029,2031,-1,2032,2033,2034,-1,2034,2033,2035,-1,2036,2037,2035,-1,2035,2037,2038,-1,2035,2038,2034,-1,2002,2039,2036,-1,2036,2039,2040,-1,2036,2040,2037,-1,2001,2041,2000,-1,2000,2041,2042,-1,2000,2042,2002,-1,2002,2042,2043,-1,2002,2043,2039,-1,2044,2021,2045,-1,2045,2021,2014,-1,2045,2014,2046,-1,2046,2014,2015,-1,2044,2047,2021,-1,2021,2047,2025,-1,2021,2025,2019,-1,2019,2025,2024,-1,2048,2029,2049,-1,2049,2029,2027,-1,2049,2027,2050,-1,2050,2027,2025,-1,2050,2025,2051,-1,2051,2025,2047,-1,2048,2052,2029,-1,2029,2052,2033,-1,2029,2033,2031,-1,2031,2033,2032,-1,2052,2053,2033,-1,2033,2053,2054,-1,2033,2054,2035,-1,2035,2054,2055,-1,2035,2055,2036,-1,2055,2056,2036,-1,2036,2056,2057,-1,2036,2057,2002,-1,2002,2057,2058,-1,2002,2058,2003,-1,2059,2060,2061,-1,2061,2060,2062,-1,2063,160,2061,-1,2061,160,2064,-1,2061,2064,2059,-1,2065,2066,2067,-1,2067,2066,2068,-1,2067,2068,2069,-1,2070,2065,2071,-1,2071,2065,2067,-1,2071,2067,2072,-1,2072,2067,2069,-1,2072,2069,2073,-1,2074,2075,2076,-1,2076,2075,2077,-1,2076,2077,2069,-1,2069,2077,2078,-1,2069,2078,2073,-1,2079,2080,2081,-1,2081,2080,2082,-1,2081,2082,2083,-1,2083,2082,2084,-1,2085,2086,2087,-1,2087,2086,2088,-1,2089,2090,2091,-1,2091,2092,2089,-1,2089,2092,2093,-1,2089,2093,2085,-1,2085,2093,2094,-1,2085,2094,2086,-1,2095,2096,2097,-1,2097,2096,2098,-1,2097,2098,2090,-1,2090,2098,2099,-1,2090,2099,2091,-1,2100,2101,2102,-1,2102,2101,2103,-1,2102,2103,2104,-1,2105,2106,2107,-1,2107,2106,2108,-1,2109,2110,2108,-1,2108,2110,2111,-1,2108,2111,2107,-1,2112,2113,2109,-1,2109,2113,2114,-1,2109,2114,2110,-1,2115,2116,2117,-1,2117,2116,2118,-1,2117,2118,2112,-1,2112,2118,2119,-1,2112,2119,2113,-1,2120,2121,2122,-1,2122,2121,2123,-1,2124,2125,2123,-1,2123,2125,2126,-1,2123,2126,2122,-1,2127,2128,2124,-1,2124,2128,2129,-1,2124,2129,2125,-1,2130,2131,2127,-1,2127,2131,2132,-1,2127,2132,2128,-1,2063,2133,2130,-1,2130,2133,2134,-1,2130,2134,2131,-1,2062,2135,2061,-1,2061,2135,2136,-1,2061,2136,2063,-1,2063,2136,2137,-1,2063,2137,2133,-1,2068,222,2069,-1,2069,222,224,-1,2069,224,2076,-1,2076,224,230,-1,230,229,2076,-1,2076,229,2080,-1,2076,2080,2074,-1,2074,2080,2079,-1,231,2082,226,-1,226,2082,2080,-1,226,2080,227,-1,227,2080,229,-1,231,233,2082,-1,2082,233,2087,-1,2082,2087,2084,-1,2084,2087,2088,-1,233,234,2087,-1,2087,234,236,-1,2087,236,2085,-1,2085,236,239,-1,2085,239,2089,-1,239,238,2089,-1,2089,238,237,-1,2089,237,2090,-1,2090,237,221,-1,2090,221,2097,-1,2097,221,220,-1,220,214,2097,-1,2097,214,2101,-1,2097,2101,2095,-1,2095,2101,2100,-1,207,2103,210,-1,210,2103,2101,-1,210,2101,212,-1,212,2101,214,-1,207,205,2103,-1,2103,205,2106,-1,2103,2106,2104,-1,2104,2106,2105,-1,205,202,2106,-1,2106,202,200,-1,2106,200,2108,-1,2108,200,197,-1,2108,197,2109,-1,197,195,2109,-1,2109,195,192,-1,2109,192,2112,-1,2112,192,190,-1,2112,190,2117,-1,2117,190,158,-1,158,181,2117,-1,2117,181,2121,-1,2117,2121,2115,-1,2115,2121,2120,-1,181,183,2121,-1,2121,183,186,-1,2121,186,2123,-1,2123,186,176,-1,2123,176,2124,-1,2124,176,178,-1,178,171,2124,-1,2124,171,173,-1,2124,173,2127,-1,2127,173,166,-1,2127,166,2130,-1,166,168,2130,-1,2130,168,163,-1,2130,163,2063,-1,2063,163,162,-1,2063,162,160,-1,2138,2139,2140,-1,2140,2139,2141,-1,2142,243,2140,-1,2140,243,2143,-1,2140,2143,2138,-1,2144,2145,2146,-1,2146,2145,2147,-1,2146,2147,2148,-1,2149,2144,2150,-1,2150,2144,2146,-1,2150,2146,2151,-1,2151,2146,2148,-1,2151,2148,2152,-1,2153,2154,2155,-1,2155,2154,2156,-1,2155,2156,2148,-1,2148,2156,2157,-1,2148,2157,2152,-1,2158,2159,2160,-1,2160,2159,2161,-1,2160,2161,2162,-1,2162,2161,2163,-1,2164,2165,2166,-1,2166,2165,2167,-1,2168,2169,2170,-1,2170,2171,2168,-1,2168,2171,2172,-1,2168,2172,2164,-1,2164,2172,2173,-1,2164,2173,2165,-1,2174,2175,2176,-1,2176,2175,2177,-1,2176,2177,2169,-1,2169,2177,2178,-1,2169,2178,2170,-1,2179,2180,2181,-1,2181,2180,2182,-1,2181,2182,2183,-1,2184,2185,2186,-1,2186,2185,2187,-1,2188,2189,2187,-1,2187,2189,2190,-1,2187,2190,2186,-1,2191,2192,2188,-1,2188,2192,2193,-1,2188,2193,2189,-1,2194,2195,2196,-1,2196,2195,2197,-1,2196,2197,2191,-1,2191,2197,2198,-1,2191,2198,2192,-1,2199,2200,2201,-1,2201,2200,2202,-1,2203,2204,2202,-1,2202,2204,2205,-1,2202,2205,2201,-1,2206,2207,2203,-1,2203,2207,2208,-1,2203,2208,2204,-1,2209,2210,2206,-1,2206,2210,2211,-1,2206,2211,2207,-1,2142,2212,2209,-1,2209,2212,2213,-1,2209,2213,2210,-1,2141,2214,2140,-1,2140,2214,2215,-1,2140,2215,2142,-1,2142,2215,2216,-1,2142,2216,2212,-1,2147,334,2148,-1,2148,334,337,-1,2148,337,2155,-1,2155,337,340,-1,340,329,2155,-1,2155,329,2159,-1,2155,2159,2153,-1,2153,2159,2158,-1,321,2161,323,-1,323,2161,2159,-1,323,2159,331,-1,331,2159,329,-1,321,319,2161,-1,2161,319,2166,-1,2161,2166,2163,-1,2163,2166,2167,-1,319,326,2166,-1,2166,326,313,-1,2166,313,2164,-1,2164,313,315,-1,2164,315,2168,-1,315,310,2168,-1,2168,310,307,-1,2168,307,2169,-1,2169,307,302,-1,2169,302,2176,-1,2176,302,304,-1,304,297,2176,-1,2176,297,2180,-1,2176,2180,2174,-1,2174,2180,2179,-1,294,2182,292,-1,292,2182,2180,-1,292,2180,299,-1,299,2180,297,-1,294,287,2182,-1,2182,287,2185,-1,2182,2185,2183,-1,2183,2185,2184,-1,287,289,2185,-1,2185,289,277,-1,2185,277,2187,-1,2187,277,279,-1,2187,279,2188,-1,279,281,2188,-1,2188,281,284,-1,2188,284,2191,-1,2191,284,272,-1,2191,272,2196,-1,2196,272,271,-1,271,266,2196,-1,2196,266,2200,-1,2196,2200,2194,-1,2194,2200,2199,-1,266,268,2200,-1,2200,268,261,-1,2200,261,2202,-1,2202,261,263,-1,2202,263,2203,-1,2203,263,259,-1,259,257,2203,-1,2203,257,254,-1,2203,254,2206,-1,2206,254,252,-1,2206,252,2209,-1,252,249,2209,-1,2209,249,247,-1,2209,247,2142,-1,2142,247,242,-1,2142,242,243,-1,2217,2218,2219,-1,2219,2218,2220,-1,2221,349,2219,-1,2219,349,2222,-1,2219,2222,2217,-1,2223,2224,2225,-1,2225,2224,2226,-1,2225,2226,2227,-1,2228,2223,2229,-1,2229,2223,2225,-1,2229,2225,2230,-1,2230,2225,2227,-1,2230,2227,2231,-1,2232,2233,2234,-1,2234,2233,2235,-1,2234,2235,2227,-1,2227,2235,2236,-1,2227,2236,2231,-1,2237,2238,2239,-1,2239,2238,2240,-1,2239,2240,2241,-1,2241,2240,2242,-1,2243,2244,2245,-1,2245,2244,2246,-1,2247,2248,2249,-1,2249,2250,2247,-1,2247,2250,2251,-1,2247,2251,2243,-1,2243,2251,2252,-1,2243,2252,2244,-1,2253,2254,2255,-1,2255,2254,2256,-1,2255,2256,2248,-1,2248,2256,2257,-1,2248,2257,2249,-1,2258,2259,2260,-1,2260,2259,2261,-1,2260,2261,2262,-1,2263,2264,2265,-1,2265,2264,2266,-1,2267,2268,2266,-1,2266,2268,2269,-1,2266,2269,2265,-1,2270,2271,2267,-1,2267,2271,2272,-1,2267,2272,2268,-1,2273,2274,2275,-1,2275,2274,2276,-1,2275,2276,2270,-1,2270,2276,2277,-1,2270,2277,2271,-1,2278,2279,2280,-1,2280,2279,2281,-1,2282,2283,2281,-1,2281,2283,2284,-1,2281,2284,2280,-1,2285,2286,2282,-1,2282,2286,2287,-1,2282,2287,2283,-1,2288,2289,2285,-1,2285,2289,2290,-1,2285,2290,2286,-1,2221,2291,2288,-1,2288,2291,2292,-1,2288,2292,2289,-1,2220,2293,2219,-1,2219,2293,2294,-1,2219,2294,2221,-1,2221,2294,2295,-1,2221,2295,2291,-1,2226,443,2227,-1,2227,443,441,-1,2227,441,2234,-1,2234,441,345,-1,345,432,2234,-1,2234,432,2238,-1,2234,2238,2232,-1,2232,2238,2237,-1,427,2240,437,-1,437,2240,2238,-1,437,2238,434,-1,434,2238,432,-1,427,426,2240,-1,2240,426,2245,-1,2240,2245,2242,-1,2242,2245,2246,-1,426,421,2245,-1,2245,421,423,-1,2245,423,2243,-1,2243,423,416,-1,2243,416,2247,-1,416,418,2247,-1,2247,418,414,-1,2247,414,2248,-1,2248,414,412,-1,2248,412,2255,-1,2255,412,409,-1,409,407,2255,-1,2255,407,2259,-1,2255,2259,2253,-1,2253,2259,2258,-1,399,2261,402,-1,402,2261,2259,-1,402,2259,404,-1,404,2259,407,-1,399,397,2261,-1,2261,397,2264,-1,2261,2264,2262,-1,2262,2264,2263,-1,397,394,2264,-1,2264,394,392,-1,2264,392,2266,-1,2266,392,389,-1,2266,389,2267,-1,389,387,2267,-1,2267,387,385,-1,2267,385,2270,-1,2270,385,379,-1,2270,379,2275,-1,2275,379,380,-1,380,372,2275,-1,2275,372,2279,-1,2275,2279,2273,-1,2273,2279,2278,-1,372,374,2279,-1,2279,374,367,-1,2279,367,2281,-1,2281,367,369,-1,2281,369,2282,-1,2282,369,365,-1,365,362,2282,-1,2282,362,360,-1,2282,360,2285,-1,2285,360,358,-1,2285,358,2288,-1,358,355,2288,-1,2288,355,353,-1,2288,353,2221,-1,2221,353,348,-1,2221,348,349,-1,2296,2297,2298,-1,2298,2297,2299,-1,2300,451,2298,-1,2298,451,2301,-1,2298,2301,2296,-1,2302,2303,2304,-1,2304,2303,2305,-1,2304,2305,2306,-1,2307,2302,2308,-1,2308,2302,2304,-1,2308,2304,2309,-1,2309,2304,2306,-1,2309,2306,2310,-1,2311,2312,2313,-1,2313,2312,2314,-1,2313,2314,2306,-1,2306,2314,2315,-1,2306,2315,2310,-1,2316,2317,2318,-1,2318,2317,2319,-1,2318,2319,2320,-1,2320,2319,2321,-1,2322,2323,2324,-1,2324,2323,2325,-1,2326,2327,2328,-1,2328,2329,2326,-1,2326,2329,2330,-1,2326,2330,2322,-1,2322,2330,2331,-1,2322,2331,2323,-1,2332,2333,2334,-1,2334,2333,2335,-1,2334,2335,2327,-1,2327,2335,2336,-1,2327,2336,2328,-1,2337,2338,2339,-1,2339,2338,2340,-1,2339,2340,2341,-1,2342,2343,2344,-1,2344,2343,2345,-1,2346,2347,2345,-1,2345,2347,2348,-1,2345,2348,2344,-1,2349,2350,2346,-1,2346,2350,2351,-1,2346,2351,2347,-1,2352,2353,2354,-1,2354,2353,2355,-1,2354,2355,2349,-1,2349,2355,2356,-1,2349,2356,2350,-1,2357,2358,2359,-1,2359,2358,2360,-1,2361,2362,2360,-1,2360,2362,2363,-1,2360,2363,2359,-1,2364,2365,2361,-1,2361,2365,2366,-1,2361,2366,2362,-1,2367,2368,2364,-1,2364,2368,2369,-1,2364,2369,2365,-1,2300,2370,2367,-1,2367,2370,2371,-1,2367,2371,2368,-1,2299,2372,2298,-1,2298,2372,2373,-1,2298,2373,2300,-1,2300,2373,2374,-1,2300,2374,2370,-1,2305,545,2306,-1,2306,545,543,-1,2306,543,2313,-1,2313,543,447,-1,447,534,2313,-1,2313,534,2317,-1,2313,2317,2311,-1,2311,2317,2316,-1,529,2319,539,-1,539,2319,2317,-1,539,2317,536,-1,536,2317,534,-1,529,528,2319,-1,2319,528,2324,-1,2319,2324,2321,-1,2321,2324,2325,-1,528,523,2324,-1,2324,523,525,-1,2324,525,2322,-1,2322,525,518,-1,2322,518,2326,-1,518,520,2326,-1,2326,520,516,-1,2326,516,2327,-1,2327,516,514,-1,2327,514,2334,-1,2334,514,511,-1,511,509,2334,-1,2334,509,2338,-1,2334,2338,2332,-1,2332,2338,2337,-1,501,2340,504,-1,504,2340,2338,-1,504,2338,506,-1,506,2338,509,-1,501,499,2340,-1,2340,499,2343,-1,2340,2343,2341,-1,2341,2343,2342,-1,499,496,2343,-1,2343,496,494,-1,2343,494,2345,-1,2345,494,491,-1,2345,491,2346,-1,491,489,2346,-1,2346,489,487,-1,2346,487,2349,-1,2349,487,481,-1,2349,481,2354,-1,2354,481,482,-1,482,474,2354,-1,2354,474,2358,-1,2354,2358,2352,-1,2352,2358,2357,-1,474,476,2358,-1,2358,476,469,-1,2358,469,2360,-1,2360,469,471,-1,2360,471,2361,-1,2361,471,467,-1,467,465,2361,-1,2361,465,462,-1,2361,462,2364,-1,2364,462,460,-1,2364,460,2367,-1,460,457,2367,-1,2367,457,455,-1,2367,455,2300,-1,2300,455,450,-1,2300,450,451,-1,2375,2376,2377,-1,2377,2376,2378,-1,2379,553,2377,-1,2377,553,2380,-1,2377,2380,2375,-1,2381,2382,2383,-1,2383,2382,2384,-1,2383,2384,2385,-1,2386,2381,2387,-1,2387,2381,2383,-1,2387,2383,2388,-1,2388,2383,2385,-1,2388,2385,2389,-1,2390,2391,2392,-1,2392,2391,2393,-1,2392,2393,2385,-1,2385,2393,2394,-1,2385,2394,2389,-1,2395,2396,2397,-1,2397,2396,2398,-1,2397,2398,2399,-1,2399,2398,2400,-1,2401,2402,2403,-1,2403,2402,2404,-1,2405,2406,2407,-1,2407,2408,2405,-1,2405,2408,2409,-1,2405,2409,2401,-1,2401,2409,2410,-1,2401,2410,2402,-1,2411,2412,2413,-1,2413,2412,2414,-1,2413,2414,2406,-1,2406,2414,2415,-1,2406,2415,2407,-1,2416,2417,2418,-1,2418,2417,2419,-1,2418,2419,2420,-1,2421,2422,2423,-1,2423,2422,2424,-1,2425,2426,2424,-1,2424,2426,2427,-1,2424,2427,2423,-1,2428,2429,2425,-1,2425,2429,2430,-1,2425,2430,2426,-1,2431,2432,2433,-1,2433,2432,2434,-1,2433,2434,2428,-1,2428,2434,2435,-1,2428,2435,2429,-1,2436,2437,2438,-1,2438,2437,2439,-1,2440,2441,2439,-1,2439,2441,2442,-1,2439,2442,2438,-1,2443,2444,2440,-1,2440,2444,2445,-1,2440,2445,2441,-1,2446,2447,2443,-1,2443,2447,2448,-1,2443,2448,2444,-1,2379,2449,2446,-1,2446,2449,2450,-1,2446,2450,2447,-1,2378,2451,2377,-1,2377,2451,2452,-1,2377,2452,2379,-1,2379,2452,2453,-1,2379,2453,2449,-1,2384,648,2385,-1,2385,648,646,-1,2385,646,2392,-1,2392,646,549,-1,549,637,2392,-1,2392,637,2396,-1,2392,2396,2390,-1,2390,2396,2395,-1,632,2398,642,-1,642,2398,2396,-1,642,2396,639,-1,639,2396,637,-1,632,631,2398,-1,2398,631,2403,-1,2398,2403,2400,-1,2400,2403,2404,-1,631,626,2403,-1,2403,626,628,-1,2403,628,2401,-1,2401,628,621,-1,2401,621,2405,-1,621,620,2405,-1,2405,620,617,-1,2405,617,2406,-1,2406,617,612,-1,2406,612,2413,-1,2413,612,614,-1,614,607,2413,-1,2413,607,2417,-1,2413,2417,2411,-1,2411,2417,2416,-1,604,2419,602,-1,602,2419,2417,-1,602,2417,609,-1,609,2417,607,-1,604,597,2419,-1,2419,597,2422,-1,2419,2422,2420,-1,2420,2422,2421,-1,597,599,2422,-1,2422,599,587,-1,2422,587,2424,-1,2424,587,589,-1,2424,589,2425,-1,589,591,2425,-1,2425,591,594,-1,2425,594,2428,-1,2428,594,582,-1,2428,582,2433,-1,2433,582,581,-1,581,576,2433,-1,2433,576,2437,-1,2433,2437,2431,-1,2431,2437,2436,-1,576,578,2437,-1,2437,578,571,-1,2437,571,2439,-1,2439,571,573,-1,2439,573,2440,-1,2440,573,569,-1,569,567,2440,-1,2440,567,564,-1,2440,564,2443,-1,2443,564,562,-1,2443,562,2446,-1,562,559,2446,-1,2446,559,557,-1,2446,557,2379,-1,2379,557,552,-1,2379,552,553,-1,2454,2455,2456,-1,2456,2455,2457,-1,2457,2455,2458,-1,2457,2458,888,-1,2459,2460,2461,-1,2461,2460,2462,-1,2461,2462,2463,-1,2463,2462,983,-1,2463,983,2464,-1,2465,933,2466,-1,2466,933,926,-1,2466,926,2467,-1,2467,926,924,-1,2467,924,2468,-1,2469,920,2470,-1,2470,920,909,-1,2470,909,2471,-1,2471,909,911,-1,2471,911,2472,-1,2472,911,913,-1,2472,913,2473,-1,924,932,2468,-1,2468,932,931,-1,2468,931,2474,-1,2474,931,929,-1,2474,929,2475,-1,2475,929,928,-1,2475,928,2469,-1,2469,928,921,-1,2469,921,920,-1,2476,906,2477,-1,2477,906,904,-1,2477,904,2478,-1,2478,904,903,-1,2478,903,2479,-1,2479,903,901,-1,2479,901,2480,-1,896,894,2481,-1,2481,894,893,-1,2481,893,891,-1,888,2458,889,-1,889,2458,2482,-1,889,2482,891,-1,891,2482,2483,-1,891,2483,2481,-1,2481,2484,896,-1,896,2484,2485,-1,896,2485,898,-1,898,2485,2480,-1,898,2480,899,-1,899,2480,901,-1,913,919,2473,-1,2473,919,918,-1,2473,918,2486,-1,2486,918,916,-1,2486,916,2487,-1,2487,916,915,-1,2487,915,2476,-1,2476,915,907,-1,2476,907,906,-1,988,2488,989,-1,989,2488,2464,-1,989,2464,982,-1,982,2464,983,-1,975,973,2489,-1,2489,973,981,-1,2489,981,2490,-1,2490,981,980,-1,2490,980,2491,-1,2491,980,978,-1,2491,978,2492,-1,2492,978,977,-1,2492,977,2493,-1,986,2494,988,-1,988,2494,2495,-1,988,2495,2488,-1,2489,2496,975,-1,975,2496,2494,-1,975,2494,985,-1,985,2494,986,-1,2497,965,2498,-1,2498,965,963,-1,2498,963,2499,-1,2499,963,962,-1,2499,962,2500,-1,2500,962,957,-1,2500,957,2501,-1,948,946,2502,-1,2503,949,2504,-1,2504,949,948,-1,2504,948,2505,-1,2505,948,2502,-1,957,956,2501,-1,2501,956,954,-1,2501,954,2506,-1,2506,954,953,-1,2506,953,2503,-1,2503,953,951,-1,2503,951,949,-1,977,970,2493,-1,2493,970,969,-1,2493,969,2507,-1,2507,969,961,-1,2507,961,2508,-1,2508,961,968,-1,2508,968,2497,-1,2497,968,967,-1,2497,967,965,-1,946,944,2502,-1,2502,944,943,-1,2502,943,2509,-1,2509,943,941,-1,2509,941,2510,-1,2510,941,939,-1,2510,939,2511,-1,2511,939,938,-1,2511,938,2512,-1,2512,938,936,-1,2512,936,2465,-1,2465,936,934,-1,2465,934,933,-1,2513,2514,2515,-1,2515,2514,2516,-1,2516,2514,2517,-1,2516,2517,991,-1,1031,2518,1033,-1,1033,2518,2519,-1,2520,1039,2521,-1,2521,1039,1038,-1,2521,1038,2522,-1,2522,1038,1036,-1,2522,1036,2519,-1,2519,1036,1034,-1,2519,1034,1033,-1,1026,1024,2523,-1,2523,1024,1023,-1,2523,1023,2524,-1,2524,1023,1012,-1,2524,1012,2525,-1,2525,1012,1014,-1,2525,1014,2526,-1,2526,1014,1016,-1,2526,1016,2527,-1,1029,2528,1031,-1,1031,2528,2529,-1,1031,2529,2518,-1,2523,2530,1026,-1,1026,2530,2528,-1,1026,2528,1028,-1,1028,2528,1029,-1,2531,1009,2532,-1,2532,1009,1007,-1,2532,1007,2533,-1,2533,1007,1006,-1,2533,1006,2534,-1,2534,1006,1004,-1,2534,1004,2535,-1,999,997,2536,-1,2536,997,996,-1,2536,996,994,-1,991,2517,992,-1,992,2517,2537,-1,992,2537,994,-1,994,2537,2538,-1,994,2538,2536,-1,2536,2539,999,-1,999,2539,2540,-1,999,2540,1001,-1,1001,2540,2535,-1,1001,2535,1002,-1,1002,2535,1004,-1,1016,1022,2527,-1,2527,1022,1021,-1,2527,1021,2541,-1,2541,1021,1019,-1,2541,1019,2542,-1,2542,1019,1018,-1,2542,1018,2531,-1,2531,1018,1010,-1,2531,1010,1009,-1,2543,2544,2545,-1,2545,2544,2546,-1,2545,2546,2547,-1,2547,2546,1084,-1,2547,1084,2548,-1,2548,1084,1083,-1,2548,1083,2549,-1,2549,1083,1081,-1,2549,1081,2550,-1,2551,1073,2552,-1,2552,1073,1079,-1,2552,1079,2553,-1,2553,1079,1078,-1,2553,1078,2554,-1,1081,1091,2550,-1,2550,1091,1090,-1,2550,1090,2555,-1,2555,1090,1088,-1,2555,1088,2556,-1,2556,1088,1086,-1,2556,1086,2557,-1,2557,1086,1085,-1,2557,1085,2551,-1,2551,1085,1075,-1,2551,1075,1073,-1,2558,1058,2559,-1,2559,1058,1051,-1,2559,1051,2560,-1,2560,1051,1049,-1,2560,1049,2561,-1,2562,1060,2563,-1,2563,1060,1059,-1,2563,1059,2564,-1,2564,1059,1053,-1,2564,1053,2565,-1,2565,1053,1055,-1,2565,1055,2558,-1,2558,1055,1057,-1,2558,1057,1058,-1,1078,1077,2554,-1,2554,1077,1066,-1,2554,1066,2566,-1,2566,1066,1071,-1,2566,1071,2567,-1,2567,1071,1070,-1,2567,1070,2568,-1,2568,1070,1068,-1,2568,1068,2569,-1,2569,1068,1067,-1,2569,1067,2562,-1,2562,1067,1062,-1,2562,1062,1060,-1,1049,1047,2561,-1,2561,1047,1046,-1,2561,1046,2570,-1,2570,1046,1044,-1,2570,1044,2571,-1,2571,1044,1043,-1,2571,1043,2520,-1,2520,1043,1041,-1,2520,1041,1039,-1,2572,2573,2574,-1,2574,2573,2575,-1,2575,2573,2576,-1,2575,2576,1093,-1,2577,2578,2579,-1,2579,2578,2580,-1,2579,2580,2581,-1,2581,2580,1188,-1,2581,1188,2582,-1,1140,2583,1141,-1,1141,2583,2584,-1,1138,2585,1140,-1,1140,2585,2586,-1,1140,2586,2583,-1,1138,1136,2585,-1,2585,1136,1135,-1,2585,1135,2587,-1,2587,1135,1133,-1,2587,1133,2588,-1,1128,1126,2589,-1,2589,1126,1125,-1,2589,1125,2590,-1,2590,1125,1114,-1,2590,1114,2591,-1,2591,1114,1116,-1,2591,1116,2592,-1,2592,1116,1118,-1,2592,1118,2593,-1,2589,2594,1128,-1,1128,2594,2595,-1,1128,2595,1130,-1,1130,2595,2588,-1,1130,2588,1131,-1,1131,2588,1133,-1,2596,1111,2597,-1,2597,1111,1109,-1,2597,1109,2598,-1,2598,1109,1108,-1,2598,1108,2599,-1,2599,1108,1106,-1,2599,1106,2600,-1,1101,1099,2601,-1,2601,1099,1098,-1,2601,1098,1096,-1,1093,2576,1094,-1,1094,2576,2602,-1,1094,2602,1096,-1,1096,2602,2603,-1,1096,2603,2601,-1,2601,2604,1101,-1,1101,2604,2605,-1,1101,2605,1103,-1,1103,2605,2600,-1,1103,2600,1104,-1,1104,2600,1106,-1,1118,1124,2593,-1,2593,1124,1123,-1,2593,1123,2606,-1,2606,1123,1121,-1,2606,1121,2607,-1,2607,1121,1120,-1,2607,1120,2596,-1,2596,1120,1112,-1,2596,1112,1111,-1,2608,1180,2609,-1,2609,1180,1179,-1,2609,1179,2610,-1,2610,1179,1177,-1,2610,1177,2611,-1,2611,1177,1175,-1,2611,1175,2612,-1,1188,1187,2582,-1,2582,1187,1185,-1,2582,1185,2613,-1,2613,1185,1193,-1,2613,1193,2614,-1,2614,1193,1192,-1,2614,1192,2615,-1,2615,1192,1190,-1,2615,1190,2616,-1,2616,1190,1189,-1,2616,1189,2608,-1,2608,1189,1182,-1,2608,1182,1180,-1,2617,2618,1161,-1,1161,2618,1163,-1,1163,2618,2619,-1,1163,2619,1164,-1,1164,2619,1166,-1,1166,2619,2620,-1,1166,2620,2621,-1,1161,1160,2617,-1,2617,1160,1158,-1,2617,1158,2622,-1,2622,1158,1157,-1,2622,1157,2623,-1,2623,1157,1155,-1,2623,1155,2624,-1,2624,1155,1153,-1,2624,1153,2625,-1,2625,1153,1151,-1,2625,1151,2626,-1,1175,1174,2612,-1,2612,1174,1168,-1,2612,1168,2627,-1,2627,1168,1170,-1,2627,1170,2628,-1,2628,1170,1172,-1,2628,1172,2621,-1,2621,1172,1173,-1,2621,1173,1166,-1,1151,1150,2626,-1,2626,1150,1148,-1,2626,1148,2629,-1,2629,1148,1146,-1,2629,1146,2630,-1,2630,1146,1145,-1,2630,1145,2584,-1,2584,1145,1143,-1,2584,1143,1141,-1,2631,2632,2633,-1,2633,2632,2634,-1,2634,2632,2635,-1,2634,2635,1195,-1,2636,2637,2638,-1,2638,2637,2639,-1,2638,2639,2640,-1,2640,2639,1294,-1,2640,1294,2641,-1,2642,1232,2643,-1,2643,1232,1234,-1,2643,1234,2644,-1,2645,1241,2642,-1,2642,1241,1230,-1,2642,1230,1232,-1,1234,1240,2644,-1,2644,1240,1239,-1,2644,1239,2646,-1,2646,1239,1237,-1,2646,1237,2647,-1,2647,1237,1236,-1,2647,1236,2648,-1,2648,1236,1228,-1,2648,1228,2649,-1,2649,1228,1227,-1,2649,1227,2650,-1,2650,1227,1219,-1,2650,1219,2651,-1,2651,1219,1226,-1,2651,1226,2652,-1,1207,2653,2654,-1,2655,1215,2656,-1,2656,1215,1214,-1,2656,1214,2657,-1,2657,1214,1212,-1,2657,1212,2658,-1,2658,1212,1211,-1,2658,1211,2654,-1,2654,1211,1209,-1,2654,1209,1207,-1,1202,1204,2659,-1,2659,1204,1205,-1,2659,1205,1198,-1,1195,2635,1196,-1,1196,2635,2660,-1,1196,2660,1198,-1,1198,2660,2661,-1,1198,2661,2659,-1,2659,2662,1202,-1,1202,2662,2663,-1,1202,2663,1200,-1,1200,2663,2653,-1,1200,2653,1206,-1,1206,2653,1207,-1,1226,1225,2652,-1,2652,1225,1223,-1,2652,1223,2664,-1,2664,1223,1221,-1,2664,1221,2655,-1,2655,1221,1220,-1,2655,1220,1215,-1,1294,1293,2641,-1,2641,1293,1291,-1,2641,1291,2665,-1,2665,1291,1297,-1,2665,1297,2666,-1,1283,1281,2667,-1,2667,1281,1289,-1,2667,1289,2668,-1,2668,1289,1288,-1,2668,1288,2669,-1,2669,1288,1286,-1,2669,1286,2670,-1,2670,1286,1285,-1,2670,1285,2671,-1,2667,2672,1283,-1,1283,2672,2673,-1,1283,2673,1295,-1,1295,2673,2666,-1,1295,2666,1296,-1,1296,2666,1297,-1,2674,1270,2675,-1,2675,1270,1268,-1,2675,1268,2676,-1,2676,1268,1267,-1,2676,1267,2677,-1,2677,1267,1265,-1,2677,1265,2678,-1,1256,2679,1257,-1,1257,2679,2680,-1,2681,2682,1251,-1,1251,2682,1252,-1,1252,2682,2683,-1,1252,2683,1254,-1,1254,2683,1256,-1,1256,2683,2684,-1,1256,2684,2679,-1,1265,1264,2678,-1,2678,1264,1262,-1,2678,1262,2685,-1,2685,1262,1261,-1,2685,1261,2680,-1,2680,1261,1259,-1,2680,1259,1257,-1,1285,1278,2671,-1,2671,1278,1277,-1,2671,1277,2686,-1,2686,1277,1275,-1,2686,1275,2687,-1,2687,1275,1273,-1,2687,1273,2674,-1,2674,1273,1272,-1,2674,1272,1270,-1,1251,1249,2681,-1,2681,1249,1247,-1,2681,1247,2688,-1,2688,1247,1246,-1,2688,1246,2689,-1,2689,1246,1244,-1,2689,1244,2645,-1,2645,1244,1242,-1,2645,1242,1241,-1,2690,2691,2692,-1,2692,2691,2693,-1,2693,2691,2694,-1,2693,2694,1299,-1,2695,2696,2697,-1,2697,2696,2698,-1,2697,2698,2699,-1,2699,2698,1394,-1,2699,1394,2700,-1,1346,2701,1347,-1,1347,2701,2702,-1,1344,2703,1346,-1,1346,2703,2704,-1,1346,2704,2701,-1,1339,2705,1341,-1,1341,2705,2703,-1,1341,2703,1342,-1,1342,2703,1344,-1,1334,1332,2706,-1,2706,1332,1331,-1,2706,1331,2707,-1,2707,1331,1320,-1,2707,1320,2708,-1,2708,1320,1322,-1,2708,1322,2709,-1,2709,1322,1324,-1,2709,1324,2710,-1,1337,2711,1339,-1,1339,2711,2712,-1,1339,2712,2705,-1,2706,2713,1334,-1,1334,2713,2711,-1,1334,2711,1336,-1,1336,2711,1337,-1,2714,1317,2715,-1,2715,1317,1315,-1,2715,1315,2716,-1,2716,1315,1314,-1,2716,1314,2717,-1,2717,1314,1312,-1,2717,1312,2718,-1,1307,1305,2719,-1,2719,1305,1304,-1,2719,1304,1302,-1,1299,2694,1300,-1,1300,2694,2720,-1,1300,2720,1302,-1,1302,2720,2721,-1,1302,2721,2719,-1,2719,2722,1307,-1,1307,2722,2723,-1,1307,2723,1309,-1,1309,2723,2718,-1,1309,2718,1310,-1,1310,2718,1312,-1,1324,1330,2710,-1,2710,1330,1329,-1,2710,1329,2724,-1,2724,1329,1327,-1,2724,1327,2725,-1,2725,1327,1326,-1,2725,1326,2714,-1,2714,1326,1318,-1,2714,1318,1317,-1,2726,1386,2727,-1,2727,1386,1385,-1,2727,1385,2728,-1,2728,1385,1383,-1,2728,1383,2729,-1,2729,1383,1381,-1,2729,1381,2730,-1,1394,1393,2700,-1,2700,1393,1391,-1,2700,1391,2731,-1,2731,1391,1399,-1,2731,1399,2732,-1,2732,1399,1398,-1,2732,1398,2733,-1,2733,1398,1396,-1,2733,1396,2734,-1,2734,1396,1395,-1,2734,1395,2726,-1,2726,1395,1388,-1,2726,1388,1386,-1,2735,2736,1367,-1,1367,2736,1369,-1,1369,2736,2737,-1,1369,2737,1370,-1,1370,2737,1372,-1,1372,2737,2738,-1,1372,2738,2739,-1,1367,1366,2735,-1,2735,1366,1364,-1,2735,1364,2740,-1,2740,1364,1363,-1,2740,1363,2741,-1,2741,1363,1361,-1,2741,1361,2742,-1,2742,1361,1359,-1,2742,1359,2743,-1,2743,1359,1357,-1,2743,1357,2744,-1,1381,1380,2730,-1,2730,1380,1374,-1,2730,1374,2745,-1,2745,1374,1376,-1,2745,1376,2746,-1,2746,1376,1378,-1,2746,1378,2739,-1,2739,1378,1379,-1,2739,1379,1372,-1,1357,1356,2744,-1,2744,1356,1354,-1,2744,1354,2747,-1,2747,1354,1352,-1,2747,1352,2748,-1,2748,1352,1351,-1,2748,1351,2702,-1,2702,1351,1349,-1,2702,1349,1347,-1,2749,2750,2751,-1,2751,2750,2752,-1,2751,2752,2753,-1,2754,1448,2755,-1,2755,1448,1447,-1,2755,1447,2756,-1,1447,1445,2756,-1,2756,1445,1444,-1,2756,1444,2757,-1,2757,1444,1453,-1,2757,1453,2758,-1,2758,1453,1452,-1,2758,1452,2759,-1,1452,1450,2759,-1,2759,1450,1449,-1,2759,1449,2760,-1,2760,1449,1458,-1,2760,1458,2761,-1,2761,1458,1457,-1,2761,1457,2762,-1,2762,1457,1455,-1,2762,1455,2763,-1,2763,1455,1454,-1,2763,1454,2764,-1,2764,1454,1461,-1,2764,1461,2765,-1,2765,1461,1460,-1,2765,1460,2766,-1,2767,1468,2768,-1,2768,1468,1467,-1,2768,1467,2769,-1,2769,1467,1462,-1,2769,1462,2770,-1,2770,1462,1464,-1,2770,1464,2771,-1,2772,1480,2773,-1,2773,1480,1479,-1,2773,1479,2774,-1,2774,1479,1478,-1,2774,1478,2775,-1,2775,1478,1477,-1,2775,1477,2749,-1,2749,1477,1476,-1,2749,1476,2750,-1,1464,1466,2771,-1,2771,1466,1474,-1,2771,1474,2776,-1,2776,1474,1473,-1,2776,1473,2777,-1,2777,1473,1471,-1,2777,1471,2772,-1,2772,1471,1470,-1,2772,1470,1480,-1,1460,1459,2766,-1,2766,1459,1401,-1,2766,1401,2778,-1,2778,1401,1400,-1,2778,1400,2767,-1,2767,1400,1469,-1,2767,1469,1468,-1,2779,2780,2781,-1,2781,2780,2782,-1,2781,2782,2783,-1,2783,2782,1412,-1,2783,1412,2784,-1,2784,1412,1414,-1,2784,1414,2785,-1,2785,1414,1415,-1,2785,1415,2786,-1,2787,1419,2788,-1,2788,1419,1421,-1,2788,1421,2789,-1,1415,1411,2786,-1,2786,1411,1410,-1,2786,1410,2790,-1,2790,1410,1418,-1,2790,1418,2791,-1,2791,1418,1417,-1,2791,1417,2792,-1,2792,1417,1416,-1,2792,1416,2793,-1,2793,1416,1407,-1,2793,1407,2787,-1,2787,1407,1406,-1,2787,1406,1419,-1,2794,2795,1428,-1,1428,2795,1429,-1,1429,2795,2796,-1,1429,2796,1431,-1,1431,2796,1432,-1,1432,2796,2797,-1,1432,2797,2798,-1,1428,1437,2794,-1,2794,1437,1436,-1,2794,1436,2799,-1,2799,1436,1434,-1,2799,1434,2800,-1,2800,1434,1433,-1,2800,1433,2801,-1,2801,1433,1440,-1,2801,1440,2802,-1,2802,1440,1439,-1,2802,1439,2803,-1,1421,1427,2789,-1,2789,1427,1426,-1,2789,1426,2804,-1,2804,1426,1425,-1,2804,1425,2805,-1,2805,1425,1424,-1,2805,1424,2798,-1,2798,1424,1423,-1,2798,1423,1432,-1,1439,1438,2803,-1,2803,1438,1404,-1,2803,1404,2806,-1,2806,1404,1403,-1,2806,1403,2807,-1,2807,1403,1443,-1,2807,1443,2754,-1,2754,1443,1442,-1,2754,1442,1448,-1,2808,2809,2810,-1,2810,2809,2811,-1,2810,2811,2812,-1,2813,156,2814,-1,2814,156,189,-1,2814,189,2815,-1,189,191,2815,-1,2815,191,193,-1,2815,193,2816,-1,2816,193,194,-1,2816,194,2817,-1,2817,194,196,-1,2817,196,2818,-1,218,2819,219,-1,219,2819,2820,-1,219,2820,215,-1,215,2820,2821,-1,215,2821,213,-1,213,2821,2822,-1,2823,208,2824,-1,2824,208,209,-1,2824,209,2822,-1,2822,209,211,-1,2822,211,213,-1,196,198,2818,-1,2818,198,199,-1,2818,199,2825,-1,2825,199,201,-1,2825,201,2826,-1,2826,201,203,-1,2826,203,2827,-1,2827,203,204,-1,2827,204,2823,-1,2823,204,206,-1,2823,206,208,-1,2811,159,2812,-1,2812,159,161,-1,2812,161,2828,-1,2828,161,165,-1,2828,165,2829,-1,2829,165,164,-1,2829,164,2830,-1,2831,172,2832,-1,2832,172,180,-1,2832,180,2833,-1,2833,180,179,-1,2833,179,2834,-1,2834,179,177,-1,2834,177,2835,-1,164,170,2830,-1,2830,170,169,-1,2830,169,2836,-1,2836,169,167,-1,2836,167,2837,-1,2837,167,175,-1,2837,175,2831,-1,2831,175,174,-1,2831,174,172,-1,177,188,2835,-1,2835,188,187,-1,2835,187,2838,-1,2838,187,185,-1,2838,185,2839,-1,2839,185,184,-1,2839,184,2840,-1,2840,184,182,-1,2840,182,2813,-1,2813,182,157,-1,2813,157,156,-1,2841,2842,2843,-1,2843,2842,2844,-1,2843,2844,2845,-1,2845,2844,245,-1,2845,245,2846,-1,2847,2848,2849,-1,2849,2848,2850,-1,2849,2850,2851,-1,2852,301,2853,-1,2853,301,300,-1,2853,300,2854,-1,2854,300,298,-1,2854,298,2855,-1,2856,317,2857,-1,2857,317,316,-1,2857,316,2858,-1,298,306,2855,-1,2855,306,305,-1,2855,305,2859,-1,2859,305,303,-1,2859,303,2860,-1,2860,303,309,-1,2860,309,2861,-1,2861,309,308,-1,2861,308,2862,-1,2862,308,312,-1,2862,312,2856,-1,2856,312,311,-1,2856,311,317,-1,2863,341,2864,-1,2864,341,339,-1,2864,339,2865,-1,2865,339,338,-1,2865,338,2866,-1,2866,338,336,-1,2866,336,2847,-1,2847,336,335,-1,2847,335,2848,-1,2867,333,2868,-1,2868,333,332,-1,2868,332,2869,-1,2869,332,330,-1,2869,330,2863,-1,2863,330,342,-1,2863,342,341,-1,316,314,2858,-1,2858,314,328,-1,2858,328,2870,-1,2870,328,327,-1,2870,327,2871,-1,2871,327,325,-1,2871,325,2872,-1,2872,325,324,-1,2872,324,2873,-1,2873,324,318,-1,2873,318,2874,-1,2874,318,320,-1,2874,320,2867,-1,2867,320,322,-1,2867,322,333,-1,245,244,2846,-1,2846,244,241,-1,2846,241,2875,-1,2875,241,240,-1,2875,240,2876,-1,250,251,2877,-1,2877,251,253,-1,2877,253,2878,-1,2878,253,255,-1,2878,255,2879,-1,2879,255,256,-1,2879,256,2880,-1,2880,256,258,-1,2880,258,2881,-1,2877,2882,250,-1,250,2882,2883,-1,250,2883,248,-1,248,2883,2876,-1,248,2876,246,-1,246,2876,240,-1,2884,269,2885,-1,2885,269,267,-1,2885,267,2886,-1,2886,267,276,-1,2886,276,2887,-1,2887,276,275,-1,2887,275,2888,-1,2889,278,2890,-1,2890,278,291,-1,2890,291,2891,-1,275,274,2888,-1,2888,274,273,-1,2888,273,2892,-1,2892,273,286,-1,2892,286,2893,-1,2893,286,285,-1,2893,285,2894,-1,2894,285,283,-1,2894,283,2895,-1,2895,283,282,-1,2895,282,2889,-1,2889,282,280,-1,2889,280,278,-1,258,260,2881,-1,2881,260,265,-1,2881,265,2896,-1,2896,265,264,-1,2896,264,2897,-1,2897,264,262,-1,2897,262,2884,-1,2884,262,270,-1,2884,270,269,-1,291,290,2891,-1,2891,290,288,-1,2891,288,2898,-1,2898,288,296,-1,2898,296,2899,-1,2899,296,295,-1,2899,295,2852,-1,2852,295,293,-1,2852,293,301,-1,2900,2901,2902,-1,2902,2901,2903,-1,2903,2901,2904,-1,2903,2904,444,-1,400,2905,398,-1,398,2905,2906,-1,401,2907,400,-1,400,2907,2908,-1,400,2908,2905,-1,401,403,2907,-1,2907,403,405,-1,2907,405,2909,-1,2909,405,406,-1,2909,406,2910,-1,411,413,2911,-1,2911,413,415,-1,2911,415,2912,-1,2912,415,420,-1,2912,420,2913,-1,2913,420,419,-1,2913,419,2914,-1,2914,419,417,-1,2914,417,2915,-1,2911,2916,411,-1,411,2916,2917,-1,411,2917,410,-1,410,2917,2910,-1,410,2910,408,-1,408,2910,406,-1,2918,429,2919,-1,2919,429,428,-1,2919,428,2920,-1,2920,428,439,-1,2920,439,2921,-1,2921,439,438,-1,2921,438,2922,-1,433,344,2923,-1,2923,344,343,-1,2923,343,440,-1,444,2904,442,-1,442,2904,2924,-1,442,2924,440,-1,440,2924,2925,-1,440,2925,2923,-1,2923,2926,433,-1,433,2926,2927,-1,433,2927,435,-1,435,2927,2922,-1,435,2922,436,-1,436,2922,438,-1,417,425,2915,-1,2915,425,424,-1,2915,424,2928,-1,2928,424,422,-1,2928,422,2929,-1,2929,422,431,-1,2929,431,2918,-1,2918,431,430,-1,2918,430,429,-1,2930,2931,2932,-1,2932,2931,2933,-1,2932,2933,2934,-1,2934,2933,351,-1,2934,351,2935,-1,2935,351,350,-1,2935,350,2936,-1,2936,350,347,-1,2936,347,2937,-1,2938,361,2939,-1,2939,361,363,-1,2939,363,2940,-1,2940,363,364,-1,2940,364,2941,-1,347,346,2937,-1,2937,346,352,-1,2937,352,2942,-1,2942,352,354,-1,2942,354,2943,-1,2943,354,356,-1,2943,356,2944,-1,2944,356,357,-1,2944,357,2938,-1,2938,357,359,-1,2938,359,361,-1,2945,2946,382,-1,382,2946,383,-1,383,2946,2947,-1,383,2947,373,-1,373,2947,375,-1,375,2947,2948,-1,375,2948,2949,-1,382,381,2945,-1,2945,381,378,-1,2945,378,2950,-1,2950,378,377,-1,2950,377,2951,-1,2951,377,384,-1,2951,384,2952,-1,2952,384,386,-1,2952,386,2953,-1,2953,386,388,-1,2953,388,2954,-1,364,366,2941,-1,2941,366,371,-1,2941,371,2955,-1,2955,371,370,-1,2955,370,2956,-1,2956,370,368,-1,2956,368,2949,-1,2949,368,376,-1,2949,376,375,-1,388,390,2954,-1,2954,390,391,-1,2954,391,2957,-1,2957,391,393,-1,2957,393,2958,-1,2958,393,395,-1,2958,395,2906,-1,2906,395,396,-1,2906,396,398,-1,2959,2960,2961,-1,2962,2963,2964,-1,2964,2963,2965,-1,2964,2965,2966,-1,2966,2965,453,-1,2966,453,2967,-1,2961,2960,2968,-1,2968,2960,2969,-1,2968,2969,546,-1,502,2970,500,-1,500,2970,2971,-1,503,2972,502,-1,502,2972,2973,-1,502,2973,2970,-1,503,505,2972,-1,2972,505,507,-1,2972,507,2974,-1,2974,507,508,-1,2974,508,2975,-1,513,515,2976,-1,2976,515,517,-1,2976,517,2977,-1,2977,517,522,-1,2977,522,2978,-1,2978,522,521,-1,2978,521,2979,-1,2979,521,519,-1,2979,519,2980,-1,2976,2981,513,-1,513,2981,2982,-1,513,2982,512,-1,512,2982,2975,-1,512,2975,510,-1,510,2975,508,-1,2983,531,2984,-1,2984,531,530,-1,2984,530,2985,-1,2985,530,541,-1,2985,541,2986,-1,2986,541,540,-1,2986,540,2987,-1,535,446,2988,-1,2988,446,445,-1,2988,445,542,-1,546,2969,544,-1,544,2969,2989,-1,544,2989,542,-1,542,2989,2990,-1,542,2990,2988,-1,2988,2991,535,-1,535,2991,2992,-1,535,2992,537,-1,537,2992,2987,-1,537,2987,538,-1,538,2987,540,-1,519,527,2980,-1,2980,527,526,-1,2980,526,2993,-1,2993,526,524,-1,2993,524,2994,-1,2994,524,533,-1,2994,533,2983,-1,2983,533,532,-1,2983,532,531,-1,2995,461,2996,-1,2996,461,463,-1,2996,463,2997,-1,2997,463,464,-1,2997,464,2998,-1,2998,464,466,-1,2998,466,2999,-1,453,452,2967,-1,2967,452,449,-1,2967,449,3000,-1,3000,449,448,-1,3000,448,3001,-1,3001,448,454,-1,3001,454,3002,-1,3002,454,456,-1,3002,456,3003,-1,3003,456,458,-1,3003,458,2995,-1,2995,458,459,-1,2995,459,461,-1,3004,3005,484,-1,484,3005,485,-1,485,3005,3006,-1,485,3006,475,-1,475,3006,477,-1,477,3006,3007,-1,477,3007,3008,-1,484,483,3004,-1,3004,483,480,-1,3004,480,3009,-1,3009,480,479,-1,3009,479,3010,-1,3010,479,486,-1,3010,486,3011,-1,3011,486,488,-1,3011,488,3012,-1,3012,488,490,-1,3012,490,3013,-1,466,468,2999,-1,2999,468,473,-1,2999,473,3014,-1,3014,473,472,-1,3014,472,3015,-1,3015,472,470,-1,3015,470,3008,-1,3008,470,478,-1,3008,478,477,-1,490,492,3013,-1,3013,492,493,-1,3013,493,3016,-1,3016,493,495,-1,3016,495,3017,-1,3017,495,497,-1,3017,497,2971,-1,2971,497,498,-1,2971,498,500,-1,3018,3019,3020,-1,3021,3022,3023,-1,3023,3022,3024,-1,3023,3024,3025,-1,3025,3024,555,-1,3025,555,3026,-1,3020,3019,3027,-1,3027,3019,3028,-1,3027,3028,649,-1,3029,611,3030,-1,3030,611,610,-1,3030,610,3031,-1,3031,610,608,-1,3031,608,3032,-1,3033,623,3034,-1,3034,623,622,-1,3034,622,3035,-1,608,616,3032,-1,3032,616,615,-1,3032,615,3036,-1,3036,615,613,-1,3036,613,3037,-1,3037,613,619,-1,3037,619,3038,-1,3038,619,618,-1,3038,618,3039,-1,3039,618,625,-1,3039,625,3033,-1,3033,625,624,-1,3033,624,623,-1,3040,634,3041,-1,3041,634,633,-1,3041,633,3042,-1,3042,633,644,-1,3042,644,3043,-1,3043,644,643,-1,3043,643,3044,-1,638,548,3045,-1,3045,548,547,-1,3045,547,645,-1,649,3028,647,-1,647,3028,3046,-1,647,3046,645,-1,645,3046,3047,-1,645,3047,3045,-1,3045,3048,638,-1,638,3048,3049,-1,638,3049,640,-1,640,3049,3044,-1,640,3044,641,-1,641,3044,643,-1,622,630,3035,-1,3035,630,629,-1,3035,629,3050,-1,3050,629,627,-1,3050,627,3051,-1,3051,627,636,-1,3051,636,3040,-1,3040,636,635,-1,3040,635,634,-1,555,554,3026,-1,3026,554,551,-1,3026,551,3052,-1,3052,551,550,-1,3052,550,3053,-1,560,561,3054,-1,3054,561,563,-1,3054,563,3055,-1,3055,563,565,-1,3055,565,3056,-1,3056,565,566,-1,3056,566,3057,-1,3057,566,568,-1,3057,568,3058,-1,3054,3059,560,-1,560,3059,3060,-1,560,3060,558,-1,558,3060,3053,-1,558,3053,556,-1,556,3053,550,-1,3061,3062,585,-1,585,3062,586,-1,586,3062,3063,-1,586,3063,577,-1,577,3063,579,-1,579,3063,3064,-1,579,3064,3065,-1,3066,588,3067,-1,3067,588,601,-1,3067,601,3068,-1,585,584,3061,-1,3061,584,583,-1,3061,583,3069,-1,3069,583,596,-1,3069,596,3070,-1,3070,596,595,-1,3070,595,3071,-1,3071,595,593,-1,3071,593,3072,-1,3072,593,592,-1,3072,592,3066,-1,3066,592,590,-1,3066,590,588,-1,568,570,3058,-1,3058,570,575,-1,3058,575,3073,-1,3073,575,574,-1,3073,574,3074,-1,3074,574,572,-1,3074,572,3065,-1,3065,572,580,-1,3065,580,579,-1,601,600,3068,-1,3068,600,598,-1,3068,598,3075,-1,3075,598,606,-1,3075,606,3076,-1,3076,606,605,-1,3076,605,3029,-1,3029,605,603,-1,3029,603,611,-1,3077,3078,736,-1,3079,3080,3081,-1,3081,3080,3082,-1,3081,3082,3083,-1,3084,700,3085,-1,3085,700,710,-1,3085,710,3086,-1,3086,710,709,-1,3086,709,3087,-1,3087,709,707,-1,3087,707,3088,-1,3088,707,705,-1,3088,705,3089,-1,3090,720,3091,-1,3091,720,732,-1,3091,732,3092,-1,3092,732,731,-1,3092,731,3093,-1,705,715,3089,-1,3089,715,714,-1,3089,714,3094,-1,3094,714,712,-1,3094,712,3095,-1,3095,712,718,-1,3095,718,3096,-1,3096,718,717,-1,3096,717,3090,-1,3090,717,721,-1,3090,721,720,-1,736,3078,737,-1,737,3078,3097,-1,737,3097,3098,-1,3099,750,3100,-1,3100,750,748,-1,3100,748,3101,-1,3101,748,747,-1,3101,747,3102,-1,3102,747,745,-1,3102,745,3079,-1,3079,745,744,-1,3079,744,3080,-1,736,734,3077,-1,3077,734,742,-1,3077,742,3103,-1,3103,742,741,-1,3103,741,3104,-1,3104,741,739,-1,3104,739,3099,-1,3099,739,751,-1,3099,751,750,-1,731,729,3093,-1,3093,729,728,-1,3093,728,3105,-1,3105,728,726,-1,3105,726,3106,-1,3106,726,724,-1,3106,724,3098,-1,3098,724,723,-1,3098,723,737,-1,3107,3108,3109,-1,3109,3108,3110,-1,3109,3110,3111,-1,3111,3110,656,-1,3111,656,3112,-1,3112,656,655,-1,3112,655,3113,-1,3113,655,653,-1,3113,653,3114,-1,3115,669,3116,-1,3116,669,668,-1,3116,668,3117,-1,653,651,3114,-1,3114,651,661,-1,3114,661,3118,-1,3118,661,660,-1,3118,660,3119,-1,3119,660,658,-1,3119,658,3120,-1,3120,658,666,-1,3120,666,3121,-1,3121,666,665,-1,3121,665,3115,-1,3115,665,663,-1,3115,663,669,-1,680,682,3122,-1,692,690,3123,-1,682,693,3122,-1,3122,693,692,-1,3122,692,3124,-1,3124,692,3123,-1,3122,3125,680,-1,680,3125,3126,-1,680,3126,678,-1,678,3126,3127,-1,668,672,3117,-1,3117,672,671,-1,3117,671,3128,-1,3128,671,677,-1,3128,677,3129,-1,3129,677,676,-1,3129,676,3130,-1,3130,676,674,-1,3130,674,3131,-1,3131,674,688,-1,3131,688,3132,-1,3132,688,687,-1,3132,687,3133,-1,3133,687,685,-1,3133,685,3127,-1,3127,685,684,-1,3127,684,678,-1,690,698,3123,-1,3123,698,697,-1,3123,697,3134,-1,3134,697,695,-1,3134,695,3135,-1,3135,695,703,-1,3135,703,3084,-1,3084,703,702,-1,3084,702,700,-1,2807,2754,3136,-1,3137,2749,2751,-1,2772,2773,3138,-1,3138,2773,2774,-1,3138,2774,3137,-1,3137,2774,2775,-1,3137,2775,2749,-1,2777,3139,2776,-1,2776,3139,3140,-1,2769,2770,3140,-1,3140,2770,2771,-1,3140,2771,2776,-1,2768,3141,2767,-1,2767,3141,3142,-1,2767,3142,2778,-1,2778,3142,2766,-1,2761,2762,3143,-1,3143,2762,2763,-1,3143,2763,3144,-1,3144,2763,2764,-1,3144,2764,2765,-1,2760,3145,2759,-1,2759,3145,3146,-1,3147,2757,3146,-1,3146,2757,2758,-1,3146,2758,2759,-1,2754,2755,3147,-1,3147,2755,2756,-1,3147,2756,2757,-1,2806,3148,2803,-1,2803,3148,3149,-1,2800,2801,3149,-1,3149,2801,2802,-1,3149,2802,2803,-1,2796,2795,3150,-1,3150,2795,2794,-1,3150,2794,3151,-1,3151,2794,2799,-1,2789,2804,3152,-1,3152,2804,2805,-1,3152,2805,3153,-1,3153,2805,2798,-1,3153,2798,2797,-1,2788,3154,2787,-1,2787,3154,3155,-1,2791,2792,3155,-1,3155,2792,2793,-1,3155,2793,2787,-1,2784,2785,3156,-1,3156,2785,2786,-1,3156,2786,3157,-1,3157,2786,2790,-1,3158,2779,3159,-1,3159,2779,2781,-1,3159,2781,2783,-1,1515,3137,3160,-1,3160,3137,2751,-1,3160,2751,2753,-1,1515,1516,3137,-1,3137,1516,1517,-1,3137,1517,3138,-1,3138,1517,1518,-1,1518,1523,3138,-1,3138,1523,3139,-1,3138,3139,2772,-1,2772,3139,2777,-1,1523,1522,3139,-1,3139,1522,1520,-1,3139,1520,3140,-1,3140,1520,1519,-1,1519,1524,3140,-1,3140,1524,3141,-1,3140,3141,2769,-1,2769,3141,2768,-1,1524,1526,3141,-1,3141,1526,1528,-1,3141,1528,3142,-1,3142,1528,1529,-1,1529,1533,3142,-1,3142,1533,3144,-1,3142,3144,2766,-1,2766,3144,2765,-1,1533,1531,3144,-1,3144,1531,1539,-1,3144,1539,3143,-1,3143,1539,1538,-1,1538,1537,3143,-1,3143,1537,3145,-1,3143,3145,2761,-1,2761,3145,2760,-1,1537,1536,3145,-1,3145,1536,1544,-1,3145,1544,3146,-1,3146,1544,1543,-1,2754,3147,3136,-1,3136,3147,1547,-1,3136,1547,1549,-1,1543,1541,3146,-1,3146,1541,1540,-1,3146,1540,3147,-1,3147,1540,1545,-1,3147,1545,1547,-1,1549,1550,3136,-1,3136,1550,3148,-1,3136,3148,2807,-1,2807,3148,2806,-1,1555,3149,1556,-1,1556,3149,3148,-1,1556,3148,1552,-1,1552,3148,1550,-1,1555,1559,3149,-1,3149,1559,3151,-1,3149,3151,2800,-1,2800,3151,2799,-1,1563,3150,1564,-1,1564,3150,3151,-1,1564,3151,1558,-1,1558,3151,1559,-1,1563,1561,3150,-1,3150,1561,3153,-1,3150,3153,2796,-1,2796,3153,2797,-1,1567,3152,1565,-1,1565,3152,3153,-1,1565,3153,1560,-1,1560,3153,1561,-1,1567,1571,3152,-1,3152,1571,3154,-1,3152,3154,2789,-1,2789,3154,2788,-1,1573,3155,1574,-1,1574,3155,3154,-1,1574,3154,1570,-1,1570,3154,1571,-1,1573,1577,3155,-1,3155,1577,3157,-1,3155,3157,2791,-1,2791,3157,2790,-1,1578,3156,1579,-1,1579,3156,3157,-1,1579,3157,1576,-1,1576,3157,1577,-1,1578,1582,3156,-1,3156,1582,3159,-1,3156,3159,2784,-1,2784,3159,2783,-1,1512,3158,1580,-1,1580,3158,3159,-1,1580,3159,1581,-1,1581,3159,1582,-1,2748,2702,3161,-1,3162,2694,2691,-1,2722,2719,3163,-1,3163,2719,2721,-1,3163,2721,3162,-1,3162,2721,2720,-1,3162,2720,2694,-1,2723,3164,2718,-1,2718,3164,3165,-1,2715,2716,3165,-1,3165,2716,2717,-1,3165,2717,2718,-1,2710,2724,3166,-1,3166,2724,2725,-1,3166,2725,3167,-1,3167,2725,2714,-1,2713,2706,3168,-1,3168,2706,2707,-1,3168,2707,3169,-1,3169,2707,2708,-1,3169,2708,2709,-1,2711,3170,2712,-1,2712,3170,3171,-1,3172,2703,3171,-1,3171,2703,2705,-1,3171,2705,2712,-1,2702,2701,3172,-1,3172,2701,2704,-1,3172,2704,2703,-1,2747,3173,2744,-1,2744,3173,3174,-1,2741,2742,3174,-1,3174,2742,2743,-1,3174,2743,2744,-1,2740,3175,2735,-1,2735,3175,3176,-1,2735,3176,2736,-1,2736,3176,2737,-1,2730,2745,3177,-1,3177,2745,2746,-1,3177,2746,3178,-1,3178,2746,2739,-1,3178,2739,2738,-1,2729,3179,2728,-1,2728,3179,3180,-1,2734,2726,3180,-1,3180,2726,2727,-1,3180,2727,2728,-1,2700,2731,3181,-1,3181,2731,2732,-1,3181,2732,3182,-1,3182,2732,2733,-1,3183,2695,3184,-1,3184,2695,2697,-1,3184,2697,2699,-1,1594,3162,3185,-1,3185,3162,2691,-1,3185,2691,2690,-1,1594,1595,3162,-1,3162,1595,1596,-1,3162,1596,3163,-1,3163,1596,1597,-1,1597,1602,3163,-1,3163,1602,3164,-1,3163,3164,2722,-1,2722,3164,2723,-1,1602,1601,3164,-1,3164,1601,1599,-1,3164,1599,3165,-1,3165,1599,1598,-1,1598,1603,3165,-1,3165,1603,3167,-1,3165,3167,2715,-1,2715,3167,2714,-1,1603,1605,3167,-1,3167,1605,1607,-1,3167,1607,3166,-1,3166,1607,1608,-1,1608,1612,3166,-1,3166,1612,3169,-1,3166,3169,2710,-1,2710,3169,2709,-1,1612,1610,3169,-1,3169,1610,1618,-1,3169,1618,3168,-1,3168,1618,1617,-1,1617,1616,3168,-1,3168,1616,3170,-1,3168,3170,2713,-1,2713,3170,2711,-1,1616,1615,3170,-1,3170,1615,1623,-1,3170,1623,3171,-1,3171,1623,1622,-1,2702,3172,3161,-1,3161,3172,1626,-1,3161,1626,1628,-1,1622,1620,3171,-1,3171,1620,1619,-1,3171,1619,3172,-1,3172,1619,1624,-1,3172,1624,1626,-1,1628,1629,3161,-1,3161,1629,3173,-1,3161,3173,2748,-1,2748,3173,2747,-1,1634,3174,1635,-1,1635,3174,3173,-1,1635,3173,1631,-1,1631,3173,1629,-1,1634,1638,3174,-1,3174,1638,3175,-1,3174,3175,2741,-1,2741,3175,2740,-1,1642,3176,1643,-1,1643,3176,3175,-1,1643,3175,1637,-1,1637,3175,1638,-1,1642,1640,3176,-1,3176,1640,3178,-1,3176,3178,2737,-1,2737,3178,2738,-1,1646,3177,1644,-1,1644,3177,3178,-1,1644,3178,1639,-1,1639,3178,1640,-1,1646,1650,3177,-1,3177,1650,3179,-1,3177,3179,2730,-1,2730,3179,2729,-1,1652,3180,1653,-1,1653,3180,3179,-1,1653,3179,1649,-1,1649,3179,1650,-1,1652,1656,3180,-1,3180,1656,3182,-1,3180,3182,2734,-1,2734,3182,2733,-1,1657,3181,1658,-1,1658,3181,3182,-1,1658,3182,1655,-1,1655,3182,1656,-1,1657,1661,3181,-1,3181,1661,3184,-1,3181,3184,2700,-1,2700,3184,2699,-1,1591,3183,1659,-1,1659,3183,3184,-1,1659,3184,1660,-1,1660,3184,1661,-1,2681,2688,3186,-1,3187,2635,2632,-1,2662,2659,3188,-1,3188,2659,2661,-1,3188,2661,3187,-1,3187,2661,2660,-1,3187,2660,2635,-1,2663,3189,2653,-1,2653,3189,3190,-1,2657,2658,3190,-1,3190,2658,2654,-1,3190,2654,2653,-1,2652,2664,3191,-1,3191,2664,2655,-1,3191,2655,3192,-1,3192,2655,2656,-1,2647,2648,3193,-1,3193,2648,2649,-1,3193,2649,3194,-1,3194,2649,2650,-1,3194,2650,2651,-1,2646,3195,2644,-1,2644,3195,3196,-1,3197,2642,3196,-1,3196,2642,2643,-1,3196,2643,2644,-1,2688,2689,3197,-1,3197,2689,2645,-1,3197,2645,2642,-1,2682,3198,2683,-1,2683,3198,3199,-1,2680,2679,3199,-1,3199,2679,2684,-1,3199,2684,2683,-1,2676,2677,3200,-1,3200,2677,2678,-1,3200,2678,3201,-1,3201,2678,2685,-1,2671,2686,3202,-1,3202,2686,2687,-1,3202,2687,3203,-1,3203,2687,2674,-1,3203,2674,2675,-1,2670,3204,2669,-1,2669,3204,3205,-1,2672,2667,3205,-1,3205,2667,2668,-1,3205,2668,2669,-1,2641,2665,3206,-1,3206,2665,2666,-1,3206,2666,3207,-1,3207,2666,2673,-1,3208,2636,3209,-1,3209,2636,2638,-1,3209,2638,2640,-1,1673,3187,3210,-1,3210,3187,2632,-1,3210,2632,2631,-1,1673,1674,3187,-1,3187,1674,1675,-1,3187,1675,3188,-1,3188,1675,1676,-1,1676,1681,3188,-1,3188,1681,3189,-1,3188,3189,2662,-1,2662,3189,2663,-1,1681,1680,3189,-1,3189,1680,1678,-1,3189,1678,3190,-1,3190,1678,1677,-1,1677,1682,3190,-1,3190,1682,3192,-1,3190,3192,2657,-1,2657,3192,2656,-1,1682,1684,3192,-1,3192,1684,1686,-1,3192,1686,3191,-1,3191,1686,1687,-1,1687,1691,3191,-1,3191,1691,3194,-1,3191,3194,2652,-1,2652,3194,2651,-1,1691,1689,3194,-1,3194,1689,1697,-1,3194,1697,3193,-1,3193,1697,1696,-1,1696,1695,3193,-1,3193,1695,3195,-1,3193,3195,2647,-1,2647,3195,2646,-1,1695,1694,3195,-1,3195,1694,1702,-1,3195,1702,3196,-1,3196,1702,1701,-1,2688,3197,3186,-1,3186,3197,1705,-1,3186,1705,1707,-1,1701,1699,3196,-1,3196,1699,1698,-1,3196,1698,3197,-1,3197,1698,1703,-1,3197,1703,1705,-1,1707,1708,3186,-1,3186,1708,3198,-1,3186,3198,2681,-1,2681,3198,2682,-1,1713,3199,1714,-1,1714,3199,3198,-1,1714,3198,1710,-1,1710,3198,1708,-1,1713,1717,3199,-1,3199,1717,3201,-1,3199,3201,2680,-1,2680,3201,2685,-1,1721,3200,1722,-1,1722,3200,3201,-1,1722,3201,1716,-1,1716,3201,1717,-1,1721,1719,3200,-1,3200,1719,3203,-1,3200,3203,2676,-1,2676,3203,2675,-1,1725,3202,1723,-1,1723,3202,3203,-1,1723,3203,1718,-1,1718,3203,1719,-1,1725,1729,3202,-1,3202,1729,3204,-1,3202,3204,2671,-1,2671,3204,2670,-1,1731,3205,1732,-1,1732,3205,3204,-1,1732,3204,1728,-1,1728,3204,1729,-1,1731,1735,3205,-1,3205,1735,3207,-1,3205,3207,2672,-1,2672,3207,2673,-1,1736,3206,1737,-1,1737,3206,3207,-1,1737,3207,1734,-1,1734,3207,1735,-1,1736,1740,3206,-1,3206,1740,3209,-1,3206,3209,2641,-1,2641,3209,2640,-1,1670,3208,1738,-1,1738,3208,3209,-1,1738,3209,1739,-1,1739,3209,1740,-1,2630,2584,3211,-1,3212,2576,2573,-1,2604,2601,3213,-1,3213,2601,2603,-1,3213,2603,3212,-1,3212,2603,2602,-1,3212,2602,2576,-1,2605,3214,2600,-1,2600,3214,3215,-1,2597,2598,3215,-1,3215,2598,2599,-1,3215,2599,2600,-1,2593,2606,3216,-1,3216,2606,2607,-1,3216,2607,3217,-1,3217,2607,2596,-1,2594,2589,3218,-1,3218,2589,2590,-1,3218,2590,3219,-1,3219,2590,2591,-1,3219,2591,2592,-1,2595,3220,2588,-1,2588,3220,3221,-1,3222,2585,3221,-1,3221,2585,2587,-1,3221,2587,2588,-1,2584,2583,3222,-1,3222,2583,2586,-1,3222,2586,2585,-1,2629,3223,2626,-1,2626,3223,3224,-1,2623,2624,3224,-1,3224,2624,2625,-1,3224,2625,2626,-1,2619,2618,3225,-1,3225,2618,2617,-1,3225,2617,3226,-1,3226,2617,2622,-1,2612,2627,3227,-1,3227,2627,2628,-1,3227,2628,3228,-1,3228,2628,2621,-1,3228,2621,2620,-1,2611,3229,2610,-1,2610,3229,3230,-1,2616,2608,3230,-1,3230,2608,2609,-1,3230,2609,2610,-1,2615,3231,2614,-1,2614,3231,3232,-1,2614,3232,2613,-1,2613,3232,2582,-1,3233,2577,3234,-1,3234,2577,2579,-1,3234,2579,2581,-1,1752,3212,3235,-1,3235,3212,2573,-1,3235,2573,2572,-1,1752,1753,3212,-1,3212,1753,1754,-1,3212,1754,3213,-1,3213,1754,1755,-1,1755,1760,3213,-1,3213,1760,3214,-1,3213,3214,2604,-1,2604,3214,2605,-1,1760,1759,3214,-1,3214,1759,1757,-1,3214,1757,3215,-1,3215,1757,1756,-1,1756,1761,3215,-1,3215,1761,3217,-1,3215,3217,2597,-1,2597,3217,2596,-1,1761,1763,3217,-1,3217,1763,1765,-1,3217,1765,3216,-1,3216,1765,1766,-1,1766,1770,3216,-1,3216,1770,3219,-1,3216,3219,2593,-1,2593,3219,2592,-1,1770,1768,3219,-1,3219,1768,1776,-1,3219,1776,3218,-1,3218,1776,1775,-1,1775,1774,3218,-1,3218,1774,3220,-1,3218,3220,2594,-1,2594,3220,2595,-1,1774,1773,3220,-1,3220,1773,1781,-1,3220,1781,3221,-1,3221,1781,1780,-1,2584,3222,3211,-1,3211,3222,1784,-1,3211,1784,1786,-1,1780,1778,3221,-1,3221,1778,1777,-1,3221,1777,3222,-1,3222,1777,1782,-1,3222,1782,1784,-1,1786,1787,3211,-1,3211,1787,3223,-1,3211,3223,2630,-1,2630,3223,2629,-1,1792,3224,1793,-1,1793,3224,3223,-1,1793,3223,1789,-1,1789,3223,1787,-1,1792,1796,3224,-1,3224,1796,3226,-1,3224,3226,2623,-1,2623,3226,2622,-1,1800,3225,1801,-1,1801,3225,3226,-1,1801,3226,1795,-1,1795,3226,1796,-1,1800,1798,3225,-1,3225,1798,3228,-1,3225,3228,2619,-1,2619,3228,2620,-1,1804,3227,1802,-1,1802,3227,3228,-1,1802,3228,1797,-1,1797,3228,1798,-1,1804,1808,3227,-1,3227,1808,3229,-1,3227,3229,2612,-1,2612,3229,2611,-1,1810,3230,1811,-1,1811,3230,3229,-1,1811,3229,1807,-1,1807,3229,1808,-1,1810,1814,3230,-1,3230,1814,3231,-1,3230,3231,2616,-1,2616,3231,2615,-1,1815,3232,1816,-1,1816,3232,3231,-1,1816,3231,1813,-1,1813,3231,1814,-1,1815,1819,3232,-1,3232,1819,3234,-1,3232,3234,2582,-1,2582,3234,2581,-1,1749,3233,1817,-1,1817,3233,3234,-1,1817,3234,1818,-1,1818,3234,1819,-1,2571,2520,3236,-1,3237,2517,2514,-1,2539,2536,3238,-1,3238,2536,2538,-1,3238,2538,3237,-1,3237,2538,2537,-1,3237,2537,2517,-1,2540,3239,2535,-1,2535,3239,3240,-1,2532,2533,3240,-1,3240,2533,2534,-1,3240,2534,2535,-1,2531,3241,2542,-1,2542,3241,3242,-1,2542,3242,2541,-1,2541,3242,2527,-1,2530,2523,3243,-1,3243,2523,2524,-1,3243,2524,3244,-1,3244,2524,2525,-1,3244,2525,2526,-1,2528,3245,2529,-1,2529,3245,3246,-1,3247,2519,3246,-1,3246,2519,2518,-1,3246,2518,2529,-1,2520,2521,3247,-1,3247,2521,2522,-1,3247,2522,2519,-1,2570,3248,2561,-1,2561,3248,3249,-1,2558,2559,3249,-1,3249,2559,2560,-1,3249,2560,2561,-1,2562,2563,3250,-1,3250,2563,2564,-1,3250,2564,3251,-1,3251,2564,2565,-1,2554,2566,3252,-1,3252,2566,2567,-1,3252,2567,3253,-1,3253,2567,2568,-1,3253,2568,2569,-1,2553,3254,2552,-1,2552,3254,3255,-1,2556,2557,3255,-1,3255,2557,2551,-1,3255,2551,2552,-1,2548,2549,3256,-1,3256,2549,2550,-1,3256,2550,3257,-1,3257,2550,2555,-1,3258,2543,3259,-1,3259,2543,2545,-1,3259,2545,2547,-1,1831,3237,3260,-1,3260,3237,2514,-1,3260,2514,2513,-1,1831,1832,3237,-1,3237,1832,1833,-1,3237,1833,3238,-1,3238,1833,1834,-1,1834,1839,3238,-1,3238,1839,3239,-1,3238,3239,2539,-1,2539,3239,2540,-1,1839,1838,3239,-1,3239,1838,1836,-1,3239,1836,3240,-1,3240,1836,1835,-1,1835,1840,3240,-1,3240,1840,3241,-1,3240,3241,2532,-1,2532,3241,2531,-1,1840,1842,3241,-1,3241,1842,1844,-1,3241,1844,3242,-1,3242,1844,1845,-1,1845,1849,3242,-1,3242,1849,3244,-1,3242,3244,2527,-1,2527,3244,2526,-1,1849,1847,3244,-1,3244,1847,1855,-1,3244,1855,3243,-1,3243,1855,1854,-1,1854,1853,3243,-1,3243,1853,3245,-1,3243,3245,2530,-1,2530,3245,2528,-1,1853,1852,3245,-1,3245,1852,1860,-1,3245,1860,3246,-1,3246,1860,1859,-1,2520,3247,3236,-1,3236,3247,1863,-1,3236,1863,1865,-1,1859,1857,3246,-1,3246,1857,1856,-1,3246,1856,3247,-1,3247,1856,1861,-1,3247,1861,1863,-1,1865,1866,3236,-1,3236,1866,3248,-1,3236,3248,2571,-1,2571,3248,2570,-1,1871,3249,1872,-1,1872,3249,3248,-1,1872,3248,1868,-1,1868,3248,1866,-1,1871,1875,3249,-1,3249,1875,3251,-1,3249,3251,2558,-1,2558,3251,2565,-1,1879,3250,1880,-1,1880,3250,3251,-1,1880,3251,1874,-1,1874,3251,1875,-1,1879,1877,3250,-1,3250,1877,3253,-1,3250,3253,2562,-1,2562,3253,2569,-1,1883,3252,1881,-1,1881,3252,3253,-1,1881,3253,1876,-1,1876,3253,1877,-1,1883,1887,3252,-1,3252,1887,3254,-1,3252,3254,2554,-1,2554,3254,2553,-1,1889,3255,1890,-1,1890,3255,3254,-1,1890,3254,1886,-1,1886,3254,1887,-1,1889,1893,3255,-1,3255,1893,3257,-1,3255,3257,2556,-1,2556,3257,2555,-1,1894,3256,1895,-1,1895,3256,3257,-1,1895,3257,1892,-1,1892,3257,1893,-1,1894,1898,3256,-1,3256,1898,3259,-1,3256,3259,2548,-1,2548,3259,2547,-1,1828,3258,1896,-1,1896,3258,3259,-1,1896,3259,1897,-1,1897,3259,1898,-1,2510,2511,3261,-1,3262,2458,2455,-1,2484,2481,3263,-1,3263,2481,2483,-1,3263,2483,3262,-1,3262,2483,2482,-1,3262,2482,2458,-1,2485,3264,2480,-1,2480,3264,3265,-1,2477,2478,3265,-1,3265,2478,2479,-1,3265,2479,2480,-1,2476,3266,2487,-1,2487,3266,3267,-1,2487,3267,2486,-1,2486,3267,2473,-1,2475,2469,3268,-1,3268,2469,2470,-1,3268,2470,3269,-1,3269,2470,2471,-1,3269,2471,2472,-1,2474,3270,2468,-1,2468,3270,3271,-1,3272,2466,3271,-1,3271,2466,2467,-1,3271,2467,2468,-1,2511,2512,3272,-1,3272,2512,2465,-1,3272,2465,2466,-1,2509,3273,2502,-1,2502,3273,3274,-1,2503,2504,3274,-1,3274,2504,2505,-1,3274,2505,2502,-1,2499,2500,3275,-1,3275,2500,2501,-1,3275,2501,3276,-1,3276,2501,2506,-1,2493,2507,3277,-1,3277,2507,2508,-1,3277,2508,3278,-1,3278,2508,2497,-1,3278,2497,2498,-1,2492,3279,2491,-1,2491,3279,3280,-1,2496,2489,3280,-1,3280,2489,2490,-1,3280,2490,2491,-1,2494,3281,2495,-1,2495,3281,3282,-1,2495,3282,2488,-1,2488,3282,2464,-1,3283,2459,3284,-1,3284,2459,2461,-1,3284,2461,2463,-1,1910,3262,3285,-1,3285,3262,2455,-1,3285,2455,2454,-1,1910,1911,3262,-1,3262,1911,1912,-1,3262,1912,3263,-1,3263,1912,1913,-1,1913,1918,3263,-1,3263,1918,3264,-1,3263,3264,2484,-1,2484,3264,2485,-1,1918,1917,3264,-1,3264,1917,1915,-1,3264,1915,3265,-1,3265,1915,1914,-1,1914,1919,3265,-1,3265,1919,3266,-1,3265,3266,2477,-1,2477,3266,2476,-1,1919,1921,3266,-1,3266,1921,1923,-1,3266,1923,3267,-1,3267,1923,1924,-1,1924,1928,3267,-1,3267,1928,3269,-1,3267,3269,2473,-1,2473,3269,2472,-1,1928,1926,3269,-1,3269,1926,1934,-1,3269,1934,3268,-1,3268,1934,1933,-1,1933,1932,3268,-1,3268,1932,3270,-1,3268,3270,2475,-1,2475,3270,2474,-1,1932,1931,3270,-1,3270,1931,1939,-1,3270,1939,3271,-1,3271,1939,1938,-1,2511,3272,3261,-1,3261,3272,1942,-1,3261,1942,1944,-1,1938,1936,3271,-1,3271,1936,1935,-1,3271,1935,3272,-1,3272,1935,1940,-1,3272,1940,1942,-1,1944,1945,3261,-1,3261,1945,3273,-1,3261,3273,2510,-1,2510,3273,2509,-1,1950,3274,1951,-1,1951,3274,3273,-1,1951,3273,1947,-1,1947,3273,1945,-1,1950,1954,3274,-1,3274,1954,3276,-1,3274,3276,2503,-1,2503,3276,2506,-1,1958,3275,1959,-1,1959,3275,3276,-1,1959,3276,1953,-1,1953,3276,1954,-1,1958,1956,3275,-1,3275,1956,3278,-1,3275,3278,2499,-1,2499,3278,2498,-1,1962,3277,1960,-1,1960,3277,3278,-1,1960,3278,1955,-1,1955,3278,1956,-1,1962,1966,3277,-1,3277,1966,3279,-1,3277,3279,2493,-1,2493,3279,2492,-1,1968,3280,1969,-1,1969,3280,3279,-1,1969,3279,1965,-1,1965,3279,1966,-1,1968,1972,3280,-1,3280,1972,3281,-1,3280,3281,2496,-1,2496,3281,2494,-1,1973,3282,1974,-1,1974,3282,3281,-1,1974,3281,1971,-1,1971,3281,1972,-1,1973,1977,3282,-1,3282,1977,3284,-1,3282,3284,2464,-1,2464,3284,2463,-1,1907,3283,1975,-1,1975,3283,3284,-1,1975,3284,1976,-1,1976,3284,1977,-1,2819,3286,2820,-1,2820,3286,3287,-1,2823,2824,3288,-1,3288,2824,2822,-1,3288,2822,3287,-1,3287,2822,2821,-1,3287,2821,2820,-1,2827,3289,2826,-1,2826,3289,3290,-1,2826,3290,2825,-1,2825,3290,2818,-1,2817,3291,2816,-1,2816,3291,3292,-1,2816,3292,2815,-1,2815,3292,2814,-1,2813,3293,2840,-1,2840,3293,3294,-1,2840,3294,2839,-1,2833,2834,3295,-1,3295,2834,2835,-1,3295,2835,3294,-1,3294,2835,2838,-1,3294,2838,2839,-1,2832,3296,2831,-1,2831,3296,3297,-1,2831,3297,2837,-1,2837,3297,2836,-1,2830,3298,2829,-1,2829,3298,3299,-1,2829,3299,2828,-1,2828,3299,2812,-1,3300,2808,3301,-1,3301,2808,2810,-1,2011,3288,2007,-1,2007,3288,3287,-1,2007,3287,2006,-1,2006,3287,3286,-1,2006,3286,2005,-1,2011,2010,3288,-1,3288,2010,3289,-1,3288,3289,2823,-1,2823,3289,2827,-1,2010,2009,3289,-1,3289,2009,2008,-1,3289,2008,3290,-1,3290,2008,2012,-1,2012,2018,3290,-1,3290,2018,3291,-1,3290,3291,2818,-1,2818,3291,2817,-1,2018,2017,3291,-1,3291,2017,2016,-1,3291,2016,3292,-1,3292,2016,2013,-1,2013,2023,3292,-1,3292,2023,3293,-1,3292,3293,2814,-1,2814,3293,2813,-1,2023,2022,3293,-1,3293,2022,2020,-1,3293,2020,3294,-1,3294,2020,2019,-1,2028,3295,2026,-1,2026,3295,3294,-1,2026,3294,2024,-1,2024,3294,2019,-1,2028,2030,3295,-1,3295,2030,3296,-1,3295,3296,2833,-1,2833,3296,2832,-1,2034,3297,2032,-1,2032,3297,3296,-1,2032,3296,2031,-1,2031,3296,2030,-1,2034,2038,3297,-1,3297,2038,3298,-1,3297,3298,2836,-1,2836,3298,2830,-1,2039,3299,2040,-1,2040,3299,3298,-1,2040,3298,2037,-1,2037,3298,2038,-1,2039,2043,3299,-1,3299,2043,3301,-1,3299,3301,2812,-1,2812,3301,2810,-1,2001,3300,2041,-1,2041,3300,3301,-1,2041,3301,2042,-1,2042,3301,2043,-1,2891,2898,3302,-1,3303,2847,2849,-1,2863,2864,3304,-1,3304,2864,2865,-1,3304,2865,3303,-1,3303,2865,2866,-1,3303,2866,2847,-1,2869,3305,2868,-1,2868,3305,3306,-1,2873,2874,3306,-1,3306,2874,2867,-1,3306,2867,2868,-1,2872,3307,2871,-1,2871,3307,3308,-1,2871,3308,2870,-1,2870,3308,2858,-1,2860,2861,3309,-1,3309,2861,2862,-1,3309,2862,3310,-1,3310,2862,2856,-1,3310,2856,2857,-1,2859,3311,2855,-1,2855,3311,3312,-1,3313,2853,3312,-1,3312,2853,2854,-1,3312,2854,2855,-1,2898,2899,3313,-1,3313,2899,2852,-1,3313,2852,2853,-1,2890,3314,2889,-1,2889,3314,3315,-1,2893,2894,3315,-1,3315,2894,2895,-1,3315,2895,2889,-1,2886,2887,3316,-1,3316,2887,2888,-1,3316,2888,3317,-1,3317,2888,2892,-1,2881,2896,3318,-1,3318,2896,2897,-1,3318,2897,3319,-1,3319,2897,2884,-1,3319,2884,2885,-1,2880,3320,2879,-1,2879,3320,3321,-1,2882,2877,3321,-1,3321,2877,2878,-1,3321,2878,2879,-1,2846,2875,3322,-1,3322,2875,2876,-1,3322,2876,3323,-1,3323,2876,2883,-1,3324,2841,3325,-1,3325,2841,2843,-1,3325,2843,2845,-1,2070,3303,3326,-1,3326,3303,2849,-1,3326,2849,2851,-1,2070,2071,3303,-1,3303,2071,2072,-1,3303,2072,3304,-1,3304,2072,2073,-1,2073,2078,3304,-1,3304,2078,3305,-1,3304,3305,2863,-1,2863,3305,2869,-1,2078,2077,3305,-1,3305,2077,2075,-1,3305,2075,3306,-1,3306,2075,2074,-1,2074,2079,3306,-1,3306,2079,3307,-1,3306,3307,2873,-1,2873,3307,2872,-1,2079,2081,3307,-1,3307,2081,2083,-1,3307,2083,3308,-1,3308,2083,2084,-1,2084,2088,3308,-1,3308,2088,3310,-1,3308,3310,2858,-1,2858,3310,2857,-1,2088,2086,3310,-1,3310,2086,2094,-1,3310,2094,3309,-1,3309,2094,2093,-1,2093,2092,3309,-1,3309,2092,3311,-1,3309,3311,2860,-1,2860,3311,2859,-1,2092,2091,3311,-1,3311,2091,2099,-1,3311,2099,3312,-1,3312,2099,2098,-1,2898,3313,3302,-1,3302,3313,2102,-1,3302,2102,2104,-1,2098,2096,3312,-1,3312,2096,2095,-1,3312,2095,3313,-1,3313,2095,2100,-1,3313,2100,2102,-1,2104,2105,3302,-1,3302,2105,3314,-1,3302,3314,2891,-1,2891,3314,2890,-1,2110,3315,2111,-1,2111,3315,3314,-1,2111,3314,2107,-1,2107,3314,2105,-1,2110,2114,3315,-1,3315,2114,3317,-1,3315,3317,2893,-1,2893,3317,2892,-1,2118,3316,2119,-1,2119,3316,3317,-1,2119,3317,2113,-1,2113,3317,2114,-1,2118,2116,3316,-1,3316,2116,3319,-1,3316,3319,2886,-1,2886,3319,2885,-1,2122,3318,2120,-1,2120,3318,3319,-1,2120,3319,2115,-1,2115,3319,2116,-1,2122,2126,3318,-1,3318,2126,3320,-1,3318,3320,2881,-1,2881,3320,2880,-1,2128,3321,2129,-1,2129,3321,3320,-1,2129,3320,2125,-1,2125,3320,2126,-1,2128,2132,3321,-1,3321,2132,3323,-1,3321,3323,2882,-1,2882,3323,2883,-1,2133,3322,2134,-1,2134,3322,3323,-1,2134,3323,2131,-1,2131,3323,2132,-1,2133,2137,3322,-1,3322,2137,3325,-1,3322,3325,2846,-1,2846,3325,2845,-1,2062,3324,2135,-1,2135,3324,3325,-1,2135,3325,2136,-1,2136,3325,2137,-1,2958,2906,3327,-1,3328,2904,2901,-1,2926,2923,3329,-1,3329,2923,2925,-1,3329,2925,3328,-1,3328,2925,2924,-1,3328,2924,2904,-1,2927,3330,2922,-1,2922,3330,3331,-1,2919,2920,3331,-1,3331,2920,2921,-1,3331,2921,2922,-1,2915,2928,3332,-1,3332,2928,2929,-1,3332,2929,3333,-1,3333,2929,2918,-1,2916,2911,3334,-1,3334,2911,2912,-1,3334,2912,3335,-1,3335,2912,2913,-1,3335,2913,2914,-1,2917,3336,2910,-1,2910,3336,3337,-1,3338,2907,3337,-1,3337,2907,2909,-1,3337,2909,2910,-1,2906,2905,3338,-1,3338,2905,2908,-1,3338,2908,2907,-1,2957,3339,2954,-1,2954,3339,3340,-1,2951,2952,3340,-1,3340,2952,2953,-1,3340,2953,2954,-1,2950,3341,2945,-1,2945,3341,3342,-1,2945,3342,2946,-1,2946,3342,2947,-1,2941,2955,3343,-1,3343,2955,2956,-1,3343,2956,3344,-1,3344,2956,2949,-1,3344,2949,2948,-1,2940,3345,2939,-1,2939,3345,3346,-1,2943,2944,3346,-1,3346,2944,2938,-1,3346,2938,2939,-1,2942,3347,2937,-1,2937,3347,3348,-1,2937,3348,2936,-1,2936,3348,2935,-1,3349,2930,3350,-1,3350,2930,2932,-1,3350,2932,2934,-1,2149,3328,3351,-1,3351,3328,2901,-1,3351,2901,2900,-1,2149,2150,3328,-1,3328,2150,2151,-1,3328,2151,3329,-1,3329,2151,2152,-1,2152,2157,3329,-1,3329,2157,3330,-1,3329,3330,2926,-1,2926,3330,2927,-1,2157,2156,3330,-1,3330,2156,2154,-1,3330,2154,3331,-1,3331,2154,2153,-1,2153,2158,3331,-1,3331,2158,3333,-1,3331,3333,2919,-1,2919,3333,2918,-1,2158,2160,3333,-1,3333,2160,2162,-1,3333,2162,3332,-1,3332,2162,2163,-1,2163,2167,3332,-1,3332,2167,3335,-1,3332,3335,2915,-1,2915,3335,2914,-1,2167,2165,3335,-1,3335,2165,2173,-1,3335,2173,3334,-1,3334,2173,2172,-1,2172,2171,3334,-1,3334,2171,3336,-1,3334,3336,2916,-1,2916,3336,2917,-1,2171,2170,3336,-1,3336,2170,2178,-1,3336,2178,3337,-1,3337,2178,2177,-1,2906,3338,3327,-1,3327,3338,2181,-1,3327,2181,2183,-1,2177,2175,3337,-1,3337,2175,2174,-1,3337,2174,3338,-1,3338,2174,2179,-1,3338,2179,2181,-1,2183,2184,3327,-1,3327,2184,3339,-1,3327,3339,2958,-1,2958,3339,2957,-1,2189,3340,2190,-1,2190,3340,3339,-1,2190,3339,2186,-1,2186,3339,2184,-1,2189,2193,3340,-1,3340,2193,3341,-1,3340,3341,2951,-1,2951,3341,2950,-1,2197,3342,2198,-1,2198,3342,3341,-1,2198,3341,2192,-1,2192,3341,2193,-1,2197,2195,3342,-1,3342,2195,3344,-1,3342,3344,2947,-1,2947,3344,2948,-1,2201,3343,2199,-1,2199,3343,3344,-1,2199,3344,2194,-1,2194,3344,2195,-1,2201,2205,3343,-1,3343,2205,3345,-1,3343,3345,2941,-1,2941,3345,2940,-1,2207,3346,2208,-1,2208,3346,3345,-1,2208,3345,2204,-1,2204,3345,2205,-1,2207,2211,3346,-1,3346,2211,3347,-1,3346,3347,2943,-1,2943,3347,2942,-1,2212,3348,2213,-1,2213,3348,3347,-1,2213,3347,2210,-1,2210,3347,2211,-1,2212,2216,3348,-1,3348,2216,3350,-1,3348,3350,2935,-1,2935,3350,2934,-1,2141,3349,2214,-1,2214,3349,3350,-1,2214,3350,2215,-1,2215,3350,2216,-1,3017,2971,3352,-1,3353,2969,2960,-1,2991,2988,3354,-1,3354,2988,2990,-1,3354,2990,3353,-1,3353,2990,2989,-1,3353,2989,2969,-1,2992,3355,2987,-1,2987,3355,3356,-1,2984,2985,3356,-1,3356,2985,2986,-1,3356,2986,2987,-1,2980,2993,3357,-1,3357,2993,2994,-1,3357,2994,3358,-1,3358,2994,2983,-1,2981,2976,3359,-1,3359,2976,2977,-1,3359,2977,3360,-1,3360,2977,2978,-1,3360,2978,2979,-1,2982,3361,2975,-1,2975,3361,3362,-1,3363,2972,3362,-1,3362,2972,2974,-1,3362,2974,2975,-1,2971,2970,3363,-1,3363,2970,2973,-1,3363,2973,2972,-1,3016,3364,3013,-1,3013,3364,3365,-1,3010,3011,3365,-1,3365,3011,3012,-1,3365,3012,3013,-1,3006,3005,3366,-1,3366,3005,3004,-1,3366,3004,3367,-1,3367,3004,3009,-1,2999,3014,3368,-1,3368,3014,3015,-1,3368,3015,3369,-1,3369,3015,3008,-1,3369,3008,3007,-1,2998,3370,2997,-1,2997,3370,3371,-1,3003,2995,3371,-1,3371,2995,2996,-1,3371,2996,2997,-1,3002,3372,3001,-1,3001,3372,3373,-1,3001,3373,3000,-1,3000,3373,2967,-1,3374,2962,3375,-1,3375,2962,2964,-1,3375,2964,2966,-1,2228,3353,3376,-1,3376,3353,2960,-1,3376,2960,2959,-1,2228,2229,3353,-1,3353,2229,2230,-1,3353,2230,3354,-1,3354,2230,2231,-1,2231,2236,3354,-1,3354,2236,3355,-1,3354,3355,2991,-1,2991,3355,2992,-1,2236,2235,3355,-1,3355,2235,2233,-1,3355,2233,3356,-1,3356,2233,2232,-1,2232,2237,3356,-1,3356,2237,3358,-1,3356,3358,2984,-1,2984,3358,2983,-1,2237,2239,3358,-1,3358,2239,2241,-1,3358,2241,3357,-1,3357,2241,2242,-1,2242,2246,3357,-1,3357,2246,3360,-1,3357,3360,2980,-1,2980,3360,2979,-1,2246,2244,3360,-1,3360,2244,2252,-1,3360,2252,3359,-1,3359,2252,2251,-1,2251,2250,3359,-1,3359,2250,3361,-1,3359,3361,2981,-1,2981,3361,2982,-1,2250,2249,3361,-1,3361,2249,2257,-1,3361,2257,3362,-1,3362,2257,2256,-1,2971,3363,3352,-1,3352,3363,2260,-1,3352,2260,2262,-1,2256,2254,3362,-1,3362,2254,2253,-1,3362,2253,3363,-1,3363,2253,2258,-1,3363,2258,2260,-1,2262,2263,3352,-1,3352,2263,3364,-1,3352,3364,3017,-1,3017,3364,3016,-1,2268,3365,2269,-1,2269,3365,3364,-1,2269,3364,2265,-1,2265,3364,2263,-1,2268,2272,3365,-1,3365,2272,3367,-1,3365,3367,3010,-1,3010,3367,3009,-1,2276,3366,2277,-1,2277,3366,3367,-1,2277,3367,2271,-1,2271,3367,2272,-1,2276,2274,3366,-1,3366,2274,3369,-1,3366,3369,3006,-1,3006,3369,3007,-1,2280,3368,2278,-1,2278,3368,3369,-1,2278,3369,2273,-1,2273,3369,2274,-1,2280,2284,3368,-1,3368,2284,3370,-1,3368,3370,2999,-1,2999,3370,2998,-1,2286,3371,2287,-1,2287,3371,3370,-1,2287,3370,2283,-1,2283,3370,2284,-1,2286,2290,3371,-1,3371,2290,3372,-1,3371,3372,3003,-1,3003,3372,3002,-1,2291,3373,2292,-1,2292,3373,3372,-1,2292,3372,2289,-1,2289,3372,2290,-1,2291,2295,3373,-1,3373,2295,3375,-1,3373,3375,2967,-1,2967,3375,2966,-1,2220,3374,2293,-1,2293,3374,3375,-1,2293,3375,2294,-1,2294,3375,2295,-1,3068,3075,3377,-1,3378,3028,3019,-1,3048,3045,3379,-1,3379,3045,3047,-1,3379,3047,3378,-1,3378,3047,3046,-1,3378,3046,3028,-1,3049,3380,3044,-1,3044,3380,3381,-1,3041,3042,3381,-1,3381,3042,3043,-1,3381,3043,3044,-1,3040,3382,3051,-1,3051,3382,3383,-1,3051,3383,3050,-1,3050,3383,3035,-1,3037,3038,3384,-1,3384,3038,3039,-1,3384,3039,3385,-1,3385,3039,3033,-1,3385,3033,3034,-1,3036,3386,3032,-1,3032,3386,3387,-1,3388,3030,3387,-1,3387,3030,3031,-1,3387,3031,3032,-1,3075,3076,3388,-1,3388,3076,3029,-1,3388,3029,3030,-1,3067,3389,3066,-1,3066,3389,3390,-1,3070,3071,3390,-1,3390,3071,3072,-1,3390,3072,3066,-1,3063,3062,3391,-1,3391,3062,3061,-1,3391,3061,3392,-1,3392,3061,3069,-1,3058,3073,3393,-1,3393,3073,3074,-1,3393,3074,3394,-1,3394,3074,3065,-1,3394,3065,3064,-1,3057,3395,3056,-1,3056,3395,3396,-1,3059,3054,3396,-1,3396,3054,3055,-1,3396,3055,3056,-1,3060,3397,3053,-1,3053,3397,3398,-1,3053,3398,3052,-1,3052,3398,3026,-1,3399,3021,3400,-1,3400,3021,3023,-1,3400,3023,3025,-1,2307,3378,3401,-1,3401,3378,3019,-1,3401,3019,3018,-1,2307,2308,3378,-1,3378,2308,2309,-1,3378,2309,3379,-1,3379,2309,2310,-1,2310,2315,3379,-1,3379,2315,3380,-1,3379,3380,3048,-1,3048,3380,3049,-1,2315,2314,3380,-1,3380,2314,2312,-1,3380,2312,3381,-1,3381,2312,2311,-1,2311,2316,3381,-1,3381,2316,3382,-1,3381,3382,3041,-1,3041,3382,3040,-1,2316,2318,3382,-1,3382,2318,2320,-1,3382,2320,3383,-1,3383,2320,2321,-1,2321,2325,3383,-1,3383,2325,3385,-1,3383,3385,3035,-1,3035,3385,3034,-1,2325,2323,3385,-1,3385,2323,2331,-1,3385,2331,3384,-1,3384,2331,2330,-1,2330,2329,3384,-1,3384,2329,3386,-1,3384,3386,3037,-1,3037,3386,3036,-1,2329,2328,3386,-1,3386,2328,2336,-1,3386,2336,3387,-1,3387,2336,2335,-1,3075,3388,3377,-1,3377,3388,2339,-1,3377,2339,2341,-1,2335,2333,3387,-1,3387,2333,2332,-1,3387,2332,3388,-1,3388,2332,2337,-1,3388,2337,2339,-1,2341,2342,3377,-1,3377,2342,3389,-1,3377,3389,3068,-1,3068,3389,3067,-1,2347,3390,2348,-1,2348,3390,3389,-1,2348,3389,2344,-1,2344,3389,2342,-1,2347,2351,3390,-1,3390,2351,3392,-1,3390,3392,3070,-1,3070,3392,3069,-1,2355,3391,2356,-1,2356,3391,3392,-1,2356,3392,2350,-1,2350,3392,2351,-1,2355,2353,3391,-1,3391,2353,3394,-1,3391,3394,3063,-1,3063,3394,3064,-1,2359,3393,2357,-1,2357,3393,3394,-1,2357,3394,2352,-1,2352,3394,2353,-1,2359,2363,3393,-1,3393,2363,3395,-1,3393,3395,3058,-1,3058,3395,3057,-1,2365,3396,2366,-1,2366,3396,3395,-1,2366,3395,2362,-1,2362,3395,2363,-1,2365,2369,3396,-1,3396,2369,3397,-1,3396,3397,3059,-1,3059,3397,3060,-1,2370,3398,2371,-1,2371,3398,3397,-1,2371,3397,2368,-1,2368,3397,2369,-1,2370,2374,3398,-1,3398,2374,3400,-1,3398,3400,3026,-1,3026,3400,3025,-1,2299,3399,2372,-1,2372,3399,3400,-1,2372,3400,2373,-1,2373,3400,2374,-1,3135,3084,3402,-1,3403,3079,3081,-1,3099,3100,3404,-1,3404,3100,3101,-1,3404,3101,3403,-1,3403,3101,3102,-1,3403,3102,3079,-1,3104,3405,3103,-1,3103,3405,3406,-1,3097,3078,3406,-1,3406,3078,3077,-1,3406,3077,3103,-1,3098,3407,3106,-1,3106,3407,3408,-1,3106,3408,3105,-1,3105,3408,3093,-1,3095,3096,3409,-1,3409,3096,3090,-1,3409,3090,3410,-1,3410,3090,3091,-1,3410,3091,3092,-1,3094,3411,3089,-1,3089,3411,3412,-1,3413,3087,3412,-1,3412,3087,3088,-1,3412,3088,3089,-1,3084,3085,3413,-1,3413,3085,3086,-1,3413,3086,3087,-1,3134,3414,3123,-1,3123,3414,3415,-1,3125,3122,3415,-1,3415,3122,3124,-1,3415,3124,3123,-1,3132,3133,3416,-1,3416,3133,3127,-1,3416,3127,3417,-1,3417,3127,3126,-1,3117,3128,3418,-1,3418,3128,3129,-1,3418,3129,3419,-1,3419,3129,3130,-1,3419,3130,3131,-1,3116,3420,3115,-1,3115,3420,3421,-1,3119,3120,3421,-1,3421,3120,3121,-1,3421,3121,3115,-1,3112,3113,3422,-1,3422,3113,3114,-1,3422,3114,3423,-1,3423,3114,3118,-1,3424,3107,3425,-1,3425,3107,3109,-1,3425,3109,3111,-1,2386,3403,3426,-1,3426,3403,3081,-1,3426,3081,3083,-1,2386,2387,3403,-1,3403,2387,2388,-1,3403,2388,3404,-1,3404,2388,2389,-1,2389,2394,3404,-1,3404,2394,3405,-1,3404,3405,3099,-1,3099,3405,3104,-1,2394,2393,3405,-1,3405,2393,2391,-1,3405,2391,3406,-1,3406,2391,2390,-1,2390,2395,3406,-1,3406,2395,3407,-1,3406,3407,3097,-1,3097,3407,3098,-1,2395,2397,3407,-1,3407,2397,2399,-1,3407,2399,3408,-1,3408,2399,2400,-1,2400,2404,3408,-1,3408,2404,3410,-1,3408,3410,3093,-1,3093,3410,3092,-1,2404,2402,3410,-1,3410,2402,2410,-1,3410,2410,3409,-1,3409,2410,2409,-1,2409,2408,3409,-1,3409,2408,3411,-1,3409,3411,3095,-1,3095,3411,3094,-1,2408,2407,3411,-1,3411,2407,2415,-1,3411,2415,3412,-1,3412,2415,2414,-1,3084,3413,3402,-1,3402,3413,2418,-1,3402,2418,2420,-1,2414,2412,3412,-1,3412,2412,2411,-1,3412,2411,3413,-1,3413,2411,2416,-1,3413,2416,2418,-1,2420,2421,3402,-1,3402,2421,3414,-1,3402,3414,3135,-1,3135,3414,3134,-1,2426,3415,2427,-1,2427,3415,3414,-1,2427,3414,2423,-1,2423,3414,2421,-1,2426,2430,3415,-1,3415,2430,3417,-1,3415,3417,3125,-1,3125,3417,3126,-1,2434,3416,2435,-1,2435,3416,3417,-1,2435,3417,2429,-1,2429,3417,2430,-1,2434,2432,3416,-1,3416,2432,3419,-1,3416,3419,3132,-1,3132,3419,3131,-1,2438,3418,2436,-1,2436,3418,3419,-1,2436,3419,2431,-1,2431,3419,2432,-1,2438,2442,3418,-1,3418,2442,3420,-1,3418,3420,3117,-1,3117,3420,3116,-1,2444,3421,2445,-1,2445,3421,3420,-1,2445,3420,2441,-1,2441,3420,2442,-1,2444,2448,3421,-1,3421,2448,3423,-1,3421,3423,3119,-1,3119,3423,3118,-1,2449,3422,2450,-1,2450,3422,3423,-1,2450,3423,2447,-1,2447,3423,2448,-1,2449,2453,3422,-1,3422,2453,3425,-1,3422,3425,3112,-1,3112,3425,3111,-1,2378,3424,2451,-1,2451,3424,3425,-1,2451,3425,2452,-1,2452,3425,2453,-1,153,145,3427,-1,3427,0,104,-1,153,3427,3428,-1,3428,3427,104,-1,3428,104,14,-1,3429,3430,3431,-1,150,149,3432,-1,3432,149,3429,-1,3432,3429,3433,-1,3433,3429,3431,-1,3433,3431,3434,-1,3428,3435,3436,-1,3437,3438,127,-1,37,5,3439,-1,3439,5,3440,-1,3434,3441,3433,-1,3433,3441,3442,-1,3433,3442,127,-1,127,3442,3443,-1,127,3443,3437,-1,3444,3445,125,-1,125,3445,3446,-1,125,3446,3440,-1,3440,3446,3447,-1,3440,3447,3439,-1,3439,3447,3448,-1,3439,3448,3449,-1,3449,3448,3450,-1,3449,3450,3451,-1,3452,3453,153,-1,3454,153,3455,-1,3455,153,3456,-1,3450,3457,3451,-1,3451,3457,3458,-1,3451,3458,3459,-1,3459,3458,3460,-1,3459,3460,3461,-1,3461,3460,3462,-1,3461,3462,3428,-1,3428,3462,3463,-1,3428,3463,3435,-1,3436,3464,3428,-1,3428,3464,3465,-1,3428,3465,153,-1,153,3465,3466,-1,153,3466,3452,-1,3453,3467,153,-1,153,3467,3468,-1,153,3468,3456,-1,3438,3469,127,-1,127,3469,3470,-1,127,3470,125,-1,125,3470,3471,-1,125,3471,3444,-1,1997,1996,217,-1,3472,3473,117,-1,1986,1988,3472,-1,117,119,3474,-1,837,3475,835,-1,835,3475,846,-1,1986,3472,1983,-1,1997,217,1992,-1,225,223,130,-1,3476,853,843,-1,3477,3472,217,-1,846,3475,843,-1,843,3475,3478,-1,843,3478,3476,-1,130,223,143,-1,223,885,143,-1,143,885,877,-1,143,877,144,-1,144,877,880,-1,3474,3479,117,-1,117,3479,3480,-1,117,3480,3472,-1,3472,3480,2046,-1,3472,2046,2015,-1,1988,1990,3472,-1,3472,1990,1994,-1,3472,1994,217,-1,217,1994,1993,-1,217,1993,1992,-1,862,864,3481,-1,3481,864,858,-1,3481,858,3476,-1,3476,858,850,-1,3476,850,853,-1,217,216,3477,-1,3477,216,235,-1,3477,235,129,-1,129,235,232,-1,129,232,130,-1,130,232,228,-1,130,228,225,-1,2015,1982,3472,-1,3472,1982,1981,-1,3472,1981,1979,-1,1979,1985,3472,-1,3472,1985,1984,-1,3472,1984,1983,-1,880,875,144,-1,144,875,870,-1,144,870,3481,-1,3481,870,868,-1,3481,868,862,-1,3432,3433,3482,-1,3482,3433,3483,-1,3484,3485,3486,-1,3486,3485,3487,-1,2047,2044,3480,-1,3480,2044,2045,-1,3480,2045,2046,-1,2047,3480,2051,-1,2051,3480,3479,-1,2051,3479,2050,-1,2050,3479,2049,-1,2049,3479,3474,-1,2049,3474,2048,-1,2048,3474,2052,-1,2052,3474,119,-1,2052,119,2053,-1,2053,119,3488,-1,2053,3488,2054,-1,2054,3488,2055,-1,2055,3488,139,-1,2055,139,2056,-1,2056,139,138,-1,2056,138,2057,-1,2057,138,2058,-1,2058,138,137,-1,2058,137,2003,-1,3489,1413,3490,-1,3490,1413,1488,-1,3491,3492,1475,-1,3492,3493,1475,-1,1475,3493,3494,-1,1475,3494,1485,-1,3489,3495,1413,-1,1413,3495,3496,-1,1413,3496,1409,-1,1409,3496,3497,-1,1409,3497,1408,-1,1408,3497,3498,-1,1408,3498,1420,-1,1420,3498,3499,-1,1420,3499,1422,-1,1422,3499,3500,-1,1422,3500,1430,-1,1430,3500,3501,-1,1430,3501,1435,-1,1435,3501,3502,-1,1435,3502,1405,-1,1405,3502,3503,-1,1405,3503,1441,-1,1441,3503,3504,-1,3491,1475,3505,-1,3505,1475,1472,-1,3505,1472,3506,-1,3506,1472,1465,-1,3506,1465,3507,-1,3507,1465,1463,-1,3507,1463,3508,-1,3508,1463,1402,-1,3508,1402,3509,-1,3509,1402,1456,-1,3509,1456,3510,-1,3510,1456,1451,-1,3510,1451,3504,-1,3504,1451,1446,-1,3504,1446,1441,-1,3511,3493,3512,-1,3512,3493,3492,-1,3512,3492,3513,-1,3513,3492,3491,-1,3513,3491,3514,-1,3514,3491,3505,-1,3514,3505,3515,-1,3515,3505,3506,-1,3515,3506,3516,-1,3516,3506,3507,-1,3516,3507,3517,-1,3517,3507,3508,-1,3517,3508,3518,-1,3518,3508,3509,-1,3518,3509,3519,-1,3519,3509,3510,-1,3519,3510,3520,-1,3520,3510,3504,-1,3520,3504,3521,-1,3521,3504,3522,-1,3522,3504,3503,-1,3522,3503,3523,-1,3523,3503,3502,-1,3523,3502,3524,-1,3524,3502,3501,-1,3524,3501,3525,-1,3525,3501,3500,-1,3525,3500,3526,-1,3526,3500,3499,-1,3526,3499,3527,-1,3527,3499,3498,-1,3527,3498,3528,-1,3528,3498,3497,-1,3528,3497,3529,-1,3529,3497,3496,-1,3529,3496,3530,-1,3530,3496,3495,-1,3530,3495,3531,-1,3531,3495,3489,-1,3531,3489,3532,-1,3532,3489,3490,-1,3532,3490,3533,-1,3533,3490,1488,-1,3533,1488,3534,-1,1488,1487,3534,-1,3534,1487,1486,-1,3534,1486,3535,-1,3535,1486,1482,-1,3535,1482,3536,-1,3536,1482,1481,-1,3536,1481,3537,-1,3537,1481,1489,-1,3537,1489,3538,-1,3538,1489,1490,-1,3538,1490,3539,-1,3539,1490,1491,-1,3539,1491,3540,-1,3540,1491,1498,-1,3540,1498,3541,-1,3541,1498,1499,-1,3541,1499,3542,-1,3542,1499,1500,-1,3542,1500,3543,-1,3543,1500,1501,-1,3543,1501,3544,-1,3544,1501,1502,-1,3544,1502,3545,-1,3545,1502,1503,-1,3545,1503,3546,-1,3546,1503,1492,-1,3546,1492,3547,-1,3547,1492,1493,-1,3547,1493,3548,-1,3548,1493,1494,-1,3548,1494,3549,-1,3549,1494,1495,-1,3549,1495,3550,-1,3550,1495,1496,-1,3550,1496,3551,-1,3551,1496,1497,-1,3551,1497,3552,-1,3552,1497,1483,-1,3552,1483,3553,-1,3553,1483,1484,-1,3553,1484,3554,-1,3554,1484,1485,-1,3554,1485,3511,-1,3511,1485,3494,-1,3511,3494,3493,-1,3521,3555,3556,-1,3557,3533,3558,-1,3558,3533,3534,-1,3558,3534,3559,-1,3559,3534,3535,-1,3559,3535,3560,-1,3560,3535,3536,-1,3560,3536,3561,-1,3561,3536,3537,-1,3561,3537,3562,-1,3563,3528,3564,-1,3564,3528,3529,-1,3564,3529,3565,-1,3565,3529,3530,-1,3565,3530,3566,-1,3566,3530,3531,-1,3566,3531,3557,-1,3557,3531,3532,-1,3557,3532,3533,-1,3521,3522,3555,-1,3555,3522,3523,-1,3555,3523,3567,-1,3567,3523,3524,-1,3567,3524,3568,-1,3568,3524,3525,-1,3568,3525,3569,-1,3569,3525,3526,-1,3569,3526,3563,-1,3563,3526,3527,-1,3563,3527,3528,-1,3570,3544,3571,-1,3571,3544,3545,-1,3571,3545,3572,-1,3572,3545,3546,-1,3572,3546,3573,-1,3573,3546,3547,-1,3573,3547,3574,-1,3575,3516,3576,-1,3576,3516,3517,-1,3576,3517,3577,-1,3577,3517,3518,-1,3577,3518,3578,-1,3578,3518,3519,-1,3578,3519,3556,-1,3556,3519,3520,-1,3556,3520,3521,-1,3547,3548,3574,-1,3574,3548,3549,-1,3574,3549,3579,-1,3579,3549,3550,-1,3579,3550,3580,-1,3580,3550,3551,-1,3580,3551,3581,-1,3581,3551,3552,-1,3581,3552,3582,-1,3582,3552,3553,-1,3582,3553,3583,-1,3537,3538,3562,-1,3562,3538,3539,-1,3562,3539,3584,-1,3584,3539,3540,-1,3584,3540,3585,-1,3585,3540,3541,-1,3585,3541,3586,-1,3586,3541,3542,-1,3586,3542,3570,-1,3570,3542,3543,-1,3570,3543,3544,-1,3553,3554,3583,-1,3583,3554,3511,-1,3583,3511,3587,-1,3587,3511,3512,-1,3587,3512,3588,-1,3588,3512,3513,-1,3588,3513,3589,-1,3589,3513,3514,-1,3589,3514,3575,-1,3575,3514,3515,-1,3575,3515,3516,-1,3590,3454,3455,-1,3558,3591,3557,-1,3557,3591,3592,-1,3557,3592,3566,-1,3566,3592,3593,-1,3566,3593,3565,-1,3565,3593,3594,-1,3565,3594,3564,-1,3595,3453,3596,-1,3596,3453,3452,-1,3596,3452,3597,-1,3597,3452,3466,-1,3597,3466,3598,-1,3598,3466,3465,-1,3598,3465,3599,-1,3599,3465,3464,-1,3599,3464,3600,-1,3600,3464,3436,-1,3600,3436,3601,-1,3601,3436,3435,-1,3601,3435,3602,-1,3567,3603,3555,-1,3555,3603,3604,-1,3555,3604,3556,-1,3556,3604,3605,-1,3556,3605,3578,-1,3578,3605,3606,-1,3578,3606,3577,-1,3577,3606,3607,-1,3577,3607,3576,-1,3576,3607,3608,-1,3576,3608,3575,-1,3595,3603,3453,-1,3453,3603,3567,-1,3453,3567,3467,-1,3467,3567,3568,-1,3467,3568,3468,-1,3468,3568,3569,-1,3468,3569,3456,-1,3456,3569,3563,-1,3456,3563,3455,-1,3455,3563,3564,-1,3455,3564,3590,-1,3590,3564,3594,-1,3430,3591,3431,-1,3431,3591,3558,-1,3431,3558,3434,-1,3434,3558,3559,-1,3434,3559,3441,-1,3441,3559,3560,-1,3441,3560,3442,-1,3442,3560,3561,-1,3442,3561,3443,-1,3443,3561,3562,-1,3443,3562,3437,-1,3437,3562,3584,-1,3437,3584,3438,-1,3438,3584,3585,-1,3438,3585,3469,-1,3469,3585,3586,-1,3469,3586,3470,-1,3470,3586,3570,-1,3470,3570,3471,-1,3471,3570,3571,-1,3471,3571,3444,-1,3444,3571,3572,-1,3444,3572,3445,-1,3445,3572,3573,-1,3445,3573,3446,-1,3446,3573,3574,-1,3446,3574,3447,-1,3447,3574,3579,-1,3447,3579,3448,-1,3448,3579,3580,-1,3448,3580,3450,-1,3450,3580,3581,-1,3450,3581,3457,-1,3457,3581,3582,-1,3457,3582,3458,-1,3458,3582,3583,-1,3458,3583,3460,-1,3460,3583,3587,-1,3460,3587,3462,-1,3462,3587,3588,-1,3462,3588,3463,-1,3463,3588,3589,-1,3463,3589,3435,-1,3435,3589,3575,-1,3435,3575,3602,-1,3602,3575,3608,-1,217,1996,218,-1,218,1996,1995,-1,1995,2005,218,-1,218,2005,3286,-1,218,3286,2819,-1,3609,3610,3611,-1,3611,3610,3612,-1,3613,654,3611,-1,3611,654,3614,-1,3611,3614,3609,-1,3615,3616,3617,-1,3617,3616,3618,-1,3617,3618,3619,-1,3620,3615,3621,-1,3621,3615,3617,-1,3621,3617,3622,-1,3622,3617,3619,-1,3622,3619,3623,-1,3624,3625,3626,-1,3626,3625,3627,-1,3626,3627,3619,-1,3619,3627,3628,-1,3619,3628,3623,-1,3629,3630,3631,-1,3631,3630,3632,-1,3631,3632,3633,-1,3633,3632,3634,-1,3635,3636,3637,-1,3637,3636,3638,-1,3639,3640,3641,-1,3641,3642,3639,-1,3639,3642,3643,-1,3639,3643,3635,-1,3635,3643,3644,-1,3635,3644,3636,-1,3645,3646,3647,-1,3647,3646,3648,-1,3647,3648,3640,-1,3640,3648,3649,-1,3640,3649,3641,-1,3650,3651,3652,-1,3652,3651,3653,-1,3652,3653,3654,-1,3655,3656,3657,-1,3657,3656,3658,-1,3659,3660,3658,-1,3658,3660,3661,-1,3658,3661,3657,-1,3662,3663,3659,-1,3659,3663,3664,-1,3659,3664,3660,-1,3665,3666,3667,-1,3667,3666,3668,-1,3667,3668,3662,-1,3662,3668,3669,-1,3662,3669,3663,-1,3670,3671,3672,-1,3672,3671,3673,-1,3674,3675,3673,-1,3673,3675,3676,-1,3673,3676,3672,-1,3677,3678,3674,-1,3674,3678,3679,-1,3674,3679,3675,-1,3680,3681,3677,-1,3677,3681,3682,-1,3677,3682,3678,-1,3613,3683,3680,-1,3680,3683,3684,-1,3680,3684,3681,-1,3612,3685,3611,-1,3611,3685,3686,-1,3611,3686,3613,-1,3613,3686,3687,-1,3613,3687,3683,-1,3618,743,3619,-1,3619,743,746,-1,3619,746,3626,-1,3626,746,749,-1,749,738,3626,-1,3626,738,3630,-1,3626,3630,3624,-1,3624,3630,3629,-1,735,3632,733,-1,733,3632,3630,-1,733,3630,740,-1,740,3630,738,-1,735,722,3632,-1,3632,722,3637,-1,3632,3637,3634,-1,3634,3637,3638,-1,722,725,3637,-1,3637,725,727,-1,3637,727,3635,-1,3635,727,730,-1,3635,730,3639,-1,730,719,3639,-1,3639,719,716,-1,3639,716,3640,-1,3640,716,711,-1,3640,711,3647,-1,3647,711,713,-1,713,704,3647,-1,3647,704,3651,-1,3647,3651,3645,-1,3645,3651,3650,-1,699,3653,708,-1,708,3653,3651,-1,708,3651,706,-1,706,3651,704,-1,699,701,3653,-1,3653,701,3656,-1,3653,3656,3654,-1,3654,3656,3655,-1,701,694,3656,-1,3656,694,696,-1,3656,696,3658,-1,3658,696,689,-1,3658,689,3659,-1,689,691,3659,-1,3659,691,683,-1,3659,683,3662,-1,3662,683,681,-1,3662,681,3667,-1,3667,681,679,-1,679,686,3667,-1,3667,686,3671,-1,3667,3671,3665,-1,3665,3671,3670,-1,686,673,3671,-1,3671,673,675,-1,3671,675,3673,-1,3673,675,670,-1,3673,670,3674,-1,3674,670,667,-1,667,662,3674,-1,3674,662,664,-1,3674,664,3677,-1,3677,664,657,-1,3677,657,3680,-1,657,659,3680,-1,3680,659,650,-1,3680,650,3613,-1,3613,650,652,-1,3613,652,654,-1,3688,3689,3690,-1,3690,3689,3691,-1,3691,3689,3692,-1,3691,3692,829,-1,796,3693,797,-1,797,3693,3694,-1,794,3695,796,-1,796,3695,3696,-1,796,3696,3693,-1,794,793,3695,-1,3695,793,802,-1,3695,802,3697,-1,3697,802,801,-1,3697,801,3698,-1,807,806,3699,-1,3699,806,804,-1,3699,804,3700,-1,3700,804,803,-1,3700,803,3701,-1,3701,803,812,-1,3701,812,3702,-1,3702,812,811,-1,3702,811,3703,-1,3699,3704,807,-1,807,3704,3705,-1,807,3705,798,-1,798,3705,3698,-1,798,3698,799,-1,799,3698,801,-1,3706,813,3707,-1,3707,813,822,-1,3707,822,3708,-1,3708,822,821,-1,3708,821,3709,-1,3709,821,819,-1,3709,819,3710,-1,826,824,3711,-1,3711,824,823,-1,3711,823,831,-1,829,3692,830,-1,830,3692,3712,-1,830,3712,831,-1,831,3712,3713,-1,831,3713,3711,-1,3711,3714,826,-1,826,3714,3715,-1,826,3715,827,-1,827,3715,3710,-1,827,3710,818,-1,818,3710,819,-1,811,809,3703,-1,3703,809,808,-1,3703,808,3716,-1,3716,808,817,-1,3716,817,3717,-1,3717,817,816,-1,3717,816,3706,-1,3706,816,814,-1,3706,814,813,-1,3718,3719,3720,-1,3720,3719,3721,-1,3720,3721,3722,-1,3722,3721,756,-1,3722,756,3723,-1,3723,756,755,-1,3723,755,3724,-1,3724,755,758,-1,3724,758,3725,-1,3726,767,3727,-1,3727,767,766,-1,3727,766,3728,-1,758,760,3725,-1,3725,760,765,-1,3725,765,3729,-1,3729,765,764,-1,3729,764,3730,-1,3730,764,762,-1,3730,762,3731,-1,3731,762,761,-1,3731,761,3732,-1,3732,761,770,-1,3732,770,3726,-1,3726,770,769,-1,3726,769,767,-1,782,780,3733,-1,788,787,3734,-1,780,779,3733,-1,3733,779,788,-1,3733,788,3735,-1,3735,788,3734,-1,3733,3736,782,-1,782,3736,3737,-1,782,3737,783,-1,783,3737,3738,-1,783,3738,774,-1,774,3738,3739,-1,766,773,3728,-1,3728,773,772,-1,3728,772,3740,-1,3740,772,771,-1,3740,771,3741,-1,3741,771,753,-1,3741,753,3742,-1,3742,753,752,-1,3742,752,3743,-1,3743,752,778,-1,3743,778,3744,-1,3744,778,777,-1,3744,777,3739,-1,3739,777,775,-1,3739,775,774,-1,787,785,3734,-1,3734,785,784,-1,3734,784,3745,-1,3745,784,792,-1,3745,792,3746,-1,3746,792,791,-1,3746,791,3694,-1,3694,791,790,-1,3694,790,797,-1,3746,3694,3747,-1,3748,3692,3689,-1,3714,3711,3749,-1,3749,3711,3713,-1,3749,3713,3748,-1,3748,3713,3712,-1,3748,3712,3692,-1,3715,3750,3710,-1,3710,3750,3751,-1,3707,3708,3751,-1,3751,3708,3709,-1,3751,3709,3710,-1,3706,3752,3717,-1,3717,3752,3753,-1,3717,3753,3716,-1,3716,3753,3703,-1,3704,3699,3754,-1,3754,3699,3700,-1,3754,3700,3755,-1,3755,3700,3701,-1,3755,3701,3702,-1,3705,3756,3698,-1,3698,3756,3757,-1,3758,3695,3757,-1,3757,3695,3697,-1,3757,3697,3698,-1,3694,3693,3758,-1,3758,3693,3696,-1,3758,3696,3695,-1,3745,3759,3734,-1,3734,3759,3760,-1,3736,3733,3760,-1,3760,3733,3735,-1,3760,3735,3734,-1,3744,3739,3761,-1,3761,3739,3738,-1,3761,3738,3762,-1,3762,3738,3737,-1,3728,3740,3763,-1,3763,3740,3741,-1,3763,3741,3764,-1,3764,3741,3742,-1,3764,3742,3743,-1,3727,3765,3726,-1,3726,3765,3766,-1,3730,3731,3766,-1,3766,3731,3732,-1,3766,3732,3726,-1,3729,3767,3725,-1,3725,3767,3768,-1,3725,3768,3724,-1,3724,3768,3723,-1,3769,3718,3770,-1,3770,3718,3720,-1,3770,3720,3722,-1,3620,3748,3771,-1,3771,3748,3689,-1,3771,3689,3688,-1,3620,3621,3748,-1,3748,3621,3622,-1,3748,3622,3749,-1,3749,3622,3623,-1,3623,3628,3749,-1,3749,3628,3750,-1,3749,3750,3714,-1,3714,3750,3715,-1,3628,3627,3750,-1,3750,3627,3625,-1,3750,3625,3751,-1,3751,3625,3624,-1,3624,3629,3751,-1,3751,3629,3752,-1,3751,3752,3707,-1,3707,3752,3706,-1,3629,3631,3752,-1,3752,3631,3633,-1,3752,3633,3753,-1,3753,3633,3634,-1,3634,3638,3753,-1,3753,3638,3755,-1,3753,3755,3703,-1,3703,3755,3702,-1,3638,3636,3755,-1,3755,3636,3644,-1,3755,3644,3754,-1,3754,3644,3643,-1,3643,3642,3754,-1,3754,3642,3756,-1,3754,3756,3704,-1,3704,3756,3705,-1,3642,3641,3756,-1,3756,3641,3649,-1,3756,3649,3757,-1,3757,3649,3648,-1,3694,3758,3747,-1,3747,3758,3652,-1,3747,3652,3654,-1,3648,3646,3757,-1,3757,3646,3645,-1,3757,3645,3758,-1,3758,3645,3650,-1,3758,3650,3652,-1,3654,3655,3747,-1,3747,3655,3759,-1,3747,3759,3746,-1,3746,3759,3745,-1,3660,3760,3661,-1,3661,3760,3759,-1,3661,3759,3657,-1,3657,3759,3655,-1,3660,3664,3760,-1,3760,3664,3762,-1,3760,3762,3736,-1,3736,3762,3737,-1,3668,3761,3669,-1,3669,3761,3762,-1,3669,3762,3663,-1,3663,3762,3664,-1,3668,3666,3761,-1,3761,3666,3764,-1,3761,3764,3744,-1,3744,3764,3743,-1,3672,3763,3670,-1,3670,3763,3764,-1,3670,3764,3665,-1,3665,3764,3666,-1,3672,3676,3763,-1,3763,3676,3765,-1,3763,3765,3728,-1,3728,3765,3727,-1,3678,3766,3679,-1,3679,3766,3765,-1,3679,3765,3675,-1,3675,3765,3676,-1,3678,3682,3766,-1,3766,3682,3767,-1,3766,3767,3730,-1,3730,3767,3729,-1,3683,3768,3684,-1,3684,3768,3767,-1,3684,3767,3681,-1,3681,3767,3682,-1,3683,3687,3768,-1,3768,3687,3770,-1,3768,3770,3723,-1,3723,3770,3722,-1,3612,3769,3685,-1,3685,3769,3770,-1,3685,3770,3686,-1,3686,3770,3687,-1,2750,1476,1475,-1,1475,3324,2062,-1,3260,2513,137,-1,2004,2003,137,-1,1475,3349,2141,-1,3324,1475,2841,-1,2841,1475,2141,-1,2841,2141,2842,-1,2060,2809,2062,-1,2062,2809,2808,-1,2062,2808,1475,-1,2060,2059,2809,-1,2809,2059,2064,-1,2809,2064,2811,-1,2811,2064,160,-1,2811,160,159,-1,2808,3300,1515,-1,3719,1485,3721,-1,3721,1485,757,-1,3721,757,756,-1,3719,3718,1485,-1,1485,3718,3769,-1,1485,3769,3612,-1,3424,2378,1485,-1,1900,136,1902,-1,1902,136,832,-1,1093,1092,2575,-1,2575,1092,1665,-1,2575,1665,2574,-1,2633,1583,2631,-1,2631,1583,1594,-1,2631,1594,2001,-1,2001,1594,3185,-1,2001,3185,2690,-1,1299,1298,2693,-1,2693,1298,1507,-1,2693,1507,2692,-1,1515,3160,2808,-1,2808,3160,2753,-1,2808,2753,1475,-1,1475,2753,2752,-1,1475,2752,2750,-1,2963,2962,2299,-1,243,245,2143,-1,2143,245,2844,-1,2143,2844,2138,-1,2138,2844,2842,-1,2138,2842,2139,-1,2139,2842,2141,-1,1900,1899,136,-1,136,1899,1910,-1,136,1910,137,-1,137,1910,3285,-1,137,3285,2454,-1,2515,1741,2513,-1,2513,1741,1752,-1,2513,1752,137,-1,2572,2001,3235,-1,3235,2001,1752,-1,1665,1663,2574,-1,2574,1663,1662,-1,2574,1662,2572,-1,2572,1662,1673,-1,2572,1673,2001,-1,2001,1673,3210,-1,2001,3210,2631,-1,3300,2001,1515,-1,1515,2001,2690,-1,1515,2690,1504,-1,1504,2690,2692,-1,1504,2692,1505,-1,1505,2692,1507,-1,553,555,2380,-1,2380,555,3024,-1,3399,1485,3021,-1,3021,1485,2378,-1,3021,2378,3022,-1,3022,2378,2376,-1,3022,2376,3024,-1,3024,2376,2375,-1,3024,2375,2380,-1,3399,2299,1485,-1,1485,2299,2962,-1,1485,2962,1475,-1,1475,2962,3374,-1,1475,3374,2220,-1,3349,1475,2930,-1,2930,1475,2220,-1,2930,2220,2931,-1,2931,2220,2218,-1,2931,2218,2933,-1,991,990,2516,-1,2516,990,1744,-1,2516,1744,2515,-1,2515,1744,1742,-1,2515,1742,1741,-1,2004,137,1998,-1,1195,1194,2634,-1,2634,1194,1586,-1,2634,1586,2633,-1,2633,1586,1584,-1,2633,1584,1583,-1,3424,1485,3107,-1,3107,1485,3612,-1,3107,3612,3108,-1,654,656,3614,-1,3614,656,3110,-1,3614,3110,3609,-1,3609,3110,3108,-1,3609,3108,3610,-1,3610,3108,3612,-1,888,887,2457,-1,2457,887,1823,-1,2457,1823,2456,-1,2456,1823,1821,-1,2456,1821,2454,-1,2454,1821,1820,-1,2454,1820,137,-1,137,1820,1831,-1,137,1831,3260,-1,1752,2001,137,-1,137,2001,1999,-1,137,1999,1998,-1,451,453,2301,-1,2301,453,2965,-1,2301,2965,2296,-1,2296,2965,2963,-1,2296,2963,2297,-1,2297,2963,2299,-1,349,351,2222,-1,2222,351,2933,-1,2222,2933,2217,-1,2217,2933,2218,-1,1909,886,885,-1,1749,2543,828,-1,3691,829,828,-1,2578,2577,1670,-1,2543,1749,2544,-1,2544,1749,1747,-1,2544,1747,2546,-1,223,222,2068,-1,3326,2851,885,-1,3208,1670,1488,-1,1488,1670,2577,-1,1488,2577,828,-1,828,2577,3233,-1,828,3233,1749,-1,1082,1084,1751,-1,1751,1084,2546,-1,1751,2546,1746,-1,1746,2546,1747,-1,2068,2066,223,-1,223,2066,2065,-1,223,2065,885,-1,885,2065,2070,-1,885,2070,3326,-1,2460,2459,1828,-1,3158,1512,1488,-1,3688,2543,3258,-1,2543,3688,828,-1,828,3688,3690,-1,828,3690,3691,-1,1412,2782,1413,-1,1413,2782,2780,-1,1413,2780,1488,-1,1488,2780,2779,-1,1488,2779,3158,-1,2696,2695,1512,-1,1512,2695,1488,-1,1488,2695,3183,-1,1488,3183,1591,-1,3208,1488,2636,-1,2636,1488,1591,-1,2636,1591,2637,-1,2637,1591,1589,-1,2637,1589,2639,-1,1186,1188,1672,-1,1672,1188,2580,-1,1672,2580,1667,-1,1667,2580,2578,-1,1667,2578,1668,-1,1668,2578,1670,-1,3351,2900,885,-1,984,983,1830,-1,1830,983,2462,-1,1830,2462,1825,-1,1825,2462,2460,-1,1825,2460,1826,-1,1826,2460,1828,-1,3082,3615,3083,-1,3083,3615,3620,-1,3083,3620,885,-1,3258,1828,3688,-1,3688,1828,2459,-1,3688,2459,3771,-1,3771,2459,3620,-1,1909,885,1904,-1,1292,1294,1593,-1,1593,1294,2639,-1,1593,2639,1588,-1,1588,2639,1589,-1,335,334,2848,-1,2848,334,2147,-1,2848,2147,2850,-1,2850,2147,2145,-1,2850,2145,2851,-1,2851,2145,2144,-1,2851,2144,885,-1,885,2144,2149,-1,885,2149,3351,-1,2961,2302,2959,-1,2959,2302,2307,-1,2959,2307,885,-1,885,2307,3401,-1,885,3401,3018,-1,649,648,3027,-1,3027,648,2384,-1,3027,2384,3020,-1,744,743,3080,-1,3080,743,3618,-1,3080,3618,3082,-1,3082,3618,3616,-1,3082,3616,3615,-1,2459,3283,3620,-1,3620,3283,1907,-1,3620,1907,885,-1,885,1907,1905,-1,885,1905,1904,-1,1392,1394,1514,-1,1514,1394,2698,-1,1514,2698,1509,-1,1509,2698,2696,-1,1509,2696,1510,-1,1510,2696,1512,-1,444,443,2903,-1,2903,443,2226,-1,2903,2226,2902,-1,2384,2382,3020,-1,3020,2382,2381,-1,3020,2381,3018,-1,3018,2381,2386,-1,3018,2386,885,-1,885,2386,3426,-1,885,3426,3083,-1,2226,2224,2902,-1,2902,2224,2223,-1,2902,2223,2900,-1,2900,2223,2228,-1,2900,2228,885,-1,885,2228,3376,-1,885,3376,2959,-1,546,545,2968,-1,2968,545,2305,-1,2968,2305,2961,-1,2961,2305,2303,-1,2961,2303,2302,-1,3472,3477,3772,-1,3772,3477,3773,-1,3772,3773,3774,-1,3775,3772,123,-1,123,3772,3774,-1,123,3774,124,-1,3472,3772,3473,-1,3473,3772,3775,-1,131,124,3773,-1,3773,124,3774,-1,3776,3777,142,-1,142,3777,140,-1,3778,3476,3779,-1,3779,3476,3478,-1,140,3777,147,-1,147,3777,3778,-1,147,3778,3779,-1,3481,3476,3776,-1,3776,3476,3778,-1,3776,3778,3777,-1,142,144,3776,-1,3776,144,3481,-1,3773,3477,131,-1,131,3477,129,-1,150,3432,141,-1,141,3432,3482,-1,3433,127,3483,-1,3483,127,132,-1,143,141,130,-1,130,141,132,-1,3483,132,3482,-1,3482,132,141,-1,134,3780,839,-1,839,3780,837,-1,3475,147,3478,-1,3478,147,3779,-1,82,3485,3484,-1,134,109,60,-1,57,56,3781,-1,60,82,134,-1,134,82,3427,-1,134,3427,3780,-1,1,0,3782,-1,3782,0,3427,-1,3782,3427,3781,-1,3781,3427,82,-1,3781,82,57,-1,57,82,3484,-1,147,3475,837,-1,3780,3427,837,-1,837,3427,145,-1,837,145,147,-1,119,121,3488,-1,3488,121,139,-1,117,3473,118,-1,118,3473,3775,-1,118,3775,123,-1,3783,3784,3785,-1,3785,3786,3787,-1,114,113,4,-1,4,113,34,-1,111,139,33,-1,33,139,34,-1,3783,3785,120,-1,3440,5,3787,-1,3787,5,4,-1,3787,4,3785,-1,3785,4,34,-1,3785,34,120,-1,120,34,139,-1,120,139,121,-1,125,3440,126,-1,126,3440,3787,-1,3461,3428,3788,-1,3788,3428,3789,-1,3788,3789,3790,-1,3790,3789,3791,-1,3790,3791,3449,-1,3449,3791,3439,-1,10,3789,14,-1,14,3789,3428,-1,37,3439,9,-1,9,3439,3791,-1,3790,3449,3792,-1,3792,3449,3451,-1,3461,3788,3459,-1,3459,3788,3793,-1,9,3791,10,-1,10,3791,3789,-1,3788,3790,3793,-1,3793,3790,3792,-1,123,3783,118,-1,118,3783,120,-1,122,3784,123,-1,123,3784,3783,-1,133,3785,122,-1,122,3785,3784,-1,128,3786,133,-1,133,3786,3785,-1,126,3787,128,-1,128,3787,3786,-1,3459,3793,3451,-1,3451,3793,3792,-1,115,116,35,-1,35,116,3,-1,3486,3487,58,-1,58,3487,59,-1,3485,82,3487,-1,3487,82,59,-1,3486,58,3484,-1,3484,58,57,-1,114,4,116,-1,116,4,3,-1,115,35,113,-1,113,35,34,-1,3794,3795,45,-1,45,3795,46,-1,3795,3796,46,-1,46,3796,47,-1,3796,3797,47,-1,47,3797,50,-1,3797,3798,50,-1,50,3798,51,-1,3798,3799,51,-1,51,3799,52,-1,3799,3800,52,-1,52,3800,6,-1,3800,3801,6,-1,6,3801,38,-1,3801,3794,38,-1,38,3794,45,-1,
        ]
    }
}
Shape{
    appearance Appearance {
        material  Material 	{
            diffuseColor 1.0 1.0 1.0
            specularColor 0.8784313725490196 0.8784313725490196 0.8784313725490196
            ambientIntensity 1.0
            transparency 0.0
            shininess 0.5
        }
    }
    geometry IndexedFaceSet {
        ccw TRUE
        solid FALSE
        coord DEF co Coordinate {
            point [
                -5.302 -0.2732 0.0039, -5.1375 -0.2145 0.0039, -5.0619 -0.2329 0.0039, -5.4556 -0.3817 0.0039, -5.4556 -0.3241 0.0039, -5.3452 -0.2865 0.0039, -5.1239 -0.2107 0.0039, -5.1099 -0.2082 0.0039, -5.0619 -0.18 0.0039, -5.1099 -0.2069 0.0039, -5.1238 -0.2043 0.0039, -5.302 -0.1416 0.0039, -5.3452 -0.1239 0.0039, -5.1375 -0.2008 0.0039, -5.4556 -0.0264 0.0039, -5.4556 -0.084 0.0039
            ]
        }
        coordIndex [
            0,1,2,-1,3,4,5,-1,1,6,2,-1,2,6,7,-1,2,7,8,-1,8,7,9,-1,8,9,10,-1,2,3,0,-1,0,3,5,-1,0,5,11,-1,11,5,12,-1,10,13,8,-1,8,13,11,-1,8,11,14,-1,14,11,12,-1,14,12,15,-1,
        ]
    }
}
Shape{
    appearance Appearance {
        material  Material 	{
            diffuseColor 0.10196078431372549 0.10196078431372549 0.10196078431372549
            specularColor 0.03137254901960784 0.03137254901960784 0.03137254901960784
            ambientIntensity 0.102
            transparency 0.0
            shininess 0.5
        }
    }
    geometry IndexedFaceSet {
        ccw TRUE
        solid FALSE
        coord DEF co Coordinate {
            point [
                -5.302 -0.2732 0.0039, -5.302 -0.1416 0.0039, -5.302 -0.2732 0.0, -5.302 -0.1416 0.0, -5.1375 -0.2145 0.0039, -5.1375 -0.2145 0.0, -5.1239 -0.2107 0.0, -5.1239 -0.2107 0.0039, -5.1099 -0.2082 0.0, -5.1099 -0.2082 0.0039, -5.1099 -0.2069 0.0039, -5.1099 -0.2069 0.0, -5.1238 -0.2043 0.0, -5.1238 -0.2043 0.0039, -5.1375 -0.2008 0.0, -5.1375 -0.2008 0.0039, -5.4556 -0.6203 0.0039, -5.4556 -0.7274 0.0039, -5.4556 -0.6203 0.0, -5.4556 -0.7274 0.0, -5.0619 -0.7274 0.0039, -5.0619 -0.7274 0.0, -5.0619 -0.6163 0.0039, -5.0619 -0.6163 0.0, -5.2538 -0.4105 0.0039, -5.2538 -0.4105 0.0, -5.2345 -0.4112 0.0, -5.2345 -0.4112 0.0039, -5.1935 -0.4186 0.0, -5.1935 -0.4186 0.0039, -5.1551 -0.4351 0.0, -5.1551 -0.4351 0.0039, -5.1237 -0.459 0.0, -5.1237 -0.459 0.0039, -5.1095 -0.4743 0.0, -5.1095 -0.4743 0.0039, -5.0841 -0.5133 0.0, -5.0841 -0.5133 0.0039, -5.068 -0.5594 0.0, -5.068 -0.5594 0.0039, -5.4513 -0.5716 0.0, -5.4513 -0.5716 0.0039, -5.4378 -0.5263 0.0, -5.4378 -0.5263 0.0039, -5.4139 -0.4851 0.0, -5.4139 -0.4851 0.0039, -5.3829 -0.4527 0.0, -5.3829 -0.4527 0.0039, -5.3477 -0.4302 0.0, -5.3477 -0.4302 0.0039, -5.3065 -0.416 0.0, -5.3065 -0.416 0.0039
            ]
        }
        coordIndex [
            0,1,2,-1,2,1,3,-1,4,0,5,-1,5,0,2,-1,4,5,6,-1,4,6,7,-1,7,6,8,-1,7,8,9,-1,10,9,11,-1,11,9,8,-1,10,11,12,-1,10,12,13,-1,13,12,14,-1,13,14,15,-1,1,15,3,-1,3,15,14,-1,16,17,18,-1,18,17,19,-1,17,20,19,-1,19,20,21,-1,20,22,21,-1,21,22,23,-1,24,25,26,-1,24,26,27,-1,27,26,28,-1,27,28,29,-1,29,28,30,-1,29,30,31,-1,31,30,32,-1,31,32,33,-1,33,32,34,-1,33,34,35,-1,35,34,36,-1,35,36,37,-1,37,36,38,-1,37,38,39,-1,39,38,23,-1,39,23,22,-1,16,18,40,-1,16,40,41,-1,41,40,42,-1,41,42,43,-1,43,42,44,-1,43,44,45,-1,45,44,46,-1,45,46,47,-1,47,46,48,-1,47,48,49,-1,49,48,50,-1,49,50,51,-1,51,50,25,-1,51,25,24,-1,
        ]
    }
}
Shape{
    appearance Appearance {
        material  Material 	{
            diffuseColor 1.0 1.0 1.0
            specularColor 0.8784313725490196 0.8784313725490196 0.8784313725490196
            ambientIntensity 1.0
            transparency 0.0
            shininess 0.5
        }
    }
    geometry IndexedFaceSet {
        ccw TRUE
        solid FALSE
        coord DEF co Coordinate {
            point [
                -5.3065 -0.416 0.0039, -5.2538 -0.4105 0.0039, -5.2549 -0.4633 0.0039, -5.2345 -0.4112 0.0039, -5.2157 -0.4667 0.0039, -5.1935 -0.4186 0.0039, -5.1847 -0.4759 0.0039, -5.1551 -0.4351 0.0039, -5.1605 -0.4894 0.0039, -5.1237 -0.459 0.0039, -5.1401 -0.5085 0.0039, -5.1095 -0.4743 0.0039, -5.1215 -0.5372 0.0039, -5.0841 -0.5133 0.0039, -5.1101 -0.5697 0.0039, -5.068 -0.5594 0.0039, -5.1051 -0.6165 0.0039, -5.0619 -0.6163 0.0039, -5.1051 -0.6746 0.0039, -5.0619 -0.7274 0.0039, -5.4124 -0.6746 0.0039, -5.4556 -0.7274 0.0039, -5.4124 -0.6187 0.0039, -5.4556 -0.6203 0.0039, -5.4085 -0.5772 0.0039, -5.4513 -0.5716 0.0039, -5.3982 -0.544 0.0039, -5.4378 -0.5263 0.0039, -5.3825 -0.5175 0.0039, -5.4139 -0.4851 0.0039, -5.3608 -0.4955 0.0039, -5.3829 -0.4527 0.0039, -5.3336 -0.4786 0.0039, -5.3477 -0.4302 0.0039, -5.3027 -0.4683 0.0039
            ]
        }
        coordIndex [
            0,1,2,-1,2,1,3,-1,2,3,4,-1,4,3,5,-1,4,5,6,-1,6,5,7,-1,6,7,8,-1,8,7,9,-1,8,9,10,-1,10,9,11,-1,10,11,12,-1,12,11,13,-1,12,13,14,-1,14,13,15,-1,14,15,16,-1,16,15,17,-1,16,17,18,-1,18,17,19,-1,18,19,20,-1,20,19,21,-1,20,21,22,-1,22,21,23,-1,22,23,24,-1,24,23,25,-1,24,25,26,-1,26,25,27,-1,26,27,28,-1,28,27,29,-1,28,29,30,-1,30,29,31,-1,30,31,32,-1,32,31,33,-1,32,33,34,-1,34,33,0,-1,34,0,2,-1,
        ]
    }
}
Shape{
    appearance Appearance {
        material  Material 	{
            diffuseColor 0.10196078431372549 0.10196078431372549 0.10196078431372549
            specularColor 0.03137254901960784 0.03137254901960784 0.03137254901960784
            ambientIntensity 0.102
            transparency 0.0
            shininess 0.5
        }
    }
    geometry IndexedFaceSet {
        ccw TRUE
        solid FALSE
        coord DEF co Coordinate {
            point [
                -5.1051 -0.6165 0.0039, -5.1051 -0.6746 0.0039, -5.1051 -0.6165 0.0, -5.1051 -0.6746 0.0, -5.1101 -0.5697 0.0, -5.1101 -0.5697 0.0039, -5.1215 -0.5372 0.0, -5.1215 -0.5372 0.0039, -5.1401 -0.5085 0.0, -5.1401 -0.5085 0.0039, -5.1605 -0.4894 0.0, -5.1605 -0.4894 0.0039, -5.1847 -0.4759 0.0, -5.1847 -0.4759 0.0039, -5.2157 -0.4667 0.0, -5.2157 -0.4667 0.0039, -5.2549 -0.4633 0.0, -5.2549 -0.4633 0.0039, -5.3027 -0.4683 0.0, -5.3027 -0.4683 0.0039, -5.3336 -0.4786 0.0, -5.3336 -0.4786 0.0039, -5.3608 -0.4955 0.0, -5.3608 -0.4955 0.0039, -5.3825 -0.5175 0.0, -5.3825 -0.5175 0.0039, -5.3982 -0.544 0.0, -5.3982 -0.544 0.0039, -5.4085 -0.5772 0.0, -5.4085 -0.5772 0.0039, -5.4124 -0.6187 0.0, -5.4124 -0.6187 0.0039, -5.4124 -0.6746 0.0039, -5.4124 -0.6746 0.0, -5.4124 -0.8042 0.0039, -5.4556 -0.8042 0.0039, -5.4124 -0.8042 0.0, -5.4556 -0.8042 0.0, -5.4556 -1.0155 0.0039, -5.4556 -1.0155 0.0, -5.0619 -1.0155 0.0039, -5.0619 -1.0155 0.0, -5.0619 -0.8138 0.0039, -5.0619 -0.8138 0.0, -5.1051 -0.8138 0.0039, -5.1051 -0.8138 0.0, -5.1051 -0.9626 0.0039, -5.1051 -0.9626 0.0, -5.2347 -0.9626 0.0039, -5.2347 -0.9626 0.0, -5.2347 -0.8234 0.0039, -5.2347 -0.8234 0.0, -5.2779 -0.8234 0.0039, -5.2779 -0.8234 0.0, -5.2779 -0.9626 0.0039, -5.2779 -0.9626 0.0, -5.4124 -0.9626 0.0039, -5.4124 -0.9626 0.0
            ]
        }
        coordIndex [
            0,1,2,-1,2,1,3,-1,0,2,4,-1,0,4,5,-1,5,4,6,-1,5,6,7,-1,7,6,8,-1,7,8,9,-1,9,8,10,-1,9,10,11,-1,11,10,12,-1,11,12,13,-1,13,12,14,-1,13,14,15,-1,15,14,16,-1,15,16,17,-1,17,16,18,-1,17,18,19,-1,19,18,20,-1,19,20,21,-1,21,20,22,-1,21,22,23,-1,23,22,24,-1,23,24,25,-1,25,24,26,-1,25,26,27,-1,27,26,28,-1,27,28,29,-1,29,28,30,-1,29,30,31,-1,32,31,33,-1,33,31,30,-1,1,32,3,-1,3,32,33,-1,34,35,36,-1,36,35,37,-1,35,38,37,-1,37,38,39,-1,38,40,39,-1,39,40,41,-1,40,42,41,-1,41,42,43,-1,42,44,43,-1,43,44,45,-1,44,46,45,-1,45,46,47,-1,46,48,47,-1,47,48,49,-1,48,50,49,-1,49,50,51,-1,50,52,51,-1,51,52,53,-1,52,54,53,-1,53,54,55,-1,54,56,55,-1,55,56,57,-1,56,34,57,-1,57,34,36,-1,
        ]
    }
}
Shape{
    appearance Appearance {
        material  Material 	{
            diffuseColor 1.0 1.0 1.0
            specularColor 0.8784313725490196 0.8784313725490196 0.8784313725490196
            ambientIntensity 1.0
            transparency 0.0
            shininess 0.5
        }
    }
    geometry IndexedFaceSet {
        ccw TRUE
        solid FALSE
        coord DEF co Coordinate {
            point [
                -5.4556 -1.0155 0.0039, -5.4556 -0.8042 0.0039, -5.4124 -0.8042 0.0039, -5.4124 -0.9626 0.0039, -5.2779 -0.9626 0.0039, -5.0619 -1.0155 0.0039, -5.1051 -0.8138 0.0039, -5.0619 -0.8138 0.0039, -5.1051 -0.9626 0.0039, -5.2347 -0.9626 0.0039, -5.2347 -0.8234 0.0039, -5.2779 -0.8234 0.0039
            ]
        }
        coordIndex [
            0,1,2,-1,2,3,0,-1,0,3,4,-1,0,4,5,-1,6,7,8,-1,8,7,5,-1,8,5,9,-1,9,5,4,-1,9,4,10,-1,10,4,11,-1,
        ]
    }
}
Shape{
    appearance Appearance {
        material  Material 	{
            diffuseColor 0.10196078431372549 0.10196078431372549 0.10196078431372549
            specularColor 0.03137254901960784 0.03137254901960784 0.03137254901960784
            ambientIntensity 0.102
            transparency 0.0
            shininess 0.5
        }
    }
    geometry IndexedFaceSet {
        ccw TRUE
        solid FALSE
        coord DEF co Coordinate {
            point [
                -5.392 -1.0923 0.0039, -5.4352 -1.0923 0.0039, -5.392 -1.0923 0.0, -5.4352 -1.0923 0.0, -5.4524 -1.1342 0.0039, -5.4604 -1.2006 0.0039, -5.4604 -1.2006 0.0, -5.4602 -1.1898 0.0, -5.4602 -1.1898 0.0039, -5.458 -1.174 0.0, -5.4524 -1.1342 0.0, -5.458 -1.2237 0.0, -5.4554 -1.2491 0.0039, -5.4554 -1.2491 0.0, -5.4422 -1.2875 0.0039, -5.4422 -1.2875 0.0, -5.4215 -1.3196 0.0039, -5.4215 -1.3196 0.0, -5.3902 -1.349 0.0039, -5.3902 -1.349 0.0, -5.3526 -1.3698 0.0039, -5.3526 -1.3698 0.0, -5.3109 -1.3815 0.0039, -5.3109 -1.3815 0.0, -5.2662 -1.3852 0.0039, -5.2662 -1.3852 0.0, -5.0571 -1.1849 0.0039, -5.0571 -1.1849 0.0, -5.0608 -1.2271 0.0, -5.0608 -1.2271 0.0039, -5.0739 -1.2703 0.0, -5.0739 -1.2703 0.0039, -5.0955 -1.3071 0.0, -5.0955 -1.3071 0.0039, -5.1287 -1.3413 0.0, -5.1287 -1.3413 0.0039, -5.1655 -1.3644 0.0, -5.1655 -1.3644 0.0039, -5.2103 -1.3795 0.0, -5.2103 -1.3795 0.0039, -5.0727 -1.0923 0.0039, -5.0727 -1.0923 0.0, -5.0603 -1.1378 0.0, -5.0603 -1.1378 0.0039, -5.1255 -1.0923 0.0039, -5.1255 -1.0923 0.0, -5.1003 -1.1845 0.0039, -5.1003 -1.1845 0.0, -5.1065 -1.1366 0.0, -5.1065 -1.1366 0.0039, -5.2629 -1.3323 0.0039, -5.2629 -1.3323 0.0, -5.2334 -1.3306 0.0, -5.2334 -1.3306 0.0039, -5.1908 -1.3202 0.0, -5.1908 -1.3202 0.0039, -5.1603 -1.3041 0.0, -5.1603 -1.3041 0.0039, -5.1339 -1.2805 0.0, -5.1339 -1.2805 0.0039, -5.1152 -1.2526 0.0, -5.1152 -1.2526 0.0039, -5.1046 -1.2232 0.0, -5.1046 -1.2232 0.0039, -5.4172 -1.1933 0.0039, -5.4172 -1.1933 0.0, -5.4131 -1.2299 0.0, -5.4131 -1.2299 0.0039, -5.4025 -1.2588 0.0, -5.4025 -1.2588 0.0039, -5.3861 -1.283 0.0, -5.3861 -1.283 0.0039, -5.3667 -1.3013 0.0, -5.3667 -1.3013 0.0039, -5.3394 -1.3177 0.0, -5.3394 -1.3177 0.0039, -5.3055 -1.3284 0.0, -5.3055 -1.3284 0.0039, -5.3959 -1.0993 0.0, -5.3959 -1.0993 0.0039, -5.4114 -1.1411 0.0, -5.4114 -1.1411 0.0039
            ]
        }
        coordIndex [
            0,1,2,-1,2,1,3,-1,3,1,4,-1,5,6,7,-1,5,7,8,-1,8,7,9,-1,8,9,4,-1,4,9,10,-1,4,10,3,-1,6,5,11,-1,11,5,12,-1,11,12,13,-1,13,12,14,-1,13,14,15,-1,15,14,16,-1,15,16,17,-1,17,16,18,-1,17,18,19,-1,19,18,20,-1,19,20,21,-1,21,20,22,-1,21,22,23,-1,23,22,24,-1,23,24,25,-1,26,27,28,-1,26,28,29,-1,29,28,30,-1,29,30,31,-1,31,30,32,-1,31,32,33,-1,33,32,34,-1,33,34,35,-1,35,34,36,-1,35,36,37,-1,37,36,38,-1,37,38,39,-1,39,38,25,-1,39,25,24,-1,40,41,42,-1,40,42,43,-1,43,42,27,-1,43,27,26,-1,40,44,41,-1,41,44,45,-1,46,47,48,-1,46,48,49,-1,49,48,45,-1,49,45,44,-1,50,51,52,-1,50,52,53,-1,53,52,54,-1,53,54,55,-1,55,54,56,-1,55,56,57,-1,57,56,58,-1,57,58,59,-1,59,58,60,-1,59,60,61,-1,61,60,62,-1,61,62,63,-1,63,62,47,-1,63,47,46,-1,64,65,66,-1,64,66,67,-1,67,66,68,-1,67,68,69,-1,69,68,70,-1,69,70,71,-1,71,70,72,-1,71,72,73,-1,73,72,74,-1,73,74,75,-1,75,74,76,-1,75,76,77,-1,77,76,51,-1,77,51,50,-1,0,2,78,-1,0,78,79,-1,79,78,80,-1,79,80,81,-1,81,80,65,-1,81,65,64,-1,
        ]
    }
}
Shape{
    appearance Appearance {
        material  Material 	{
            diffuseColor 1.0 1.0 1.0
            specularColor 0.8784313725490196 0.8784313725490196 0.8784313725490196
            ambientIntensity 1.0
            transparency 0.0
            shininess 0.5
        }
    }
    geometry IndexedFaceSet {
        ccw TRUE
        solid FALSE
        coord DEF co Coordinate {
            point [
                -5.4131 -1.2299 0.0039, -5.4604 -1.2006 0.0039, -5.4172 -1.1933 0.0039, -5.4602 -1.1898 0.0039, -5.4114 -1.1411 0.0039, -5.4524 -1.1342 0.0039, -5.3959 -1.0993 0.0039, -5.4352 -1.0923 0.0039, -5.392 -1.0923 0.0039, -5.1255 -1.0923 0.0039, -5.0727 -1.0923 0.0039, -5.1065 -1.1366 0.0039, -5.0603 -1.1378 0.0039, -5.1003 -1.1845 0.0039, -5.0571 -1.1849 0.0039, -5.1046 -1.2232 0.0039, -5.0608 -1.2271 0.0039, -5.1152 -1.2526 0.0039, -5.0739 -1.2703 0.0039, -5.1339 -1.2805 0.0039, -5.0955 -1.3071 0.0039, -5.1603 -1.3041 0.0039, -5.1287 -1.3413 0.0039, -5.1908 -1.3202 0.0039, -5.1655 -1.3644 0.0039, -5.2334 -1.3306 0.0039, -5.2103 -1.3795 0.0039, -5.2629 -1.3323 0.0039, -5.2662 -1.3852 0.0039, -5.3055 -1.3284 0.0039, -5.3109 -1.3815 0.0039, -5.3394 -1.3177 0.0039, -5.3526 -1.3698 0.0039, -5.3667 -1.3013 0.0039, -5.3902 -1.349 0.0039, -5.3861 -1.283 0.0039, -5.4215 -1.3196 0.0039, -5.4025 -1.2588 0.0039, -5.4422 -1.2875 0.0039, -5.4554 -1.2491 0.0039
            ]
        }
        coordIndex [
            0,1,2,-1,2,1,3,-1,2,3,4,-1,4,3,5,-1,4,5,6,-1,6,5,7,-1,6,7,8,-1,9,10,11,-1,11,10,12,-1,11,12,13,-1,13,12,14,-1,13,14,15,-1,15,14,16,-1,15,16,17,-1,17,16,18,-1,17,18,19,-1,19,18,20,-1,19,20,21,-1,21,20,22,-1,21,22,23,-1,23,22,24,-1,23,24,25,-1,25,24,26,-1,25,26,27,-1,27,26,28,-1,27,28,29,-1,29,28,30,-1,29,30,31,-1,31,30,32,-1,31,32,33,-1,33,32,34,-1,33,34,35,-1,35,34,36,-1,35,36,37,-1,37,36,38,-1,37,38,0,-1,0,38,39,-1,0,39,1,-1,
        ]
    }
}
Shape{
    appearance Appearance {
        material  Material 	{
            diffuseColor 0.10196078431372549 0.10196078431372549 0.10196078431372549
            specularColor 0.03137254901960784 0.03137254901960784 0.03137254901960784
            ambientIntensity 0.102
            transparency 0.0
            shininess 0.5
        }
    }
    geometry IndexedFaceSet {
        ccw TRUE
        solid FALSE
        coord DEF co Coordinate {
            point [
                -5.4124 -1.4188 0.0039, -5.4556 -1.4188 0.0039, -5.4124 -1.4188 0.0, -5.4556 -1.4188 0.0, -5.4556 -1.6204 0.0039, -5.4556 -1.6204 0.0, -5.0619 -1.6204 0.0039, -5.0619 -1.6204 0.0, -5.0619 -1.5676 0.0039, -5.0619 -1.5676 0.0, -5.4124 -1.5676 0.0039, -5.4124 -1.5676 0.0
            ]
        }
        coordIndex [
            0,1,2,-1,2,1,3,-1,1,4,3,-1,3,4,5,-1,4,6,5,-1,5,6,7,-1,6,8,7,-1,7,8,9,-1,8,10,9,-1,9,10,11,-1,10,0,11,-1,11,0,2,-1,
        ]
    }
}
Shape{
    appearance Appearance {
        material  Material 	{
            diffuseColor 1.0 1.0 1.0
            specularColor 0.8784313725490196 0.8784313725490196 0.8784313725490196
            ambientIntensity 1.0
            transparency 0.0
            shininess 0.5
        }
    }
    geometry IndexedFaceSet {
        ccw TRUE
        solid FALSE
        coord DEF co Coordinate {
            point [
                -5.0619 -1.5676 0.0039, -5.0619 -1.6204 0.0039, -5.4124 -1.5676 0.0039, -5.4556 -1.6204 0.0039, -5.4124 -1.4188 0.0039, -5.4556 -1.4188 0.0039
            ]
        }
        coordIndex [
            0,1,2,-1,2,1,3,-1,2,3,4,-1,4,3,5,-1,
        ]
    }
}
Shape{
    appearance Appearance {
        material  Material 	{
            diffuseColor 0.10196078431372549 0.10196078431372549 0.10196078431372549
            specularColor 0.03137254901960784 0.03137254901960784 0.03137254901960784
            ambientIntensity 0.102
            transparency 0.0
            shininess 0.5
        }
    }
    geometry IndexedFaceSet {
        ccw TRUE
        solid FALSE
        coord DEF co Coordinate {
            point [
                -5.302 -0.2732 0.0, -5.302 -0.1416 0.0, -5.1375 -0.2145 0.0, -5.1375 -0.2008 0.0, -5.1239 -0.2107 0.0, -5.1238 -0.2043 0.0, -5.1099 -0.2082 0.0, -5.1099 -0.2069 0.0, -5.1051 -0.6165 0.0, -5.1051 -0.6746 0.0, -5.4124 -0.6746 0.0, -5.3027 -0.4683 0.0, -5.2549 -0.4633 0.0, -5.3336 -0.4786 0.0, -5.2157 -0.4667 0.0, -5.1847 -0.4759 0.0, -5.1101 -0.5697 0.0, -5.4124 -0.6187 0.0, -5.4085 -0.5772 0.0, -5.3982 -0.544 0.0, -5.1605 -0.4894 0.0, -5.1401 -0.5085 0.0, -5.1215 -0.5372 0.0, -5.3825 -0.5175 0.0, -5.3608 -0.4955 0.0, -0.8071 0.0 3.5906, 3.9173 0.0 3.5906, -0.8071 -1.9685 3.5906, 3.9173 -1.9685 3.5906, -0.8071 -1.9685 3.2598, -0.8071 -0.6628 3.2598, -0.8071 -0.6063 3.2921, -0.8071 -0.3954 3.3823, -0.8071 -0.1718 3.4333, -0.8071 -0.0 3.4449, 3.9173 -1.9685 3.2598, 3.9173 -0.6628 3.2598, 3.9173 0.0 3.4449, -0.0624 -1.0984 1.5091, -0.0624 -1.9685 1.2471, -0.0624 -0.9636 1.3235, -0.0624 -0.8911 1.2471, -0.0624 -1.1979 1.7158, -0.0624 -1.259 1.9369, -0.0624 -1.9685 2.2765, -0.0624 -1.2795 2.1654, -0.0624 -1.2747 2.2765, 0.9871 -1.9685 2.2765, 0.9871 -1.2747 2.2765, 0.9871 -0.9636 1.3235, 0.9871 -0.8911 1.2471, 0.9871 -1.9685 1.2471, 0.9871 -1.259 1.9369, 0.9871 -1.1979 1.7158, 0.9871 -1.0984 1.5091, 0.9871 -1.2795 2.1654, 1.8244 -1.6732 0.0, 1.8244 -1.6732 0.1969, 1.8244 -1.0539 0.0, 1.8244 -0.9449 0.1969, 1.8244 -0.9449 0.0, -1.0039 -0.9449 0.0, -1.0039 -0.9449 0.1969, -1.0039 -1.0539 0.0, -1.0039 -1.6732 0.1969, -1.0039 -1.6732 0.0
            ]
        }
        coordIndex [
            0,1,2,-1,2,1,3,-1,2,3,4,-1,4,3,5,-1,4,5,6,-1,6,5,7,-1,8,9,10,-1,11,12,8,-1,11,8,13,-1,12,14,8,-1,8,14,15,-1,8,15,16,-1,10,17,8,-1,8,17,18,-1,8,18,19,-1,20,21,15,-1,15,21,22,-1,15,22,16,-1,19,23,8,-1,8,23,24,-1,8,24,13,-1,25,26,27,-1,27,26,28,-1,27,29,30,-1,30,31,27,-1,27,31,32,-1,27,32,25,-1,25,32,33,-1,25,33,34,-1,29,35,30,-1,30,35,36,-1,25,34,26,-1,26,34,37,-1,38,39,40,-1,40,39,41,-1,38,42,39,-1,39,42,43,-1,39,43,44,-1,44,43,45,-1,44,45,46,-1,44,46,47,-1,47,46,48,-1,49,50,51,-1,52,53,51,-1,51,53,54,-1,51,54,49,-1,52,51,55,-1,55,51,47,-1,55,47,48,-1,51,50,39,-1,39,50,41,-1,56,57,58,-1,58,57,59,-1,58,59,60,-1,61,62,63,-1,63,62,64,-1,63,64,65,-1,59,57,62,-1,62,57,64,-1,59,62,60,-1,60,62,61,-1,
        ]
    }
}
Shape{
    appearance Appearance {
        material  Material 	{
            diffuseColor 1.0 1.0 1.0
            specularColor 0.8784313725490196 0.8784313725490196 0.8784313725490196
            ambientIntensity 1.0
            transparency 0.0
            shininess 0.5
        }
    }
    geometry IndexedFaceSet {
        ccw TRUE
        solid FALSE
        coord DEF co Coordinate {
            point [
                -2.5394 0.0394 -2.1654, -2.5394 -0.0394 -2.1654, -3.3268 0.0394 -2.1654, -3.3268 -0.0394 -2.1654, -2.5394 0.0394 0.8864, -3.3268 0.0394 0.8864, -3.3268 -0.0394 0.8864, -2.5394 -0.0394 0.8864, -3.3268 -0.0394 3.4443, -3.3268 -0.0394 3.7402, -3.3268 0.0 3.4449, -3.3268 0.0394 3.7402, -3.3268 0.0394 3.4443, -2.5394 -0.0394 3.7402, -2.5394 -0.0394 3.4443, -2.5394 0.0394 3.7402, -2.5394 0.0 3.4449, -2.5394 0.0394 3.4443, 0.4134 -0.9449 -2.1654, 0.4134 -1.0236 -2.1654, -0.374 -0.9449 -2.1654, -0.374 -1.0236 -2.1654, 0.4134 -0.9449 1.3026, -0.374 -0.9449 1.3026, -0.374 -1.0236 1.3976, 0.4134 -1.0236 1.3976, 0.4134 -0.9854 1.3492, -0.374 -0.9854 1.3492, 3.3268 -0.9449 -2.1654, 3.3268 -1.0236 -2.1654, 2.5394 -0.9449 -2.1654, 2.5394 -1.0236 -2.1654, 3.3268 -0.9449 1.3026, 2.5394 -0.9449 1.3026, 2.5394 -1.0236 1.3976, 3.3268 -1.0236 1.3976, 3.3268 -0.9854 1.3492, 2.5394 -0.9854 1.3492, 3.3268 1.0236 -2.1654, 3.3268 0.9449 -2.1654, 2.5394 1.0236 -2.1654, 2.5394 0.9449 -2.1654, 3.3268 1.0236 1.3976, 2.5394 1.0236 1.3976, 2.5394 0.9449 1.3026, 3.3268 0.9449 1.3026, 3.3268 0.9854 1.3492, 2.5394 0.9854 1.3492, 0.4134 -0.9449 3.0281, 0.4134 -0.9449 3.7402, 0.4134 -0.9854 2.9816, 0.4134 -1.0236 3.7402, 0.4134 -1.0236 2.9331, -0.374 -1.0236 2.9331, -0.374 -1.0236 3.7402, -0.374 -0.9449 3.7402, -0.374 -0.9449 3.0281, -0.374 -0.9854 2.9816, 3.3268 -0.9449 3.0281, 3.3268 -0.9449 3.7402, 3.3268 -0.9854 2.9816, 3.3268 -1.0236 3.7402, 3.3268 -1.0236 2.9331, 2.5394 -1.0236 2.9331, 2.5394 -1.0236 3.7402, 2.5394 -0.9449 3.7402, 2.5394 -0.9449 3.0281, 2.5394 -0.9854 2.9816, 2.5394 0.9449 3.0281, 2.5394 0.9449 3.7402, 2.5394 0.9854 2.9816, 2.5394 1.0236 3.7402, 2.5394 1.0236 2.9331, 3.3268 0.9449 3.0281, 3.3268 0.9449 3.7402, 3.3268 1.0236 3.7402, 3.3268 1.0236 2.9331, 3.3268 0.9854 2.9816, -0.557 -2.0472 3.3268, -0.557 -2.0472 0.1181, -0.0349 -2.0472 1.4786, -0.0349 -2.0472 1.4392, -0.0349 -2.0472 2.1459, -0.0349 -2.0472 2.1065, 0.0045 -2.0472 2.1065, 0.0045 -2.0472 1.4786, 0.2416 -2.0472 1.4392, 0.2416 -2.0472 1.2471, 0.9871 -2.0472 1.2471, 1.8244 -2.0472 0.1181, 0.9871 -2.0472 2.2765, 1.8244 -2.0472 3.3268, 0.2416 -2.0472 2.2765, 0.2416 -2.0472 2.1459, -0.0349 -1.9685 1.4392, 0.2416 -1.9685 1.4392, 0.2416 -1.9685 1.2471, 0.0045 -1.9685 2.1065, 0.0045 -1.9685 1.4786, -0.0349 -1.9685 2.1065, -0.0349 -1.9685 1.4786, 0.2416 -1.9685 2.1459, -0.0349 -1.9685 2.1459, -0.557 -1.9685 3.3268, -0.557 -1.9685 0.1181, 1.8244 -1.9685 0.1181, 0.9871 -1.9685 1.2471, 1.8244 -1.9685 3.3268, 0.9871 -1.9685 2.2765, 0.2416 -1.9685 2.2765, 1.8244 -1.9291 0.0, 1.8244 -1.9291 0.0787, 1.8244 -1.9597 0.004, 1.8244 -1.9379 0.0797, 1.8244 -1.9882 0.0158, 1.8244 -1.9462 0.0826, 1.8244 -2.0127 0.0346, 1.8244 -1.9675 0.1094, 1.8244 -2.0432 0.0875, 1.8244 -1.9646 0.101, 1.8244 -2.0314 0.0591, 1.8244 -1.9599 0.0936, 1.8244 -1.9537 0.0873, -0.557 -2.0432 0.0875, -0.557 -1.9675 0.1094, -0.557 -2.0314 0.0591, -0.557 -1.9646 0.101, -0.557 -2.0127 0.0346, -0.557 -1.9291 0.0787, -0.557 -1.9291 0.0, -0.557 -1.9379 0.0797, -0.557 -1.9597 0.004, -0.557 -1.9462 0.0826, -0.557 -1.9882 0.0158, -0.557 -1.9537 0.0873, -0.557 -1.9599 0.0936, -0.557 -0.9449 0.0, -0.557 -0.9449 0.0787, 1.8244 -0.9449 0.0, 1.8244 -0.9449 0.0787, -0.557 -1.9672 3.337, -0.557 -2.0432 3.3573, -0.557 -1.9632 3.3465, -0.557 -2.0314 3.3858, -0.557 -1.957 3.3546, -0.557 -2.0127 3.4103, -0.557 -1.9488 3.3609, -0.557 -1.9882 3.4291, -0.557 -1.9393 3.3648, -0.557 -1.9597 3.4409, -0.557 -1.9291 3.3661, -0.557 -1.9291 3.4449, 1.8244 -1.9291 3.3661, 1.8244 -1.9291 3.4449, 1.8244 -1.9393 3.3648, 1.8244 -1.9597 3.4409, 1.8244 -1.9488 3.3609, 1.8244 -1.9882 3.4291, 1.8244 -1.957 3.3546, 1.8244 -2.0127 3.4103, 1.8244 -1.9632 3.3465, 1.8244 -2.0314 3.3858, 1.8244 -1.9672 3.337, 1.8244 -2.0432 3.3573, 1.8244 -1.063 3.3661, 1.8244 -1.063 3.4449, -0.557 -1.063 3.4449, -0.557 -1.063 3.3661, 0.0113 -1.9679 2.1065, 0.025 -2.0454 2.1065, 0.0179 -1.9661 2.1065, 0.0449 -2.0401 2.1065, 0.0179 -1.9661 1.4786, 0.0449 -2.0401 1.4786, 0.0113 -1.9679 1.4786, 0.025 -2.0454 1.4786, 0.9502 -1.7106 2.1065, 0.9233 -1.6366 2.1065, 0.9233 -1.6366 1.4786, 0.9502 -1.7106 1.4786
            ]
        }
        coordIndex [
            0,1,2,-1,2,1,3,-1,0,2,4,-1,4,2,5,-1,6,3,7,-1,7,3,1,-1,1,0,7,-1,7,0,4,-1,2,3,5,-1,5,3,6,-1,6,7,5,-1,5,7,4,-1,8,9,10,-1,10,9,11,-1,10,11,12,-1,13,14,15,-1,15,14,16,-1,15,16,17,-1,14,13,8,-1,8,13,9,-1,11,15,12,-1,12,15,17,-1,11,9,15,-1,15,9,13,-1,12,17,10,-1,10,17,16,-1,10,16,8,-1,8,16,14,-1,18,19,20,-1,20,19,21,-1,18,20,22,-1,22,20,23,-1,24,21,25,-1,25,21,19,-1,18,22,19,-1,19,22,26,-1,19,26,25,-1,23,20,27,-1,27,20,21,-1,27,21,24,-1,24,25,27,-1,27,25,26,-1,27,26,23,-1,23,26,22,-1,28,29,30,-1,30,29,31,-1,28,30,32,-1,32,30,33,-1,34,31,35,-1,35,31,29,-1,28,32,29,-1,29,32,36,-1,29,36,35,-1,33,30,37,-1,37,30,31,-1,37,31,34,-1,34,35,37,-1,37,35,36,-1,37,36,33,-1,33,36,32,-1,38,39,40,-1,40,39,41,-1,38,40,42,-1,42,40,43,-1,44,41,45,-1,45,41,39,-1,45,39,46,-1,46,39,38,-1,46,38,42,-1,41,44,40,-1,40,44,47,-1,40,47,43,-1,44,45,47,-1,47,45,46,-1,47,46,43,-1,43,46,42,-1,48,49,50,-1,50,49,51,-1,50,51,52,-1,52,51,53,-1,53,51,54,-1,55,49,56,-1,56,49,48,-1,55,54,49,-1,49,54,51,-1,55,56,54,-1,54,56,57,-1,54,57,53,-1,56,48,57,-1,57,48,50,-1,57,50,53,-1,53,50,52,-1,58,59,60,-1,60,59,61,-1,60,61,62,-1,62,61,63,-1,63,61,64,-1,65,59,66,-1,66,59,58,-1,65,64,59,-1,59,64,61,-1,65,66,64,-1,64,66,67,-1,64,67,63,-1,66,58,67,-1,67,58,60,-1,67,60,63,-1,63,60,62,-1,68,69,70,-1,70,69,71,-1,70,71,72,-1,73,74,68,-1,68,74,69,-1,71,75,72,-1,72,75,76,-1,71,69,75,-1,75,69,74,-1,74,73,75,-1,75,73,77,-1,75,77,76,-1,72,76,70,-1,70,76,77,-1,70,77,68,-1,68,77,73,-1,78,79,80,-1,80,79,81,-1,82,78,83,-1,83,78,80,-1,83,80,84,-1,84,80,85,-1,86,81,87,-1,87,81,79,-1,87,79,88,-1,88,79,89,-1,88,89,90,-1,90,89,91,-1,90,91,92,-1,92,91,78,-1,92,78,93,-1,93,78,82,-1,94,95,96,-1,97,98,99,-1,99,98,100,-1,101,102,103,-1,103,102,99,-1,103,99,104,-1,104,99,100,-1,100,94,104,-1,104,94,96,-1,104,96,105,-1,105,96,106,-1,105,106,107,-1,107,106,108,-1,107,108,103,-1,103,108,109,-1,103,109,101,-1,87,96,86,-1,86,96,95,-1,109,92,101,-1,101,92,93,-1,104,79,103,-1,103,79,78,-1,89,105,91,-1,91,105,107,-1,110,111,112,-1,112,111,113,-1,112,113,114,-1,114,113,115,-1,114,115,116,-1,105,89,117,-1,117,89,118,-1,117,118,119,-1,119,118,120,-1,119,120,121,-1,121,120,116,-1,121,116,122,-1,122,116,115,-1,79,104,123,-1,123,104,124,-1,123,124,125,-1,125,124,126,-1,125,126,127,-1,128,129,130,-1,130,129,131,-1,130,131,132,-1,132,131,133,-1,132,133,134,-1,134,133,127,-1,134,127,135,-1,135,127,126,-1,89,79,123,-1,89,123,118,-1,118,123,125,-1,118,125,120,-1,120,125,127,-1,120,127,116,-1,116,127,133,-1,116,133,114,-1,114,133,131,-1,114,131,112,-1,112,131,129,-1,112,129,110,-1,111,128,113,-1,113,128,130,-1,113,130,115,-1,115,130,132,-1,115,132,122,-1,122,132,134,-1,122,134,121,-1,121,134,135,-1,121,135,119,-1,119,135,126,-1,119,126,117,-1,117,126,124,-1,117,124,105,-1,105,124,104,-1,136,129,137,-1,137,129,128,-1,138,139,110,-1,110,139,111,-1,138,110,136,-1,136,110,129,-1,128,111,137,-1,137,111,139,-1,136,137,138,-1,138,137,139,-1,103,78,140,-1,140,78,141,-1,140,141,142,-1,142,141,143,-1,142,143,144,-1,144,143,145,-1,144,145,146,-1,146,145,147,-1,146,147,148,-1,148,147,149,-1,148,149,150,-1,150,149,151,-1,152,153,154,-1,154,153,155,-1,154,155,156,-1,156,155,157,-1,156,157,158,-1,158,157,159,-1,158,159,160,-1,160,159,161,-1,160,161,162,-1,162,161,163,-1,162,163,107,-1,107,163,91,-1,78,91,163,-1,78,163,141,-1,141,163,161,-1,141,161,143,-1,143,161,159,-1,143,159,145,-1,145,159,157,-1,145,157,147,-1,147,157,155,-1,147,155,149,-1,149,155,153,-1,149,153,151,-1,150,152,148,-1,148,152,154,-1,148,154,146,-1,146,154,156,-1,146,156,144,-1,144,156,158,-1,144,158,142,-1,142,158,160,-1,142,160,140,-1,140,160,162,-1,140,162,103,-1,103,162,107,-1,164,165,152,-1,152,165,153,-1,166,167,151,-1,151,167,150,-1,165,166,153,-1,153,166,151,-1,150,167,152,-1,152,167,164,-1,166,165,167,-1,167,165,164,-1,92,109,90,-1,90,109,108,-1,90,108,88,-1,88,108,106,-1,88,106,87,-1,87,106,96,-1,95,94,86,-1,86,94,81,-1,94,100,81,-1,81,100,80,-1,100,98,80,-1,80,98,85,-1,97,99,84,-1,84,99,83,-1,99,102,83,-1,83,102,82,-1,102,101,82,-1,82,101,93,-1,97,84,168,-1,168,84,169,-1,168,169,170,-1,170,169,171,-1,172,173,174,-1,174,173,175,-1,174,175,98,-1,98,175,85,-1,84,85,175,-1,84,175,169,-1,169,175,173,-1,169,173,171,-1,170,172,168,-1,168,172,174,-1,168,174,97,-1,97,174,98,-1,176,177,171,-1,171,177,170,-1,178,179,172,-1,172,179,173,-1,179,176,173,-1,173,176,171,-1,170,177,172,-1,172,177,178,-1,176,179,177,-1,177,179,178,-1,
        ]
    }
}