#VRML V2.0 utf8
# 3D model generated by easyeda2kicad.py (https://github.com/uPesy/easyeda2kicad.py)

Shape{
    appearance Appearance {
        material  Material 	{
            diffuseColor 1.0 0.6666666666666666 0.0
            specularColor 0.5019607843137255 0.3333333333333333 0.0
            ambientIntensity 0.6903
            transparency 0.0
            shininess 0.5
        }
    }
    geometry IndexedFaceSet {
        ccw TRUE
        solid FALSE
        coord DEF co Coordinate {
            point [
                0.866 -1.0108 1.5368, 0.8551 -1.019 1.5368, 0.8604 -1.0254 1.1024, -0.2042 -1.3153 1.5368, -0.2308 -1.3094 1.5368, -0.2324 -1.3183 1.1024, -1.3083 -0.2446 1.5368, -1.31 -0.2311 1.5368, -1.3182 -0.2325 1.1024, -1.037 0.8344 1.5368, -1.0186 0.8546 1.5368, -1.0254 0.8604 1.1024, 0.4424 1.2553 1.5368, 0.4549 1.25 1.5368, 0.4578 1.2578 1.1024, 1.2908 0.3246 1.5368, 1.3182 0.2324 1.1024, 1.2494 0.4548 1.5368, 1.2579 0.4578 1.1024, 1.2411 0.4808 1.5368, 1.1726 0.6297 1.5368, 1.1592 0.6693 1.1024, 1.1511 0.6645 1.5368, 1.0864 0.769 1.5368, 1.0254 0.8604 1.1024, 1.0179 0.8541 1.5368, 0.8604 1.0254 1.1024, 0.8551 1.019 1.5368, 0.866 1.0107 1.5368, 0.9836 0.8967 1.5368, 0.7352 1.1095 1.5368, 0.6693 1.1592 1.1024, 0.6642 1.1505 1.5368, 0.5933 1.1914 1.5368, 0.2847 1.3002 1.5368, 0.2324 1.3182 1.1024, 0.2308 1.3085 1.5368, 0.0 1.3386 1.1024, -0.2324 1.3182 1.1024, -0.2042 1.3152 1.5368, -0.041 1.3303 1.5368, -0.0001 1.3291 1.5368, 0.1228 1.3253 1.5368, -0.5188 1.2257 1.5368, -0.4544 1.2484 1.5368, -0.4578 1.2578 1.1024, -0.3642 1.2802 1.5368, -0.2308 1.3094 1.5368, -0.6655 1.1527 1.5368, -0.6693 1.1592 1.1024, -0.8021 1.0621 1.5368, -0.8604 1.0254 1.1024, -0.854 1.0177 1.5368, -0.9266 0.9555 1.5368, -1.1316 0.7007 1.5368, -1.1592 0.6693 1.1024, -1.151 0.6646 1.5368, -1.2092 0.5563 1.5368, -1.2579 0.4578 1.1024, -1.2486 0.4544 1.5368, -1.3182 0.2324 1.1024, -1.31 0.231 1.5368, -1.3083 0.2446 1.5368, -1.2684 0.4035 1.5368, -1.3285 0.0819 1.5368, -1.3386 -0.0 1.1024, -1.331 -0.0 1.5368, -1.3285 -0.082 1.5368, -1.2684 -0.4035 1.5368, -1.2579 -0.4578 1.1024, -1.2486 -0.4544 1.5368, -1.1592 -0.6693 1.1024, -1.0254 -0.8604 1.1024, -1.037 -0.8345 1.5368, -1.1316 -0.7007 1.5368, -1.151 -0.6646 1.5368, -1.2092 -0.5563 1.5368, -0.8021 -1.0622 1.5368, -0.854 -1.0178 1.5368, -0.8604 -1.0254 1.1024, -0.9266 -0.9556 1.5368, -1.0186 -0.8546 1.5368, -0.6655 -1.1527 1.5368, -0.6693 -1.1593 1.1024, -0.5188 -1.2257 1.5368, -0.4578 -1.2579 1.1024, -0.4544 -1.2484 1.5368, -0.3642 -1.2802 1.5368, -0.041 -1.3304 1.5368, 0.0 -1.3386 1.1024, -0.0001 -1.3291 1.5368, 0.1228 -1.3253 1.5368, 0.2324 -1.3183 1.1024, 0.2308 -1.3086 1.5368, 0.4578 -1.2579 1.1024, 0.4549 -1.25 1.5368, 0.4424 -1.2554 1.5368, 0.2847 -1.3002 1.5368, 0.5933 -1.1915 1.5368, 0.6693 -1.1593 1.1024, 0.6642 -1.1505 1.5368, 0.7352 -1.1095 1.5368, 0.9836 -0.8967 1.5368, 1.0254 -0.8604 1.1024, 1.0179 -0.8542 1.5368, 1.2579 -0.4578 1.1024, 1.2494 -0.4548 1.5368, 1.2411 -0.4808 1.5368, 1.1592 -0.6693 1.1024, 1.1726 -0.6297 1.5368, 1.1511 -0.6645 1.5368, 1.0864 -0.769 1.5368, 1.2908 -0.3247 1.5368, 1.3182 -0.2325 1.1024, 1.3084 -0.2307 1.5368, 1.3084 0.2307 1.5368, 1.3209 0.1635 1.5368, 1.3386 -0.0 1.1024, 1.331 -0.0 1.5368, 1.3209 -0.1636 1.5368
            ]
        }
        coordIndex [
            0,1,2,-1,3,4,5,-1,6,7,8,-1,9,10,11,-1,12,13,14,-1,15,16,17,-1,17,16,18,-1,17,18,19,-1,19,18,20,-1,20,18,21,-1,20,21,22,-1,22,21,23,-1,23,21,24,-1,23,24,25,-1,26,27,28,-1,26,28,24,-1,24,28,29,-1,24,29,25,-1,27,26,30,-1,30,26,31,-1,30,31,32,-1,14,13,31,-1,31,13,33,-1,31,33,32,-1,12,14,34,-1,34,14,35,-1,34,35,36,-1,37,38,39,-1,39,40,37,-1,37,40,41,-1,37,41,35,-1,35,41,42,-1,35,42,36,-1,43,44,45,-1,45,44,46,-1,45,46,38,-1,38,46,47,-1,38,47,39,-1,43,45,48,-1,48,45,49,-1,48,49,50,-1,50,49,51,-1,50,51,52,-1,11,10,51,-1,51,10,53,-1,51,53,52,-1,9,11,54,-1,54,11,55,-1,54,55,56,-1,56,55,57,-1,57,55,58,-1,57,58,59,-1,60,61,62,-1,60,62,58,-1,58,62,63,-1,58,63,59,-1,61,60,64,-1,64,60,65,-1,64,65,66,-1,8,7,65,-1,65,7,67,-1,65,67,66,-1,6,8,68,-1,68,8,69,-1,68,69,70,-1,71,72,73,-1,73,74,71,-1,71,74,75,-1,71,75,69,-1,69,75,76,-1,69,76,70,-1,77,78,79,-1,79,78,80,-1,79,80,72,-1,72,80,81,-1,72,81,73,-1,77,79,82,-1,82,79,83,-1,82,83,84,-1,84,83,85,-1,84,85,86,-1,5,4,85,-1,85,4,87,-1,85,87,86,-1,3,5,88,-1,88,5,89,-1,88,89,90,-1,90,89,91,-1,91,89,92,-1,91,92,93,-1,94,95,96,-1,94,96,92,-1,92,96,97,-1,92,97,93,-1,95,94,98,-1,98,94,99,-1,98,99,100,-1,2,1,99,-1,99,1,101,-1,99,101,100,-1,0,2,102,-1,102,2,103,-1,102,103,104,-1,105,106,107,-1,105,107,108,-1,107,109,108,-1,108,109,110,-1,108,110,103,-1,103,110,111,-1,103,111,104,-1,106,105,112,-1,112,105,113,-1,112,113,114,-1,15,115,16,-1,16,115,116,-1,16,116,117,-1,117,116,118,-1,117,118,113,-1,113,118,119,-1,113,119,114,-1,
        ]
    }
}
Shape{
    appearance Appearance {
        material  Material 	{
            diffuseColor 0.2235294117647059 0.2235294117647059 0.2235294117647059
            specularColor 0.11372549019607843 0.11372549019607843 0.11372549019607843
            ambientIntensity 0.2235
            transparency 0.0
            shininess 0.5
        }
    }
    geometry IndexedFaceSet {
        ccw TRUE
        solid FALSE
        coord DEF co Coordinate {
            point [
                -1.8898 2.3622 1.2992, -1.2552 2.3622 1.2992, -1.2552 2.3622 0.7944, -0.0629 2.3622 1.2992, -0.0557 2.3622 1.2992, -0.0557 2.3622 0.7944, -0.5127 2.3622 0.4807, -0.5128 2.3622 0.4811, -0.5096 2.3622 0.4811, -0.1919 2.3622 0.4822, -0.1803 2.3622 0.4811, -0.2189 2.3622 0.4811, -0.0653 2.3622 0.7002, -0.0629 2.3622 0.7066, -0.0629 2.3622 0.6724, -0.1029 2.3622 0.7942, -0.1048 2.3622 0.7944, -0.0629 2.3622 0.7944, -0.1427 2.3622 0.7928, -0.1427 2.3622 0.7944, -0.1373 2.3622 0.7944, 0.1635 2.3622 0.7025, 0.1404 2.3622 0.6827, 0.0604 2.3622 0.7944, 0.0604 2.3622 0.6724, 0.2529 2.3622 0.7944, 0.2386 2.3622 0.7845, 0.2104 2.3622 0.7514, 0.1929 2.3622 0.7167, 0.1888 2.3622 0.7153, 0.3166 2.3622 0.8252, 0.2741 2.3622 0.8091, 0.0604 2.3622 1.2992, 0.3544 2.3622 0.8297, 1.8898 2.3622 1.2992, 1.8898 2.3622 0.7944, 0.4603 2.3622 0.7944, 0.4571 2.3622 0.7971, 0.435 2.3622 0.8105, 0.3954 2.3622 0.8251, 1.8898 2.3622 0.6724, 0.6441 2.3622 0.6724, 0.6338 2.3622 0.6952, 0.6131 2.3622 0.7214, 0.5482 2.3622 0.7578, 0.5146 2.3622 0.7617, 0.4773 2.3622 0.7801, 0.5047 2.3622 0.7611, 0.4949 2.3622 0.7598, 0.6072 2.3622 0.7268, 0.58 2.3622 0.7457, 0.5922 2.3622 0.5081, 0.6187 2.3622 0.531, 1.8898 2.3622 0.4811, 0.5614 2.3622 0.4928, 0.638 2.3622 0.559, 0.65 2.3622 0.5908, 1.8898 2.3622 0.638, 0.6539 2.3622 0.6243, 0.6536 2.3622 0.6325, 0.6526 2.3622 0.638, 0.6476 2.3622 0.6646, 0.5507 2.3622 0.4895, 0.5468 2.3622 0.4811, 0.5422 2.3622 0.4711, 1.8898 2.3622 0.4611, 0.5342 2.3622 0.4611, 0.5296 2.3622 0.4554, 1.8898 2.3622 0.2449, 0.513 2.3622 0.4427, 0.405 2.3622 0.4611, 0.4131 2.3622 0.4522, 0.0604 2.3622 0.2449, 0.4301 2.3622 0.4405, 0.4492 2.3622 0.4333, 0.4699 2.3622 0.4309, 0.4732 2.3622 0.431, 0.4933 2.3622 0.4343, 0.3921 2.3622 0.4811, 0.3999 2.3622 0.4667, 0.0604 2.3622 0.4611, 0.1129 2.3622 0.6322, 0.1092 2.3622 0.6042, 0.0604 2.3622 0.638, 0.2801 2.3622 0.5357, 0.2743 2.3622 0.538, 0.2639 2.3622 0.5866, 0.4049 2.3622 0.573, 0.29 2.3622 0.632, 0.4197 2.3622 0.5867, 0.4378 2.3622 0.5966, 0.2854 2.3622 0.532, 0.1625 2.3622 0.6113, 0.1664 2.3622 0.6277, 0.1719 2.3622 0.638, 0.5985 2.3622 0.638, 0.1242 2.3622 0.5468, 0.1414 2.3622 0.5233, 0.0604 2.3622 0.4811, 0.1647 2.3622 0.5038, 0.1909 2.3622 0.4913, 0.2676 2.3622 0.5388, 0.2668 2.3622 0.5387, 0.2643 2.3622 0.5381, 0.1133 2.3622 0.5738, 0.5931 2.3622 0.5915, 0.5831 2.3622 0.5742, 0.5398 2.3622 0.565, 0.5679 2.3622 0.5583, 0.5494 2.3622 0.5467, 0.5081 2.3622 0.5931, 0.5256 2.3622 0.5811, 0.6001 2.3622 0.6257, 0.5991 2.3622 0.6124, 0.4891 2.3622 0.6002, 0.4687 2.3622 0.6025, 0.4584 2.3622 0.6018, 0.1798 2.3622 0.5587, 0.1703 2.3622 0.572, 0.1643 2.3622 0.5871, 0.1621 2.3622 0.6038, 0.2943 2.3622 0.5125, 0.2941 2.3622 0.5158, 0.3839 2.3622 0.5242, 0.2923 2.3622 0.5223, 0.289 2.3622 0.5281, 0.2802 2.3622 0.4889, 0.2857 2.3622 0.4929, 0.3896 2.3622 0.4857, 0.2876 2.3622 0.4949, 0.2913 2.3622 0.5003, 0.2935 2.3622 0.5061, 0.3845 2.3622 0.5067, 0.3839 2.3622 0.5157, 0.2625 2.3622 0.5379, 0.2241 2.3622 0.5376, 0.2087 2.3622 0.5404, 0.2193 2.3622 0.4855, 0.2697 2.3622 0.4858, 0.2745 2.3622 0.4866, 0.1936 2.3622 0.5473, 0.1809 2.3622 0.5575, 0.2351 2.3622 0.6709, 0.5899 2.3622 0.6653, 0.5974 2.3622 0.6463, 0.2283 2.3622 0.6708, 0.1743 2.3622 0.6425, 0.184 2.3622 0.6535, 0.1972 2.3622 0.6629, 0.212 2.3622 0.6687, 0.2532 2.3622 0.7224, 0.2723 2.3622 0.7455, 0.4689 2.3622 0.6973, 0.2744 2.3622 0.7474, 0.2983 2.3622 0.7643, 0.4557 2.3622 0.7242, 0.5849 2.3622 0.6724, 0.4749 2.3622 0.7007, 0.2354 2.3622 0.6724, 0.2402 2.3622 0.6948, 0.494 2.3622 0.7078, 0.5141 2.3622 0.7104, 0.523 2.3622 0.71, 0.4363 2.3622 0.747, 0.325 2.3622 0.7747, 0.4133 2.3622 0.7635, 0.3539 2.3622 0.7785, 0.3854 2.3622 0.7746, 0.5441 2.3622 0.7052, 0.5632 2.3622 0.6952, 0.578 2.3622 0.6822, 0.1331 2.3622 0.6724, 0.1232 2.3622 0.6583, 0.1152 2.3622 0.638, -0.3969 2.3622 0.7944, -0.4102 2.3622 0.7921, -0.4268 2.3622 0.792, -0.3605 2.3622 0.6724, -0.3636 2.3622 0.6724, -0.3969 2.3622 0.7579, -0.3636 2.3622 0.6723, -0.3605 2.3622 0.638, -0.3807 2.3622 0.6722, -0.3969 2.3622 0.638, -0.3808 2.3622 0.6724, -0.3969 2.3622 0.6724, -0.3969 2.3622 0.7049, -0.3925 2.3622 0.7049, -0.4425 2.3622 0.7046, -0.4543 2.3622 0.6724, -0.4545 2.3622 0.6716, -0.4717 2.3622 0.6715, -0.5096 2.3622 0.638, -0.4714 2.3622 0.6724, -0.5096 2.3622 0.6724, -0.5096 2.3622 0.7944, -0.2189 2.3622 0.7412, -0.2308 2.3622 0.7411, -0.2345 2.3622 0.7795, -0.2189 2.3622 0.7944, -0.2346 2.3622 0.7933, -0.2479 2.3622 0.7944, -0.2479 2.3622 0.6724, -0.2307 2.3622 0.7273, -0.2189 2.3622 0.7796, -0.1881 2.3622 0.7798, -0.1879 2.3622 0.7414, -0.1719 2.3622 0.6737, -0.1643 2.3622 0.6724, -0.2189 2.3622 0.6724, -0.1878 2.3622 0.7276, -0.1875 2.3622 0.6872, -0.2189 2.3622 0.7274, -0.2189 2.3622 0.687, -0.2366 2.3622 0.6869, -0.2365 2.3622 0.6732, -0.2189 2.3622 0.6733, -0.1643 2.3622 0.7944, -0.1727 2.3622 0.7938, -0.2189 2.3622 0.7934, -0.1487 2.3622 0.791, -0.1486 2.3622 0.7748, -0.1427 2.3622 0.7773, -0.1169 2.3622 0.6858, -0.1245 2.3622 0.6862, -0.0866 2.3622 0.7681, -0.0807 2.3622 0.7598, -0.0747 2.3622 0.7284, -0.0766 2.3622 0.7164, -0.1378 2.3622 0.689, -0.1427 2.3622 0.6912, -0.1472 2.3622 0.7756, -0.148 2.3622 0.6937, -0.1203 2.3622 0.7822, -0.1153 2.3622 0.782, -0.0875 2.3622 0.7691, -0.1049 2.3622 0.78, -0.0954 2.3622 0.7756, -0.0767 2.3622 0.7494, -0.0746 2.3622 0.733, -0.0804 2.3622 0.7067, -0.0862 2.3622 0.6987, -0.0891 2.3622 0.6958, -0.1351 2.3622 0.7803, -0.0971 2.3622 0.6903, -0.1058 2.3622 0.6871, -0.0614 2.3622 0.7542, -0.0629 2.3622 0.7575, -0.0672 2.3622 0.7675, -0.076 2.3622 0.7788, -0.0787 2.3622 0.7813, -0.0904 2.3622 0.7894, -0.0586 2.3622 0.7385, -0.0583 2.3622 0.7322, -0.0557 2.3622 0.6724, -0.0605 2.3622 0.7128, -0.1057 2.3622 0.6726, -0.093 2.3622 0.6757, -0.0819 2.3622 0.6814, -0.0734 2.3622 0.6887, -0.0724 2.3622 0.6899, -0.1184 2.3622 0.6724, -0.1146 2.3622 0.672, -0.1427 2.3622 0.638, -0.1095 2.3622 0.6724, -0.1479 2.3622 0.6788, -0.1458 2.3622 0.6778, -0.1427 2.3622 0.6724, -0.1427 2.3622 0.6768, -0.1329 2.3622 0.6737, -0.006 2.3622 0.7944, -0.0053 2.3622 0.6885, -0.0531 2.3622 0.6882, -0.053 2.3622 0.6745, 0.0103 2.3622 0.6749, 0.0095 2.3622 0.7944, 0.0095 2.3622 0.795, -0.006 2.3622 0.7949, -0.1572 2.3622 0.5459, -0.1578 2.3622 0.5512, -0.1594 2.3622 0.5354, -0.1578 2.3622 0.54, -0.1568 2.3622 0.5018, -0.1622 2.3622 0.4983, -0.1643 2.3622 0.4975, -0.1643 2.3622 0.5293, -0.1613 2.3622 0.5323, -0.1638 2.3622 0.5297, -0.1795 2.3622 0.4811, -0.1664 2.3622 0.4826, -0.1643 2.3622 0.4811, -0.1643 2.3622 0.4834, -0.1427 2.3622 0.4811, -0.1566 2.3622 0.4862, -0.2189 2.3622 0.4611, -0.1643 2.3622 0.4611, -0.1799 2.3622 0.481, -0.211 2.3622 0.5668, -0.2109 2.3622 0.5522, -0.1669 2.3622 0.5641, -0.1713 2.3622 0.5667, -0.1643 2.3622 0.638, -0.214 2.3622 0.5001, -0.2121 2.3622 0.4953, -0.2092 2.3622 0.4914, -0.1596 2.3622 0.5561, -0.1624 2.3622 0.5601, -0.1643 2.3622 0.5617, -0.1796 2.3622 0.5696, -0.1907 2.3622 0.5707, -0.2189 2.3622 0.638, -0.2007 2.3622 0.5698, -0.2098 2.3622 0.5204, -0.2126 2.3622 0.5162, -0.2141 2.3622 0.5118, -0.2147 2.3622 0.5061, -0.2049 2.3622 0.4877, -0.2002 2.3622 0.485, -0.1892 2.3622 0.5585, -0.1847 2.3622 0.5582, -0.1727 2.3622 0.5471, -0.1807 2.3622 0.5572, -0.1773 2.3622 0.5554, -0.1728 2.3622 0.5451, -0.1734 2.3622 0.5427, -0.1744 2.3622 0.5407, -0.1759 2.3622 0.5391, -0.1812 2.3622 0.5357, -0.1994 2.3622 0.5572, -0.1905 2.3622 0.5316, -0.2079 2.3622 0.5539, -0.1963 2.3622 0.5292, -0.2062 2.3622 0.5236, -0.175 2.3622 0.5534, -0.1737 2.3622 0.5515, -0.173 2.3622 0.5495, -0.1716 2.3622 0.4946, -0.1798 2.3622 0.5208, -0.1708 2.3622 0.5249, -0.1814 2.3622 0.4933, -0.1821 2.3622 0.4933, -0.1896 2.3622 0.5166, -0.1898 2.3622 0.4941, -0.1993 2.3622 0.5048, -0.1991 2.3622 0.5067, -0.1937 2.3622 0.4955, -0.1951 2.3622 0.4963, -0.1968 2.3622 0.4978, -0.1982 2.3622 0.4998, -0.1989 2.3622 0.5019, -0.1985 2.3622 0.509, -0.1973 2.3622 0.511, -0.1955 2.3622 0.513, -0.3218 2.3622 0.6022, -0.3605 2.3622 0.6019, -0.3605 2.3622 0.4811, -0.3605 2.3622 0.4818, -0.3209 2.3622 0.4821, -0.2618 2.3622 0.5038, -0.2636 2.3622 0.4967, -0.264 2.3622 0.4967, -0.3053 2.3622 0.5679, -0.2479 2.3622 0.638, -0.2897 2.3622 0.5681, -0.2479 2.3622 0.5447, -0.2658 2.3622 0.5036, -0.2647 2.3622 0.4996, -0.2479 2.3622 0.4811, -0.2479 2.3622 0.5039, -0.223 2.3622 0.5685, -0.2398 2.3622 0.5684, -0.256 2.3622 0.4827, -0.2553 2.3622 0.4811, -0.2493 2.3622 0.4672, -0.2457 2.3622 0.4611, -0.2463 2.3622 0.4618, -0.2479 2.3622 0.4645, -0.2375 2.3622 0.4556, -0.2408 2.3622 0.4568, -0.2338 2.3622 0.4552, -0.2435 2.3622 0.4586, -0.2284 2.3622 0.4559, -0.2253 2.3622 0.4569, -0.2252 2.3622 0.4436, -0.2469 2.3622 0.4451, -0.241 2.3622 0.4429, -0.2479 2.3622 0.2449, -0.2349 2.3622 0.4423, -0.2189 2.3622 0.2449, -0.2316 2.3622 0.4424, -0.2613 2.3622 0.4611, -0.2588 2.3622 0.4563, -0.3605 2.3622 0.2449, -0.2532 2.3622 0.4497, -0.2522 2.3622 0.4488, -0.2479 2.3622 0.4458, -0.2704 2.3622 0.4811, -0.2657 2.3622 0.4695, -0.3605 2.3622 0.4611, -0.3855 2.3622 0.4816, -0.3969 2.3622 0.4811, -0.3856 2.3622 0.4953, -0.3836 2.3622 0.6017, -0.3835 2.3622 0.5879, -0.3798 2.3622 0.5357, -0.3799 2.3622 0.5495, -0.3605 2.3622 0.5496, -0.3605 2.3622 0.5881, -0.3372 2.3622 0.5882, -0.3369 2.3622 0.5498, -0.5593 2.3622 0.6005, -0.5758 2.3622 0.6004, -0.6036 2.3622 0.4801, -0.6032 2.3622 0.4811, -0.53 2.3622 0.4811, -0.5916 2.3622 0.513, -0.5416 2.3622 0.5133, -0.0557 2.3622 0.638, -0.0557 2.3622 0.4811, -0.0509 2.3622 0.5903, -0.051 2.3622 0.6041, -0.0472 2.3622 0.5381, -0.0473 2.3622 0.5518, -0.0043 2.3622 0.5522, -0.0046 2.3622 0.5906, -0.0042 2.3622 0.5384, -0.0039 2.3622 0.498, -0.053 2.3622 0.4976, -0.0529 2.3622 0.484, 0.0117 2.3622 0.4844, 0.0108 2.3622 0.6045, -0.1427 2.3622 1.2992, -0.1202 2.3622 0.7962, -0.136 2.3622 0.7948, -0.0629 2.3622 0.638, -0.0629 2.3622 0.4811, -0.0736 2.3622 0.5246, -0.0762 2.3622 0.5489, -0.0706 2.3622 0.5204, -0.0685 2.3622 0.5151, -0.1261 2.3622 0.5657, -0.1301 2.3622 0.5619, -0.1331 2.3622 0.557, -0.1355 2.3622 0.5503, -0.1366 2.3622 0.5386, -0.1137 2.3622 0.4881, -0.1084 2.3622 0.4846, -0.1212 2.3622 0.4835, -0.1023 2.3622 0.4824, -0.0945 2.3622 0.4816, -0.1058 2.3622 0.5713, -0.1147 2.3622 0.5705, -0.1211 2.3622 0.5686, -0.1362 2.3622 0.4834, -0.0907 2.3622 0.5696, -0.0794 2.3622 0.5654, -0.0763 2.3622 0.5636, -0.0782 2.3622 0.5286, -0.0846 2.3622 0.5319, -0.0856 2.3622 0.5549, -0.0961 2.3622 0.5346, -0.1094 2.3622 0.5585, -0.1043 2.3622 0.5591, -0.095 2.3622 0.5582, -0.1213 2.3622 0.4967, -0.1209 2.3622 0.4967, -0.1185 2.3622 0.4931, -0.0798 2.3622 0.485, -0.0747 2.3622 0.4885, -0.073 2.3622 0.4902, -0.07 2.3622 0.4949, -0.0682 2.3622 0.5, -0.0675 2.3622 0.5068, -0.1216 2.3622 0.538, -0.1211 2.3622 0.5447, -0.1196 2.3622 0.55, -0.1178 2.3622 0.5531, -0.0855 2.3622 0.4827, -0.1156 2.3622 0.5556, -0.1129 2.3622 0.5573, -0.0557 2.3622 0.4611, -0.0629 2.3622 0.4611, -0.1427 2.3622 0.4611, -0.0557 2.3622 0.2449, -0.0629 2.3622 0.2449, -0.1427 2.3622 0.2449, -0.1643 2.3622 0.2449, -0.3567 2.3622 0.724, -0.3532 2.3622 0.7103, -0.3512 2.3622 0.7619, -0.3555 2.3622 0.7504, -0.3605 2.3622 0.7944, -0.3574 2.3622 0.7339, -0.2943 2.3622 0.7929, -0.3126 2.3622 0.7907, -0.3271 2.3622 0.7853, -0.3468 2.3622 0.6982, -0.3389 2.3622 0.6893, -0.3262 2.3622 0.6803, -0.3125 2.3622 0.6751, -0.2922 2.3622 0.6728, -0.2592 2.3622 0.673, -0.26 2.3622 0.7931, -0.3396 2.3622 0.7767, -0.3438 2.3622 0.7724, -0.1643 2.3622 1.2992, -0.2189 2.3622 1.2992, -0.2479 2.3622 1.2992, -0.3605 2.3622 1.2992, -0.3969 2.3622 1.2992, -0.5096 2.3622 1.2992, -0.3368 2.3622 0.536, -0.3365 2.3622 0.4956, -0.3605 2.3622 0.5359, -0.3605 2.3622 0.4955, -0.4082 2.3622 0.4814, -0.5023 2.3622 0.5187, -0.4958 2.3622 0.5066, -0.4412 2.3622 0.4812, -0.4615 2.3622 0.4835, -0.488 2.3622 0.4977, -0.4753 2.3622 0.4887, -0.4091 2.3622 0.6015, -0.4433 2.3622 0.6013, -0.4616 2.3622 0.5991, -0.4761 2.3622 0.5937, -0.4886 2.3622 0.5851, -0.4929 2.3622 0.5808, -0.5002 2.3622 0.5703, -0.5046 2.3622 0.5588, -0.5064 2.3622 0.5423, -0.5057 2.3622 0.5324, -0.5298 2.3622 0.4806, -0.5096 2.3622 0.4611, -0.3969 2.3622 0.4611, -0.6207 2.3622 0.4799, -1.2552 2.3622 0.4611, -0.6203 2.3622 0.4811, -1.2552 2.3622 0.4811, -1.2552 2.3622 0.638, -1.2552 2.3622 0.6724, -0.3969 2.3622 0.2449, -0.5096 2.3622 0.2449, -1.2552 2.3622 0.2449, -1.8898 2.3622 0.7944, -1.8898 2.3622 0.6724, -1.8898 2.3622 0.638, -1.8898 2.3622 0.4811, -1.8898 2.3622 0.4611, -1.8898 2.3622 0.2449, 1.8898 2.3622 0.0591, 0.0604 2.3622 0.0591, -0.0557 2.3622 0.0591, -0.0629 2.3622 0.0591, -0.1427 2.3622 0.0591, -0.1643 2.3622 0.0591, -0.2189 2.3622 0.0591, -0.2479 2.3622 0.0591, -0.3605 2.3622 0.0591, -0.3969 2.3622 0.0591, -0.5096 2.3622 0.0591, -1.2552 2.3622 0.0591, -1.8898 2.3622 0.0591, 2.3622 -1.8898 0.0591, 2.3622 1.8897 0.0591, 2.3622 0.7874 0.3346, 2.3622 1.1811 0.3346, 2.3622 -0.7874 0.4528, 2.3622 1.8897 1.2992, 2.3622 -1.8898 1.2992, 2.3622 1.1811 0.4528, 2.3622 0.7874 0.4528, 2.3622 -0.7874 0.3346, 2.3622 -1.1811 0.3346, 2.3622 -1.1811 0.4528, -1.8898 -2.3622 0.0591, 1.8898 -2.3622 0.0591, -1.8898 -2.3622 1.2992, 1.8898 -2.3622 1.2992, -2.3622 1.8897 0.0591, -2.3622 -1.8898 0.0591, -2.3622 -0.7874 0.3346, -2.3622 -1.1811 0.3346, -2.3622 0.7874 0.4528, -2.3622 -1.8898 1.2992, -2.3622 1.8897 1.2992, -2.3622 -1.1811 0.4528, -2.3622 -0.7874 0.4528, -2.3622 0.7874 0.3346, -2.3622 1.1811 0.3346, -2.3622 1.1811 0.4528, 1.8701 -0.7874 0.0591, 1.4044 0.7874 0.0591, 1.8701 0.7874 0.0591, -1.8701 -0.7874 0.0591, -1.8701 -2.2013 0.0591, 0.689 -2.2013 0.0591, -0.689 -2.2013 0.0591, 0.689 -1.4552 0.0591, -0.689 -1.4552 0.0591, 0.689 1.4552 0.0591, 0.9021 1.3336 0.0591, 1.8701 -2.2013 0.0591, 1.8701 2.2012 0.0591, 0.689 2.2012 0.0591, -0.9021 -1.3336 0.0591, -1.8701 0.7874 0.0591, 1.0986 1.1769 0.0591, 1.2684 0.9916 0.0591, 1.0986 -1.177 0.0591, 0.9021 -1.3336 0.0591, -0.9021 1.3336 0.0591, -1.0986 -1.177 0.0591, -1.2684 -0.9917 0.0591, -1.4044 -0.7874 0.0591, -1.8701 2.2012 0.0591, -0.689 2.2012 0.0591, -0.689 1.4552 0.0591, -1.0986 1.1769 0.0591, -1.4044 0.7874 0.0591, -1.2684 0.9916 0.0591, 1.4044 -0.7874 0.0591, 1.2684 -0.9917 0.0591, -2.1063 1.9094 1.2992, -2.1063 -1.9095 1.2992, -1.9094 -2.1063 1.2992, 1.9094 -2.1063 1.2992, 2.1063 -1.9095 1.2992, 2.1063 1.9094 1.2992, 1.9094 2.1063 1.2992, -1.9094 2.1063 1.2992, 0.748 1.4921 0.0, 0.9352 1.3825 0.0, 1.1389 1.2201 0.0, 1.3149 1.028 0.0, 1.4385 0.8464 0.0, 0.748 2.1422 0.0, 1.811 2.1422 0.0, 1.811 0.8464 0.0, -1.4385 0.8464 0.0, -1.3149 1.028 0.0, -1.1389 1.2201 0.0, -0.9352 1.3825 0.0, -0.748 1.4921 0.0, -1.811 0.8464 0.0, -1.811 2.1422 0.0, -0.748 2.1422 0.0, -0.748 -1.4921 0.0, -0.9352 -1.3825 0.0, -1.1389 -1.2201 0.0, -1.3149 -1.028 0.0, -1.4385 -0.8465 0.0, -0.748 -2.1422 0.0, -1.811 -2.1422 0.0, -1.811 -0.8465 0.0, 1.4385 -0.8465 0.0, 1.3149 -1.028 0.0, 1.1389 -1.2201 0.0, 0.9352 -1.3825 0.0, 0.748 -1.4921 0.0, 1.811 -0.8465 0.0, 1.811 -2.1422 0.0, 0.748 -2.1422 0.0, -2.1063 1.9094 1.1024, -1.9094 2.1063 1.1024, 1.9094 2.1063 1.1024, 0.0 2.1063 1.1024, 2.1063 1.9094 1.1024, 2.1063 -1.9095 1.1024, 2.1063 -0.0 1.1024, 1.9094 -2.1063 1.1024, -1.9094 -2.1063 1.1024, 0.0 -2.1063 1.1024, -2.1063 -1.9095 1.1024, -2.1063 -0.0 1.1024, 2.0012 1.862 1.1024, 2.0079 1.811 1.1024, 2.0079 -1.811 1.1024, 2.0012 -1.862 1.1024, -1.9502 -1.9502 1.1024, -1.9815 -1.9095 1.1024, -1.9094 1.9815 1.1024, -1.9502 1.9502 1.1024, -1.9815 1.9094 1.1024, -2.0012 1.862 1.1024, -1.862 2.0011 1.1024, -1.811 2.0079 1.1024, 1.811 2.0079 1.1024, 1.862 2.0011 1.1024, 1.9094 1.9815 1.1024, 1.9502 1.9502 1.1024, 1.9815 1.9094 1.1024, 1.9094 -1.9815 1.1024, 1.9502 -1.9502 1.1024, 1.9815 -1.9095 1.1024, -1.9094 -1.9815 1.1024, -1.862 -2.0012 1.1024, -2.0012 -1.862 1.1024, -2.0079 -1.811 1.1024, -2.0079 1.811 1.1024, 1.862 -2.0012 1.1024, 1.811 -2.0079 1.1024, -1.811 -2.0079 1.1024
            ]
        }
        coordIndex [
            0,1,2,-1,3,4,5,-1,6,7,8,-1,9,10,11,-1,12,13,14,-1,15,16,17,-1,18,19,20,-1,21,22,23,-1,23,22,24,-1,25,26,23,-1,23,26,27,-1,27,28,23,-1,23,28,29,-1,23,29,21,-1,30,31,32,-1,30,32,33,-1,34,35,36,-1,36,37,34,-1,34,37,38,-1,34,38,32,-1,32,38,39,-1,32,39,33,-1,40,41,35,-1,35,41,42,-1,35,42,43,-1,35,44,36,-1,36,44,45,-1,36,45,46,-1,46,45,47,-1,46,47,48,-1,43,49,35,-1,35,49,50,-1,35,50,44,-1,51,52,53,-1,51,53,54,-1,52,55,53,-1,53,55,56,-1,53,56,57,-1,57,56,58,-1,58,59,57,-1,57,59,60,-1,57,60,40,-1,40,60,61,-1,40,61,41,-1,62,54,63,-1,63,54,53,-1,63,53,64,-1,64,53,65,-1,64,65,66,-1,66,65,67,-1,67,65,68,-1,67,68,69,-1,70,71,72,-1,72,71,73,-1,72,73,74,-1,74,75,72,-1,72,75,76,-1,72,76,68,-1,68,76,77,-1,68,77,69,-1,78,79,80,-1,81,82,83,-1,84,85,86,-1,87,88,89,-1,89,88,90,-1,84,86,91,-1,92,93,88,-1,88,93,94,-1,88,94,95,-1,96,97,98,-1,98,97,99,-1,98,99,100,-1,85,101,86,-1,86,101,102,-1,86,102,103,-1,83,82,98,-1,98,82,104,-1,98,104,96,-1,105,106,107,-1,107,106,108,-1,107,108,109,-1,110,95,111,-1,111,95,112,-1,111,112,107,-1,107,112,113,-1,107,113,105,-1,110,114,95,-1,95,114,115,-1,95,115,88,-1,88,115,116,-1,88,116,90,-1,117,118,86,-1,86,118,119,-1,86,119,88,-1,88,119,120,-1,88,120,92,-1,121,122,123,-1,123,122,124,-1,123,124,86,-1,86,124,125,-1,86,125,91,-1,126,127,128,-1,128,127,129,-1,129,130,128,-1,128,130,131,-1,128,131,132,-1,132,131,121,-1,132,121,133,-1,133,121,123,-1,103,134,86,-1,86,134,135,-1,86,135,136,-1,100,137,98,-1,98,137,138,-1,98,138,128,-1,128,138,139,-1,128,139,126,-1,136,140,86,-1,86,140,141,-1,86,141,117,-1,142,143,144,-1,144,95,142,-1,142,95,94,-1,142,94,145,-1,145,94,146,-1,146,147,145,-1,145,147,148,-1,145,148,149,-1,150,151,152,-1,151,153,152,-1,152,153,154,-1,152,154,155,-1,156,152,157,-1,143,142,156,-1,156,142,158,-1,156,158,152,-1,152,158,159,-1,152,159,150,-1,157,160,156,-1,156,160,161,-1,156,161,162,-1,155,154,163,-1,163,154,164,-1,163,164,165,-1,165,164,166,-1,165,166,167,-1,168,169,162,-1,162,169,170,-1,162,170,156,-1,22,171,24,-1,24,171,172,-1,24,172,83,-1,83,172,173,-1,83,173,81,-1,174,175,176,-1,177,178,179,-1,180,181,182,-1,182,181,183,-1,182,183,184,-1,183,185,184,-1,184,185,186,-1,184,186,187,-1,188,186,189,-1,189,186,185,-1,189,185,190,-1,190,185,183,-1,190,183,191,-1,191,183,192,-1,191,192,193,-1,193,192,194,-1,193,194,176,-1,176,194,195,-1,176,195,174,-1,196,197,198,-1,199,200,201,-1,201,200,198,-1,201,198,202,-1,202,198,197,-1,202,197,203,-1,198,204,196,-1,196,204,205,-1,196,205,206,-1,207,208,209,-1,210,211,212,-1,212,211,213,-1,212,213,203,-1,203,213,214,-1,203,214,202,-1,202,214,215,-1,202,215,209,-1,209,215,216,-1,209,216,207,-1,217,218,199,-1,199,218,219,-1,199,219,200,-1,19,18,217,-1,217,18,220,-1,217,220,221,-1,222,223,224,-1,222,225,226,-1,222,227,228,-1,224,229,222,-1,222,229,230,-1,222,230,231,-1,231,230,232,-1,231,232,221,-1,221,232,208,-1,221,208,217,-1,217,208,207,-1,217,207,218,-1,233,234,235,-1,235,234,236,-1,235,236,237,-1,226,238,222,-1,222,238,239,-1,222,239,227,-1,228,240,222,-1,222,240,241,-1,222,241,242,-1,225,222,235,-1,235,222,243,-1,235,243,233,-1,242,244,222,-1,222,244,245,-1,222,245,223,-1,246,247,17,-1,17,247,248,-1,17,248,249,-1,249,250,17,-1,17,250,251,-1,17,251,15,-1,252,5,253,-1,253,5,254,-1,253,254,255,-1,255,254,13,-1,256,257,14,-1,14,257,258,-1,258,259,14,-1,14,259,260,-1,14,260,12,-1,261,262,263,-1,263,262,264,-1,232,265,208,-1,208,265,266,-1,208,266,267,-1,267,266,268,-1,267,268,269,-1,270,271,5,-1,5,271,272,-1,5,272,254,-1,254,272,273,-1,254,273,274,-1,23,275,276,-1,270,5,277,-1,277,5,4,-1,277,4,276,-1,276,4,32,-1,276,32,23,-1,23,32,31,-1,23,31,25,-1,278,279,263,-1,280,281,282,-1,283,284,285,-1,280,282,286,-1,283,285,282,-1,282,285,287,-1,282,287,286,-1,288,289,290,-1,290,289,291,-1,290,291,292,-1,292,291,293,-1,292,293,282,-1,294,11,295,-1,295,11,10,-1,295,10,296,-1,297,298,11,-1,299,300,301,-1,302,303,11,-1,11,303,304,-1,279,305,263,-1,263,305,306,-1,263,306,301,-1,301,306,307,-1,301,307,299,-1,300,308,301,-1,301,308,309,-1,301,309,310,-1,310,309,311,-1,310,311,297,-1,312,313,298,-1,298,313,314,-1,298,314,11,-1,11,314,315,-1,11,315,302,-1,304,316,11,-1,11,316,317,-1,11,317,9,-1,318,319,320,-1,320,319,321,-1,320,321,322,-1,320,323,318,-1,318,323,324,-1,318,324,325,-1,325,326,318,-1,318,326,327,-1,318,327,328,-1,328,327,329,-1,328,329,330,-1,330,329,331,-1,330,331,298,-1,298,331,332,-1,298,332,312,-1,333,334,322,-1,322,334,335,-1,322,335,320,-1,336,337,284,-1,284,337,338,-1,284,338,285,-1,336,339,337,-1,337,339,340,-1,337,340,341,-1,341,340,342,-1,341,343,344,-1,342,345,341,-1,341,345,346,-1,341,346,347,-1,347,348,341,-1,341,348,349,-1,341,349,343,-1,344,350,341,-1,341,350,351,-1,341,351,352,-1,353,354,181,-1,355,356,357,-1,358,359,360,-1,361,362,363,-1,363,362,364,-1,363,364,365,-1,365,364,358,-1,365,358,366,-1,366,358,360,-1,367,368,11,-1,11,368,369,-1,297,11,310,-1,310,11,369,-1,310,369,362,-1,362,369,370,-1,362,370,364,-1,371,368,372,-1,372,368,367,-1,372,367,373,-1,294,374,11,-1,11,374,375,-1,11,375,367,-1,367,375,376,-1,367,376,373,-1,377,378,379,-1,379,378,380,-1,379,380,381,-1,381,380,374,-1,381,374,382,-1,382,374,294,-1,382,294,383,-1,384,385,386,-1,386,385,387,-1,386,387,388,-1,388,387,389,-1,390,391,392,-1,391,393,392,-1,392,393,394,-1,392,394,386,-1,386,394,395,-1,386,395,384,-1,396,397,398,-1,356,355,399,-1,399,355,400,-1,399,400,401,-1,181,354,183,-1,183,354,402,-1,183,402,403,-1,404,183,405,-1,405,183,403,-1,405,403,406,-1,403,407,406,-1,406,407,408,-1,406,408,409,-1,8,7,192,-1,192,7,410,-1,192,410,411,-1,412,413,414,-1,414,413,415,-1,414,415,416,-1,275,23,274,-1,274,23,24,-1,274,24,254,-1,254,24,83,-1,254,83,417,-1,418,417,419,-1,419,417,420,-1,421,418,422,-1,422,418,419,-1,422,419,423,-1,423,419,424,-1,425,426,421,-1,421,426,427,-1,421,427,418,-1,418,427,428,-1,418,428,429,-1,420,417,430,-1,430,417,83,-1,430,83,429,-1,429,83,98,-1,429,98,418,-1,252,246,5,-1,5,246,17,-1,5,17,3,-1,3,17,16,-1,3,16,431,-1,431,16,432,-1,431,432,433,-1,13,254,14,-1,14,254,417,-1,14,417,434,-1,434,417,418,-1,434,418,435,-1,436,437,438,-1,438,437,439,-1,440,441,263,-1,441,442,263,-1,263,442,443,-1,263,443,444,-1,445,446,447,-1,447,446,448,-1,447,448,449,-1,450,451,263,-1,263,451,452,-1,263,452,440,-1,281,278,282,-1,282,278,263,-1,282,263,292,-1,292,263,444,-1,292,444,453,-1,454,434,455,-1,455,434,456,-1,256,14,264,-1,264,14,434,-1,264,434,263,-1,263,434,454,-1,263,454,450,-1,436,457,437,-1,437,457,458,-1,437,458,459,-1,459,458,460,-1,461,462,460,-1,460,462,463,-1,460,463,459,-1,464,465,447,-1,447,465,466,-1,447,466,445,-1,467,468,435,-1,435,468,469,-1,435,469,470,-1,470,471,435,-1,435,471,472,-1,435,472,434,-1,434,472,439,-1,434,439,456,-1,456,439,437,-1,473,474,460,-1,460,474,475,-1,460,475,476,-1,453,447,292,-1,292,447,449,-1,292,449,435,-1,435,449,477,-1,435,477,467,-1,476,478,460,-1,460,478,479,-1,460,479,461,-1,128,78,98,-1,98,78,80,-1,98,80,418,-1,418,80,480,-1,418,480,435,-1,435,480,481,-1,435,481,292,-1,292,481,482,-1,292,482,290,-1,290,482,295,-1,290,295,288,-1,288,295,296,-1,79,70,80,-1,80,70,72,-1,80,72,480,-1,480,72,483,-1,480,483,481,-1,481,483,484,-1,481,484,482,-1,482,484,485,-1,482,485,295,-1,295,485,486,-1,295,486,294,-1,294,486,388,-1,294,388,383,-1,383,388,389,-1,269,261,267,-1,267,261,263,-1,267,263,208,-1,208,263,301,-1,208,301,209,-1,209,301,310,-1,209,310,202,-1,202,310,362,-1,202,362,177,-1,487,488,177,-1,489,490,491,-1,491,490,492,-1,201,493,491,-1,491,493,494,-1,491,494,495,-1,488,496,177,-1,177,496,497,-1,177,497,498,-1,498,499,177,-1,177,499,500,-1,177,500,202,-1,202,500,501,-1,202,501,201,-1,201,501,502,-1,201,502,493,-1,495,503,491,-1,491,503,504,-1,491,504,489,-1,175,174,179,-1,179,174,491,-1,179,491,177,-1,177,491,492,-1,177,492,487,-1,433,20,431,-1,431,20,19,-1,431,19,505,-1,505,19,217,-1,505,217,506,-1,506,217,199,-1,506,199,507,-1,507,199,201,-1,507,201,508,-1,508,201,491,-1,508,491,509,-1,509,491,174,-1,509,174,510,-1,510,174,195,-1,511,512,513,-1,513,512,514,-1,513,514,404,-1,404,514,401,-1,404,401,183,-1,183,401,400,-1,183,400,515,-1,8,516,517,-1,515,400,518,-1,518,400,8,-1,518,8,519,-1,517,520,8,-1,8,520,521,-1,8,521,519,-1,515,522,183,-1,183,522,523,-1,183,523,192,-1,192,523,524,-1,192,524,525,-1,525,526,192,-1,192,526,527,-1,192,527,528,-1,528,529,192,-1,192,529,530,-1,192,530,8,-1,8,530,531,-1,8,531,516,-1,532,6,533,-1,533,6,8,-1,533,8,534,-1,534,8,400,-1,534,400,398,-1,398,400,355,-1,398,355,396,-1,396,355,357,-1,396,357,361,-1,361,357,353,-1,361,353,362,-1,362,353,181,-1,362,181,177,-1,177,181,180,-1,177,180,178,-1,414,532,412,-1,412,532,533,-1,412,533,535,-1,535,533,536,-1,535,536,537,-1,537,536,538,-1,537,538,411,-1,411,538,539,-1,411,539,192,-1,192,539,540,-1,192,540,194,-1,194,540,2,-1,194,2,195,-1,195,2,1,-1,195,1,510,-1,397,390,398,-1,398,390,392,-1,398,392,534,-1,534,392,541,-1,534,541,533,-1,533,541,542,-1,533,542,536,-1,536,542,543,-1,0,2,544,-1,544,2,540,-1,544,540,545,-1,545,540,539,-1,545,539,546,-1,546,539,538,-1,546,538,547,-1,547,538,536,-1,547,536,548,-1,548,536,543,-1,548,543,549,-1,68,550,72,-1,72,550,551,-1,72,551,483,-1,483,551,552,-1,483,552,484,-1,484,552,553,-1,484,553,485,-1,485,553,554,-1,485,554,486,-1,486,554,555,-1,486,555,388,-1,388,555,556,-1,388,556,386,-1,386,556,557,-1,386,557,392,-1,392,557,558,-1,392,558,541,-1,541,558,559,-1,541,559,542,-1,542,559,560,-1,542,560,543,-1,543,560,561,-1,543,561,549,-1,549,561,562,-1,563,564,565,-1,565,564,566,-1,567,568,569,-1,566,564,570,-1,570,564,568,-1,570,568,571,-1,571,568,567,-1,571,567,565,-1,565,567,572,-1,565,572,563,-1,563,572,573,-1,563,573,569,-1,569,573,574,-1,569,574,567,-1,575,576,577,-1,577,576,578,-1,579,580,581,-1,581,580,582,-1,583,584,585,-1,582,580,586,-1,586,580,584,-1,586,584,587,-1,587,584,583,-1,587,583,581,-1,581,583,588,-1,581,588,579,-1,579,588,589,-1,579,589,585,-1,585,589,590,-1,585,590,583,-1,591,592,593,-1,579,594,580,-1,580,594,595,-1,580,595,575,-1,596,597,598,-1,598,597,599,-1,591,600,601,-1,595,597,575,-1,575,597,596,-1,575,596,576,-1,576,596,602,-1,576,602,563,-1,602,591,563,-1,563,591,593,-1,563,593,564,-1,564,593,603,-1,564,603,550,-1,550,603,604,-1,550,604,562,-1,599,605,606,-1,601,607,591,-1,591,607,608,-1,591,608,592,-1,609,610,611,-1,605,612,606,-1,606,612,613,-1,606,613,614,-1,614,594,606,-1,606,594,579,-1,606,579,615,-1,615,579,562,-1,615,562,616,-1,616,562,604,-1,616,604,617,-1,617,604,600,-1,611,610,618,-1,599,606,598,-1,598,606,619,-1,598,619,610,-1,610,619,620,-1,610,620,618,-1,600,591,617,-1,617,591,621,-1,617,621,611,-1,611,621,622,-1,611,622,609,-1,623,585,624,-1,624,585,584,-1,624,584,625,-1,625,584,577,-1,625,577,626,-1,626,577,578,-1,626,578,627,-1,627,578,569,-1,627,569,628,-1,628,569,568,-1,628,568,629,-1,629,568,34,-1,629,34,630,-1,630,34,0,-1,630,0,623,-1,623,0,585,-1,577,584,575,-1,575,584,580,-1,569,578,563,-1,563,578,576,-1,34,568,550,-1,550,568,564,-1,585,0,579,-1,579,0,562,-1,600,631,601,-1,601,631,632,-1,601,632,607,-1,607,632,633,-1,607,633,608,-1,608,633,634,-1,608,634,592,-1,592,634,635,-1,636,631,604,-1,604,631,600,-1,637,636,603,-1,603,636,604,-1,638,637,593,-1,593,637,603,-1,635,638,592,-1,592,638,593,-1,638,635,637,-1,637,635,634,-1,631,636,632,-1,632,636,637,-1,632,637,633,-1,633,637,634,-1,619,639,620,-1,620,639,640,-1,620,640,618,-1,618,640,641,-1,618,641,611,-1,611,641,642,-1,611,642,617,-1,617,642,643,-1,644,639,606,-1,606,639,619,-1,645,644,615,-1,615,644,606,-1,646,645,616,-1,616,645,615,-1,643,646,617,-1,617,646,616,-1,646,643,645,-1,645,643,642,-1,639,644,640,-1,640,644,645,-1,640,645,641,-1,641,645,642,-1,599,647,605,-1,605,647,648,-1,605,648,612,-1,612,648,649,-1,612,649,613,-1,613,649,650,-1,613,650,614,-1,614,650,651,-1,652,647,597,-1,597,647,599,-1,653,652,595,-1,595,652,597,-1,654,653,594,-1,594,653,595,-1,651,654,614,-1,614,654,594,-1,654,651,653,-1,653,651,650,-1,647,652,648,-1,648,652,653,-1,648,653,649,-1,649,653,650,-1,621,655,622,-1,622,655,656,-1,622,656,609,-1,609,656,657,-1,609,657,610,-1,610,657,658,-1,610,658,598,-1,598,658,659,-1,660,655,591,-1,591,655,621,-1,661,660,602,-1,602,660,591,-1,662,661,596,-1,596,661,602,-1,659,662,598,-1,598,662,596,-1,662,659,661,-1,661,659,658,-1,655,660,656,-1,656,660,661,-1,656,661,657,-1,657,661,658,-1,663,664,623,-1,623,664,630,-1,665,629,666,-1,666,629,630,-1,666,630,664,-1,665,667,629,-1,629,667,628,-1,668,627,669,-1,669,627,628,-1,669,628,667,-1,668,670,627,-1,627,670,626,-1,671,625,672,-1,672,625,626,-1,672,626,670,-1,671,673,625,-1,625,673,624,-1,663,623,674,-1,674,623,624,-1,674,624,673,-1,675,676,667,-1,667,676,668,-1,668,676,677,-1,668,677,678,-1,673,679,680,-1,681,664,682,-1,682,664,663,-1,682,663,683,-1,683,663,684,-1,681,685,664,-1,664,685,686,-1,664,686,665,-1,665,686,687,-1,665,687,688,-1,688,689,665,-1,665,689,690,-1,665,690,667,-1,667,690,691,-1,667,691,675,-1,692,670,693,-1,693,670,668,-1,693,668,694,-1,694,668,678,-1,679,673,695,-1,695,673,671,-1,695,671,696,-1,680,697,673,-1,673,697,698,-1,673,698,663,-1,663,698,699,-1,663,699,684,-1,692,700,670,-1,670,700,701,-1,670,701,671,-1,671,701,702,-1,671,702,696,-1,
        ]
    }
}
Shape{
    appearance Appearance {
        material  Material 	{
            diffuseColor 0.8509803921568627 0.8509803921568627 0.8509803921568627
            specularColor 0.4235294117647059 0.4235294117647059 0.4235294117647059
            ambientIntensity 0.851
            transparency 0.0
            shininess 0.5
        }
    }
    geometry IndexedFaceSet {
        ccw TRUE
        solid FALSE
        coord DEF co Coordinate {
            point [
                -2.3622 1.1811 0.4528, -2.3661 1.1811 0.4528, -2.3622 0.7874 0.4528, -2.3661 0.7874 0.4528, -2.3661 1.1811 0.3346, -2.3622 1.1811 0.3346, -2.3661 0.7874 0.3346, -2.3622 0.7874 0.3346, -2.3707 1.1811 0.3341, -2.3707 0.7874 0.3341, -2.375 1.1811 0.3325, -2.375 0.7874 0.3325, -2.3788 1.1811 0.33, -2.3788 0.7874 0.33, -2.382 1.1811 0.3267, -2.382 0.7874 0.3267, -2.3842 1.1811 0.3227, -2.3842 0.7874 0.3227, -2.3855 1.1811 0.3183, -2.3855 0.7874 0.3183, -2.4661 1.1811 -0.1478, -2.4661 0.7874 -0.1478, -2.4742 0.7874 -0.1811, -2.4742 1.1811 -0.1811, -2.4866 0.7874 -0.2129, -2.4866 1.1811 -0.2129, -2.6248 1.1811 -0.5076, -2.6248 0.7874 -0.5076, -2.6348 1.1811 -0.5378, -2.6348 0.7874 -0.5378, -2.6378 1.1811 -0.5695, -2.6378 0.7874 -0.5695, -2.6333 1.1811 -0.601, -2.6333 0.7874 -0.601, -2.6218 1.1811 -0.6306, -2.6218 0.7874 -0.6306, -2.6038 1.1811 -0.6568, -2.6038 0.7874 -0.6568, -2.4648 1.1811 -0.8159, -2.4648 0.7874 -0.8159, -2.4303 0.7874 -0.8664, -2.4016 1.1551 -0.9842, -2.4089 1.1713 -0.9236, -2.4016 0.8134 -0.9842, -2.4089 0.7971 -0.9236, -2.4207 0.7874 -0.8872, -2.4207 1.1811 -0.8872, -2.4303 1.1811 -0.8664, -2.4016 1.1023 -1.1811, -2.4016 0.8661 -1.1811, -2.5197 1.1023 -1.1811, -2.5197 0.8661 -1.1811, -2.5197 1.1551 -0.9842, -2.5197 0.8134 -0.9842, -2.5537 0.7891 -0.8936, -2.5537 1.1794 -0.8936, -2.5352 1.1721 -0.9208, -2.5352 0.7964 -0.9208, -2.5236 1.1638 -0.9516, -2.5236 0.8046 -0.9516, -2.6927 0.7874 -0.7345, -2.6927 1.1811 -0.7345, -2.5593 0.7874 -0.8872, -2.5593 1.1811 -0.8872, -2.7262 0.7874 -0.6858, -2.7262 1.1811 -0.6858, -2.7476 0.7874 -0.6308, -2.7476 1.1811 -0.6308, -2.7558 0.7874 -0.5723, -2.7558 1.1811 -0.5723, -2.7504 0.7874 -0.5135, -2.7504 1.1811 -0.5135, -2.7317 0.7874 -0.4575, -2.7317 1.1811 -0.4575, -2.5935 1.1811 -0.1628, -2.5935 0.7874 -0.1628, -2.5868 1.1811 -0.1456, -2.5868 0.7874 -0.1456, -2.5825 1.1811 -0.1277, -2.5825 0.7874 -0.1277, -2.5019 1.1811 0.3384, -2.5019 0.7874 0.3384, -2.4928 0.7874 0.3692, -2.4928 1.1811 0.3692, -2.4769 0.7874 0.397, -2.4769 1.1811 0.397, -2.4549 0.7874 0.4204, -2.4549 1.1811 0.4204, -2.4281 0.7874 0.438, -2.4281 1.1811 0.438, -2.398 0.7874 0.449, -2.398 1.1811 0.449, -2.3661 -1.1811 0.4528, -2.3622 -1.1811 0.4528, -2.3661 -0.7874 0.4528, -2.3622 -0.7874 0.4528, -2.398 -0.7874 0.449, -2.398 -1.1811 0.449, -2.4281 -0.7874 0.438, -2.4281 -1.1811 0.438, -2.4549 -0.7874 0.4204, -2.4549 -1.1811 0.4204, -2.4769 -0.7874 0.397, -2.4769 -1.1811 0.397, -2.4928 -0.7874 0.3692, -2.4928 -1.1811 0.3692, -2.5019 -0.7874 0.3384, -2.5019 -1.1811 0.3384, -2.5825 -1.1811 -0.1277, -2.5825 -0.7874 -0.1277, -2.5868 -1.1811 -0.1456, -2.5868 -0.7874 -0.1456, -2.5935 -1.1811 -0.1628, -2.5935 -0.7874 -0.1628, -2.7317 -1.1811 -0.4575, -2.7317 -0.7874 -0.4575, -2.7504 -0.7874 -0.5135, -2.7504 -1.1811 -0.5135, -2.7558 -0.7874 -0.5723, -2.7558 -1.1811 -0.5723, -2.7476 -0.7874 -0.6308, -2.7476 -1.1811 -0.6308, -2.7262 -0.7874 -0.6858, -2.7262 -1.1811 -0.6858, -2.6927 -0.7874 -0.7345, -2.6927 -1.1811 -0.7345, -2.5537 -0.7891 -0.8936, -2.5537 -1.1794 -0.8936, -2.5593 -0.7874 -0.8872, -2.5593 -1.1811 -0.8872, -2.5197 -0.8134 -0.9842, -2.5197 -1.1551 -0.9842, -2.5236 -1.1639 -0.9516, -2.5236 -0.8047 -0.9516, -2.5352 -1.1721 -0.9208, -2.5352 -0.7964 -0.9208, -2.5197 -1.1024 -1.1811, -2.5197 -0.8662 -1.1811, -2.4016 -1.1024 -1.1811, -2.4016 -0.8662 -1.1811, -2.4016 -1.1551 -0.9842, -2.4016 -0.8134 -0.9842, -2.4207 -0.7874 -0.8872, -2.4303 -1.1811 -0.8664, -2.4207 -1.1811 -0.8872, -2.4089 -0.7972 -0.9236, -2.4089 -1.1714 -0.9236, -2.4303 -0.7874 -0.8664, -2.4648 -0.7874 -0.8159, -2.4648 -1.1811 -0.8159, -2.6038 -1.1811 -0.6568, -2.6038 -0.7874 -0.6568, -2.6218 -1.1811 -0.6306, -2.6218 -0.7874 -0.6306, -2.6333 -1.1811 -0.601, -2.6333 -0.7874 -0.601, -2.6378 -1.1811 -0.5695, -2.6378 -0.7874 -0.5695, -2.6348 -1.1811 -0.5378, -2.6348 -0.7874 -0.5378, -2.6248 -1.1811 -0.5076, -2.6248 -0.7874 -0.5076, -2.4866 -1.1811 -0.2129, -2.4866 -0.7874 -0.2129, -2.4742 -0.7874 -0.1811, -2.4742 -1.1811 -0.1811, -2.4661 -0.7874 -0.1478, -2.4661 -1.1811 -0.1478, -2.3855 -1.1811 0.3183, -2.3855 -0.7874 0.3183, -2.3842 -1.1811 0.3227, -2.3842 -0.7874 0.3227, -2.382 -1.1811 0.3267, -2.382 -0.7874 0.3267, -2.3788 -1.1811 0.33, -2.3788 -0.7874 0.33, -2.375 -1.1811 0.3325, -2.375 -0.7874 0.3325, -2.3707 -1.1811 0.3341, -2.3707 -0.7874 0.3341, -2.3661 -1.1811 0.3346, -2.3661 -0.7874 0.3346, -2.3622 -1.1811 0.3346, -2.3622 -0.7874 0.3346, 2.3622 -1.1811 0.4528, 2.3661 -1.1811 0.4528, 2.3622 -0.7874 0.4528, 2.3661 -0.7874 0.4528, 2.3661 -1.1811 0.3346, 2.3622 -1.1811 0.3346, 2.3661 -0.7874 0.3346, 2.3622 -0.7874 0.3346, 2.3707 -1.1811 0.3341, 2.3707 -0.7874 0.3341, 2.375 -1.1811 0.3325, 2.375 -0.7874 0.3325, 2.3788 -1.1811 0.33, 2.3788 -0.7874 0.33, 2.382 -1.1811 0.3267, 2.382 -0.7874 0.3267, 2.3842 -1.1811 0.3227, 2.3842 -0.7874 0.3227, 2.3855 -1.1811 0.3183, 2.3855 -0.7874 0.3183, 2.4661 -1.1811 -0.1478, 2.4661 -0.7874 -0.1478, 2.4742 -0.7874 -0.1811, 2.4742 -1.1811 -0.1811, 2.4866 -0.7874 -0.2129, 2.4866 -1.1811 -0.2129, 2.6248 -1.1811 -0.5076, 2.6248 -0.7874 -0.5076, 2.6348 -1.1811 -0.5378, 2.6348 -0.7874 -0.5378, 2.6378 -1.1811 -0.5695, 2.6378 -0.7874 -0.5695, 2.6333 -1.1811 -0.601, 2.6333 -0.7874 -0.601, 2.6218 -1.1811 -0.6306, 2.6218 -0.7874 -0.6306, 2.6038 -1.1811 -0.6568, 2.6038 -0.7874 -0.6568, 2.4648 -1.1811 -0.8159, 2.4648 -0.7874 -0.8159, 2.4303 -0.7874 -0.8664, 2.4016 -1.1551 -0.9842, 2.4089 -1.1714 -0.9236, 2.4016 -0.8134 -0.9842, 2.4089 -0.7972 -0.9236, 2.4207 -0.7874 -0.8872, 2.4207 -1.1811 -0.8872, 2.4303 -1.1811 -0.8664, 2.4016 -1.1024 -1.1811, 2.4016 -0.8662 -1.1811, 2.5197 -1.1024 -1.1811, 2.5197 -0.8662 -1.1811, 2.5197 -1.1551 -0.9842, 2.5197 -0.8134 -0.9842, 2.5537 -0.7891 -0.8936, 2.5537 -1.1794 -0.8936, 2.5352 -1.1721 -0.9208, 2.5352 -0.7964 -0.9208, 2.5236 -1.1639 -0.9516, 2.5236 -0.8047 -0.9516, 2.6927 -0.7874 -0.7345, 2.6927 -1.1811 -0.7345, 2.5593 -0.7874 -0.8872, 2.5593 -1.1811 -0.8872, 2.7262 -0.7874 -0.6858, 2.7262 -1.1811 -0.6858, 2.7476 -0.7874 -0.6308, 2.7476 -1.1811 -0.6308, 2.7558 -0.7874 -0.5723, 2.7558 -1.1811 -0.5723, 2.7504 -0.7874 -0.5135, 2.7504 -1.1811 -0.5135, 2.7317 -0.7874 -0.4575, 2.7317 -1.1811 -0.4575, 2.5935 -1.1811 -0.1628, 2.5935 -0.7874 -0.1628, 2.5868 -1.1811 -0.1456, 2.5868 -0.7874 -0.1456, 2.5825 -1.1811 -0.1277, 2.5825 -0.7874 -0.1277, 2.5019 -1.1811 0.3384, 2.5019 -0.7874 0.3384, 2.4928 -0.7874 0.3692, 2.4928 -1.1811 0.3692, 2.4769 -0.7874 0.397, 2.4769 -1.1811 0.397, 2.4549 -0.7874 0.4204, 2.4549 -1.1811 0.4204, 2.4281 -0.7874 0.438, 2.4281 -1.1811 0.438, 2.398 -0.7874 0.449, 2.398 -1.1811 0.449, 2.3661 1.1811 0.4528, 2.3622 1.1811 0.4528, 2.3661 0.7874 0.4528, 2.3622 0.7874 0.4528, 2.398 0.7874 0.449, 2.398 1.1811 0.449, 2.4281 0.7874 0.438, 2.4281 1.1811 0.438, 2.4549 0.7874 0.4204, 2.4549 1.1811 0.4204, 2.4769 0.7874 0.397, 2.4769 1.1811 0.397, 2.4928 0.7874 0.3692, 2.4928 1.1811 0.3692, 2.5019 0.7874 0.3384, 2.5019 1.1811 0.3384, 2.5825 1.1811 -0.1277, 2.5825 0.7874 -0.1277, 2.5868 1.1811 -0.1456, 2.5868 0.7874 -0.1456, 2.5935 1.1811 -0.1628, 2.5935 0.7874 -0.1628, 2.7317 1.1811 -0.4575, 2.7317 0.7874 -0.4575, 2.7504 0.7874 -0.5135, 2.7504 1.1811 -0.5135, 2.7558 0.7874 -0.5723, 2.7558 1.1811 -0.5723, 2.7476 0.7874 -0.6308, 2.7476 1.1811 -0.6308, 2.7262 0.7874 -0.6858, 2.7262 1.1811 -0.6858, 2.6927 0.7874 -0.7345, 2.6927 1.1811 -0.7345, 2.5537 0.7891 -0.8936, 2.5537 1.1794 -0.8936, 2.5593 0.7874 -0.8872, 2.5593 1.1811 -0.8872, 2.5197 0.8134 -0.9842, 2.5197 1.1551 -0.9842, 2.5236 1.1638 -0.9516, 2.5236 0.8046 -0.9516, 2.5352 1.1721 -0.9208, 2.5352 0.7964 -0.9208, 2.5197 1.1023 -1.1811, 2.5197 0.8661 -1.1811, 2.4016 1.1023 -1.1811, 2.4016 0.8661 -1.1811, 2.4016 1.1551 -0.9842, 2.4016 0.8134 -0.9842, 2.4207 0.7874 -0.8872, 2.4303 1.1811 -0.8664, 2.4207 1.1811 -0.8872, 2.4089 0.7971 -0.9236, 2.4089 1.1713 -0.9236, 2.4303 0.7874 -0.8664, 2.4648 0.7874 -0.8159, 2.4648 1.1811 -0.8159, 2.6038 1.1811 -0.6568, 2.6038 0.7874 -0.6568, 2.6218 1.1811 -0.6306, 2.6218 0.7874 -0.6306, 2.6333 1.1811 -0.601, 2.6333 0.7874 -0.601, 2.6378 1.1811 -0.5695, 2.6378 0.7874 -0.5695, 2.6348 1.1811 -0.5378, 2.6348 0.7874 -0.5378, 2.6248 1.1811 -0.5076, 2.6248 0.7874 -0.5076, 2.4866 1.1811 -0.2129, 2.4866 0.7874 -0.2129, 2.4742 0.7874 -0.1811, 2.4742 1.1811 -0.1811, 2.4661 0.7874 -0.1478, 2.4661 1.1811 -0.1478, 2.3855 1.1811 0.3183, 2.3855 0.7874 0.3183, 2.3842 1.1811 0.3227, 2.3842 0.7874 0.3227, 2.382 1.1811 0.3267, 2.382 0.7874 0.3267, 2.3788 1.1811 0.33, 2.3788 0.7874 0.33, 2.375 1.1811 0.3325, 2.375 0.7874 0.3325, 2.3707 1.1811 0.3341, 2.3707 0.7874 0.3341, 2.3661 1.1811 0.3346, 2.3661 0.7874 0.3346, 2.3622 1.1811 0.3346, 2.3622 0.7874 0.3346, 1.8755 1.4318 1.2402, 2.0079 -0.0 1.2402, 1.908 1.5101 1.2402, 2.0079 1.811 1.2402, 1.919 1.5942 1.2402, 1.6783 1.2805 1.2402, 1.5942 1.2694 1.2402, 1.4173 -0.0 1.2402, 1.2694 1.5942 1.2402, 1.2805 1.6783 1.2402, 0.0 2.0079 1.2402, 1.3129 1.7566 1.2402, 1.3646 1.8239 1.2402, 1.9815 1.9094 1.2402, 1.9502 1.9502 1.2402, 1.8239 1.8239 1.2402, 1.8239 1.3645 1.2402, 1.7566 1.3129 1.2402, 1.4122 0.1202 1.2402, 1.5942 1.919 1.2402, 1.811 2.0079 1.2402, 1.5102 1.908 1.2402, 1.4318 1.8755 1.2402, 2.0012 1.862 1.2402, 1.8755 1.7566 1.2402, 1.908 1.6783 1.2402, 1.2805 1.5101 1.2402, 0.6381 1.2655 1.2402, 1.3129 1.4318 1.2402, 0.8428 1.1395 1.2402, 1.3646 1.3645 1.2402, 1.0232 0.9807 1.2402, 1.4318 1.3129 1.2402, 1.1743 0.7936 1.2402, 1.5102 1.2805 1.2402, 1.2915 0.5838 1.2402, 1.3716 0.3571 1.2402, 0.0 1.4135 1.2402, 0.18 1.4058 1.2402, 0.415 1.3552 1.2402, 1.6783 1.908 1.2402, 1.7566 1.8755 1.2402, 1.862 2.0011 1.2402, 1.9094 1.9815 1.2402, -1.3646 1.8239 1.2402, -1.3129 1.7566 1.2402, -1.2805 1.6783 1.2402, -1.2694 1.5942 1.2402, -0.0602 1.416 1.2402, -1.5942 1.2694 1.2402, -1.6783 1.2805 1.2402, -2.0079 -0.0 1.2402, -1.7566 1.3129 1.2402, -1.8239 1.3645 1.2402, -1.4173 -0.0 1.2402, -1.3969 0.2395 1.2402, -1.5102 1.2805 1.2402, -1.919 1.5942 1.2402, -2.0079 1.811 1.2402, -1.908 1.5101 1.2402, -1.8755 1.4318 1.2402, -1.6783 1.908 1.2402, -1.811 2.0079 1.2402, -1.7566 1.8755 1.2402, -1.862 2.0011 1.2402, -1.8239 1.8239 1.2402, -1.9094 1.9815 1.2402, -1.9502 1.9502 1.2402, -1.5942 1.919 1.2402, -1.5102 1.908 1.2402, -1.4318 1.8755 1.2402, -1.3364 0.4721 1.2402, -1.2373 0.6912 1.2402, -1.4318 1.3129 1.2402, -1.1027 0.8904 1.2402, -1.3646 1.3645 1.2402, -0.9364 1.0639 1.2402, -1.3129 1.4318 1.2402, -0.7431 1.2069 1.2402, -1.2805 1.5101 1.2402, -0.5285 1.3151 1.2402, -0.2986 1.3855 1.2402, -1.908 1.6783 1.2402, -1.8755 1.7566 1.2402, -2.0012 1.862 1.2402, -1.9815 1.9094 1.2402, -0.0602 -1.4161 1.2402, -1.2805 -1.5102 1.2402, -1.2694 -1.5943 1.2402, -1.3646 -1.8239 1.2402, 0.0 -2.0079 1.2402, -1.3129 -1.7567 1.2402, -1.2805 -1.6783 1.2402, 0.0 -1.4135 1.2402, -1.5942 -1.2695 1.2402, -1.5102 -1.2805 1.2402, -1.3364 -0.4722 1.2402, -1.8239 -1.3646 1.2402, -1.7566 -1.313 1.2402, -1.6783 -1.2805 1.2402, -1.3969 -0.2395 1.2402, -1.908 -1.6783 1.2402, -2.0079 -1.811 1.2402, -1.8755 -1.7567 1.2402, -2.0012 -1.862 1.2402, -1.8239 -1.8239 1.2402, -1.9815 -1.9095 1.2402, -1.9502 -1.9502 1.2402, -1.5942 -1.9191 1.2402, -1.811 -2.0079 1.2402, -1.5102 -1.908 1.2402, -1.4318 -1.8755 1.2402, -1.919 -1.5943 1.2402, -1.908 -1.5102 1.2402, -1.8755 -1.4319 1.2402, -0.2986 -1.3855 1.2402, -0.5285 -1.3151 1.2402, -1.3129 -1.4319 1.2402, -0.7431 -1.2069 1.2402, -1.3646 -1.3646 1.2402, -0.9364 -1.064 1.2402, -1.4318 -1.313 1.2402, -1.1027 -0.8904 1.2402, -1.2373 -0.6912 1.2402, -1.6783 -1.908 1.2402, -1.7566 -1.8755 1.2402, -1.862 -2.0012 1.2402, -1.9094 -1.9815 1.2402, 1.6783 -1.908 1.2402, 1.811 -2.0079 1.2402, 1.7566 -1.8755 1.2402, 1.862 -2.0012 1.2402, 1.8239 -1.8239 1.2402, 1.9094 -1.9815 1.2402, 1.9502 -1.9502 1.2402, 1.5942 -1.9191 1.2402, 1.5102 -1.908 1.2402, 1.4318 -1.8755 1.2402, 1.3646 -1.8239 1.2402, 1.9815 -1.9095 1.2402, 2.0012 -1.862 1.2402, 1.8755 -1.7567 1.2402, 2.0079 -1.811 1.2402, 1.908 -1.6783 1.2402, 1.908 -1.5102 1.2402, 1.919 -1.5943 1.2402, 1.6783 -1.2805 1.2402, 1.7566 -1.313 1.2402, 1.8239 -1.3646 1.2402, 1.8755 -1.4319 1.2402, 1.2694 -1.5943 1.2402, 1.2805 -1.5102 1.2402, 0.415 -1.3552 1.2402, 1.3129 -1.7567 1.2402, 1.2805 -1.6783 1.2402, 0.18 -1.4059 1.2402, 1.5942 -1.2695 1.2402, 1.4122 -0.1202 1.2402, 1.3716 -0.3572 1.2402, 1.5102 -1.2805 1.2402, 1.2915 -0.5838 1.2402, 1.4318 -1.313 1.2402, 1.1743 -0.7937 1.2402, 1.3646 -1.3646 1.2402, 1.0232 -0.9807 1.2402, 1.3129 -1.4319 1.2402, 0.8428 -1.1395 1.2402, 0.6381 -1.2656 1.2402, -2.0079 -1.811 1.1024, -2.0012 -1.862 1.1024, -1.9815 -1.9095 1.1024, -1.9502 -1.9502 1.1024, -1.9094 -1.9815 1.1024, -1.862 -2.0012 1.1024, -1.811 -2.0079 1.1024, 1.811 -2.0079 1.1024, 1.862 -2.0012 1.1024, 1.9094 -1.9815 1.1024, 1.9502 -1.9502 1.1024, 1.9815 -1.9095 1.1024, 2.0012 -1.862 1.1024, 2.0079 -1.811 1.1024, 2.0079 1.811 1.1024, 2.0012 1.862 1.1024, 1.9815 1.9094 1.1024, 1.9502 1.9502 1.1024, 1.9094 1.9815 1.1024, 1.862 2.0011 1.1024, 1.811 2.0079 1.1024, -1.811 2.0079 1.1024, -1.862 2.0011 1.1024, -1.9094 1.9815 1.1024, -1.9502 1.9502 1.1024, -1.9815 1.9094 1.1024, -2.0012 1.862 1.1024, -2.0079 1.811 1.1024, -0.0602 -1.4161 1.1024, 0.18 -1.4059 1.1024, 0.415 -1.3552 1.1024, 0.6381 -1.2656 1.1024, 0.8428 -1.1395 1.1024, 1.0232 -0.9807 1.1024, 1.1743 -0.7937 1.1024, 1.2915 -0.5838 1.1024, 1.3716 -0.3572 1.1024, 1.4122 -0.1202 1.1024, 1.4173 -0.0 1.1024, 1.4122 0.1202 1.1024, 1.3716 0.3571 1.1024, 1.2915 0.5838 1.1024, 1.1743 0.7936 1.1024, 1.0232 0.9807 1.1024, 0.8428 1.1395 1.1024, 0.6381 1.2655 1.1024, 0.415 1.3552 1.1024, 0.18 1.4058 1.1024, -0.0602 1.416 1.1024, -0.2986 1.3855 1.1024, -0.5285 1.3151 1.1024, -0.7431 1.2069 1.1024, -0.9364 1.0639 1.1024, -1.1027 0.8904 1.1024, -1.2373 0.6912 1.1024, -1.3364 0.4721 1.1024, -1.3969 0.2395 1.1024, -1.4173 -0.0 1.1024, -1.3969 -0.2395 1.1024, -1.3364 -0.4722 1.1024, -1.2373 -0.6912 1.1024, -1.1027 -0.8904 1.1024, -0.9364 -1.064 1.1024, -0.7431 -1.2069 1.1024, -0.5285 -1.3151 1.1024, -0.2986 -1.3855 1.1024
            ]
        }
        coordIndex [
            0,1,2,-1,2,1,3,-1,4,5,6,-1,6,5,7,-1,4,6,8,-1,8,6,9,-1,8,9,10,-1,10,9,11,-1,10,11,12,-1,12,11,13,-1,12,13,14,-1,14,13,15,-1,14,15,16,-1,16,15,17,-1,16,17,18,-1,18,17,19,-1,20,18,21,-1,21,18,19,-1,20,21,22,-1,20,22,23,-1,23,22,24,-1,23,24,25,-1,26,25,27,-1,27,25,24,-1,26,27,28,-1,28,27,29,-1,28,29,30,-1,30,29,31,-1,30,31,32,-1,32,31,33,-1,32,33,34,-1,34,33,35,-1,34,35,36,-1,36,35,37,-1,38,36,39,-1,39,36,37,-1,38,39,40,-1,41,42,43,-1,43,42,44,-1,44,42,45,-1,45,42,46,-1,45,46,40,-1,40,46,47,-1,40,47,38,-1,41,43,48,-1,48,43,49,-1,48,49,50,-1,50,49,51,-1,50,51,52,-1,52,51,53,-1,54,55,56,-1,54,56,57,-1,57,56,58,-1,57,58,59,-1,59,58,52,-1,59,52,53,-1,60,61,62,-1,62,61,63,-1,62,63,54,-1,54,63,55,-1,61,60,64,-1,61,64,65,-1,65,64,66,-1,65,66,67,-1,67,66,68,-1,67,68,69,-1,69,68,70,-1,69,70,71,-1,71,70,72,-1,71,72,73,-1,74,73,75,-1,75,73,72,-1,74,75,76,-1,76,75,77,-1,76,77,78,-1,78,77,79,-1,80,78,81,-1,81,78,79,-1,80,81,82,-1,80,82,83,-1,83,82,84,-1,83,84,85,-1,85,84,86,-1,85,86,87,-1,87,86,88,-1,87,88,89,-1,89,88,90,-1,89,90,91,-1,91,90,3,-1,91,3,1,-1,47,46,63,-1,0,5,1,-1,1,5,4,-1,1,4,91,-1,91,4,8,-1,91,8,89,-1,89,8,10,-1,89,10,87,-1,87,10,12,-1,87,12,85,-1,85,12,14,-1,85,14,83,-1,83,14,16,-1,83,16,80,-1,80,16,18,-1,80,18,78,-1,78,18,20,-1,78,20,76,-1,76,20,23,-1,76,23,74,-1,74,23,25,-1,74,25,73,-1,73,25,26,-1,73,26,71,-1,71,26,28,-1,71,28,69,-1,69,28,30,-1,69,30,67,-1,67,30,32,-1,67,32,65,-1,65,32,34,-1,65,34,61,-1,61,34,36,-1,61,36,63,-1,63,36,38,-1,63,38,47,-1,45,40,62,-1,62,40,39,-1,62,39,60,-1,60,39,37,-1,60,37,64,-1,64,37,35,-1,64,35,66,-1,66,35,33,-1,66,33,68,-1,68,33,31,-1,68,31,70,-1,70,31,29,-1,70,29,72,-1,72,29,27,-1,72,27,75,-1,75,27,24,-1,75,24,77,-1,77,24,22,-1,77,22,79,-1,79,22,21,-1,79,21,81,-1,81,21,19,-1,81,19,82,-1,82,19,17,-1,82,17,84,-1,84,17,15,-1,84,15,86,-1,86,15,13,-1,86,13,88,-1,88,13,11,-1,88,11,90,-1,90,11,9,-1,90,9,3,-1,3,9,6,-1,3,6,2,-1,2,6,7,-1,55,63,46,-1,48,50,41,-1,41,50,52,-1,41,52,42,-1,42,52,58,-1,42,58,46,-1,46,58,56,-1,46,56,55,-1,51,49,53,-1,53,49,43,-1,53,43,59,-1,59,43,44,-1,59,44,57,-1,57,44,45,-1,57,45,54,-1,54,45,62,-1,92,93,94,-1,94,93,95,-1,92,94,96,-1,92,96,97,-1,97,96,98,-1,97,98,99,-1,99,98,100,-1,99,100,101,-1,101,100,102,-1,101,102,103,-1,103,102,104,-1,103,104,105,-1,105,104,106,-1,105,106,107,-1,108,107,109,-1,109,107,106,-1,108,109,110,-1,110,109,111,-1,110,111,112,-1,112,111,113,-1,114,112,115,-1,115,112,113,-1,114,115,116,-1,114,116,117,-1,117,116,118,-1,117,118,119,-1,119,118,120,-1,119,120,121,-1,121,120,122,-1,121,122,123,-1,123,122,124,-1,123,124,125,-1,126,127,128,-1,128,127,129,-1,128,129,124,-1,124,129,125,-1,130,131,132,-1,130,132,133,-1,133,132,134,-1,133,134,135,-1,135,134,127,-1,135,127,126,-1,131,130,136,-1,136,130,137,-1,136,137,138,-1,138,137,139,-1,138,139,140,-1,140,139,141,-1,142,143,144,-1,142,144,145,-1,144,146,145,-1,145,146,140,-1,145,140,141,-1,142,147,143,-1,143,147,148,-1,143,148,149,-1,150,149,151,-1,151,149,148,-1,150,151,152,-1,152,151,153,-1,152,153,154,-1,154,153,155,-1,154,155,156,-1,156,155,157,-1,156,157,158,-1,158,157,159,-1,158,159,160,-1,160,159,161,-1,162,160,163,-1,163,160,161,-1,162,163,164,-1,162,164,165,-1,165,164,166,-1,165,166,167,-1,168,167,169,-1,169,167,166,-1,168,169,170,-1,170,169,171,-1,170,171,172,-1,172,171,173,-1,172,173,174,-1,174,173,175,-1,174,175,176,-1,176,175,177,-1,176,177,178,-1,178,177,179,-1,178,179,180,-1,180,179,181,-1,182,180,183,-1,183,180,181,-1,144,143,129,-1,129,143,149,-1,129,149,125,-1,125,149,150,-1,125,150,123,-1,123,150,152,-1,123,152,121,-1,121,152,154,-1,121,154,119,-1,119,154,156,-1,119,156,117,-1,117,156,158,-1,117,158,114,-1,114,158,160,-1,114,160,112,-1,112,160,162,-1,112,162,110,-1,110,162,165,-1,110,165,108,-1,108,165,167,-1,108,167,107,-1,107,167,168,-1,107,168,105,-1,105,168,170,-1,105,170,103,-1,103,170,172,-1,103,172,101,-1,101,172,174,-1,101,174,99,-1,99,174,176,-1,99,176,97,-1,97,176,178,-1,97,178,92,-1,92,178,180,-1,92,180,93,-1,93,180,182,-1,147,142,128,-1,95,183,94,-1,94,183,181,-1,94,181,96,-1,96,181,179,-1,96,179,98,-1,98,179,177,-1,98,177,100,-1,100,177,175,-1,100,175,102,-1,102,175,173,-1,102,173,104,-1,104,173,171,-1,104,171,106,-1,106,171,169,-1,106,169,109,-1,109,169,166,-1,109,166,111,-1,111,166,164,-1,111,164,113,-1,113,164,163,-1,113,163,115,-1,115,163,161,-1,115,161,116,-1,116,161,159,-1,116,159,118,-1,118,159,157,-1,118,157,120,-1,120,157,155,-1,120,155,122,-1,122,155,153,-1,122,153,124,-1,124,153,151,-1,124,151,128,-1,128,151,148,-1,128,148,147,-1,136,138,131,-1,131,138,140,-1,131,140,132,-1,132,140,146,-1,132,146,134,-1,134,146,144,-1,134,144,127,-1,127,144,129,-1,126,128,142,-1,139,137,141,-1,141,137,130,-1,141,130,145,-1,145,130,133,-1,145,133,142,-1,142,133,135,-1,142,135,126,-1,184,185,186,-1,186,185,187,-1,188,189,190,-1,190,189,191,-1,188,190,192,-1,192,190,193,-1,192,193,194,-1,194,193,195,-1,194,195,196,-1,196,195,197,-1,196,197,198,-1,198,197,199,-1,198,199,200,-1,200,199,201,-1,200,201,202,-1,202,201,203,-1,204,202,205,-1,205,202,203,-1,204,205,206,-1,204,206,207,-1,207,206,208,-1,207,208,209,-1,210,209,211,-1,211,209,208,-1,210,211,212,-1,212,211,213,-1,212,213,214,-1,214,213,215,-1,214,215,216,-1,216,215,217,-1,216,217,218,-1,218,217,219,-1,218,219,220,-1,220,219,221,-1,222,220,223,-1,223,220,221,-1,222,223,224,-1,225,226,227,-1,227,226,228,-1,228,226,229,-1,229,226,230,-1,229,230,224,-1,224,230,231,-1,224,231,222,-1,225,227,232,-1,232,227,233,-1,232,233,234,-1,234,233,235,-1,234,235,236,-1,236,235,237,-1,238,239,240,-1,238,240,241,-1,241,240,242,-1,241,242,243,-1,243,242,236,-1,243,236,237,-1,244,245,246,-1,246,245,247,-1,246,247,238,-1,238,247,239,-1,245,244,248,-1,245,248,249,-1,249,248,250,-1,249,250,251,-1,251,250,252,-1,251,252,253,-1,253,252,254,-1,253,254,255,-1,255,254,256,-1,255,256,257,-1,258,257,259,-1,259,257,256,-1,258,259,260,-1,260,259,261,-1,260,261,262,-1,262,261,263,-1,264,262,265,-1,265,262,263,-1,264,265,266,-1,264,266,267,-1,267,266,268,-1,267,268,269,-1,269,268,270,-1,269,270,271,-1,271,270,272,-1,271,272,273,-1,273,272,274,-1,273,274,275,-1,275,274,187,-1,275,187,185,-1,231,230,247,-1,184,189,185,-1,185,189,188,-1,185,188,275,-1,275,188,192,-1,275,192,273,-1,273,192,194,-1,273,194,271,-1,271,194,196,-1,271,196,269,-1,269,196,198,-1,269,198,267,-1,267,198,200,-1,267,200,264,-1,264,200,202,-1,264,202,262,-1,262,202,204,-1,262,204,260,-1,260,204,207,-1,260,207,258,-1,258,207,209,-1,258,209,257,-1,257,209,210,-1,257,210,255,-1,255,210,212,-1,255,212,253,-1,253,212,214,-1,253,214,251,-1,251,214,216,-1,251,216,249,-1,249,216,218,-1,249,218,245,-1,245,218,220,-1,245,220,247,-1,247,220,222,-1,247,222,231,-1,229,224,246,-1,246,224,223,-1,246,223,244,-1,244,223,221,-1,244,221,248,-1,248,221,219,-1,248,219,250,-1,250,219,217,-1,250,217,252,-1,252,217,215,-1,252,215,254,-1,254,215,213,-1,254,213,256,-1,256,213,211,-1,256,211,259,-1,259,211,208,-1,259,208,261,-1,261,208,206,-1,261,206,263,-1,263,206,205,-1,263,205,265,-1,265,205,203,-1,265,203,266,-1,266,203,201,-1,266,201,268,-1,268,201,199,-1,268,199,270,-1,270,199,197,-1,270,197,272,-1,272,197,195,-1,272,195,274,-1,274,195,193,-1,274,193,187,-1,187,193,190,-1,187,190,186,-1,186,190,191,-1,239,247,230,-1,232,234,225,-1,225,234,236,-1,225,236,226,-1,226,236,242,-1,226,242,230,-1,230,242,240,-1,230,240,239,-1,235,233,237,-1,237,233,227,-1,237,227,243,-1,243,227,228,-1,243,228,241,-1,241,228,229,-1,241,229,238,-1,238,229,246,-1,276,277,278,-1,278,277,279,-1,276,278,280,-1,276,280,281,-1,281,280,282,-1,281,282,283,-1,283,282,284,-1,283,284,285,-1,285,284,286,-1,285,286,287,-1,287,286,288,-1,287,288,289,-1,289,288,290,-1,289,290,291,-1,292,291,293,-1,293,291,290,-1,292,293,294,-1,294,293,295,-1,294,295,296,-1,296,295,297,-1,298,296,299,-1,299,296,297,-1,298,299,300,-1,298,300,301,-1,301,300,302,-1,301,302,303,-1,303,302,304,-1,303,304,305,-1,305,304,306,-1,305,306,307,-1,307,306,308,-1,307,308,309,-1,310,311,312,-1,312,311,313,-1,312,313,308,-1,308,313,309,-1,314,315,316,-1,314,316,317,-1,317,316,318,-1,317,318,319,-1,319,318,311,-1,319,311,310,-1,315,314,320,-1,320,314,321,-1,320,321,322,-1,322,321,323,-1,322,323,324,-1,324,323,325,-1,326,327,328,-1,326,328,329,-1,328,330,329,-1,329,330,324,-1,329,324,325,-1,326,331,327,-1,327,331,332,-1,327,332,333,-1,334,333,335,-1,335,333,332,-1,334,335,336,-1,336,335,337,-1,336,337,338,-1,338,337,339,-1,338,339,340,-1,340,339,341,-1,340,341,342,-1,342,341,343,-1,342,343,344,-1,344,343,345,-1,346,344,347,-1,347,344,345,-1,346,347,348,-1,346,348,349,-1,349,348,350,-1,349,350,351,-1,352,351,353,-1,353,351,350,-1,352,353,354,-1,354,353,355,-1,354,355,356,-1,356,355,357,-1,356,357,358,-1,358,357,359,-1,358,359,360,-1,360,359,361,-1,360,361,362,-1,362,361,363,-1,362,363,364,-1,364,363,365,-1,366,364,367,-1,367,364,365,-1,328,327,313,-1,313,327,333,-1,313,333,309,-1,309,333,334,-1,309,334,307,-1,307,334,336,-1,307,336,305,-1,305,336,338,-1,305,338,303,-1,303,338,340,-1,303,340,301,-1,301,340,342,-1,301,342,298,-1,298,342,344,-1,298,344,296,-1,296,344,346,-1,296,346,294,-1,294,346,349,-1,294,349,292,-1,292,349,351,-1,292,351,291,-1,291,351,352,-1,291,352,289,-1,289,352,354,-1,289,354,287,-1,287,354,356,-1,287,356,285,-1,285,356,358,-1,285,358,283,-1,283,358,360,-1,283,360,281,-1,281,360,362,-1,281,362,276,-1,276,362,364,-1,276,364,277,-1,277,364,366,-1,331,326,312,-1,279,367,278,-1,278,367,365,-1,278,365,280,-1,280,365,363,-1,280,363,282,-1,282,363,361,-1,282,361,284,-1,284,361,359,-1,284,359,286,-1,286,359,357,-1,286,357,288,-1,288,357,355,-1,288,355,290,-1,290,355,353,-1,290,353,293,-1,293,353,350,-1,293,350,295,-1,295,350,348,-1,295,348,297,-1,297,348,347,-1,297,347,299,-1,299,347,345,-1,299,345,300,-1,300,345,343,-1,300,343,302,-1,302,343,341,-1,302,341,304,-1,304,341,339,-1,304,339,306,-1,306,339,337,-1,306,337,308,-1,308,337,335,-1,308,335,312,-1,312,335,332,-1,312,332,331,-1,320,322,315,-1,315,322,324,-1,315,324,316,-1,316,324,330,-1,316,330,318,-1,318,330,328,-1,318,328,311,-1,311,328,313,-1,310,312,326,-1,323,321,325,-1,325,321,314,-1,325,314,329,-1,329,314,317,-1,329,317,326,-1,326,317,319,-1,326,319,310,-1,368,369,370,-1,370,369,371,-1,370,371,372,-1,373,374,375,-1,376,377,378,-1,378,377,379,-1,378,379,380,-1,381,382,383,-1,368,384,369,-1,369,384,385,-1,369,385,373,-1,375,374,386,-1,387,388,389,-1,389,388,378,-1,389,378,390,-1,390,378,380,-1,381,383,391,-1,391,383,392,-1,391,392,371,-1,371,392,393,-1,371,393,372,-1,394,395,396,-1,396,395,397,-1,396,397,398,-1,398,397,399,-1,398,399,400,-1,400,399,401,-1,400,401,402,-1,402,401,403,-1,402,403,374,-1,374,403,404,-1,374,404,386,-1,378,405,376,-1,376,405,406,-1,376,406,394,-1,394,406,407,-1,394,407,395,-1,387,408,388,-1,388,408,409,-1,388,409,410,-1,410,409,383,-1,410,383,411,-1,411,383,382,-1,412,413,378,-1,378,413,414,-1,378,414,405,-1,405,414,415,-1,405,415,416,-1,417,418,419,-1,419,418,420,-1,419,420,421,-1,419,422,417,-1,417,422,423,-1,417,423,424,-1,425,426,427,-1,427,426,419,-1,427,419,428,-1,428,419,421,-1,429,430,431,-1,431,430,432,-1,431,432,433,-1,433,432,434,-1,433,434,435,-1,429,436,430,-1,430,436,437,-1,430,437,378,-1,378,437,438,-1,378,438,412,-1,423,439,424,-1,424,439,440,-1,424,440,441,-1,441,440,442,-1,441,442,443,-1,443,442,444,-1,443,444,445,-1,445,444,446,-1,445,446,447,-1,447,446,448,-1,447,448,415,-1,415,448,449,-1,415,449,416,-1,425,450,426,-1,426,450,451,-1,426,451,452,-1,452,451,433,-1,452,433,453,-1,453,433,435,-1,454,455,456,-1,457,458,459,-1,459,458,460,-1,460,458,456,-1,456,458,461,-1,456,461,454,-1,462,463,464,-1,465,466,419,-1,419,466,467,-1,419,467,422,-1,422,467,462,-1,422,462,468,-1,468,462,464,-1,469,470,471,-1,471,470,472,-1,471,472,473,-1,473,472,474,-1,473,474,475,-1,476,477,478,-1,478,477,458,-1,478,458,479,-1,479,458,457,-1,469,480,470,-1,470,480,481,-1,470,481,419,-1,419,481,482,-1,419,482,465,-1,454,483,455,-1,455,483,484,-1,455,484,485,-1,485,484,486,-1,485,486,487,-1,487,486,488,-1,487,488,489,-1,489,488,490,-1,489,490,463,-1,463,490,491,-1,463,491,464,-1,476,492,477,-1,477,492,493,-1,477,493,494,-1,494,493,473,-1,494,473,495,-1,495,473,475,-1,496,497,498,-1,498,497,499,-1,498,499,500,-1,500,499,501,-1,500,501,502,-1,496,503,497,-1,497,503,504,-1,497,504,458,-1,458,504,505,-1,458,505,506,-1,502,507,500,-1,500,507,508,-1,500,508,509,-1,509,508,510,-1,509,510,511,-1,369,512,510,-1,510,512,513,-1,510,513,511,-1,369,514,515,-1,515,516,369,-1,369,516,517,-1,369,517,512,-1,518,519,520,-1,506,521,458,-1,458,521,522,-1,458,522,461,-1,461,522,518,-1,461,518,523,-1,523,518,520,-1,373,375,369,-1,369,375,524,-1,369,524,514,-1,375,525,524,-1,524,525,526,-1,524,526,527,-1,527,526,528,-1,527,528,529,-1,529,528,530,-1,529,530,531,-1,531,530,532,-1,531,532,533,-1,533,532,534,-1,533,534,519,-1,519,534,535,-1,519,535,520,-1,470,536,537,-1,470,537,472,-1,472,537,538,-1,472,538,474,-1,474,538,539,-1,474,539,475,-1,475,539,540,-1,475,540,495,-1,495,540,541,-1,495,541,494,-1,494,541,542,-1,494,542,477,-1,477,542,458,-1,458,542,543,-1,458,543,497,-1,497,543,544,-1,497,544,499,-1,499,544,545,-1,499,545,501,-1,501,545,546,-1,501,546,502,-1,502,546,547,-1,502,547,507,-1,507,547,548,-1,507,548,508,-1,508,548,549,-1,508,549,510,-1,510,549,369,-1,369,549,550,-1,369,550,371,-1,371,550,551,-1,371,551,391,-1,391,551,552,-1,391,552,381,-1,381,552,553,-1,381,553,382,-1,382,553,554,-1,382,554,411,-1,411,554,555,-1,411,555,410,-1,410,555,556,-1,410,556,388,-1,388,556,378,-1,378,556,557,-1,378,557,430,-1,430,557,558,-1,430,558,432,-1,432,558,559,-1,432,559,434,-1,434,559,560,-1,434,560,435,-1,435,560,561,-1,435,561,453,-1,453,561,562,-1,453,562,452,-1,452,562,563,-1,452,563,426,-1,426,563,419,-1,419,563,536,-1,419,536,470,-1,564,461,565,-1,565,461,523,-1,565,523,566,-1,566,523,520,-1,566,520,567,-1,567,520,535,-1,567,535,568,-1,568,535,534,-1,568,534,569,-1,569,534,532,-1,569,532,570,-1,570,532,530,-1,570,530,571,-1,571,530,528,-1,571,528,572,-1,572,528,526,-1,572,526,573,-1,573,526,525,-1,573,525,574,-1,574,525,375,-1,574,375,575,-1,575,375,386,-1,575,386,576,-1,576,386,404,-1,576,404,577,-1,577,404,403,-1,577,403,578,-1,578,403,401,-1,578,401,579,-1,579,401,399,-1,579,399,580,-1,580,399,397,-1,580,397,581,-1,581,397,395,-1,581,395,582,-1,582,395,407,-1,582,407,583,-1,407,406,583,-1,583,406,405,-1,583,405,584,-1,584,405,416,-1,584,416,585,-1,585,416,449,-1,585,449,586,-1,586,449,448,-1,586,448,587,-1,587,448,446,-1,587,446,588,-1,588,446,444,-1,588,444,589,-1,589,444,442,-1,589,442,590,-1,590,442,440,-1,590,440,591,-1,591,440,439,-1,591,439,592,-1,592,439,423,-1,592,423,593,-1,593,423,422,-1,593,422,594,-1,594,422,468,-1,594,468,595,-1,595,468,464,-1,595,464,596,-1,596,464,491,-1,596,491,597,-1,597,491,490,-1,597,490,598,-1,598,490,488,-1,598,488,599,-1,599,488,486,-1,599,486,600,-1,600,486,484,-1,600,484,601,-1,601,484,483,-1,601,483,564,-1,564,483,454,-1,564,454,461,-1,
        ]
    }
}
Shape{
    appearance Appearance {
        material  Material 	{
            diffuseColor 0.2235294117647059 0.2235294117647059 0.2235294117647059
            specularColor 0.11372549019607843 0.11372549019607843 0.11372549019607843
            ambientIntensity 0.2235
            transparency 0.0
            shininess 0.5
        }
    }
    geometry IndexedFaceSet {
        ccw TRUE
        solid FALSE
        coord DEF co Coordinate {
            point [
                -1.4466 1.5942 1.4173, -1.4509 1.6295 1.4173, -1.5942 1.5942 1.4173, -1.4509 1.5589 1.4173, -1.5104 1.4727 1.4173, -1.4837 1.4963 1.4173, -1.4635 1.5256 1.4173, -1.612 1.4477 1.4173, -1.5764 1.4477 1.4173, -1.5419 1.4562 1.4173, -1.7047 1.4963 1.4173, -1.6781 1.4727 1.4173, -1.6466 1.4562 1.4173, -1.7419 1.5942 1.4173, -1.7376 1.5589 1.4173, -1.725 1.5256 1.4173, -1.7047 1.6921 1.4173, -1.725 1.6628 1.4173, -1.7376 1.6295 1.4173, -1.612 1.7408 1.4173, -1.6466 1.7323 1.4173, -1.6781 1.7157 1.4173, -1.5104 1.7157 1.4173, -1.5419 1.7323 1.4173, -1.5764 1.7408 1.4173, -1.4635 1.6628 1.4173, -1.4837 1.6921 1.4173, -1.2812 1.678 1.2402, -1.3066 1.7452 1.2402, -1.312 1.7424 1.286, -1.314 1.7559 1.2402, -1.3511 1.8096 1.2402, -1.3556 1.8056 1.286, -1.3657 1.8226 1.2402, -1.4097 1.8615 1.2402, -1.4132 1.8566 1.286, -1.4328 1.8736 1.2402, -1.4791 1.8979 1.2402, -1.4812 1.8923 1.286, -1.5107 1.9057 1.2402, -1.5551 1.9166 1.2402, -1.5558 1.9107 1.286, -1.5942 1.9166 1.2402, -1.6334 1.9166 1.2402, -1.6327 1.9107 1.286, -1.7557 1.8736 1.2402, -1.7787 1.8615 1.2402, -1.7753 1.8566 1.286, -1.8227 1.8226 1.2402, -1.8374 1.8096 1.2402, -1.8328 1.8056 1.286, -1.8744 1.7559 1.2402, -1.8818 1.7452 1.2402, -1.8765 1.7424 1.286, -1.9073 1.678 1.2402, -1.9096 1.6719 1.2402, -1.9037 1.6705 1.286, -1.9073 1.5104 1.2402, -1.8818 1.4433 1.2402, -1.8765 1.4461 1.286, -1.8744 1.4326 1.2402, -1.8374 1.3788 1.2402, -1.8328 1.3828 1.286, -1.8227 1.3659 1.2402, -1.7787 1.3269 1.2402, -1.7753 1.3319 1.286, -1.7557 1.3148 1.2402, -1.7094 1.2905 1.2402, -1.7073 1.2962 1.286, -1.4328 1.3148 1.2402, -1.4097 1.3269 1.2402, -1.4132 1.3319 1.286, -1.3657 1.3659 1.2402, -1.3511 1.3788 1.2402, -1.3556 1.3828 1.286, -1.314 1.4326 1.2402, -1.3066 1.4433 1.2402, -1.312 1.4461 1.286, -1.2812 1.5104 1.2402, -1.2789 1.5165 1.2402, -1.2847 1.5179 1.286, -1.5256 1.4133 1.4113, -1.5709 1.4021 1.4113, -1.5105 1.3733 1.3936, -1.5658 1.3597 1.3936, -1.4975 1.339 1.3654, -1.5613 1.3233 1.3654, -1.4875 1.3127 1.3287, -1.5579 1.2953 1.3287, -1.4812 1.2962 1.286, -1.5558 1.2778 1.286, -1.6628 1.7751 1.4113, -1.6176 1.7863 1.4113, -1.678 1.8151 1.3936, -1.6227 1.8287 1.3936, -1.691 1.8494 1.3654, -1.6271 1.8651 1.3654, -1.701 1.8757 1.3287, -1.6305 1.8931 1.3287, -1.7073 1.8923 1.286, -1.4007 1.5942 1.4113, -1.4064 1.5479 1.4113, -1.358 1.5942 1.3936, -1.3649 1.5377 1.3936, -1.3213 1.5942 1.3654, -1.3293 1.5289 1.3654, -1.2932 1.5942 1.3287, -1.3019 1.5222 1.3287, -1.2755 1.5942 1.286, -1.2694 1.5942 1.2402, -1.3277 1.4543 1.3287, -1.3526 1.4674 1.3654, -1.3851 1.4844 1.3936, -1.4229 1.5043 1.4113, -1.3689 1.3946 1.3287, -1.39 1.4132 1.3654, -1.4174 1.4376 1.3936, -1.4494 1.4659 1.4113, -1.4232 1.3464 1.3287, -1.4392 1.3696 1.3654, -1.46 1.3998 1.3936, -1.4843 1.435 1.4113, -1.4791 1.2905 1.2402, -1.6777 1.2827 1.2402, -1.6334 1.2718 1.2402, -1.6327 1.2778 1.286, -1.6305 1.2953 1.3287, -1.6271 1.3233 1.3654, -1.6227 1.3597 1.3936, -1.6176 1.4021 1.4113, -1.5942 1.2718 1.2402, -1.5551 1.2718 1.2402, -1.5107 1.2827 1.2402, -1.701 1.3127 1.3287, -1.691 1.339 1.3654, -1.678 1.3733 1.3936, -1.6628 1.4133 1.4113, -1.7653 1.3464 1.3287, -1.7493 1.3696 1.3654, -1.7284 1.3998 1.3936, -1.7042 1.435 1.4113, -1.8196 1.3946 1.3287, -1.7985 1.4132 1.3654, -1.771 1.4376 1.3936, -1.7391 1.4659 1.4113, -1.8608 1.4543 1.3287, -1.8359 1.4674 1.3654, -1.8034 1.4844 1.3936, -1.7656 1.5043 1.4113, -1.9096 1.5165 1.2402, -1.9037 1.5179 1.286, -1.8866 1.5222 1.3287, -1.8592 1.5289 1.3654, -1.8236 1.5377 1.3936, -1.7821 1.5479 1.4113, -1.7877 1.5942 1.4113, -1.8305 1.5942 1.3936, -1.8671 1.5942 1.3654, -1.8953 1.5942 1.3287, -1.913 1.5942 1.286, -1.919 1.5942 1.2402, -1.7821 1.6405 1.4113, -1.8236 1.6507 1.3936, -1.8592 1.6595 1.3654, -1.8866 1.6663 1.3287, -1.8608 1.7341 1.3287, -1.8359 1.721 1.3654, -1.8034 1.704 1.3936, -1.7656 1.6841 1.4113, -1.8196 1.7939 1.3287, -1.7985 1.7752 1.3654, -1.771 1.7509 1.3936, -1.7391 1.7225 1.4113, -1.7653 1.842 1.3287, -1.7493 1.8188 1.3654, -1.7284 1.7886 1.3936, -1.7042 1.7535 1.4113, -1.7094 1.8979 1.2402, -1.6777 1.9057 1.2402, -1.5579 1.8931 1.3287, -1.5613 1.8651 1.3654, -1.5658 1.8287 1.3936, -1.5709 1.7863 1.4113, -1.4875 1.8757 1.3287, -1.4975 1.8494 1.3654, -1.5105 1.8151 1.3936, -1.5256 1.7751 1.4113, -1.4232 1.842 1.3287, -1.4392 1.8188 1.3654, -1.46 1.7886 1.3936, -1.4843 1.7535 1.4113, -1.3689 1.7939 1.3287, -1.39 1.7752 1.3654, -1.4174 1.7509 1.3936, -1.4494 1.7225 1.4113, -1.3277 1.7341 1.3287, -1.3526 1.721 1.3654, -1.3851 1.704 1.3936, -1.4229 1.6841 1.4113, -1.2789 1.6719 1.2402, -1.2847 1.6705 1.286, -1.3019 1.6663 1.3287, -1.3293 1.6595 1.3654, -1.3649 1.6507 1.3936, -1.4064 1.6405 1.4113, 1.7419 1.5942 1.4173, 1.7376 1.6295 1.4173, 1.5942 1.5942 1.4173, 1.7376 1.5589 1.4173, 1.6781 1.4727 1.4173, 1.7047 1.4963 1.4173, 1.725 1.5256 1.4173, 1.5764 1.4477 1.4173, 1.612 1.4477 1.4173, 1.6466 1.4562 1.4173, 1.4837 1.4963 1.4173, 1.5104 1.4727 1.4173, 1.5419 1.4562 1.4173, 1.4466 1.5942 1.4173, 1.4509 1.5589 1.4173, 1.4635 1.5256 1.4173, 1.4837 1.6921 1.4173, 1.4635 1.6628 1.4173, 1.4509 1.6295 1.4173, 1.5764 1.7408 1.4173, 1.5419 1.7323 1.4173, 1.5104 1.7157 1.4173, 1.6781 1.7157 1.4173, 1.6466 1.7323 1.4173, 1.612 1.7408 1.4173, 1.725 1.6628 1.4173, 1.7047 1.6921 1.4173, 1.9073 1.678 1.2402, 1.8818 1.7452 1.2402, 1.8765 1.7424 1.286, 1.8744 1.7559 1.2402, 1.8374 1.8096 1.2402, 1.8328 1.8056 1.286, 1.8227 1.8226 1.2402, 1.7787 1.8615 1.2402, 1.7753 1.8566 1.286, 1.7557 1.8736 1.2402, 1.7094 1.8979 1.2402, 1.7073 1.8923 1.286, 1.6777 1.9057 1.2402, 1.6334 1.9166 1.2402, 1.6327 1.9107 1.286, 1.5942 1.9166 1.2402, 1.5551 1.9166 1.2402, 1.5558 1.9107 1.286, 1.4328 1.8736 1.2402, 1.4097 1.8615 1.2402, 1.4132 1.8566 1.286, 1.3657 1.8226 1.2402, 1.3511 1.8096 1.2402, 1.3556 1.8056 1.286, 1.314 1.7559 1.2402, 1.3066 1.7452 1.2402, 1.312 1.7424 1.286, 1.2812 1.678 1.2402, 1.2789 1.6719 1.2402, 1.2847 1.6705 1.286, 1.2812 1.5104 1.2402, 1.3066 1.4433 1.2402, 1.312 1.4461 1.286, 1.314 1.4326 1.2402, 1.3511 1.3788 1.2402, 1.3556 1.3828 1.286, 1.3657 1.3659 1.2402, 1.4097 1.3269 1.2402, 1.4132 1.3319 1.286, 1.4328 1.3148 1.2402, 1.4791 1.2905 1.2402, 1.4812 1.2962 1.286, 1.7557 1.3148 1.2402, 1.7787 1.3269 1.2402, 1.7753 1.3319 1.286, 1.8227 1.3659 1.2402, 1.8374 1.3788 1.2402, 1.8328 1.3828 1.286, 1.8744 1.4326 1.2402, 1.8818 1.4433 1.2402, 1.8765 1.4461 1.286, 1.9073 1.5104 1.2402, 1.9096 1.5165 1.2402, 1.9037 1.5179 1.286, 1.6628 1.4133 1.4113, 1.6176 1.4021 1.4113, 1.678 1.3733 1.3936, 1.6227 1.3597 1.3936, 1.691 1.339 1.3654, 1.6271 1.3233 1.3654, 1.701 1.3127 1.3287, 1.6305 1.2953 1.3287, 1.7073 1.2962 1.286, 1.6327 1.2778 1.286, 1.5256 1.7751 1.4113, 1.5709 1.7863 1.4113, 1.5105 1.8151 1.3936, 1.5658 1.8287 1.3936, 1.4975 1.8494 1.3654, 1.5613 1.8651 1.3654, 1.4875 1.8757 1.3287, 1.5579 1.8931 1.3287, 1.4812 1.8923 1.286, 1.7877 1.5942 1.4113, 1.7821 1.5479 1.4113, 1.8305 1.5942 1.3936, 1.8236 1.5377 1.3936, 1.8671 1.5942 1.3654, 1.8592 1.5289 1.3654, 1.8953 1.5942 1.3287, 1.8866 1.5222 1.3287, 1.913 1.5942 1.286, 1.919 1.5942 1.2402, 1.8608 1.4543 1.3287, 1.8359 1.4674 1.3654, 1.8034 1.4844 1.3936, 1.7656 1.5043 1.4113, 1.8196 1.3946 1.3287, 1.7985 1.4132 1.3654, 1.771 1.4376 1.3936, 1.7391 1.4659 1.4113, 1.7653 1.3464 1.3287, 1.7493 1.3696 1.3654, 1.7284 1.3998 1.3936, 1.7042 1.435 1.4113, 1.7094 1.2905 1.2402, 1.5107 1.2827 1.2402, 1.5551 1.2718 1.2402, 1.5558 1.2778 1.286, 1.5579 1.2953 1.3287, 1.5613 1.3233 1.3654, 1.5658 1.3597 1.3936, 1.5709 1.4021 1.4113, 1.5942 1.2718 1.2402, 1.6334 1.2718 1.2402, 1.6777 1.2827 1.2402, 1.4875 1.3127 1.3287, 1.4975 1.339 1.3654, 1.5105 1.3733 1.3936, 1.5256 1.4133 1.4113, 1.4232 1.3464 1.3287, 1.4392 1.3696 1.3654, 1.46 1.3998 1.3936, 1.4843 1.435 1.4113, 1.3689 1.3946 1.3287, 1.39 1.4132 1.3654, 1.4174 1.4376 1.3936, 1.4494 1.4659 1.4113, 1.3277 1.4543 1.3287, 1.3526 1.4674 1.3654, 1.3851 1.4844 1.3936, 1.4229 1.5043 1.4113, 1.2789 1.5165 1.2402, 1.2847 1.5179 1.286, 1.3019 1.5222 1.3287, 1.3293 1.5289 1.3654, 1.3649 1.5377 1.3936, 1.4064 1.5479 1.4113, 1.4007 1.5942 1.4113, 1.358 1.5942 1.3936, 1.3213 1.5942 1.3654, 1.2932 1.5942 1.3287, 1.2755 1.5942 1.286, 1.2694 1.5942 1.2402, 1.4064 1.6405 1.4113, 1.3649 1.6507 1.3936, 1.3293 1.6595 1.3654, 1.3019 1.6663 1.3287, 1.3277 1.7341 1.3287, 1.3526 1.721 1.3654, 1.3851 1.704 1.3936, 1.4229 1.6841 1.4113, 1.3689 1.7939 1.3287, 1.39 1.7752 1.3654, 1.4174 1.7509 1.3936, 1.4494 1.7225 1.4113, 1.4232 1.842 1.3287, 1.4392 1.8188 1.3654, 1.46 1.7886 1.3936, 1.4843 1.7535 1.4113, 1.4791 1.8979 1.2402, 1.5107 1.9057 1.2402, 1.6305 1.8931 1.3287, 1.6271 1.8651 1.3654, 1.6227 1.8287 1.3936, 1.6176 1.7863 1.4113, 1.701 1.8757 1.3287, 1.691 1.8494 1.3654, 1.678 1.8151 1.3936, 1.6628 1.7751 1.4113, 1.7653 1.842 1.3287, 1.7493 1.8188 1.3654, 1.7284 1.7886 1.3936, 1.7042 1.7535 1.4113, 1.8196 1.7939 1.3287, 1.7985 1.7752 1.3654, 1.771 1.7509 1.3936, 1.7391 1.7225 1.4113, 1.8608 1.7341 1.3287, 1.8359 1.721 1.3654, 1.8034 1.704 1.3936, 1.7656 1.6841 1.4113, 1.9096 1.6719 1.2402, 1.9037 1.6705 1.286, 1.8866 1.6663 1.3287, 1.8592 1.6595 1.3654, 1.8236 1.6507 1.3936, 1.7821 1.6405 1.4113, 1.7419 -1.5943 1.4173, 1.7376 -1.5589 1.4173, 1.5942 -1.5943 1.4173, 1.7376 -1.6296 1.4173, 1.6781 -1.7158 1.4173, 1.7047 -1.6922 1.4173, 1.725 -1.6629 1.4173, 1.5764 -1.7408 1.4173, 1.612 -1.7408 1.4173, 1.6466 -1.7323 1.4173, 1.4837 -1.6922 1.4173, 1.5104 -1.7158 1.4173, 1.5419 -1.7323 1.4173, 1.4466 -1.5943 1.4173, 1.4509 -1.6296 1.4173, 1.4635 -1.6629 1.4173, 1.4837 -1.4964 1.4173, 1.4635 -1.5256 1.4173, 1.4509 -1.5589 1.4173, 1.5764 -1.4477 1.4173, 1.5419 -1.4562 1.4173, 1.5104 -1.4728 1.4173, 1.6781 -1.4728 1.4173, 1.6466 -1.4562 1.4173, 1.612 -1.4477 1.4173, 1.725 -1.5256 1.4173, 1.7047 -1.4964 1.4173, 1.9073 -1.5104 1.2402, 1.8818 -1.4433 1.2402, 1.8765 -1.4461 1.286, 1.8744 -1.4326 1.2402, 1.8374 -1.3789 1.2402, 1.8328 -1.3829 1.286, 1.8227 -1.3659 1.2402, 1.7787 -1.3269 1.2402, 1.7753 -1.3319 1.286, 1.7557 -1.3148 1.2402, 1.7094 -1.2906 1.2402, 1.7073 -1.2962 1.286, 1.6777 -1.2828 1.2402, 1.6334 -1.2718 1.2402, 1.6327 -1.2778 1.286, 1.5942 -1.2718 1.2402, 1.5551 -1.2718 1.2402, 1.5558 -1.2778 1.286, 1.4328 -1.3148 1.2402, 1.4097 -1.3269 1.2402, 1.4132 -1.3319 1.286, 1.3657 -1.3659 1.2402, 1.3511 -1.3789 1.2402, 1.3556 -1.3829 1.286, 1.314 -1.4326 1.2402, 1.3066 -1.4433 1.2402, 1.312 -1.4461 1.286, 1.2812 -1.5104 1.2402, 1.2789 -1.5165 1.2402, 1.2847 -1.518 1.286, 1.2812 -1.6781 1.2402, 1.3066 -1.7452 1.2402, 1.312 -1.7424 1.286, 1.314 -1.7559 1.2402, 1.3511 -1.8096 1.2402, 1.3556 -1.8056 1.286, 1.3657 -1.8226 1.2402, 1.4097 -1.8616 1.2402, 1.4132 -1.8566 1.286, 1.4328 -1.8737 1.2402, 1.4791 -1.898 1.2402, 1.4812 -1.8923 1.286, 1.7557 -1.8737 1.2402, 1.7787 -1.8616 1.2402, 1.7753 -1.8566 1.286, 1.8227 -1.8226 1.2402, 1.8374 -1.8096 1.2402, 1.8328 -1.8056 1.286, 1.8744 -1.7559 1.2402, 1.8818 -1.7452 1.2402, 1.8765 -1.7424 1.286, 1.9073 -1.6781 1.2402, 1.9096 -1.672 1.2402, 1.9037 -1.6705 1.286, 1.6628 -1.7752 1.4113, 1.6176 -1.7863 1.4113, 1.678 -1.8151 1.3936, 1.6227 -1.8288 1.3936, 1.691 -1.8494 1.3654, 1.6271 -1.8652 1.3654, 1.701 -1.8758 1.3287, 1.6305 -1.8931 1.3287, 1.7073 -1.8923 1.286, 1.6327 -1.9107 1.286, 1.5256 -1.4133 1.4113, 1.5709 -1.4022 1.4113, 1.5105 -1.3734 1.3936, 1.5658 -1.3598 1.3936, 1.4975 -1.3391 1.3654, 1.5613 -1.3233 1.3654, 1.4875 -1.3128 1.3287, 1.5579 -1.2954 1.3287, 1.4812 -1.2962 1.286, 1.7877 -1.5943 1.4113, 1.7821 -1.6406 1.4113, 1.8305 -1.5943 1.3936, 1.8236 -1.6508 1.3936, 1.8671 -1.5943 1.3654, 1.8592 -1.6596 1.3654, 1.8953 -1.5943 1.3287, 1.8866 -1.6663 1.3287, 1.913 -1.5943 1.286, 1.919 -1.5943 1.2402, 1.8608 -1.7342 1.3287, 1.8359 -1.7211 1.3654, 1.8034 -1.704 1.3936, 1.7656 -1.6842 1.4113, 1.8196 -1.7939 1.3287, 1.7985 -1.7752 1.3654, 1.771 -1.7509 1.3936, 1.7391 -1.7226 1.4113, 1.7653 -1.842 1.3287, 1.7493 -1.8189 1.3654, 1.7284 -1.7887 1.3936, 1.7042 -1.7535 1.4113, 1.7094 -1.898 1.2402, 1.5107 -1.9058 1.2402, 1.5551 -1.9167 1.2402, 1.5558 -1.9107 1.286, 1.5579 -1.8931 1.3287, 1.5613 -1.8652 1.3654, 1.5658 -1.8288 1.3936, 1.5709 -1.7863 1.4113, 1.5942 -1.9167 1.2402, 1.6334 -1.9167 1.2402, 1.6777 -1.9058 1.2402, 1.4875 -1.8758 1.3287, 1.4975 -1.8494 1.3654, 1.5105 -1.8151 1.3936, 1.5256 -1.7752 1.4113, 1.4232 -1.842 1.3287, 1.4392 -1.8189 1.3654, 1.46 -1.7887 1.3936, 1.4843 -1.7535 1.4113, 1.3689 -1.7939 1.3287, 1.39 -1.7752 1.3654, 1.4174 -1.7509 1.3936, 1.4494 -1.7226 1.4113, 1.3277 -1.7342 1.3287, 1.3526 -1.7211 1.3654, 1.3851 -1.704 1.3936, 1.4229 -1.6842 1.4113, 1.2789 -1.672 1.2402, 1.2847 -1.6705 1.286, 1.3019 -1.6663 1.3287, 1.3293 -1.6596 1.3654, 1.3649 -1.6508 1.3936, 1.4064 -1.6406 1.4113, 1.4007 -1.5943 1.4113, 1.358 -1.5943 1.3936, 1.3213 -1.5943 1.3654, 1.2932 -1.5943 1.3287, 1.2755 -1.5943 1.286, 1.2694 -1.5943 1.2402, 1.4064 -1.5479 1.4113, 1.3649 -1.5377 1.3936, 1.3293 -1.5289 1.3654, 1.3019 -1.5222 1.3287, 1.3277 -1.4543 1.3287, 1.3526 -1.4674 1.3654, 1.3851 -1.4845 1.3936, 1.4229 -1.5043 1.4113, 1.3689 -1.3946 1.3287, 1.39 -1.4133 1.3654, 1.4174 -1.4376 1.3936, 1.4494 -1.4659 1.4113, 1.4232 -1.3465 1.3287, 1.4392 -1.3697 1.3654, 1.46 -1.3998 1.3936, 1.4843 -1.435 1.4113, 1.4791 -1.2906 1.2402, 1.5107 -1.2828 1.2402, 1.6305 -1.2954 1.3287, 1.6271 -1.3233 1.3654, 1.6227 -1.3598 1.3936, 1.6176 -1.4022 1.4113, 1.701 -1.3128 1.3287, 1.691 -1.3391 1.3654, 1.678 -1.3734 1.3936, 1.6628 -1.4133 1.4113, 1.7653 -1.3465 1.3287, 1.7493 -1.3697 1.3654, 1.7284 -1.3998 1.3936, 1.7042 -1.435 1.4113, 1.8196 -1.3946 1.3287, 1.7985 -1.4133 1.3654, 1.771 -1.4376 1.3936, 1.7391 -1.4659 1.4113, 1.8608 -1.4543 1.3287, 1.8359 -1.4674 1.3654, 1.8034 -1.4845 1.3936, 1.7656 -1.5043 1.4113, 1.9096 -1.5165 1.2402, 1.9037 -1.518 1.286, 1.8866 -1.5222 1.3287, 1.8592 -1.5289 1.3654, 1.8236 -1.5377 1.3936, 1.7821 -1.5479 1.4113, -1.4466 -1.5943 1.4173, -1.4509 -1.5589 1.4173, -1.5942 -1.5943 1.4173, -1.4509 -1.6296 1.4173, -1.5104 -1.7158 1.4173, -1.4837 -1.6922 1.4173, -1.4635 -1.6629 1.4173, -1.612 -1.7408 1.4173, -1.5764 -1.7408 1.4173, -1.5419 -1.7323 1.4173, -1.7047 -1.6922 1.4173, -1.6781 -1.7158 1.4173, -1.6466 -1.7323 1.4173, -1.7419 -1.5943 1.4173, -1.7376 -1.6296 1.4173, -1.725 -1.6629 1.4173, -1.7047 -1.4964 1.4173, -1.725 -1.5256 1.4173, -1.7376 -1.5589 1.4173, -1.612 -1.4477 1.4173, -1.6466 -1.4562 1.4173, -1.6781 -1.4728 1.4173, -1.5104 -1.4728 1.4173, -1.5419 -1.4562 1.4173, -1.5764 -1.4477 1.4173, -1.4635 -1.5256 1.4173, -1.4837 -1.4964 1.4173, -1.2812 -1.5104 1.2402, -1.3066 -1.4433 1.2402, -1.312 -1.4461 1.286, -1.314 -1.4326 1.2402, -1.3511 -1.3789 1.2402, -1.3556 -1.3829 1.286, -1.3657 -1.3659 1.2402, -1.4097 -1.3269 1.2402, -1.4132 -1.3319 1.286, -1.4328 -1.3148 1.2402, -1.4791 -1.2906 1.2402, -1.4812 -1.2962 1.286, -1.5107 -1.2828 1.2402, -1.5551 -1.2718 1.2402, -1.5558 -1.2778 1.286, -1.5942 -1.2718 1.2402, -1.6334 -1.2718 1.2402, -1.6327 -1.2778 1.286, -1.7557 -1.3148 1.2402, -1.7787 -1.3269 1.2402, -1.7753 -1.3319 1.286, -1.8227 -1.3659 1.2402, -1.8374 -1.3789 1.2402, -1.8328 -1.3829 1.286, -1.8744 -1.4326 1.2402, -1.8818 -1.4433 1.2402, -1.8765 -1.4461 1.286, -1.9073 -1.5104 1.2402, -1.9096 -1.5165 1.2402, -1.9037 -1.518 1.286, -1.9073 -1.6781 1.2402, -1.8818 -1.7452 1.2402, -1.8765 -1.7424 1.286, -1.8744 -1.7559 1.2402, -1.8374 -1.8096 1.2402, -1.8328 -1.8056 1.286, -1.8227 -1.8226 1.2402, -1.7787 -1.8616 1.2402, -1.7753 -1.8566 1.286, -1.7557 -1.8737 1.2402, -1.7094 -1.898 1.2402, -1.7073 -1.8923 1.286, -1.4328 -1.8737 1.2402, -1.4097 -1.8616 1.2402, -1.4132 -1.8566 1.286, -1.3657 -1.8226 1.2402, -1.3511 -1.8096 1.2402, -1.3556 -1.8056 1.286, -1.314 -1.7559 1.2402, -1.3066 -1.7452 1.2402, -1.312 -1.7424 1.286, -1.2812 -1.6781 1.2402, -1.2789 -1.672 1.2402, -1.2847 -1.6705 1.286, -1.5256 -1.7752 1.4113, -1.5709 -1.7863 1.4113, -1.5105 -1.8151 1.3936, -1.5658 -1.8288 1.3936, -1.4975 -1.8494 1.3654, -1.5613 -1.8652 1.3654, -1.4875 -1.8758 1.3287, -1.5579 -1.8931 1.3287, -1.4812 -1.8923 1.286, -1.5558 -1.9107 1.286, -1.6628 -1.4133 1.4113, -1.6176 -1.4022 1.4113, -1.678 -1.3734 1.3936, -1.6227 -1.3598 1.3936, -1.691 -1.3391 1.3654, -1.6271 -1.3233 1.3654, -1.701 -1.3128 1.3287, -1.6305 -1.2954 1.3287, -1.7073 -1.2962 1.286, -1.4007 -1.5943 1.4113, -1.4064 -1.6406 1.4113, -1.358 -1.5943 1.3936, -1.3649 -1.6508 1.3936, -1.3213 -1.5943 1.3654, -1.3293 -1.6596 1.3654, -1.2932 -1.5943 1.3287, -1.3019 -1.6663 1.3287, -1.2755 -1.5943 1.286, -1.2694 -1.5943 1.2402, -1.3277 -1.7342 1.3287, -1.3526 -1.7211 1.3654, -1.3851 -1.704 1.3936, -1.4229 -1.6842 1.4113, -1.3689 -1.7939 1.3287, -1.39 -1.7752 1.3654, -1.4174 -1.7509 1.3936, -1.4494 -1.7226 1.4113, -1.4232 -1.842 1.3287, -1.4392 -1.8189 1.3654, -1.46 -1.7887 1.3936, -1.4843 -1.7535 1.4113, -1.4791 -1.898 1.2402, -1.6777 -1.9058 1.2402, -1.6334 -1.9167 1.2402, -1.6327 -1.9107 1.286, -1.6305 -1.8931 1.3287, -1.6271 -1.8652 1.3654, -1.6227 -1.8288 1.3936, -1.6176 -1.7863 1.4113, -1.5942 -1.9167 1.2402, -1.5551 -1.9167 1.2402, -1.5107 -1.9058 1.2402, -1.701 -1.8758 1.3287, -1.691 -1.8494 1.3654, -1.678 -1.8151 1.3936, -1.6628 -1.7752 1.4113, -1.7653 -1.842 1.3287, -1.7493 -1.8189 1.3654, -1.7284 -1.7887 1.3936, -1.7042 -1.7535 1.4113, -1.8196 -1.7939 1.3287, -1.7985 -1.7752 1.3654, -1.771 -1.7509 1.3936, -1.7391 -1.7226 1.4113, -1.8608 -1.7342 1.3287, -1.8359 -1.7211 1.3654, -1.8034 -1.704 1.3936, -1.7656 -1.6842 1.4113, -1.9096 -1.672 1.2402, -1.9037 -1.6705 1.286, -1.8866 -1.6663 1.3287, -1.8592 -1.6596 1.3654, -1.8236 -1.6508 1.3936, -1.7821 -1.6406 1.4113, -1.7877 -1.5943 1.4113, -1.8305 -1.5943 1.3936, -1.8671 -1.5943 1.3654, -1.8953 -1.5943 1.3287, -1.913 -1.5943 1.286, -1.919 -1.5943 1.2402, -1.7821 -1.5479 1.4113, -1.8236 -1.5377 1.3936, -1.8592 -1.5289 1.3654, -1.8866 -1.5222 1.3287, -1.8608 -1.4543 1.3287, -1.8359 -1.4674 1.3654, -1.8034 -1.4845 1.3936, -1.7656 -1.5043 1.4113, -1.8196 -1.3946 1.3287, -1.7985 -1.4133 1.3654, -1.771 -1.4376 1.3936, -1.7391 -1.4659 1.4113, -1.7653 -1.3465 1.3287, -1.7493 -1.3697 1.3654, -1.7284 -1.3998 1.3936, -1.7042 -1.435 1.4113, -1.7094 -1.2906 1.2402, -1.6777 -1.2828 1.2402, -1.5579 -1.2954 1.3287, -1.5613 -1.3233 1.3654, -1.5658 -1.3598 1.3936, -1.5709 -1.4022 1.4113, -1.4875 -1.3128 1.3287, -1.4975 -1.3391 1.3654, -1.5105 -1.3734 1.3936, -1.5256 -1.4133 1.4113, -1.4232 -1.3465 1.3287, -1.4392 -1.3697 1.3654, -1.46 -1.3998 1.3936, -1.4843 -1.435 1.4113, -1.3689 -1.3946 1.3287, -1.39 -1.4133 1.3654, -1.4174 -1.4376 1.3936, -1.4494 -1.4659 1.4113, -1.3277 -1.4543 1.3287, -1.3526 -1.4674 1.3654, -1.3851 -1.4845 1.3936, -1.4229 -1.5043 1.4113, -1.2789 -1.5165 1.2402, -1.2847 -1.518 1.286, -1.3019 -1.5222 1.3287, -1.3293 -1.5289 1.3654, -1.3649 -1.5377 1.3936, -1.4064 -1.5479 1.4113, 1.4122 -0.1202 1.1024, 1.4173 -0.0 1.1024, 1.3386 -0.0 1.1024, 1.4122 0.1202 1.1024, 1.3182 0.2324 1.1024, 1.3716 0.3571 1.1024, 1.2579 0.4578 1.1024, 1.2915 0.5838 1.1024, 1.1592 0.6693 1.1024, 1.1743 0.7936 1.1024, 1.0254 0.8604 1.1024, 1.0232 0.9807 1.1024, 0.8604 1.0254 1.1024, 0.8428 1.1395 1.1024, 0.6693 1.1592 1.1024, 0.6381 1.2655 1.1024, 0.4578 1.2578 1.1024, 0.415 1.3552 1.1024, 0.2324 1.3182 1.1024, 0.18 1.4058 1.1024, 0.0 1.3386 1.1024, -0.0602 1.416 1.1024, -0.2324 1.3182 1.1024, -0.2986 1.3855 1.1024, -0.4578 1.2578 1.1024, -0.5285 1.3151 1.1024, -0.6693 1.1592 1.1024, -0.7431 1.2069 1.1024, -0.8604 1.0254 1.1024, -0.9364 1.0639 1.1024, -1.0254 0.8604 1.1024, -1.1027 0.8904 1.1024, -1.1592 0.6693 1.1024, -1.2373 0.6912 1.1024, -1.2579 0.4578 1.1024, -1.3364 0.4721 1.1024, -1.3182 0.2324 1.1024, -1.3969 0.2395 1.1024, -1.3386 -0.0 1.1024, -1.4173 -0.0 1.1024, -1.3182 -0.2325 1.1024, -1.3969 -0.2395 1.1024, -1.2579 -0.4578 1.1024, -1.3364 -0.4722 1.1024, -1.1592 -0.6693 1.1024, -1.2373 -0.6912 1.1024, -1.0254 -0.8604 1.1024, -1.1027 -0.8904 1.1024, -0.8604 -1.0254 1.1024, -0.9364 -1.064 1.1024, -0.6693 -1.1593 1.1024, -0.7431 -1.2069 1.1024, -0.4578 -1.2579 1.1024, -0.5285 -1.3151 1.1024, -0.2324 -1.3183 1.1024, -0.2986 -1.3855 1.1024, 0.0 -1.3386 1.1024, -0.0602 -1.4161 1.1024, 0.2324 -1.3183 1.1024, 0.18 -1.4059 1.1024, 0.4578 -1.2579 1.1024, 0.415 -1.3552 1.1024, 0.6693 -1.1593 1.1024, 0.6381 -1.2656 1.1024, 0.8604 -1.0254 1.1024, 0.8428 -1.1395 1.1024, 1.0254 -0.8604 1.1024, 1.0232 -0.9807 1.1024, 1.1592 -0.6693 1.1024, 1.1743 -0.7937 1.1024, 1.2579 -0.4578 1.1024, 1.2915 -0.5838 1.1024, 1.3182 -0.2325 1.1024, 1.3716 -0.3572 1.1024
            ]
        }
        coordIndex [
            0,1,2,-1,0,2,3,-1,4,5,2,-1,2,5,6,-1,2,6,3,-1,7,8,2,-1,2,8,9,-1,2,9,4,-1,10,11,2,-1,2,11,12,-1,2,12,7,-1,13,14,2,-1,2,14,15,-1,2,15,10,-1,16,17,2,-1,2,17,18,-1,2,18,13,-1,19,20,2,-1,2,20,21,-1,2,21,16,-1,22,23,2,-1,2,23,24,-1,2,24,19,-1,1,25,2,-1,2,25,26,-1,2,26,22,-1,27,28,29,-1,30,31,32,-1,33,34,35,-1,36,37,38,-1,39,40,41,-1,42,43,44,-1,45,46,47,-1,48,49,50,-1,51,52,53,-1,54,55,56,-1,57,58,59,-1,60,61,62,-1,63,64,65,-1,66,67,68,-1,69,70,71,-1,72,73,74,-1,75,76,77,-1,78,79,80,-1,9,8,81,-1,81,8,82,-1,81,82,83,-1,83,82,84,-1,83,84,85,-1,85,84,86,-1,85,86,87,-1,87,86,88,-1,87,88,89,-1,89,88,90,-1,20,19,91,-1,91,19,92,-1,91,92,93,-1,93,92,94,-1,93,94,95,-1,95,94,96,-1,95,96,97,-1,97,96,98,-1,97,98,99,-1,99,98,44,-1,0,3,100,-1,100,3,101,-1,100,101,102,-1,102,101,103,-1,102,103,104,-1,104,103,105,-1,104,105,106,-1,106,105,107,-1,106,107,108,-1,108,107,80,-1,108,80,109,-1,109,80,79,-1,76,78,77,-1,77,78,80,-1,77,80,110,-1,110,80,107,-1,110,107,111,-1,111,107,105,-1,111,105,112,-1,112,105,103,-1,112,103,113,-1,113,103,101,-1,113,101,6,-1,6,101,3,-1,73,75,74,-1,74,75,77,-1,74,77,114,-1,114,77,110,-1,114,110,115,-1,115,110,111,-1,115,111,116,-1,116,111,112,-1,116,112,117,-1,117,112,113,-1,117,113,5,-1,5,113,6,-1,70,72,71,-1,71,72,74,-1,71,74,118,-1,118,74,114,-1,118,114,119,-1,119,114,115,-1,119,115,120,-1,120,115,116,-1,120,116,121,-1,121,116,117,-1,121,117,4,-1,4,117,5,-1,122,69,89,-1,89,69,71,-1,89,71,87,-1,87,71,118,-1,87,118,85,-1,85,118,119,-1,85,119,83,-1,83,119,120,-1,83,120,81,-1,81,120,121,-1,81,121,9,-1,9,121,4,-1,123,124,125,-1,125,124,90,-1,125,90,126,-1,126,90,88,-1,126,88,127,-1,127,88,86,-1,127,86,128,-1,128,86,84,-1,128,84,129,-1,129,84,82,-1,129,82,7,-1,7,82,8,-1,124,130,90,-1,90,130,131,-1,90,131,89,-1,89,131,132,-1,89,132,122,-1,67,123,68,-1,68,123,125,-1,68,125,133,-1,133,125,126,-1,133,126,134,-1,134,126,127,-1,134,127,135,-1,135,127,128,-1,135,128,136,-1,136,128,129,-1,136,129,12,-1,12,129,7,-1,64,66,65,-1,65,66,68,-1,65,68,137,-1,137,68,133,-1,137,133,138,-1,138,133,134,-1,138,134,139,-1,139,134,135,-1,139,135,140,-1,140,135,136,-1,140,136,11,-1,11,136,12,-1,61,63,62,-1,62,63,65,-1,62,65,141,-1,141,65,137,-1,141,137,142,-1,142,137,138,-1,142,138,143,-1,143,138,139,-1,143,139,144,-1,144,139,140,-1,144,140,10,-1,10,140,11,-1,58,60,59,-1,59,60,62,-1,59,62,145,-1,145,62,141,-1,145,141,146,-1,146,141,142,-1,146,142,147,-1,147,142,143,-1,147,143,148,-1,148,143,144,-1,148,144,15,-1,15,144,10,-1,149,57,150,-1,150,57,59,-1,150,59,151,-1,151,59,145,-1,151,145,152,-1,152,145,146,-1,152,146,153,-1,153,146,147,-1,153,147,154,-1,154,147,148,-1,154,148,14,-1,14,148,15,-1,14,13,154,-1,154,13,155,-1,154,155,153,-1,153,155,156,-1,153,156,152,-1,152,156,157,-1,152,157,151,-1,151,157,158,-1,151,158,150,-1,150,158,159,-1,150,159,149,-1,149,159,160,-1,13,18,155,-1,155,18,161,-1,155,161,156,-1,156,161,162,-1,156,162,157,-1,157,162,163,-1,157,163,158,-1,158,163,164,-1,158,164,159,-1,159,164,56,-1,159,56,160,-1,160,56,55,-1,52,54,53,-1,53,54,56,-1,53,56,165,-1,165,56,164,-1,165,164,166,-1,166,164,163,-1,166,163,167,-1,167,163,162,-1,167,162,168,-1,168,162,161,-1,168,161,17,-1,17,161,18,-1,49,51,50,-1,50,51,53,-1,50,53,169,-1,169,53,165,-1,169,165,170,-1,170,165,166,-1,170,166,171,-1,171,166,167,-1,171,167,172,-1,172,167,168,-1,172,168,16,-1,16,168,17,-1,46,48,47,-1,47,48,50,-1,47,50,173,-1,173,50,169,-1,173,169,174,-1,174,169,170,-1,174,170,175,-1,175,170,171,-1,175,171,176,-1,176,171,172,-1,176,172,21,-1,21,172,16,-1,177,45,99,-1,99,45,47,-1,99,47,97,-1,97,47,173,-1,97,173,95,-1,95,173,174,-1,95,174,93,-1,93,174,175,-1,93,175,91,-1,91,175,176,-1,91,176,20,-1,20,176,21,-1,44,43,99,-1,99,43,178,-1,99,178,177,-1,40,42,41,-1,41,42,44,-1,41,44,179,-1,179,44,98,-1,179,98,180,-1,180,98,96,-1,180,96,181,-1,181,96,94,-1,181,94,182,-1,182,94,92,-1,182,92,24,-1,24,92,19,-1,37,39,38,-1,38,39,41,-1,38,41,183,-1,183,41,179,-1,183,179,184,-1,184,179,180,-1,184,180,185,-1,185,180,181,-1,185,181,186,-1,186,181,182,-1,186,182,23,-1,23,182,24,-1,34,36,35,-1,35,36,38,-1,35,38,187,-1,187,38,183,-1,187,183,188,-1,188,183,184,-1,188,184,189,-1,189,184,185,-1,189,185,190,-1,190,185,186,-1,190,186,22,-1,22,186,23,-1,31,33,32,-1,32,33,35,-1,32,35,191,-1,191,35,187,-1,191,187,192,-1,192,187,188,-1,192,188,193,-1,193,188,189,-1,193,189,194,-1,194,189,190,-1,194,190,26,-1,26,190,22,-1,28,30,29,-1,29,30,32,-1,29,32,195,-1,195,32,191,-1,195,191,196,-1,196,191,192,-1,196,192,197,-1,197,192,193,-1,197,193,198,-1,198,193,194,-1,198,194,25,-1,25,194,26,-1,199,27,200,-1,200,27,29,-1,200,29,201,-1,201,29,195,-1,201,195,202,-1,202,195,196,-1,202,196,203,-1,203,196,197,-1,203,197,204,-1,204,197,198,-1,204,198,1,-1,1,198,25,-1,1,0,204,-1,204,0,100,-1,204,100,203,-1,203,100,102,-1,203,102,202,-1,202,102,104,-1,202,104,201,-1,201,104,106,-1,201,106,200,-1,200,106,108,-1,200,108,199,-1,199,108,109,-1,205,206,207,-1,205,207,208,-1,209,210,207,-1,207,210,211,-1,207,211,208,-1,212,213,207,-1,207,213,214,-1,207,214,209,-1,215,216,207,-1,207,216,217,-1,207,217,212,-1,218,219,207,-1,207,219,220,-1,207,220,215,-1,221,222,207,-1,207,222,223,-1,207,223,218,-1,224,225,207,-1,207,225,226,-1,207,226,221,-1,227,228,207,-1,207,228,229,-1,207,229,224,-1,206,230,207,-1,207,230,231,-1,207,231,227,-1,232,233,234,-1,235,236,237,-1,238,239,240,-1,241,242,243,-1,244,245,246,-1,247,248,249,-1,250,251,252,-1,253,254,255,-1,256,257,258,-1,259,260,261,-1,262,263,264,-1,265,266,267,-1,268,269,270,-1,271,272,273,-1,274,275,276,-1,277,278,279,-1,280,281,282,-1,283,284,285,-1,214,213,286,-1,286,213,287,-1,286,287,288,-1,288,287,289,-1,288,289,290,-1,290,289,291,-1,290,291,292,-1,292,291,293,-1,292,293,294,-1,294,293,295,-1,225,224,296,-1,296,224,297,-1,296,297,298,-1,298,297,299,-1,298,299,300,-1,300,299,301,-1,300,301,302,-1,302,301,303,-1,302,303,304,-1,304,303,249,-1,205,208,305,-1,305,208,306,-1,305,306,307,-1,307,306,308,-1,307,308,309,-1,309,308,310,-1,309,310,311,-1,311,310,312,-1,311,312,313,-1,313,312,285,-1,313,285,314,-1,314,285,284,-1,281,283,282,-1,282,283,285,-1,282,285,315,-1,315,285,312,-1,315,312,316,-1,316,312,310,-1,316,310,317,-1,317,310,308,-1,317,308,318,-1,318,308,306,-1,318,306,211,-1,211,306,208,-1,278,280,279,-1,279,280,282,-1,279,282,319,-1,319,282,315,-1,319,315,320,-1,320,315,316,-1,320,316,321,-1,321,316,317,-1,321,317,322,-1,322,317,318,-1,322,318,210,-1,210,318,211,-1,275,277,276,-1,276,277,279,-1,276,279,323,-1,323,279,319,-1,323,319,324,-1,324,319,320,-1,324,320,325,-1,325,320,321,-1,325,321,326,-1,326,321,322,-1,326,322,209,-1,209,322,210,-1,327,274,294,-1,294,274,276,-1,294,276,292,-1,292,276,323,-1,292,323,290,-1,290,323,324,-1,290,324,288,-1,288,324,325,-1,288,325,286,-1,286,325,326,-1,286,326,214,-1,214,326,209,-1,328,329,330,-1,330,329,295,-1,330,295,331,-1,331,295,293,-1,331,293,332,-1,332,293,291,-1,332,291,333,-1,333,291,289,-1,333,289,334,-1,334,289,287,-1,334,287,212,-1,212,287,213,-1,329,335,295,-1,295,335,336,-1,295,336,294,-1,294,336,337,-1,294,337,327,-1,272,328,273,-1,273,328,330,-1,273,330,338,-1,338,330,331,-1,338,331,339,-1,339,331,332,-1,339,332,340,-1,340,332,333,-1,340,333,341,-1,341,333,334,-1,341,334,217,-1,217,334,212,-1,269,271,270,-1,270,271,273,-1,270,273,342,-1,342,273,338,-1,342,338,343,-1,343,338,339,-1,343,339,344,-1,344,339,340,-1,344,340,345,-1,345,340,341,-1,345,341,216,-1,216,341,217,-1,266,268,267,-1,267,268,270,-1,267,270,346,-1,346,270,342,-1,346,342,347,-1,347,342,343,-1,347,343,348,-1,348,343,344,-1,348,344,349,-1,349,344,345,-1,349,345,215,-1,215,345,216,-1,263,265,264,-1,264,265,267,-1,264,267,350,-1,350,267,346,-1,350,346,351,-1,351,346,347,-1,351,347,352,-1,352,347,348,-1,352,348,353,-1,353,348,349,-1,353,349,220,-1,220,349,215,-1,354,262,355,-1,355,262,264,-1,355,264,356,-1,356,264,350,-1,356,350,357,-1,357,350,351,-1,357,351,358,-1,358,351,352,-1,358,352,359,-1,359,352,353,-1,359,353,219,-1,219,353,220,-1,219,218,359,-1,359,218,360,-1,359,360,358,-1,358,360,361,-1,358,361,357,-1,357,361,362,-1,357,362,356,-1,356,362,363,-1,356,363,355,-1,355,363,364,-1,355,364,354,-1,354,364,365,-1,218,223,360,-1,360,223,366,-1,360,366,361,-1,361,366,367,-1,361,367,362,-1,362,367,368,-1,362,368,363,-1,363,368,369,-1,363,369,364,-1,364,369,261,-1,364,261,365,-1,365,261,260,-1,257,259,258,-1,258,259,261,-1,258,261,370,-1,370,261,369,-1,370,369,371,-1,371,369,368,-1,371,368,372,-1,372,368,367,-1,372,367,373,-1,373,367,366,-1,373,366,222,-1,222,366,223,-1,254,256,255,-1,255,256,258,-1,255,258,374,-1,374,258,370,-1,374,370,375,-1,375,370,371,-1,375,371,376,-1,376,371,372,-1,376,372,377,-1,377,372,373,-1,377,373,221,-1,221,373,222,-1,251,253,252,-1,252,253,255,-1,252,255,378,-1,378,255,374,-1,378,374,379,-1,379,374,375,-1,379,375,380,-1,380,375,376,-1,380,376,381,-1,381,376,377,-1,381,377,226,-1,226,377,221,-1,382,250,304,-1,304,250,252,-1,304,252,302,-1,302,252,378,-1,302,378,300,-1,300,378,379,-1,300,379,298,-1,298,379,380,-1,298,380,296,-1,296,380,381,-1,296,381,225,-1,225,381,226,-1,249,248,304,-1,304,248,383,-1,304,383,382,-1,245,247,246,-1,246,247,249,-1,246,249,384,-1,384,249,303,-1,384,303,385,-1,385,303,301,-1,385,301,386,-1,386,301,299,-1,386,299,387,-1,387,299,297,-1,387,297,229,-1,229,297,224,-1,242,244,243,-1,243,244,246,-1,243,246,388,-1,388,246,384,-1,388,384,389,-1,389,384,385,-1,389,385,390,-1,390,385,386,-1,390,386,391,-1,391,386,387,-1,391,387,228,-1,228,387,229,-1,239,241,240,-1,240,241,243,-1,240,243,392,-1,392,243,388,-1,392,388,393,-1,393,388,389,-1,393,389,394,-1,394,389,390,-1,394,390,395,-1,395,390,391,-1,395,391,227,-1,227,391,228,-1,236,238,237,-1,237,238,240,-1,237,240,396,-1,396,240,392,-1,396,392,397,-1,397,392,393,-1,397,393,398,-1,398,393,394,-1,398,394,399,-1,399,394,395,-1,399,395,231,-1,231,395,227,-1,233,235,234,-1,234,235,237,-1,234,237,400,-1,400,237,396,-1,400,396,401,-1,401,396,397,-1,401,397,402,-1,402,397,398,-1,402,398,403,-1,403,398,399,-1,403,399,230,-1,230,399,231,-1,404,232,405,-1,405,232,234,-1,405,234,406,-1,406,234,400,-1,406,400,407,-1,407,400,401,-1,407,401,408,-1,408,401,402,-1,408,402,409,-1,409,402,403,-1,409,403,206,-1,206,403,230,-1,206,205,409,-1,409,205,305,-1,409,305,408,-1,408,305,307,-1,408,307,407,-1,407,307,309,-1,407,309,406,-1,406,309,311,-1,406,311,405,-1,405,311,313,-1,405,313,404,-1,404,313,314,-1,410,411,412,-1,410,412,413,-1,414,415,412,-1,412,415,416,-1,412,416,413,-1,417,418,412,-1,412,418,419,-1,412,419,414,-1,420,421,412,-1,412,421,422,-1,412,422,417,-1,423,424,412,-1,412,424,425,-1,412,425,420,-1,426,427,412,-1,412,427,428,-1,412,428,423,-1,429,430,412,-1,412,430,431,-1,412,431,426,-1,432,433,412,-1,412,433,434,-1,412,434,429,-1,411,435,412,-1,412,435,436,-1,412,436,432,-1,437,438,439,-1,440,441,442,-1,443,444,445,-1,446,447,448,-1,449,450,451,-1,452,453,454,-1,455,456,457,-1,458,459,460,-1,461,462,463,-1,464,465,466,-1,467,468,469,-1,470,471,472,-1,473,474,475,-1,476,477,478,-1,479,480,481,-1,482,483,484,-1,485,486,487,-1,488,489,490,-1,419,418,491,-1,491,418,492,-1,491,492,493,-1,493,492,494,-1,493,494,495,-1,495,494,496,-1,495,496,497,-1,497,496,498,-1,497,498,499,-1,499,498,500,-1,430,429,501,-1,501,429,502,-1,501,502,503,-1,503,502,504,-1,503,504,505,-1,505,504,506,-1,505,506,507,-1,507,506,508,-1,507,508,509,-1,509,508,454,-1,410,413,510,-1,510,413,511,-1,510,511,512,-1,512,511,513,-1,512,513,514,-1,514,513,515,-1,514,515,516,-1,516,515,517,-1,516,517,518,-1,518,517,490,-1,518,490,519,-1,519,490,489,-1,486,488,487,-1,487,488,490,-1,487,490,520,-1,520,490,517,-1,520,517,521,-1,521,517,515,-1,521,515,522,-1,522,515,513,-1,522,513,523,-1,523,513,511,-1,523,511,416,-1,416,511,413,-1,483,485,484,-1,484,485,487,-1,484,487,524,-1,524,487,520,-1,524,520,525,-1,525,520,521,-1,525,521,526,-1,526,521,522,-1,526,522,527,-1,527,522,523,-1,527,523,415,-1,415,523,416,-1,480,482,481,-1,481,482,484,-1,481,484,528,-1,528,484,524,-1,528,524,529,-1,529,524,525,-1,529,525,530,-1,530,525,526,-1,530,526,531,-1,531,526,527,-1,531,527,414,-1,414,527,415,-1,532,479,499,-1,499,479,481,-1,499,481,497,-1,497,481,528,-1,497,528,495,-1,495,528,529,-1,495,529,493,-1,493,529,530,-1,493,530,491,-1,491,530,531,-1,491,531,419,-1,419,531,414,-1,533,534,535,-1,535,534,500,-1,535,500,536,-1,536,500,498,-1,536,498,537,-1,537,498,496,-1,537,496,538,-1,538,496,494,-1,538,494,539,-1,539,494,492,-1,539,492,417,-1,417,492,418,-1,534,540,500,-1,500,540,541,-1,500,541,499,-1,499,541,542,-1,499,542,532,-1,477,533,478,-1,478,533,535,-1,478,535,543,-1,543,535,536,-1,543,536,544,-1,544,536,537,-1,544,537,545,-1,545,537,538,-1,545,538,546,-1,546,538,539,-1,546,539,422,-1,422,539,417,-1,474,476,475,-1,475,476,478,-1,475,478,547,-1,547,478,543,-1,547,543,548,-1,548,543,544,-1,548,544,549,-1,549,544,545,-1,549,545,550,-1,550,545,546,-1,550,546,421,-1,421,546,422,-1,471,473,472,-1,472,473,475,-1,472,475,551,-1,551,475,547,-1,551,547,552,-1,552,547,548,-1,552,548,553,-1,553,548,549,-1,553,549,554,-1,554,549,550,-1,554,550,420,-1,420,550,421,-1,468,470,469,-1,469,470,472,-1,469,472,555,-1,555,472,551,-1,555,551,556,-1,556,551,552,-1,556,552,557,-1,557,552,553,-1,557,553,558,-1,558,553,554,-1,558,554,425,-1,425,554,420,-1,559,467,560,-1,560,467,469,-1,560,469,561,-1,561,469,555,-1,561,555,562,-1,562,555,556,-1,562,556,563,-1,563,556,557,-1,563,557,564,-1,564,557,558,-1,564,558,424,-1,424,558,425,-1,424,423,564,-1,564,423,565,-1,564,565,563,-1,563,565,566,-1,563,566,562,-1,562,566,567,-1,562,567,561,-1,561,567,568,-1,561,568,560,-1,560,568,569,-1,560,569,559,-1,559,569,570,-1,423,428,565,-1,565,428,571,-1,565,571,566,-1,566,571,572,-1,566,572,567,-1,567,572,573,-1,567,573,568,-1,568,573,574,-1,568,574,569,-1,569,574,466,-1,569,466,570,-1,570,466,465,-1,462,464,463,-1,463,464,466,-1,463,466,575,-1,575,466,574,-1,575,574,576,-1,576,574,573,-1,576,573,577,-1,577,573,572,-1,577,572,578,-1,578,572,571,-1,578,571,427,-1,427,571,428,-1,459,461,460,-1,460,461,463,-1,460,463,579,-1,579,463,575,-1,579,575,580,-1,580,575,576,-1,580,576,581,-1,581,576,577,-1,581,577,582,-1,582,577,578,-1,582,578,426,-1,426,578,427,-1,456,458,457,-1,457,458,460,-1,457,460,583,-1,583,460,579,-1,583,579,584,-1,584,579,580,-1,584,580,585,-1,585,580,581,-1,585,581,586,-1,586,581,582,-1,586,582,431,-1,431,582,426,-1,587,455,509,-1,509,455,457,-1,509,457,507,-1,507,457,583,-1,507,583,505,-1,505,583,584,-1,505,584,503,-1,503,584,585,-1,503,585,501,-1,501,585,586,-1,501,586,430,-1,430,586,431,-1,454,453,509,-1,509,453,588,-1,509,588,587,-1,450,452,451,-1,451,452,454,-1,451,454,589,-1,589,454,508,-1,589,508,590,-1,590,508,506,-1,590,506,591,-1,591,506,504,-1,591,504,592,-1,592,504,502,-1,592,502,434,-1,434,502,429,-1,447,449,448,-1,448,449,451,-1,448,451,593,-1,593,451,589,-1,593,589,594,-1,594,589,590,-1,594,590,595,-1,595,590,591,-1,595,591,596,-1,596,591,592,-1,596,592,433,-1,433,592,434,-1,444,446,445,-1,445,446,448,-1,445,448,597,-1,597,448,593,-1,597,593,598,-1,598,593,594,-1,598,594,599,-1,599,594,595,-1,599,595,600,-1,600,595,596,-1,600,596,432,-1,432,596,433,-1,441,443,442,-1,442,443,445,-1,442,445,601,-1,601,445,597,-1,601,597,602,-1,602,597,598,-1,602,598,603,-1,603,598,599,-1,603,599,604,-1,604,599,600,-1,604,600,436,-1,436,600,432,-1,438,440,439,-1,439,440,442,-1,439,442,605,-1,605,442,601,-1,605,601,606,-1,606,601,602,-1,606,602,607,-1,607,602,603,-1,607,603,608,-1,608,603,604,-1,608,604,435,-1,435,604,436,-1,609,437,610,-1,610,437,439,-1,610,439,611,-1,611,439,605,-1,611,605,612,-1,612,605,606,-1,612,606,613,-1,613,606,607,-1,613,607,614,-1,614,607,608,-1,614,608,411,-1,411,608,435,-1,411,410,614,-1,614,410,510,-1,614,510,613,-1,613,510,512,-1,613,512,612,-1,612,512,514,-1,612,514,611,-1,611,514,516,-1,611,516,610,-1,610,516,518,-1,610,518,609,-1,609,518,519,-1,615,616,617,-1,615,617,618,-1,619,620,617,-1,617,620,621,-1,617,621,618,-1,622,623,617,-1,617,623,624,-1,617,624,619,-1,625,626,617,-1,617,626,627,-1,617,627,622,-1,628,629,617,-1,617,629,630,-1,617,630,625,-1,631,632,617,-1,617,632,633,-1,617,633,628,-1,634,635,617,-1,617,635,636,-1,617,636,631,-1,637,638,617,-1,617,638,639,-1,617,639,634,-1,616,640,617,-1,617,640,641,-1,617,641,637,-1,642,643,644,-1,645,646,647,-1,648,649,650,-1,651,652,653,-1,654,655,656,-1,657,658,659,-1,660,661,662,-1,663,664,665,-1,666,667,668,-1,669,670,671,-1,672,673,674,-1,675,676,677,-1,678,679,680,-1,681,682,683,-1,684,685,686,-1,687,688,689,-1,690,691,692,-1,693,694,695,-1,624,623,696,-1,696,623,697,-1,696,697,698,-1,698,697,699,-1,698,699,700,-1,700,699,701,-1,700,701,702,-1,702,701,703,-1,702,703,704,-1,704,703,705,-1,635,634,706,-1,706,634,707,-1,706,707,708,-1,708,707,709,-1,708,709,710,-1,710,709,711,-1,710,711,712,-1,712,711,713,-1,712,713,714,-1,714,713,659,-1,615,618,715,-1,715,618,716,-1,715,716,717,-1,717,716,718,-1,717,718,719,-1,719,718,720,-1,719,720,721,-1,721,720,722,-1,721,722,723,-1,723,722,695,-1,723,695,724,-1,724,695,694,-1,691,693,692,-1,692,693,695,-1,692,695,725,-1,725,695,722,-1,725,722,726,-1,726,722,720,-1,726,720,727,-1,727,720,718,-1,727,718,728,-1,728,718,716,-1,728,716,621,-1,621,716,618,-1,688,690,689,-1,689,690,692,-1,689,692,729,-1,729,692,725,-1,729,725,730,-1,730,725,726,-1,730,726,731,-1,731,726,727,-1,731,727,732,-1,732,727,728,-1,732,728,620,-1,620,728,621,-1,685,687,686,-1,686,687,689,-1,686,689,733,-1,733,689,729,-1,733,729,734,-1,734,729,730,-1,734,730,735,-1,735,730,731,-1,735,731,736,-1,736,731,732,-1,736,732,619,-1,619,732,620,-1,737,684,704,-1,704,684,686,-1,704,686,702,-1,702,686,733,-1,702,733,700,-1,700,733,734,-1,700,734,698,-1,698,734,735,-1,698,735,696,-1,696,735,736,-1,696,736,624,-1,624,736,619,-1,738,739,740,-1,740,739,705,-1,740,705,741,-1,741,705,703,-1,741,703,742,-1,742,703,701,-1,742,701,743,-1,743,701,699,-1,743,699,744,-1,744,699,697,-1,744,697,622,-1,622,697,623,-1,739,745,705,-1,705,745,746,-1,705,746,704,-1,704,746,747,-1,704,747,737,-1,682,738,683,-1,683,738,740,-1,683,740,748,-1,748,740,741,-1,748,741,749,-1,749,741,742,-1,749,742,750,-1,750,742,743,-1,750,743,751,-1,751,743,744,-1,751,744,627,-1,627,744,622,-1,679,681,680,-1,680,681,683,-1,680,683,752,-1,752,683,748,-1,752,748,753,-1,753,748,749,-1,753,749,754,-1,754,749,750,-1,754,750,755,-1,755,750,751,-1,755,751,626,-1,626,751,627,-1,676,678,677,-1,677,678,680,-1,677,680,756,-1,756,680,752,-1,756,752,757,-1,757,752,753,-1,757,753,758,-1,758,753,754,-1,758,754,759,-1,759,754,755,-1,759,755,625,-1,625,755,626,-1,673,675,674,-1,674,675,677,-1,674,677,760,-1,760,677,756,-1,760,756,761,-1,761,756,757,-1,761,757,762,-1,762,757,758,-1,762,758,763,-1,763,758,759,-1,763,759,630,-1,630,759,625,-1,764,672,765,-1,765,672,674,-1,765,674,766,-1,766,674,760,-1,766,760,767,-1,767,760,761,-1,767,761,768,-1,768,761,762,-1,768,762,769,-1,769,762,763,-1,769,763,629,-1,629,763,630,-1,629,628,769,-1,769,628,770,-1,769,770,768,-1,768,770,771,-1,768,771,767,-1,767,771,772,-1,767,772,766,-1,766,772,773,-1,766,773,765,-1,765,773,774,-1,765,774,764,-1,764,774,775,-1,628,633,770,-1,770,633,776,-1,770,776,771,-1,771,776,777,-1,771,777,772,-1,772,777,778,-1,772,778,773,-1,773,778,779,-1,773,779,774,-1,774,779,671,-1,774,671,775,-1,775,671,670,-1,667,669,668,-1,668,669,671,-1,668,671,780,-1,780,671,779,-1,780,779,781,-1,781,779,778,-1,781,778,782,-1,782,778,777,-1,782,777,783,-1,783,777,776,-1,783,776,632,-1,632,776,633,-1,664,666,665,-1,665,666,668,-1,665,668,784,-1,784,668,780,-1,784,780,785,-1,785,780,781,-1,785,781,786,-1,786,781,782,-1,786,782,787,-1,787,782,783,-1,787,783,631,-1,631,783,632,-1,661,663,662,-1,662,663,665,-1,662,665,788,-1,788,665,784,-1,788,784,789,-1,789,784,785,-1,789,785,790,-1,790,785,786,-1,790,786,791,-1,791,786,787,-1,791,787,636,-1,636,787,631,-1,792,660,714,-1,714,660,662,-1,714,662,712,-1,712,662,788,-1,712,788,710,-1,710,788,789,-1,710,789,708,-1,708,789,790,-1,708,790,706,-1,706,790,791,-1,706,791,635,-1,635,791,636,-1,659,658,714,-1,714,658,793,-1,714,793,792,-1,655,657,656,-1,656,657,659,-1,656,659,794,-1,794,659,713,-1,794,713,795,-1,795,713,711,-1,795,711,796,-1,796,711,709,-1,796,709,797,-1,797,709,707,-1,797,707,639,-1,639,707,634,-1,652,654,653,-1,653,654,656,-1,653,656,798,-1,798,656,794,-1,798,794,799,-1,799,794,795,-1,799,795,800,-1,800,795,796,-1,800,796,801,-1,801,796,797,-1,801,797,638,-1,638,797,639,-1,649,651,650,-1,650,651,653,-1,650,653,802,-1,802,653,798,-1,802,798,803,-1,803,798,799,-1,803,799,804,-1,804,799,800,-1,804,800,805,-1,805,800,801,-1,805,801,637,-1,637,801,638,-1,646,648,647,-1,647,648,650,-1,647,650,806,-1,806,650,802,-1,806,802,807,-1,807,802,803,-1,807,803,808,-1,808,803,804,-1,808,804,809,-1,809,804,805,-1,809,805,641,-1,641,805,637,-1,643,645,644,-1,644,645,647,-1,644,647,810,-1,810,647,806,-1,810,806,811,-1,811,806,807,-1,811,807,812,-1,812,807,808,-1,812,808,813,-1,813,808,809,-1,813,809,640,-1,640,809,641,-1,814,642,815,-1,815,642,644,-1,815,644,816,-1,816,644,810,-1,816,810,817,-1,817,810,811,-1,817,811,818,-1,818,811,812,-1,818,812,819,-1,819,812,813,-1,819,813,616,-1,616,813,640,-1,616,615,819,-1,819,615,715,-1,819,715,818,-1,818,715,717,-1,818,717,817,-1,817,717,719,-1,817,719,816,-1,816,719,721,-1,816,721,815,-1,815,721,723,-1,815,723,814,-1,814,723,724,-1,820,821,822,-1,822,821,823,-1,822,823,824,-1,824,823,825,-1,824,825,826,-1,826,825,827,-1,826,827,828,-1,828,827,829,-1,828,829,830,-1,830,829,831,-1,830,831,832,-1,832,831,833,-1,832,833,834,-1,834,833,835,-1,834,835,836,-1,836,835,837,-1,836,837,838,-1,838,837,839,-1,838,839,840,-1,840,839,841,-1,840,841,842,-1,842,841,843,-1,842,843,844,-1,844,843,845,-1,844,845,846,-1,846,845,847,-1,846,847,848,-1,848,847,849,-1,848,849,850,-1,850,849,851,-1,850,851,852,-1,852,851,853,-1,852,853,854,-1,854,853,855,-1,854,855,856,-1,856,855,857,-1,856,857,858,-1,858,857,859,-1,858,859,860,-1,860,859,861,-1,860,861,862,-1,862,861,863,-1,862,863,864,-1,864,863,865,-1,864,865,866,-1,866,865,867,-1,866,867,868,-1,868,867,869,-1,868,869,870,-1,870,869,871,-1,870,871,872,-1,872,871,873,-1,872,873,874,-1,874,873,875,-1,874,875,876,-1,876,875,877,-1,876,877,878,-1,878,877,879,-1,878,879,880,-1,880,879,881,-1,880,881,882,-1,882,881,883,-1,882,883,884,-1,884,883,885,-1,884,885,886,-1,886,885,887,-1,886,887,888,-1,888,887,889,-1,888,889,890,-1,890,889,891,-1,890,891,892,-1,892,891,893,-1,892,893,822,-1,822,893,820,-1,
        ]
    }
}
Shape{
    appearance Appearance {
        material  Material 	{
            diffuseColor 1.0 1.0 1.0
            specularColor 0.5019607843137255 0.5019607843137255 0.5019607843137255
            ambientIntensity 1.0
            transparency 0.0
            shininess 0.5
        }
    }
    geometry IndexedFaceSet {
        ccw TRUE
        solid FALSE
        coord DEF co Coordinate {
            point [
                -0.0531 2.3622 0.6882, -0.053 2.3622 0.6745, -0.0531 2.3622 0.6882, -0.053 2.3622 0.6745, -0.0053 2.3622 0.6885, -0.0053 2.3622 0.6885, -0.006 2.3622 0.7949, -0.006 2.3622 0.7949, -0.006 2.3622 0.7944, 0.0095 2.3622 0.795, 0.0095 2.3622 0.795, 0.0103 2.3622 0.6749, 0.0103 2.3622 0.6749, 0.0095 2.3622 0.7944, -0.1479 2.3622 0.6788, -0.1479 2.3622 0.6788, -0.1458 2.3622 0.6778, -0.1146 2.3622 0.672, -0.1146 2.3622 0.672, -0.1184 2.3622 0.6724, -0.1329 2.3622 0.6737, -0.1329 2.3622 0.6737, -0.1427 2.3622 0.6768, -0.1458 2.3622 0.6778, -0.148 2.3622 0.6937, -0.148 2.3622 0.6937, -0.1378 2.3622 0.689, -0.1427 2.3622 0.6912, -0.1378 2.3622 0.689, -0.1245 2.3622 0.6862, -0.1245 2.3622 0.6862, -0.1169 2.3622 0.6858, -0.1169 2.3622 0.6858, -0.1058 2.3622 0.6871, -0.1058 2.3622 0.6871, -0.0971 2.3622 0.6903, -0.0971 2.3622 0.6903, -0.0891 2.3622 0.6958, -0.0891 2.3622 0.6958, -0.0862 2.3622 0.6987, -0.0862 2.3622 0.6987, -0.0804 2.3622 0.7067, -0.0804 2.3622 0.7067, -0.0766 2.3622 0.7164, -0.0766 2.3622 0.7164, -0.0747 2.3622 0.7284, -0.0747 2.3622 0.7284, -0.0746 2.3622 0.733, -0.0746 2.3622 0.733, -0.0767 2.3622 0.7494, -0.0767 2.3622 0.7494, -0.0807 2.3622 0.7598, -0.0807 2.3622 0.7598, -0.0866 2.3622 0.7681, -0.0866 2.3622 0.7681, -0.0875 2.3622 0.7691, -0.0875 2.3622 0.7691, -0.0954 2.3622 0.7756, -0.0954 2.3622 0.7756, -0.1049 2.3622 0.78, -0.1049 2.3622 0.78, -0.1153 2.3622 0.782, -0.1153 2.3622 0.782, -0.1203 2.3622 0.7822, -0.1203 2.3622 0.7822, -0.1486 2.3622 0.7748, -0.1486 2.3622 0.7748, -0.1472 2.3622 0.7756, -0.1351 2.3622 0.7803, -0.1351 2.3622 0.7803, -0.1427 2.3622 0.7773, -0.1472 2.3622 0.7756, -0.1487 2.3622 0.791, -0.1487 2.3622 0.791, -0.1373 2.3622 0.7944, -0.136 2.3622 0.7948, -0.1427 2.3622 0.7928, -0.136 2.3622 0.7948, -0.1202 2.3622 0.7962, -0.1202 2.3622 0.7962, -0.1029 2.3622 0.7942, -0.1048 2.3622 0.7944, -0.1029 2.3622 0.7942, -0.0904 2.3622 0.7894, -0.0904 2.3622 0.7894, -0.0787 2.3622 0.7813, -0.0787 2.3622 0.7813, -0.076 2.3622 0.7788, -0.076 2.3622 0.7788, -0.0672 2.3622 0.7675, -0.0672 2.3622 0.7675, -0.0629 2.3622 0.7575, -0.0614 2.3622 0.7542, -0.0614 2.3622 0.7542, -0.0586 2.3622 0.7385, -0.0586 2.3622 0.7385, -0.0583 2.3622 0.7322, -0.0583 2.3622 0.7322, -0.0605 2.3622 0.7128, -0.0605 2.3622 0.7128, -0.0629 2.3622 0.7066, -0.0653 2.3622 0.7002, -0.0653 2.3622 0.7002, -0.0724 2.3622 0.6899, -0.0724 2.3622 0.6899, -0.0734 2.3622 0.6887, -0.0734 2.3622 0.6887, -0.1095 2.3622 0.6724, -0.1057 2.3622 0.6726, -0.1057 2.3622 0.6726, -0.093 2.3622 0.6757, -0.093 2.3622 0.6757, -0.0819 2.3622 0.6814, -0.0819 2.3622 0.6814, -0.2366 2.3622 0.6869, -0.2365 2.3622 0.6732, -0.2366 2.3622 0.6869, -0.2365 2.3622 0.6732, -0.1875 2.3622 0.6872, -0.1875 2.3622 0.6872, -0.2189 2.3622 0.687, -0.1878 2.3622 0.7276, -0.1878 2.3622 0.7276, -0.2307 2.3622 0.7273, -0.2307 2.3622 0.7273, -0.2189 2.3622 0.7274, -0.2308 2.3622 0.7411, -0.2308 2.3622 0.7411, -0.1879 2.3622 0.7414, -0.1879 2.3622 0.7414, -0.2189 2.3622 0.7412, -0.1881 2.3622 0.7798, -0.1881 2.3622 0.7798, -0.2345 2.3622 0.7795, -0.2345 2.3622 0.7795, -0.2189 2.3622 0.7796, -0.2346 2.3622 0.7933, -0.2346 2.3622 0.7933, -0.1727 2.3622 0.7938, -0.1727 2.3622 0.7938, -0.2189 2.3622 0.7934, -0.1719 2.3622 0.6737, -0.1719 2.3622 0.6737, -0.2189 2.3622 0.6733, -0.3341 2.3622 0.7062, -0.328 2.3622 0.6988, -0.3389 2.3622 0.6893, -0.3265 2.3622 0.6974, -0.3262 2.3622 0.6803, -0.3187 2.3622 0.6921, -0.3125 2.3622 0.6751, -0.3087 2.3622 0.6883, -0.2922 2.3622 0.6728, -0.2922 2.3622 0.6865, -0.2592 2.3622 0.673, -0.2748 2.3622 0.6866, -0.26 2.3622 0.7931, -0.2754 2.3622 0.7792, -0.2943 2.3622 0.7929, -0.2936 2.3622 0.7791, -0.3126 2.3622 0.7907, -0.3095 2.3622 0.7771, -0.3271 2.3622 0.7853, -0.3198 2.3622 0.7732, -0.3396 2.3622 0.7767, -0.3281 2.3622 0.7675, -0.3438 2.3622 0.7724, -0.3315 2.3622 0.7641, -0.3512 2.3622 0.7619, -0.3361 2.3622 0.7573, -0.3555 2.3622 0.7504, -0.3394 2.3622 0.7485, -0.3574 2.3622 0.7339, -0.3411 2.3622 0.7336, -0.3567 2.3622 0.724, -0.3406 2.3622 0.7261, -0.3532 2.3622 0.7103, -0.3382 2.3622 0.7151, -0.3468 2.3622 0.6982, -0.2922 2.3622 0.6728, -0.2592 2.3622 0.673, -0.3125 2.3622 0.6751, -0.3262 2.3622 0.6803, -0.3389 2.3622 0.6893, -0.3468 2.3622 0.6982, -0.3532 2.3622 0.7103, -0.3567 2.3622 0.724, -0.3574 2.3622 0.7339, -0.3555 2.3622 0.7504, -0.3512 2.3622 0.7619, -0.3438 2.3622 0.7724, -0.3396 2.3622 0.7767, -0.3271 2.3622 0.7853, -0.3126 2.3622 0.7907, -0.2943 2.3622 0.7929, -0.26 2.3622 0.7931, -0.2936 2.3622 0.7791, -0.2754 2.3622 0.7792, -0.2748 2.3622 0.6866, -0.2922 2.3622 0.6865, -0.328 2.3622 0.6988, -0.3265 2.3622 0.6974, -0.3187 2.3622 0.6921, -0.3087 2.3622 0.6883, -0.3411 2.3622 0.7336, -0.3406 2.3622 0.7261, -0.3382 2.3622 0.7151, -0.3341 2.3622 0.7062, -0.3281 2.3622 0.7675, -0.3315 2.3622 0.7641, -0.3361 2.3622 0.7573, -0.3394 2.3622 0.7485, -0.3095 2.3622 0.7771, -0.3198 2.3622 0.7732
            ]
        }
        coordIndex [
            0,1,2,-1,2,1,3,-1,4,0,5,-1,5,0,2,-1,6,7,8,-1,8,7,4,-1,8,4,5,-1,9,7,10,-1,10,7,6,-1,11,12,13,-1,13,12,9,-1,13,9,10,-1,1,12,3,-1,3,12,11,-1,7,9,4,-1,4,9,12,-1,4,12,0,-1,0,12,1,-1,14,15,16,-1,17,18,19,-1,17,19,20,-1,19,21,20,-1,20,21,22,-1,20,22,16,-1,16,22,23,-1,16,23,14,-1,24,15,25,-1,25,15,14,-1,26,24,27,-1,27,24,25,-1,27,28,26,-1,26,28,29,-1,26,29,30,-1,30,29,31,-1,30,31,32,-1,32,31,33,-1,32,33,34,-1,34,33,35,-1,34,35,36,-1,36,35,37,-1,36,37,38,-1,38,37,39,-1,38,39,40,-1,40,39,41,-1,40,41,42,-1,42,41,43,-1,42,43,44,-1,44,43,45,-1,44,45,46,-1,46,45,47,-1,46,47,48,-1,48,47,49,-1,48,49,50,-1,50,49,51,-1,50,51,52,-1,52,51,53,-1,52,53,54,-1,54,53,55,-1,54,55,56,-1,56,55,57,-1,56,57,58,-1,58,57,59,-1,58,59,60,-1,60,59,61,-1,60,61,62,-1,62,61,63,-1,62,63,64,-1,65,66,67,-1,64,63,68,-1,64,68,69,-1,69,68,70,-1,69,70,67,-1,67,70,71,-1,67,71,65,-1,72,66,73,-1,73,66,65,-1,74,75,76,-1,76,75,72,-1,76,72,73,-1,74,77,75,-1,75,77,78,-1,75,78,79,-1,80,79,81,-1,81,79,78,-1,81,82,80,-1,80,82,83,-1,80,83,84,-1,84,83,85,-1,84,85,86,-1,86,85,87,-1,86,87,88,-1,88,87,89,-1,88,89,90,-1,90,89,91,-1,90,91,92,-1,91,93,92,-1,92,93,94,-1,92,94,95,-1,95,94,96,-1,95,96,97,-1,97,96,98,-1,97,98,99,-1,99,98,100,-1,99,100,101,-1,100,102,101,-1,101,102,103,-1,101,103,104,-1,104,103,105,-1,104,105,106,-1,18,17,107,-1,107,17,108,-1,107,108,109,-1,109,108,110,-1,109,110,111,-1,111,110,112,-1,111,112,113,-1,113,112,106,-1,113,106,105,-1,50,52,90,-1,58,60,80,-1,90,52,88,-1,80,60,79,-1,80,84,58,-1,58,84,86,-1,58,86,56,-1,56,86,88,-1,56,88,54,-1,54,88,52,-1,60,62,79,-1,79,62,64,-1,79,64,75,-1,75,64,69,-1,75,69,72,-1,72,69,67,-1,72,67,66,-1,97,48,95,-1,95,48,50,-1,95,50,92,-1,92,50,90,-1,15,24,16,-1,16,24,26,-1,16,26,20,-1,20,26,30,-1,20,30,17,-1,17,30,32,-1,17,32,108,-1,108,32,34,-1,108,34,110,-1,110,34,36,-1,110,36,112,-1,112,36,38,-1,112,38,106,-1,106,38,40,-1,106,40,104,-1,104,40,42,-1,104,42,101,-1,101,42,99,-1,99,42,44,-1,99,44,97,-1,97,44,46,-1,97,46,48,-1,114,115,116,-1,116,115,117,-1,118,119,120,-1,120,119,114,-1,120,114,116,-1,121,119,122,-1,122,119,118,-1,123,124,125,-1,125,124,121,-1,125,121,122,-1,126,124,127,-1,127,124,123,-1,128,129,130,-1,130,129,126,-1,130,126,127,-1,131,129,132,-1,132,129,128,-1,133,134,135,-1,135,134,131,-1,135,131,132,-1,136,134,137,-1,137,134,133,-1,138,139,140,-1,140,139,136,-1,140,136,137,-1,141,139,142,-1,142,139,138,-1,117,115,143,-1,143,115,141,-1,143,141,142,-1,141,115,114,-1,114,119,141,-1,141,119,121,-1,141,121,139,-1,134,136,131,-1,131,136,139,-1,131,139,129,-1,129,139,121,-1,129,121,126,-1,126,121,124,-1,144,145,146,-1,146,145,147,-1,146,147,148,-1,148,147,149,-1,148,149,150,-1,150,149,151,-1,150,151,152,-1,152,151,153,-1,152,153,154,-1,154,153,155,-1,154,155,156,-1,156,155,157,-1,156,157,158,-1,158,157,159,-1,158,159,160,-1,160,159,161,-1,160,161,162,-1,162,161,163,-1,162,163,164,-1,164,163,165,-1,164,165,166,-1,166,165,167,-1,166,167,168,-1,168,167,169,-1,168,169,170,-1,170,169,171,-1,170,171,172,-1,172,171,173,-1,172,173,174,-1,174,173,175,-1,174,175,176,-1,176,175,177,-1,176,177,178,-1,178,177,144,-1,178,144,146,-1,152,154,179,-1,179,154,180,-1,152,179,181,-1,152,181,150,-1,150,181,182,-1,150,182,148,-1,148,182,183,-1,148,183,146,-1,146,183,184,-1,146,184,178,-1,178,184,185,-1,178,185,176,-1,176,185,186,-1,176,186,174,-1,174,186,187,-1,174,187,172,-1,172,187,188,-1,172,188,170,-1,170,188,189,-1,170,189,168,-1,168,189,190,-1,168,190,166,-1,166,190,191,-1,166,191,164,-1,164,191,192,-1,164,192,162,-1,162,192,193,-1,162,193,160,-1,160,193,194,-1,160,194,158,-1,156,158,195,-1,195,158,194,-1,154,156,180,-1,180,156,195,-1,159,157,196,-1,196,157,197,-1,157,155,197,-1,197,155,198,-1,155,153,198,-1,198,153,199,-1,145,200,201,-1,145,201,147,-1,147,201,202,-1,147,202,149,-1,149,202,203,-1,149,203,151,-1,151,203,199,-1,151,199,153,-1,173,204,205,-1,173,205,175,-1,175,205,206,-1,175,206,177,-1,177,206,207,-1,177,207,144,-1,144,207,200,-1,144,200,145,-1,165,208,209,-1,165,209,167,-1,167,209,210,-1,167,210,169,-1,169,210,211,-1,169,211,171,-1,171,211,204,-1,171,204,173,-1,159,196,212,-1,159,212,161,-1,161,212,213,-1,161,213,163,-1,163,213,208,-1,163,208,165,-1,
        ]
    }
}
Shape{
    appearance Appearance {
        material  Material 	{
            diffuseColor 0.2235294117647059 0.2235294117647059 0.2235294117647059
            specularColor 0.11372549019607843 0.11372549019607843 0.11372549019607843
            ambientIntensity 0.2235
            transparency 0.0
            shininess 0.5
        }
    }
    geometry IndexedFaceSet {
        ccw TRUE
        solid FALSE
        coord DEF co Coordinate {
            point [
                -0.2754 2.3622 0.7792, -0.2748 2.3622 0.6866, -0.2936 2.3622 0.7791, -0.2922 2.3622 0.6865, -0.3087 2.3622 0.6883, -0.3187 2.3622 0.6921, -0.3265 2.3622 0.6974, -0.328 2.3622 0.6988, -0.3341 2.3622 0.7062, -0.3382 2.3622 0.7151, -0.3411 2.3622 0.7336, -0.3281 2.3622 0.7675, -0.3198 2.3622 0.7732, -0.3394 2.3622 0.7485, -0.3361 2.3622 0.7573, -0.3315 2.3622 0.7641, -0.3406 2.3622 0.7261, -0.3095 2.3622 0.7771
            ]
        }
        coordIndex [
            0,1,2,-1,2,1,3,-1,3,4,2,-1,2,4,5,-1,2,5,6,-1,6,7,2,-1,2,7,8,-1,2,8,9,-1,10,11,12,-1,13,14,10,-1,10,14,15,-1,10,15,11,-1,9,16,2,-1,2,16,10,-1,2,10,17,-1,17,10,12,-1,
        ]
    }
}
Shape{
    appearance Appearance {
        material  Material 	{
            diffuseColor 1.0 1.0 1.0
            specularColor 0.5019607843137255 0.5019607843137255 0.5019607843137255
            ambientIntensity 1.0
            transparency 0.0
            shininess 0.5
        }
    }
    geometry IndexedFaceSet {
        ccw TRUE
        solid FALSE
        coord DEF co Coordinate {
            point [
                -0.3975 2.3622 0.7185, -0.4158 2.3622 0.7683, -0.4102 2.3622 0.7921, -0.3636 2.3622 0.6723, -0.3807 2.3622 0.6722, -0.3925 2.3622 0.7049, -0.4169 2.3622 0.7718, -0.4179 2.3622 0.7767, -0.4268 2.3622 0.792, -0.4182 2.3622 0.7767, -0.4192 2.3622 0.7716, -0.42 2.3622 0.7682, -0.4378 2.3622 0.7182, -0.4717 2.3622 0.6715, -0.4545 2.3622 0.6716, -0.4425 2.3622 0.7046, -0.4268 2.3622 0.792, -0.4714 2.3622 0.6724, -0.4717 2.3622 0.6715, -0.4102 2.3622 0.7921, -0.3636 2.3622 0.6724, -0.3636 2.3622 0.6723, -0.3969 2.3622 0.7579, -0.3807 2.3622 0.6722, -0.3925 2.3622 0.7049, -0.3808 2.3622 0.6724, -0.4425 2.3622 0.7046, -0.3969 2.3622 0.7049, -0.4545 2.3622 0.6716, -0.4543 2.3622 0.6724, -0.3975 2.3622 0.7185, -0.4378 2.3622 0.7182, -0.42 2.3622 0.7682, -0.4182 2.3622 0.7767, -0.4192 2.3622 0.7716, -0.4179 2.3622 0.7767, -0.4158 2.3622 0.7683, -0.4169 2.3622 0.7718
            ]
        }
        coordIndex [
            0,1,2,-1,3,4,5,-1,1,6,2,-1,2,6,7,-1,2,7,8,-1,8,7,9,-1,8,9,10,-1,10,11,8,-1,8,11,12,-1,8,12,13,-1,14,13,15,-1,15,13,12,-1,15,12,5,-1,5,12,0,-1,5,0,3,-1,3,0,2,-1,16,8,17,-1,17,8,13,-1,17,13,18,-1,2,8,19,-1,19,8,16,-1,20,21,3,-1,20,3,22,-1,22,3,2,-1,22,2,19,-1,4,3,23,-1,23,3,21,-1,24,5,25,-1,25,5,4,-1,25,4,23,-1,26,15,27,-1,27,15,5,-1,27,5,24,-1,28,14,29,-1,29,14,15,-1,29,15,26,-1,13,14,18,-1,18,14,28,-1,0,12,30,-1,30,12,31,-1,12,11,31,-1,31,11,32,-1,9,33,34,-1,9,34,10,-1,10,34,32,-1,10,32,11,-1,9,7,33,-1,33,7,35,-1,1,36,37,-1,1,37,6,-1,6,37,35,-1,6,35,7,-1,1,0,36,-1,36,0,30,-1,
        ]
    }
}
Shape{
    appearance Appearance {
        material  Material 	{
            diffuseColor 0.2235294117647059 0.2235294117647059 0.2235294117647059
            specularColor 0.11372549019607843 0.11372549019607843 0.11372549019607843
            ambientIntensity 0.2235
            transparency 0.0
            shininess 0.5
        }
    }
    geometry IndexedFaceSet {
        ccw TRUE
        solid FALSE
        coord DEF co Coordinate {
            point [
                -0.4182 2.3622 0.7767, -0.4179 2.3622 0.7767, -0.4192 2.3622 0.7716, -0.4169 2.3622 0.7718, -0.42 2.3622 0.7682, -0.4158 2.3622 0.7683, -0.4378 2.3622 0.7182, -0.3975 2.3622 0.7185
            ]
        }
        coordIndex [
            0,1,2,-1,2,1,3,-1,2,3,4,-1,4,3,5,-1,4,5,6,-1,6,5,7,-1,
        ]
    }
}
Shape{
    appearance Appearance {
        material  Material 	{
            diffuseColor 1.0 1.0 1.0
            specularColor 0.5019607843137255 0.5019607843137255 0.5019607843137255
            ambientIntensity 1.0
            transparency 0.0
            shininess 0.5
        }
    }
    geometry IndexedFaceSet {
        ccw TRUE
        solid FALSE
        coord DEF co Coordinate {
            point [
                -0.053 2.3622 0.4976, -0.0529 2.3622 0.484, -0.053 2.3622 0.4976, -0.0529 2.3622 0.484, -0.0039 2.3622 0.498, -0.0039 2.3622 0.498, -0.0042 2.3622 0.5384, -0.0042 2.3622 0.5384, -0.0472 2.3622 0.5381, -0.0472 2.3622 0.5381, -0.0473 2.3622 0.5518, -0.0473 2.3622 0.5518, -0.0043 2.3622 0.5522, -0.0043 2.3622 0.5522, -0.0046 2.3622 0.5906, -0.0046 2.3622 0.5906, -0.0509 2.3622 0.5903, -0.0509 2.3622 0.5903, -0.051 2.3622 0.6041, -0.051 2.3622 0.6041, 0.0108 2.3622 0.6045, 0.0108 2.3622 0.6045, 0.0117 2.3622 0.4844, 0.0117 2.3622 0.4844, -0.1212 2.3622 0.4835, -0.1362 2.3622 0.4834, -0.1213 2.3622 0.4967, -0.1366 2.3622 0.5386, -0.1216 2.3622 0.538, -0.0887 2.3622 0.5202, -0.0923 2.3622 0.5219, -0.1209 2.3622 0.4967, -0.113 2.3622 0.499, -0.1185 2.3622 0.4931, -0.1087 2.3622 0.4962, -0.1014 2.3622 0.524, -0.1215 2.3622 0.5265, -0.1214 2.3622 0.5183, -0.1214 2.3622 0.5173, -0.1204 2.3622 0.5106, -0.1182 2.3622 0.5052, -0.1149 2.3622 0.5008, -0.1211 2.3622 0.5447, -0.1355 2.3622 0.5503, -0.1196 2.3622 0.55, -0.1331 2.3622 0.557, -0.1178 2.3622 0.5531, -0.1301 2.3622 0.5619, -0.1156 2.3622 0.5556, -0.1261 2.3622 0.5657, -0.1129 2.3622 0.5573, -0.1211 2.3622 0.5686, -0.1094 2.3622 0.5585, -0.1147 2.3622 0.5705, -0.1043 2.3622 0.5591, -0.1058 2.3622 0.5713, -0.095 2.3622 0.5582, -0.0907 2.3622 0.5696, -0.0856 2.3622 0.5549, -0.0794 2.3622 0.5654, -0.0762 2.3622 0.5489, -0.0763 2.3622 0.5636, -0.0858 2.3622 0.4992, -0.0747 2.3622 0.4885, -0.087 2.3622 0.4979, -0.0798 2.3622 0.485, -0.09 2.3622 0.4958, -0.0855 2.3622 0.4827, -0.0934 2.3622 0.4946, -0.0945 2.3622 0.4816, -0.0985 2.3622 0.4939, -0.1023 2.3622 0.4824, -0.1041 2.3622 0.4945, -0.1084 2.3622 0.4846, -0.1137 2.3622 0.4881, -0.0961 2.3622 0.5346, -0.0846 2.3622 0.5319, -0.0868 2.3622 0.5188, -0.0782 2.3622 0.5286, -0.085 2.3622 0.5166, -0.0736 2.3622 0.5246, -0.0837 2.3622 0.5138, -0.0706 2.3622 0.5204, -0.0829 2.3622 0.5103, -0.0685 2.3622 0.5151, -0.0827 2.3622 0.5079, -0.0675 2.3622 0.5068, -0.0831 2.3622 0.5045, -0.0682 2.3622 0.5, -0.0841 2.3622 0.5017, -0.07 2.3622 0.4949, -0.073 2.3622 0.4902, -0.1058 2.3622 0.5713, -0.0907 2.3622 0.5696, -0.0794 2.3622 0.5654, -0.0763 2.3622 0.5636, -0.0762 2.3622 0.5489, -0.0856 2.3622 0.5549, -0.095 2.3622 0.5582, -0.1043 2.3622 0.5591, -0.1094 2.3622 0.5585, -0.1129 2.3622 0.5573, -0.1156 2.3622 0.5556, -0.1178 2.3622 0.5531, -0.1196 2.3622 0.55, -0.1211 2.3622 0.5447, -0.1216 2.3622 0.538, -0.0961 2.3622 0.5346, -0.0846 2.3622 0.5319, -0.0782 2.3622 0.5286, -0.0736 2.3622 0.5246, -0.0706 2.3622 0.5204, -0.0685 2.3622 0.5151, -0.0675 2.3622 0.5068, -0.0682 2.3622 0.5, -0.07 2.3622 0.4949, -0.073 2.3622 0.4902, -0.0747 2.3622 0.4885, -0.0798 2.3622 0.485, -0.0855 2.3622 0.4827, -0.0945 2.3622 0.4816, -0.1023 2.3622 0.4824, -0.1084 2.3622 0.4846, -0.1137 2.3622 0.4881, -0.1185 2.3622 0.4931, -0.1209 2.3622 0.4967, -0.1213 2.3622 0.4967, -0.1212 2.3622 0.4835, -0.1362 2.3622 0.4834, -0.1366 2.3622 0.5386, -0.1355 2.3622 0.5503, -0.1331 2.3622 0.557, -0.1301 2.3622 0.5619, -0.1261 2.3622 0.5657, -0.1211 2.3622 0.5686, -0.1147 2.3622 0.5705, -0.0868 2.3622 0.5188, -0.0887 2.3622 0.5202, -0.0923 2.3622 0.5219, -0.1014 2.3622 0.524, -0.0827 2.3622 0.5079, -0.0829 2.3622 0.5103, -0.0837 2.3622 0.5138, -0.085 2.3622 0.5166, -0.087 2.3622 0.4979, -0.0858 2.3622 0.4992, -0.0841 2.3622 0.5017, -0.0831 2.3622 0.5045, -0.0985 2.3622 0.4939, -0.0934 2.3622 0.4946, -0.09 2.3622 0.4958, -0.1149 2.3622 0.5008, -0.113 2.3622 0.499, -0.1087 2.3622 0.4962, -0.1041 2.3622 0.4945, -0.1214 2.3622 0.5183, -0.1214 2.3622 0.5173, -0.1204 2.3622 0.5106, -0.1182 2.3622 0.5052, -0.1215 2.3622 0.5265
            ]
        }
        coordIndex [
            0,1,2,-1,2,1,3,-1,4,0,5,-1,5,0,2,-1,6,4,7,-1,7,4,5,-1,8,6,9,-1,9,6,7,-1,10,8,11,-1,11,8,9,-1,12,10,13,-1,13,10,11,-1,14,12,15,-1,15,12,13,-1,16,14,17,-1,17,14,15,-1,18,16,19,-1,19,16,17,-1,20,18,21,-1,21,18,19,-1,22,20,23,-1,23,20,21,-1,1,22,3,-1,3,22,23,-1,22,1,0,-1,0,4,22,-1,22,4,6,-1,22,6,20,-1,16,18,14,-1,14,18,20,-1,14,20,12,-1,12,20,6,-1,12,6,10,-1,10,6,8,-1,24,25,26,-1,26,25,27,-1,28,29,30,-1,31,32,33,-1,33,32,34,-1,35,36,27,-1,27,36,37,-1,37,38,27,-1,27,38,39,-1,27,39,26,-1,26,39,40,-1,26,40,31,-1,31,40,41,-1,31,41,32,-1,30,35,28,-1,28,35,27,-1,28,27,42,-1,42,27,43,-1,42,43,44,-1,44,43,45,-1,44,45,46,-1,46,45,47,-1,46,47,48,-1,48,47,49,-1,48,49,50,-1,50,49,51,-1,50,51,52,-1,52,51,53,-1,52,53,54,-1,54,53,55,-1,54,55,56,-1,56,55,57,-1,56,57,58,-1,58,57,59,-1,58,59,60,-1,60,59,61,-1,62,63,64,-1,64,63,65,-1,64,65,66,-1,66,65,67,-1,66,67,68,-1,68,67,69,-1,68,69,70,-1,70,69,71,-1,70,71,72,-1,72,71,73,-1,72,73,34,-1,34,73,74,-1,34,74,33,-1,28,75,29,-1,29,75,76,-1,29,76,77,-1,77,76,78,-1,77,78,79,-1,79,78,80,-1,79,80,81,-1,81,80,82,-1,81,82,83,-1,83,82,84,-1,83,84,85,-1,85,84,86,-1,85,86,87,-1,87,86,88,-1,87,88,89,-1,89,88,90,-1,89,90,62,-1,62,90,91,-1,62,91,63,-1,55,92,93,-1,55,93,57,-1,57,93,94,-1,57,94,59,-1,59,94,95,-1,59,95,61,-1,60,61,96,-1,96,61,95,-1,60,96,97,-1,60,97,58,-1,58,97,98,-1,58,98,56,-1,56,98,99,-1,56,99,54,-1,54,99,100,-1,54,100,52,-1,52,100,101,-1,52,101,50,-1,50,101,102,-1,50,102,48,-1,48,102,103,-1,48,103,46,-1,46,103,104,-1,46,104,44,-1,44,104,105,-1,44,105,42,-1,42,105,106,-1,42,106,28,-1,75,28,107,-1,107,28,106,-1,75,107,108,-1,75,108,76,-1,76,108,109,-1,76,109,78,-1,78,109,110,-1,78,110,80,-1,80,110,111,-1,80,111,82,-1,82,111,112,-1,82,112,84,-1,84,112,113,-1,84,113,86,-1,86,113,114,-1,86,114,88,-1,88,114,115,-1,88,115,90,-1,90,115,116,-1,90,116,91,-1,91,116,117,-1,91,117,63,-1,63,117,118,-1,63,118,65,-1,65,118,119,-1,65,119,67,-1,67,119,120,-1,67,120,69,-1,69,120,121,-1,69,121,71,-1,71,121,122,-1,71,122,73,-1,73,122,123,-1,73,123,74,-1,74,123,124,-1,74,124,33,-1,33,124,125,-1,33,125,31,-1,26,31,126,-1,126,31,125,-1,24,26,127,-1,127,26,126,-1,25,24,128,-1,128,24,127,-1,27,25,129,-1,129,25,128,-1,27,129,130,-1,27,130,43,-1,43,130,131,-1,43,131,45,-1,45,131,132,-1,45,132,47,-1,47,132,133,-1,47,133,49,-1,49,133,134,-1,49,134,51,-1,51,134,135,-1,51,135,53,-1,53,135,92,-1,53,92,55,-1,77,136,137,-1,77,137,29,-1,29,137,138,-1,29,138,30,-1,30,138,139,-1,30,139,35,-1,85,140,141,-1,85,141,83,-1,83,141,142,-1,83,142,81,-1,81,142,143,-1,81,143,79,-1,79,143,136,-1,79,136,77,-1,64,144,145,-1,64,145,62,-1,62,145,146,-1,62,146,89,-1,89,146,147,-1,89,147,87,-1,87,147,140,-1,87,140,85,-1,70,148,149,-1,70,149,68,-1,68,149,150,-1,68,150,66,-1,66,150,144,-1,66,144,64,-1,41,151,152,-1,41,152,32,-1,32,152,153,-1,32,153,34,-1,34,153,154,-1,34,154,72,-1,72,154,148,-1,72,148,70,-1,37,155,156,-1,37,156,38,-1,38,156,157,-1,38,157,39,-1,39,157,158,-1,39,158,40,-1,40,158,151,-1,40,151,41,-1,37,36,155,-1,155,36,159,-1,36,35,159,-1,159,35,139,-1,
        ]
    }
}
Shape{
    appearance Appearance {
        material  Material 	{
            diffuseColor 0.2235294117647059 0.2235294117647059 0.2235294117647059
            specularColor 0.11372549019607843 0.11372549019607843 0.11372549019607843
            ambientIntensity 0.2235
            transparency 0.0
            shininess 0.5
        }
    }
    geometry IndexedFaceSet {
        ccw TRUE
        solid FALSE
        coord DEF co Coordinate {
            point [
                -0.1214 2.3622 0.5173, -0.1214 2.3622 0.5183, -0.0868 2.3622 0.5188, -0.1215 2.3622 0.5265, -0.1014 2.3622 0.524, -0.0923 2.3622 0.5219, -0.0887 2.3622 0.5202, -0.1204 2.3622 0.5106, -0.085 2.3622 0.5166, -0.1182 2.3622 0.5052, -0.0858 2.3622 0.4992, -0.087 2.3622 0.4979, -0.113 2.3622 0.499, -0.0841 2.3622 0.5017, -0.1087 2.3622 0.4962, -0.1041 2.3622 0.4945, -0.0985 2.3622 0.4939, -0.0837 2.3622 0.5138, -0.0829 2.3622 0.5103, -0.1149 2.3622 0.5008, -0.0827 2.3622 0.5079, -0.0831 2.3622 0.5045, -0.09 2.3622 0.4958, -0.0934 2.3622 0.4946
            ]
        }
        coordIndex [
            0,1,2,-1,1,3,4,-1,4,5,1,-1,1,5,6,-1,1,6,2,-1,0,2,7,-1,7,2,8,-1,7,8,9,-1,10,11,12,-1,10,12,13,-1,14,12,15,-1,15,12,16,-1,8,17,9,-1,9,17,18,-1,9,18,19,-1,19,18,20,-1,19,20,12,-1,12,20,21,-1,12,21,13,-1,11,22,12,-1,12,22,23,-1,12,23,16,-1,
        ]
    }
}
Shape{
    appearance Appearance {
        material  Material 	{
            diffuseColor 1.0 1.0 1.0
            specularColor 0.5019607843137255 0.5019607843137255 0.5019607843137255
            ambientIntensity 1.0
            transparency 0.0
            shininess 0.5
        }
    }
    geometry IndexedFaceSet {
        ccw TRUE
        solid FALSE
        coord DEF co Coordinate {
            point [
                -0.1568 2.3622 0.5018, -0.1568 2.3622 0.5018, -0.1622 2.3622 0.4983, -0.1814 2.3622 0.4933, -0.1814 2.3622 0.4933, -0.1716 2.3622 0.4946, -0.1716 2.3622 0.4946, -0.1643 2.3622 0.4975, -0.1622 2.3622 0.4983, -0.1566 2.3622 0.4862, -0.1566 2.3622 0.4862, -0.1664 2.3622 0.4826, -0.1643 2.3622 0.4834, -0.1664 2.3622 0.4826, -0.1795 2.3622 0.4811, -0.1799 2.3622 0.481, -0.1799 2.3622 0.481, -0.1803 2.3622 0.4811, -0.1919 2.3622 0.4822, -0.1919 2.3622 0.4822, -0.2002 2.3622 0.485, -0.2002 2.3622 0.485, -0.2049 2.3622 0.4877, -0.2049 2.3622 0.4877, -0.2092 2.3622 0.4914, -0.2092 2.3622 0.4914, -0.2121 2.3622 0.4953, -0.2121 2.3622 0.4953, -0.214 2.3622 0.5001, -0.214 2.3622 0.5001, -0.2147 2.3622 0.5061, -0.2147 2.3622 0.5061, -0.2141 2.3622 0.5118, -0.2141 2.3622 0.5118, -0.2126 2.3622 0.5162, -0.2126 2.3622 0.5162, -0.2098 2.3622 0.5204, -0.2098 2.3622 0.5204, -0.2062 2.3622 0.5236, -0.2062 2.3622 0.5236, -0.1963 2.3622 0.5292, -0.1963 2.3622 0.5292, -0.1905 2.3622 0.5316, -0.1905 2.3622 0.5316, -0.1812 2.3622 0.5357, -0.1812 2.3622 0.5357, -0.1759 2.3622 0.5391, -0.1759 2.3622 0.5391, -0.1744 2.3622 0.5407, -0.1744 2.3622 0.5407, -0.1734 2.3622 0.5427, -0.1734 2.3622 0.5427, -0.1728 2.3622 0.5451, -0.1728 2.3622 0.5451, -0.1727 2.3622 0.5471, -0.1727 2.3622 0.5471, -0.173 2.3622 0.5495, -0.173 2.3622 0.5495, -0.1737 2.3622 0.5515, -0.1737 2.3622 0.5515, -0.175 2.3622 0.5534, -0.175 2.3622 0.5534, -0.1773 2.3622 0.5554, -0.1773 2.3622 0.5554, -0.1807 2.3622 0.5572, -0.1807 2.3622 0.5572, -0.1847 2.3622 0.5582, -0.1847 2.3622 0.5582, -0.1892 2.3622 0.5585, -0.1892 2.3622 0.5585, -0.1994 2.3622 0.5572, -0.1994 2.3622 0.5572, -0.2079 2.3622 0.5539, -0.2079 2.3622 0.5539, -0.2109 2.3622 0.5522, -0.2109 2.3622 0.5522, -0.211 2.3622 0.5668, -0.211 2.3622 0.5668, -0.2007 2.3622 0.5698, -0.2007 2.3622 0.5698, -0.1907 2.3622 0.5707, -0.1907 2.3622 0.5707, -0.1796 2.3622 0.5696, -0.1796 2.3622 0.5696, -0.1713 2.3622 0.5667, -0.1713 2.3622 0.5667, -0.1669 2.3622 0.5641, -0.1669 2.3622 0.5641, -0.1624 2.3622 0.5601, -0.1643 2.3622 0.5617, -0.1624 2.3622 0.5601, -0.1596 2.3622 0.5561, -0.1596 2.3622 0.5561, -0.1578 2.3622 0.5512, -0.1578 2.3622 0.5512, -0.1572 2.3622 0.5459, -0.1572 2.3622 0.5459, -0.1578 2.3622 0.54, -0.1578 2.3622 0.54, -0.1594 2.3622 0.5354, -0.1594 2.3622 0.5354, -0.1613 2.3622 0.5323, -0.1613 2.3622 0.5323, -0.1798 2.3622 0.5208, -0.1798 2.3622 0.5208, -0.1708 2.3622 0.5249, -0.1638 2.3622 0.5297, -0.1638 2.3622 0.5297, -0.1643 2.3622 0.5293, -0.1708 2.3622 0.5249, -0.1896 2.3622 0.5166, -0.1896 2.3622 0.5166, -0.1955 2.3622 0.513, -0.1955 2.3622 0.513, -0.1973 2.3622 0.511, -0.1973 2.3622 0.511, -0.1985 2.3622 0.509, -0.1985 2.3622 0.509, -0.1991 2.3622 0.5067, -0.1991 2.3622 0.5067, -0.1993 2.3622 0.5048, -0.1993 2.3622 0.5048, -0.1989 2.3622 0.5019, -0.1989 2.3622 0.5019, -0.1982 2.3622 0.4998, -0.1982 2.3622 0.4998, -0.1968 2.3622 0.4978, -0.1968 2.3622 0.4978, -0.1951 2.3622 0.4963, -0.1951 2.3622 0.4963, -0.1937 2.3622 0.4955, -0.1937 2.3622 0.4955, -0.1898 2.3622 0.4941, -0.1898 2.3622 0.4941, -0.1821 2.3622 0.4933, -0.1821 2.3622 0.4933, -0.2897 2.3622 0.5681, -0.3053 2.3622 0.5679, -0.2897 2.3622 0.5681, -0.3053 2.3622 0.5679, -0.2658 2.3622 0.5036, -0.2658 2.3622 0.5036, -0.2647 2.3622 0.4996, -0.2647 2.3622 0.4996, -0.264 2.3622 0.4967, -0.264 2.3622 0.4967, -0.2636 2.3622 0.4967, -0.2636 2.3622 0.4967, -0.2618 2.3622 0.5038, -0.2618 2.3622 0.5038, -0.2398 2.3622 0.5684, -0.2398 2.3622 0.5684, -0.2479 2.3622 0.5447, -0.223 2.3622 0.5685, -0.223 2.3622 0.5685, -0.256 2.3622 0.4827, -0.256 2.3622 0.4827, -0.2479 2.3622 0.5039, -0.2493 2.3622 0.4672, -0.2493 2.3622 0.4672, -0.2553 2.3622 0.4811, -0.2479 2.3622 0.4645, -0.2463 2.3622 0.4618, -0.2463 2.3622 0.4618, -0.2457 2.3622 0.4611, -0.2435 2.3622 0.4586, -0.2435 2.3622 0.4586, -0.2408 2.3622 0.4568, -0.2408 2.3622 0.4568, -0.2375 2.3622 0.4556, -0.2375 2.3622 0.4556, -0.2338 2.3622 0.4552, -0.2338 2.3622 0.4552, -0.2284 2.3622 0.4559, -0.2284 2.3622 0.4559, -0.2253 2.3622 0.4569, -0.2253 2.3622 0.4569, -0.2252 2.3622 0.4436, -0.2252 2.3622 0.4436, -0.2316 2.3622 0.4424, -0.2316 2.3622 0.4424, -0.2349 2.3622 0.4423, -0.2349 2.3622 0.4423, -0.241 2.3622 0.4429, -0.241 2.3622 0.4429, -0.2469 2.3622 0.4451, -0.2469 2.3622 0.4451, -0.2479 2.3622 0.4458, -0.2522 2.3622 0.4488, -0.2657 2.3622 0.4695, -0.2657 2.3622 0.4695, -0.2613 2.3622 0.4611, -0.2588 2.3622 0.4563, -0.2588 2.3622 0.4563, -0.2532 2.3622 0.4497, -0.2532 2.3622 0.4497, -0.2522 2.3622 0.4488, -0.2704 2.3622 0.4811, -0.3856 2.3622 0.4953, -0.3855 2.3622 0.4816, -0.3856 2.3622 0.4953, -0.3855 2.3622 0.4816, -0.3365 2.3622 0.4956, -0.3365 2.3622 0.4956, -0.3605 2.3622 0.4955, -0.3368 2.3622 0.536, -0.3368 2.3622 0.536, -0.3798 2.3622 0.5357, -0.3798 2.3622 0.5357, -0.3605 2.3622 0.5359, -0.3799 2.3622 0.5495, -0.3799 2.3622 0.5495, -0.3369 2.3622 0.5498, -0.3369 2.3622 0.5498, -0.3605 2.3622 0.5496, -0.3372 2.3622 0.5882, -0.3372 2.3622 0.5882, -0.3835 2.3622 0.5879, -0.3835 2.3622 0.5879, -0.3605 2.3622 0.5881, -0.3836 2.3622 0.6017, -0.3836 2.3622 0.6017, -0.3218 2.3622 0.6022, -0.3218 2.3622 0.6022, -0.3605 2.3622 0.6019, -0.3209 2.3622 0.4821, -0.3209 2.3622 0.4821, -0.3605 2.3622 0.4818, -0.4831 2.3622 0.5146, -0.477 2.3622 0.5072, -0.488 2.3622 0.4977, -0.4756 2.3622 0.5058, -0.4753 2.3622 0.4887, -0.4678 2.3622 0.5005, -0.4615 2.3622 0.4835, -0.4578 2.3622 0.4967, -0.4412 2.3622 0.4812, -0.4413 2.3622 0.4949, -0.4082 2.3622 0.4814, -0.4238 2.3622 0.495, -0.4091 2.3622 0.6015, -0.4245 2.3622 0.5876, -0.4433 2.3622 0.6013, -0.4426 2.3622 0.5875, -0.4616 2.3622 0.5991, -0.4585 2.3622 0.5855, -0.4761 2.3622 0.5937, -0.4688 2.3622 0.5816, -0.4886 2.3622 0.5851, -0.4772 2.3622 0.5759, -0.4929 2.3622 0.5808, -0.4806 2.3622 0.5725, -0.5002 2.3622 0.5703, -0.4852 2.3622 0.5658, -0.5046 2.3622 0.5588, -0.4885 2.3622 0.5569, -0.5064 2.3622 0.5423, -0.4901 2.3622 0.542, -0.5057 2.3622 0.5324, -0.4897 2.3622 0.5345, -0.5023 2.3622 0.5187, -0.4873 2.3622 0.5235, -0.4958 2.3622 0.5066, -0.4412 2.3622 0.4812, -0.4082 2.3622 0.4814, -0.4615 2.3622 0.4835, -0.4753 2.3622 0.4887, -0.488 2.3622 0.4977, -0.4958 2.3622 0.5066, -0.5023 2.3622 0.5187, -0.5057 2.3622 0.5324, -0.5064 2.3622 0.5423, -0.5046 2.3622 0.5588, -0.5002 2.3622 0.5703, -0.4929 2.3622 0.5808, -0.4886 2.3622 0.5851, -0.4761 2.3622 0.5937, -0.4616 2.3622 0.5991, -0.4433 2.3622 0.6013, -0.4091 2.3622 0.6015, -0.4426 2.3622 0.5875, -0.4245 2.3622 0.5876, -0.4238 2.3622 0.495, -0.4413 2.3622 0.4949, -0.477 2.3622 0.5072, -0.4756 2.3622 0.5058, -0.4678 2.3622 0.5005, -0.4578 2.3622 0.4967, -0.4901 2.3622 0.542, -0.4897 2.3622 0.5345, -0.4873 2.3622 0.5235, -0.4831 2.3622 0.5146, -0.4772 2.3622 0.5759, -0.4806 2.3622 0.5725, -0.4852 2.3622 0.5658, -0.4885 2.3622 0.5569, -0.4585 2.3622 0.5855, -0.4688 2.3622 0.5816
            ]
        }
        coordIndex [
            0,1,2,-1,3,4,5,-1,3,5,6,-1,6,5,7,-1,6,7,2,-1,2,7,8,-1,2,8,0,-1,9,1,10,-1,10,1,0,-1,11,9,12,-1,12,9,10,-1,12,13,11,-1,11,13,14,-1,11,14,15,-1,15,14,16,-1,15,16,17,-1,15,17,18,-1,17,19,18,-1,18,19,20,-1,18,20,21,-1,21,20,22,-1,21,22,23,-1,23,22,24,-1,23,24,25,-1,25,24,26,-1,25,26,27,-1,27,26,28,-1,27,28,29,-1,29,28,30,-1,29,30,31,-1,31,30,32,-1,31,32,33,-1,33,32,34,-1,33,34,35,-1,35,34,36,-1,35,36,37,-1,37,36,38,-1,37,38,39,-1,39,38,40,-1,39,40,41,-1,41,40,42,-1,41,42,43,-1,43,42,44,-1,43,44,45,-1,45,44,46,-1,45,46,47,-1,47,46,48,-1,47,48,49,-1,49,48,50,-1,49,50,51,-1,51,50,52,-1,51,52,53,-1,53,52,54,-1,53,54,55,-1,55,54,56,-1,55,56,57,-1,57,56,58,-1,57,58,59,-1,59,58,60,-1,59,60,61,-1,61,60,62,-1,61,62,63,-1,63,62,64,-1,63,64,65,-1,65,64,66,-1,65,66,67,-1,67,66,68,-1,67,68,69,-1,69,68,70,-1,69,70,71,-1,71,70,72,-1,71,72,73,-1,73,72,74,-1,73,74,75,-1,76,75,77,-1,77,75,74,-1,76,77,78,-1,76,78,79,-1,79,78,80,-1,79,80,81,-1,81,80,82,-1,81,82,83,-1,83,82,84,-1,83,84,85,-1,85,84,86,-1,85,86,87,-1,88,87,89,-1,89,87,86,-1,89,90,88,-1,88,90,91,-1,88,91,92,-1,92,91,93,-1,92,93,94,-1,94,93,95,-1,94,95,96,-1,96,95,97,-1,96,97,98,-1,98,97,99,-1,98,99,100,-1,100,99,101,-1,100,101,102,-1,103,104,105,-1,102,101,106,-1,102,106,107,-1,107,106,108,-1,107,108,105,-1,105,108,109,-1,105,109,103,-1,104,103,110,-1,104,110,111,-1,111,110,112,-1,111,112,113,-1,113,112,114,-1,113,114,115,-1,115,114,116,-1,115,116,117,-1,117,116,118,-1,117,118,119,-1,119,118,120,-1,119,120,121,-1,121,120,122,-1,121,122,123,-1,123,122,124,-1,123,124,125,-1,125,124,126,-1,125,126,127,-1,127,126,128,-1,127,128,129,-1,129,128,130,-1,129,130,131,-1,131,130,132,-1,131,132,133,-1,133,132,134,-1,133,134,135,-1,135,134,4,-1,135,4,3,-1,61,63,85,-1,85,63,83,-1,111,43,104,-1,104,43,45,-1,21,23,127,-1,127,23,25,-1,127,25,125,-1,125,25,27,-1,125,27,123,-1,123,27,29,-1,123,29,121,-1,121,29,31,-1,121,31,119,-1,119,31,33,-1,119,33,117,-1,117,33,35,-1,117,35,115,-1,115,35,37,-1,115,37,113,-1,113,37,39,-1,113,39,111,-1,111,39,41,-1,111,41,43,-1,15,3,11,-1,11,3,6,-1,11,6,9,-1,9,6,2,-1,9,2,1,-1,63,65,83,-1,83,65,67,-1,83,67,81,-1,81,67,69,-1,81,69,79,-1,79,69,71,-1,79,71,76,-1,76,71,73,-1,76,73,75,-1,127,129,21,-1,21,129,131,-1,21,131,18,-1,18,131,133,-1,18,133,15,-1,15,133,135,-1,15,135,3,-1,85,87,61,-1,61,87,88,-1,61,88,59,-1,59,88,92,-1,59,92,57,-1,57,92,94,-1,57,94,55,-1,55,94,96,-1,55,96,53,-1,53,96,98,-1,53,98,51,-1,51,98,100,-1,51,100,49,-1,49,100,102,-1,49,102,47,-1,47,102,107,-1,47,107,45,-1,45,107,105,-1,45,105,104,-1,136,137,138,-1,138,137,139,-1,140,136,141,-1,141,136,138,-1,140,141,142,-1,140,142,143,-1,143,142,144,-1,143,144,145,-1,146,145,147,-1,147,145,144,-1,148,146,149,-1,149,146,147,-1,150,151,152,-1,152,151,148,-1,152,148,149,-1,153,151,154,-1,154,151,150,-1,155,156,157,-1,157,156,153,-1,157,153,154,-1,158,159,160,-1,160,159,156,-1,160,156,155,-1,159,158,161,-1,159,161,162,-1,161,163,162,-1,162,163,164,-1,162,164,165,-1,164,166,165,-1,165,166,167,-1,165,167,168,-1,168,167,169,-1,168,169,170,-1,170,169,171,-1,170,171,172,-1,172,171,173,-1,172,173,174,-1,174,173,175,-1,174,175,176,-1,177,176,178,-1,178,176,175,-1,177,178,179,-1,177,179,180,-1,180,179,181,-1,180,181,182,-1,182,181,183,-1,182,183,184,-1,184,183,185,-1,184,185,186,-1,186,185,187,-1,186,187,188,-1,189,190,191,-1,191,190,192,-1,191,192,193,-1,193,192,194,-1,193,194,195,-1,195,194,188,-1,195,188,196,-1,196,188,187,-1,139,137,197,-1,197,137,190,-1,197,190,189,-1,143,145,190,-1,137,136,190,-1,190,136,140,-1,190,140,143,-1,151,153,148,-1,148,153,156,-1,148,156,146,-1,176,177,174,-1,174,177,180,-1,174,180,172,-1,172,180,182,-1,172,182,170,-1,170,182,184,-1,170,184,168,-1,168,184,186,-1,168,186,165,-1,192,162,194,-1,194,162,165,-1,194,165,188,-1,188,165,186,-1,145,146,190,-1,190,146,156,-1,190,156,192,-1,192,156,159,-1,192,159,162,-1,198,199,200,-1,200,199,201,-1,202,203,204,-1,204,203,198,-1,204,198,200,-1,205,203,206,-1,206,203,202,-1,207,208,209,-1,209,208,205,-1,209,205,206,-1,210,208,211,-1,211,208,207,-1,212,213,214,-1,214,213,210,-1,214,210,211,-1,215,213,216,-1,216,213,212,-1,217,218,219,-1,219,218,215,-1,219,215,216,-1,220,218,221,-1,221,218,217,-1,222,223,224,-1,224,223,220,-1,224,220,221,-1,225,223,226,-1,226,223,222,-1,201,199,227,-1,227,199,225,-1,227,225,226,-1,225,199,198,-1,198,203,225,-1,225,203,205,-1,225,205,223,-1,218,220,215,-1,215,220,223,-1,215,223,213,-1,213,223,205,-1,213,205,210,-1,210,205,208,-1,228,229,230,-1,230,229,231,-1,230,231,232,-1,232,231,233,-1,232,233,234,-1,234,233,235,-1,234,235,236,-1,236,235,237,-1,236,237,238,-1,238,237,239,-1,238,239,240,-1,240,239,241,-1,240,241,242,-1,242,241,243,-1,242,243,244,-1,244,243,245,-1,244,245,246,-1,246,245,247,-1,246,247,248,-1,248,247,249,-1,248,249,250,-1,250,249,251,-1,250,251,252,-1,252,251,253,-1,252,253,254,-1,254,253,255,-1,254,255,256,-1,256,255,257,-1,256,257,258,-1,258,257,259,-1,258,259,260,-1,260,259,261,-1,260,261,262,-1,262,261,228,-1,262,228,230,-1,236,238,263,-1,263,238,264,-1,236,263,265,-1,236,265,234,-1,234,265,266,-1,234,266,232,-1,232,266,267,-1,232,267,230,-1,230,267,268,-1,230,268,262,-1,262,268,269,-1,262,269,260,-1,260,269,270,-1,260,270,258,-1,258,270,271,-1,258,271,256,-1,256,271,272,-1,256,272,254,-1,254,272,273,-1,254,273,252,-1,252,273,274,-1,252,274,250,-1,250,274,275,-1,250,275,248,-1,248,275,276,-1,248,276,246,-1,246,276,277,-1,246,277,244,-1,244,277,278,-1,244,278,242,-1,240,242,279,-1,279,242,278,-1,238,240,264,-1,264,240,279,-1,243,241,280,-1,280,241,281,-1,241,239,281,-1,281,239,282,-1,239,237,282,-1,282,237,283,-1,229,284,285,-1,229,285,231,-1,231,285,286,-1,231,286,233,-1,233,286,287,-1,233,287,235,-1,235,287,283,-1,235,283,237,-1,257,288,289,-1,257,289,259,-1,259,289,290,-1,259,290,261,-1,261,290,291,-1,261,291,228,-1,228,291,284,-1,228,284,229,-1,249,292,293,-1,249,293,251,-1,251,293,294,-1,251,294,253,-1,253,294,295,-1,253,295,255,-1,255,295,288,-1,255,288,257,-1,243,280,296,-1,243,296,245,-1,245,296,297,-1,245,297,247,-1,247,297,292,-1,247,292,249,-1,
        ]
    }
}
Shape{
    appearance Appearance {
        material  Material 	{
            diffuseColor 0.2235294117647059 0.2235294117647059 0.2235294117647059
            specularColor 0.11372549019607843 0.11372549019607843 0.11372549019607843
            ambientIntensity 0.2235
            transparency 0.0
            shininess 0.5
        }
    }
    geometry IndexedFaceSet {
        ccw TRUE
        solid FALSE
        coord DEF co Coordinate {
            point [
                -0.4245 2.3622 0.5876, -0.4238 2.3622 0.495, -0.4426 2.3622 0.5875, -0.4413 2.3622 0.4949, -0.4578 2.3622 0.4967, -0.4678 2.3622 0.5005, -0.4756 2.3622 0.5058, -0.477 2.3622 0.5072, -0.4831 2.3622 0.5146, -0.4873 2.3622 0.5235, -0.4901 2.3622 0.542, -0.4772 2.3622 0.5759, -0.4688 2.3622 0.5816, -0.4885 2.3622 0.5569, -0.4852 2.3622 0.5658, -0.4806 2.3622 0.5725, -0.4897 2.3622 0.5345, -0.4585 2.3622 0.5855
            ]
        }
        coordIndex [
            0,1,2,-1,2,1,3,-1,3,4,2,-1,2,4,5,-1,2,5,6,-1,6,7,2,-1,2,7,8,-1,2,8,9,-1,10,11,12,-1,13,14,10,-1,10,14,15,-1,10,15,11,-1,9,16,2,-1,2,16,10,-1,2,10,17,-1,17,10,12,-1,
        ]
    }
}
Shape{
    appearance Appearance {
        material  Material 	{
            diffuseColor 1.0 1.0 1.0
            specularColor 0.5019607843137255 0.5019607843137255 0.5019607843137255
            ambientIntensity 1.0
            transparency 0.0
            shininess 0.5
        }
    }
    geometry IndexedFaceSet {
        ccw TRUE
        solid FALSE
        coord DEF co Coordinate {
            point [
                -0.5466 2.3622 0.5269, -0.5649 2.3622 0.5767, -0.5593 2.3622 0.6005, -0.5127 2.3622 0.4807, -0.5298 2.3622 0.4806, -0.5416 2.3622 0.5133, -0.566 2.3622 0.5802, -0.5669 2.3622 0.5851, -0.5758 2.3622 0.6004, -0.5673 2.3622 0.5851, -0.5682 2.3622 0.58, -0.5691 2.3622 0.5766, -0.5869 2.3622 0.5266, -0.6207 2.3622 0.4799, -0.6036 2.3622 0.4801, -0.5916 2.3622 0.513, -0.5758 2.3622 0.6004, -0.6203 2.3622 0.4811, -0.6207 2.3622 0.4799, -0.5593 2.3622 0.6005, -0.5127 2.3622 0.4807, -0.5128 2.3622 0.4811, -0.5298 2.3622 0.4806, -0.5416 2.3622 0.5133, -0.53 2.3622 0.4811, -0.5916 2.3622 0.513, -0.6036 2.3622 0.4801, -0.6032 2.3622 0.4811, -0.5466 2.3622 0.5269, -0.5869 2.3622 0.5266, -0.5691 2.3622 0.5766, -0.5673 2.3622 0.5851, -0.5682 2.3622 0.58, -0.5669 2.3622 0.5851, -0.5649 2.3622 0.5767, -0.566 2.3622 0.5802
            ]
        }
        coordIndex [
            0,1,2,-1,3,4,5,-1,1,6,2,-1,2,6,7,-1,2,7,8,-1,8,7,9,-1,8,9,10,-1,10,11,8,-1,8,11,12,-1,8,12,13,-1,14,13,15,-1,15,13,12,-1,15,12,5,-1,5,12,0,-1,5,0,3,-1,3,0,2,-1,16,8,17,-1,17,8,13,-1,17,13,18,-1,2,8,19,-1,19,8,16,-1,20,3,21,-1,21,3,2,-1,21,2,19,-1,4,3,22,-1,22,3,20,-1,23,5,24,-1,24,5,4,-1,24,4,22,-1,15,5,25,-1,25,5,23,-1,26,14,27,-1,27,14,15,-1,27,15,25,-1,13,14,18,-1,18,14,26,-1,0,12,28,-1,28,12,29,-1,12,11,29,-1,29,11,30,-1,9,31,32,-1,9,32,10,-1,10,32,30,-1,10,30,11,-1,9,7,31,-1,31,7,33,-1,1,34,35,-1,1,35,6,-1,6,35,33,-1,6,33,7,-1,1,0,34,-1,34,0,28,-1,
        ]
    }
}
Shape{
    appearance Appearance {
        material  Material 	{
            diffuseColor 0.2235294117647059 0.2235294117647059 0.2235294117647059
            specularColor 0.11372549019607843 0.11372549019607843 0.11372549019607843
            ambientIntensity 0.2235
            transparency 0.0
            shininess 0.5
        }
    }
    geometry IndexedFaceSet {
        ccw TRUE
        solid FALSE
        coord DEF co Coordinate {
            point [
                -0.5673 2.3622 0.5851, -0.5669 2.3622 0.5851, -0.5682 2.3622 0.58, -0.566 2.3622 0.5802, -0.5691 2.3622 0.5766, -0.5649 2.3622 0.5767, -0.5869 2.3622 0.5266, -0.5466 2.3622 0.5269
            ]
        }
        coordIndex [
            0,1,2,-1,2,1,3,-1,2,3,4,-1,4,3,5,-1,4,5,6,-1,6,5,7,-1,
        ]
    }
}
Shape{
    appearance Appearance {
        material  Material 	{
            diffuseColor 1.0 1.0 1.0
            specularColor 0.5019607843137255 0.5019607843137255 0.5019607843137255
            ambientIntensity 1.0
            transparency 0.0
            shininess 0.5
        }
    }
    geometry IndexedFaceSet {
        ccw TRUE
        solid FALSE
        coord DEF co Coordinate {
            point [
                0.5422 2.3622 0.4711, 0.5296 2.3622 0.4554, 0.5494 2.3622 0.5467, 0.2639 2.3622 0.5866, 0.29 2.3622 0.632, 0.4049 2.3622 0.573, 0.4629 2.3622 0.5479, 0.4549 2.3622 0.545, 0.5632 2.3622 0.6952, 0.5441 2.3622 0.7052, 0.5482 2.3622 0.7578, 0.4949 2.3622 0.7598, 0.4689 2.3622 0.6973, 0.4557 2.3622 0.7242, 0.5679 2.3622 0.5583, 0.5614 2.3622 0.4928, 0.5507 2.3622 0.4895, 0.5146 2.3622 0.7617, 0.4481 2.3622 0.5403, 0.4427 2.3622 0.5342, 0.3839 2.3622 0.5242, 0.4783 2.3622 0.5477, 0.4891 2.3622 0.6002, 0.4858 2.3622 0.5448, 0.5081 2.3622 0.5931, 0.4925 2.3622 0.5401, 0.5256 2.3622 0.5811, 0.4959 2.3622 0.5366, 0.5398 2.3622 0.565, 0.5004 2.3622 0.5296, 0.5029 2.3622 0.5215, 0.5034 2.3622 0.5132, 0.4378 2.3622 0.5966, 0.4584 2.3622 0.6018, 0.4687 2.3622 0.6025, 0.2351 2.3622 0.6709, 0.2283 2.3622 0.6708, 0.1929 2.3622 0.7167, 0.212 2.3622 0.6687, 0.1888 2.3622 0.7153, 0.1972 2.3622 0.6629, 0.1635 2.3622 0.7025, 0.1404 2.3622 0.6827, 0.4773 2.3622 0.7801, 0.4363 2.3622 0.747, 0.4571 2.3622 0.7971, 0.4133 2.3622 0.7635, 0.435 2.3622 0.8105, 0.523 2.3622 0.71, 0.5141 2.3622 0.7104, 0.5047 2.3622 0.7611, 0.494 2.3622 0.7078, 0.4749 2.3622 0.7007, 0.439 2.3622 0.5271, 0.4371 2.3622 0.5192, 0.3839 2.3622 0.5157, 0.4371 2.3622 0.5114, 0.3845 2.3622 0.5067, 0.1414 2.3622 0.5233, 0.1809 2.3622 0.5575, 0.1647 2.3622 0.5038, 0.1936 2.3622 0.5473, 0.1909 2.3622 0.4913, 0.2087 2.3622 0.5404, 0.2193 2.3622 0.4855, 0.2241 2.3622 0.5376, 0.2697 2.3622 0.4858, 0.2625 2.3622 0.5379, 0.2745 2.3622 0.4866, 0.47 2.3622 0.5487, 0.4197 2.3622 0.5867, 0.184 2.3622 0.6535, 0.1743 2.3622 0.6425, 0.1232 2.3622 0.6583, 0.1664 2.3622 0.6277, 0.1129 2.3622 0.6322, 0.1625 2.3622 0.6113, 0.1092 2.3622 0.6042, 0.1621 2.3622 0.6038, 0.1133 2.3622 0.5738, 0.1643 2.3622 0.5871, 0.1242 2.3622 0.5468, 0.1703 2.3622 0.572, 0.1798 2.3622 0.5587, 0.2386 2.3622 0.7845, 0.2723 2.3622 0.7455, 0.2104 2.3622 0.7514, 0.2532 2.3622 0.7224, 0.2402 2.3622 0.6948, 0.5974 2.3622 0.6463, 0.6536 2.3622 0.6325, 0.6001 2.3622 0.6257, 0.6539 2.3622 0.6243, 0.5991 2.3622 0.6124, 0.65 2.3622 0.5908, 0.5931 2.3622 0.5915, 0.638 2.3622 0.559, 0.5831 2.3622 0.5742, 0.6187 2.3622 0.531, 0.5922 2.3622 0.5081, 0.5019 2.3622 0.5052, 0.4986 2.3622 0.498, 0.3954 2.3622 0.8251, 0.3854 2.3622 0.7746, 0.3544 2.3622 0.8297, 0.3539 2.3622 0.7785, 0.3166 2.3622 0.8252, 0.325 2.3622 0.7747, 0.2741 2.3622 0.8091, 0.2983 2.3622 0.7643, 0.2744 2.3622 0.7474, 0.58 2.3622 0.7457, 0.6072 2.3622 0.7268, 0.578 2.3622 0.6822, 0.6131 2.3622 0.7214, 0.5899 2.3622 0.6653, 0.6338 2.3622 0.6952, 0.6476 2.3622 0.6646, 0.3896 2.3622 0.4857, 0.4392 2.3622 0.5032, 0.3999 2.3622 0.4667, 0.4433 2.3622 0.4959, 0.4131 2.3622 0.4522, 0.4479 2.3622 0.4907, 0.4301 2.3622 0.4405, 0.4545 2.3622 0.4861, 0.4492 2.3622 0.4333, 0.4619 2.3622 0.4832, 0.4699 2.3622 0.4309, 0.4704 2.3622 0.4821, 0.4732 2.3622 0.431, 0.4719 2.3622 0.4822, 0.4933 2.3622 0.4343, 0.4795 2.3622 0.4835, 0.513 2.3622 0.4427, 0.4872 2.3622 0.4868, 0.4937 2.3622 0.4919, 0.2668 2.3622 0.5387, 0.2876 2.3622 0.4949, 0.2857 2.3622 0.4929, 0.2643 2.3622 0.5381, 0.2802 2.3622 0.4889, 0.2943 2.3622 0.5125, 0.2935 2.3622 0.5061, 0.2913 2.3622 0.5003, 0.2743 2.3622 0.538, 0.2801 2.3622 0.5357, 0.2941 2.3622 0.5158, 0.2854 2.3622 0.532, 0.289 2.3622 0.5281, 0.2923 2.3622 0.5223, 0.2676 2.3622 0.5388, 0.1092 2.3622 0.6042, 0.1129 2.3622 0.6322, 0.1152 2.3622 0.638, 0.1232 2.3622 0.6583, 0.1331 2.3622 0.6724, 0.1404 2.3622 0.6827, 0.1635 2.3622 0.7025, 0.1888 2.3622 0.7153, 0.1929 2.3622 0.7167, 0.2104 2.3622 0.7514, 0.2386 2.3622 0.7845, 0.2529 2.3622 0.7944, 0.2741 2.3622 0.8091, 0.3166 2.3622 0.8252, 0.3544 2.3622 0.8297, 0.3954 2.3622 0.8251, 0.435 2.3622 0.8105, 0.4571 2.3622 0.7971, 0.4949 2.3622 0.7598, 0.4603 2.3622 0.7944, 0.4773 2.3622 0.7801, 0.5047 2.3622 0.7611, 0.5146 2.3622 0.7617, 0.5482 2.3622 0.7578, 0.58 2.3622 0.7457, 0.6072 2.3622 0.7268, 0.6131 2.3622 0.7214, 0.6539 2.3622 0.6243, 0.6338 2.3622 0.6952, 0.6441 2.3622 0.6724, 0.6476 2.3622 0.6646, 0.6526 2.3622 0.638, 0.6536 2.3622 0.6325, 0.65 2.3622 0.5908, 0.638 2.3622 0.559, 0.6187 2.3622 0.531, 0.5922 2.3622 0.5081, 0.5614 2.3622 0.4928, 0.5507 2.3622 0.4895, 0.5468 2.3622 0.4811, 0.5342 2.3622 0.4611, 0.5422 2.3622 0.4711, 0.5296 2.3622 0.4554, 0.513 2.3622 0.4427, 0.4933 2.3622 0.4343, 0.4732 2.3622 0.431, 0.4699 2.3622 0.4309, 0.4492 2.3622 0.4333, 0.3921 2.3622 0.4811, 0.4301 2.3622 0.4405, 0.4131 2.3622 0.4522, 0.405 2.3622 0.4611, 0.3999 2.3622 0.4667, 0.3896 2.3622 0.4857, 0.3845 2.3622 0.5067, 0.3839 2.3622 0.5157, 0.3839 2.3622 0.5242, 0.2639 2.3622 0.5866, 0.29 2.3622 0.632, 0.4049 2.3622 0.573, 0.4197 2.3622 0.5867, 0.4378 2.3622 0.5966, 0.4584 2.3622 0.6018, 0.4687 2.3622 0.6025, 0.4891 2.3622 0.6002, 0.5081 2.3622 0.5931, 0.5256 2.3622 0.5811, 0.5398 2.3622 0.565, 0.5494 2.3622 0.5467, 0.5679 2.3622 0.5583, 0.5831 2.3622 0.5742, 0.5931 2.3622 0.5915, 0.5991 2.3622 0.6124, 0.6001 2.3622 0.6257, 0.5985 2.3622 0.638, 0.5974 2.3622 0.6463, 0.5899 2.3622 0.6653, 0.5849 2.3622 0.6724, 0.578 2.3622 0.6822, 0.5632 2.3622 0.6952, 0.5441 2.3622 0.7052, 0.523 2.3622 0.71, 0.5141 2.3622 0.7104, 0.494 2.3622 0.7078, 0.4749 2.3622 0.7007, 0.4689 2.3622 0.6973, 0.4557 2.3622 0.7242, 0.4363 2.3622 0.747, 0.4133 2.3622 0.7635, 0.3854 2.3622 0.7746, 0.3539 2.3622 0.7785, 0.2351 2.3622 0.6709, 0.2354 2.3622 0.6724, 0.2402 2.3622 0.6948, 0.2532 2.3622 0.7224, 0.2723 2.3622 0.7455, 0.2744 2.3622 0.7474, 0.2983 2.3622 0.7643, 0.325 2.3622 0.7747, 0.2283 2.3622 0.6708, 0.212 2.3622 0.6687, 0.1972 2.3622 0.6629, 0.184 2.3622 0.6535, 0.1743 2.3622 0.6425, 0.1719 2.3622 0.638, 0.1664 2.3622 0.6277, 0.1625 2.3622 0.6113, 0.1621 2.3622 0.6038, 0.1643 2.3622 0.5871, 0.1703 2.3622 0.572, 0.1798 2.3622 0.5587, 0.1809 2.3622 0.5575, 0.1936 2.3622 0.5473, 0.2087 2.3622 0.5404, 0.2241 2.3622 0.5376, 0.2625 2.3622 0.5379, 0.2643 2.3622 0.5381, 0.2668 2.3622 0.5387, 0.2676 2.3622 0.5388, 0.2743 2.3622 0.538, 0.2801 2.3622 0.5357, 0.2854 2.3622 0.532, 0.289 2.3622 0.5281, 0.2923 2.3622 0.5223, 0.2941 2.3622 0.5158, 0.2943 2.3622 0.5125, 0.2935 2.3622 0.5061, 0.2913 2.3622 0.5003, 0.2876 2.3622 0.4949, 0.2857 2.3622 0.4929, 0.2802 2.3622 0.4889, 0.2745 2.3622 0.4866, 0.2697 2.3622 0.4858, 0.2193 2.3622 0.4855, 0.1909 2.3622 0.4913, 0.1647 2.3622 0.5038, 0.1414 2.3622 0.5233, 0.1242 2.3622 0.5468, 0.1133 2.3622 0.5738, 0.47 2.3622 0.5487, 0.4629 2.3622 0.5479, 0.4549 2.3622 0.545, 0.4481 2.3622 0.5403, 0.4427 2.3622 0.5342, 0.439 2.3622 0.5271, 0.4371 2.3622 0.5192, 0.4371 2.3622 0.5114, 0.4392 2.3622 0.5032, 0.4433 2.3622 0.4959, 0.4479 2.3622 0.4907, 0.4545 2.3622 0.4861, 0.4619 2.3622 0.4832, 0.4704 2.3622 0.4821, 0.4719 2.3622 0.4822, 0.4795 2.3622 0.4835, 0.4872 2.3622 0.4868, 0.4937 2.3622 0.4919, 0.4986 2.3622 0.498, 0.5019 2.3622 0.5052, 0.5034 2.3622 0.5132, 0.5029 2.3622 0.5215, 0.5004 2.3622 0.5296, 0.4959 2.3622 0.5366, 0.4925 2.3622 0.5401, 0.4858 2.3622 0.5448, 0.4783 2.3622 0.5477
            ]
        }
        coordIndex [
            0,1,2,-1,3,4,5,-1,6,7,3,-1,8,9,10,-1,11,12,13,-1,14,15,2,-1,2,15,16,-1,2,16,0,-1,10,9,17,-1,7,18,3,-1,3,18,19,-1,3,19,20,-1,21,22,23,-1,23,22,24,-1,23,24,25,-1,25,24,26,-1,25,26,27,-1,27,26,28,-1,27,28,29,-1,29,28,2,-1,29,2,30,-1,30,2,31,-1,32,33,21,-1,21,33,34,-1,21,34,22,-1,35,36,37,-1,37,36,38,-1,37,38,39,-1,39,38,40,-1,39,40,41,-1,41,40,42,-1,11,13,43,-1,43,13,44,-1,43,44,45,-1,45,44,46,-1,45,46,47,-1,9,48,17,-1,17,48,49,-1,17,49,50,-1,50,49,51,-1,50,51,11,-1,11,51,52,-1,11,52,12,-1,19,53,20,-1,20,53,54,-1,20,54,55,-1,55,54,56,-1,55,56,57,-1,58,59,60,-1,60,59,61,-1,60,61,62,-1,62,61,63,-1,62,63,64,-1,64,63,65,-1,64,65,66,-1,66,65,67,-1,66,67,68,-1,6,3,69,-1,69,3,5,-1,69,5,21,-1,21,5,70,-1,21,70,32,-1,40,71,42,-1,42,71,72,-1,42,72,73,-1,73,72,74,-1,73,74,75,-1,75,74,76,-1,75,76,77,-1,77,76,78,-1,77,78,79,-1,79,78,80,-1,79,80,81,-1,81,80,82,-1,81,82,58,-1,58,82,83,-1,58,83,59,-1,84,85,86,-1,86,85,87,-1,86,87,37,-1,37,87,88,-1,37,88,35,-1,89,90,91,-1,91,90,92,-1,91,92,93,-1,93,92,94,-1,93,94,95,-1,95,94,96,-1,95,96,97,-1,97,96,98,-1,97,98,14,-1,14,98,99,-1,14,99,15,-1,31,2,100,-1,100,2,1,-1,100,1,101,-1,47,46,102,-1,102,46,103,-1,102,103,104,-1,104,103,105,-1,104,105,106,-1,106,105,107,-1,106,107,108,-1,108,107,109,-1,108,109,84,-1,84,109,110,-1,84,110,85,-1,10,111,8,-1,8,111,112,-1,8,112,113,-1,113,112,114,-1,113,114,115,-1,115,114,116,-1,115,116,89,-1,89,116,117,-1,89,117,90,-1,57,56,118,-1,118,56,119,-1,118,119,120,-1,120,119,121,-1,120,121,122,-1,122,121,123,-1,122,123,124,-1,124,123,125,-1,124,125,126,-1,126,125,127,-1,126,127,128,-1,128,127,129,-1,128,129,130,-1,130,129,131,-1,130,131,132,-1,132,131,133,-1,132,133,134,-1,134,133,135,-1,134,135,1,-1,1,135,136,-1,1,136,101,-1,137,138,139,-1,67,140,68,-1,68,140,137,-1,68,137,141,-1,141,137,139,-1,142,143,137,-1,137,143,144,-1,137,144,138,-1,145,146,147,-1,146,148,147,-1,147,148,149,-1,147,149,150,-1,142,137,147,-1,147,137,151,-1,147,151,145,-1,77,152,153,-1,77,153,75,-1,75,153,154,-1,75,154,73,-1,154,155,73,-1,73,155,156,-1,73,156,42,-1,156,157,42,-1,42,157,158,-1,42,158,41,-1,41,158,159,-1,41,159,39,-1,39,159,160,-1,39,160,37,-1,37,160,161,-1,37,161,86,-1,86,161,162,-1,86,162,84,-1,84,162,163,-1,84,163,108,-1,163,164,108,-1,108,164,165,-1,108,165,106,-1,106,165,166,-1,106,166,104,-1,104,166,167,-1,104,167,102,-1,102,167,168,-1,102,168,47,-1,47,168,169,-1,47,169,45,-1,170,11,43,-1,45,169,171,-1,45,171,43,-1,43,171,172,-1,43,172,170,-1,11,170,173,-1,11,173,50,-1,50,173,174,-1,50,174,17,-1,17,174,175,-1,17,175,10,-1,10,175,176,-1,10,176,111,-1,111,176,177,-1,111,177,112,-1,112,177,178,-1,112,178,114,-1,179,92,90,-1,114,178,180,-1,114,180,116,-1,116,180,181,-1,116,181,117,-1,181,182,117,-1,117,182,183,-1,117,183,90,-1,90,183,184,-1,90,184,179,-1,92,179,185,-1,92,185,94,-1,94,185,186,-1,94,186,96,-1,96,186,187,-1,96,187,98,-1,98,187,188,-1,98,188,99,-1,99,188,189,-1,99,189,15,-1,15,189,190,-1,15,190,16,-1,16,190,191,-1,192,1,0,-1,16,191,0,-1,0,191,193,-1,0,193,192,-1,192,194,1,-1,1,194,195,-1,1,195,134,-1,134,195,196,-1,134,196,132,-1,132,196,197,-1,132,197,130,-1,130,197,198,-1,130,198,128,-1,128,198,199,-1,200,118,120,-1,128,199,126,-1,126,199,201,-1,126,201,124,-1,124,201,202,-1,124,202,122,-1,122,202,203,-1,122,203,120,-1,120,203,204,-1,120,204,200,-1,200,205,118,-1,118,205,206,-1,118,206,57,-1,57,206,207,-1,57,207,55,-1,20,55,208,-1,208,55,207,-1,3,20,209,-1,209,20,208,-1,4,3,210,-1,210,3,209,-1,5,4,211,-1,211,4,210,-1,5,211,212,-1,5,212,70,-1,70,212,213,-1,70,213,32,-1,32,213,214,-1,32,214,33,-1,33,214,215,-1,33,215,34,-1,34,215,216,-1,34,216,22,-1,22,216,217,-1,22,217,24,-1,24,217,218,-1,24,218,26,-1,26,218,219,-1,26,219,28,-1,28,219,220,-1,28,220,2,-1,2,220,221,-1,2,221,14,-1,14,221,222,-1,14,222,97,-1,97,222,223,-1,97,223,95,-1,95,223,224,-1,95,224,93,-1,93,224,225,-1,93,225,91,-1,91,225,226,-1,91,226,89,-1,226,227,89,-1,89,227,228,-1,89,228,115,-1,115,228,229,-1,115,229,113,-1,229,230,113,-1,113,230,231,-1,113,231,8,-1,8,231,232,-1,8,232,9,-1,9,232,233,-1,9,233,48,-1,48,233,234,-1,48,234,49,-1,49,234,235,-1,49,235,51,-1,51,235,236,-1,51,236,52,-1,52,236,237,-1,52,237,12,-1,12,237,238,-1,12,238,13,-1,13,238,239,-1,13,239,44,-1,44,239,240,-1,44,240,46,-1,46,240,241,-1,46,241,103,-1,103,241,242,-1,103,242,105,-1,243,35,244,-1,244,35,88,-1,244,88,245,-1,245,88,87,-1,245,87,246,-1,246,87,85,-1,246,85,247,-1,247,85,110,-1,247,110,248,-1,248,110,109,-1,248,109,249,-1,249,109,107,-1,249,107,250,-1,250,107,105,-1,250,105,242,-1,36,35,251,-1,251,35,243,-1,36,251,252,-1,36,252,38,-1,38,252,253,-1,38,253,40,-1,40,253,254,-1,40,254,71,-1,71,254,255,-1,71,255,72,-1,72,255,256,-1,72,256,74,-1,256,257,74,-1,74,257,258,-1,74,258,76,-1,76,258,259,-1,76,259,78,-1,78,259,260,-1,78,260,80,-1,80,260,261,-1,80,261,82,-1,82,261,262,-1,82,262,83,-1,83,262,263,-1,83,263,59,-1,59,263,264,-1,59,264,61,-1,61,264,265,-1,61,265,63,-1,63,265,266,-1,63,266,65,-1,67,65,267,-1,267,65,266,-1,67,267,268,-1,67,268,140,-1,140,268,269,-1,140,269,137,-1,137,269,270,-1,137,270,151,-1,151,270,271,-1,151,271,145,-1,145,271,272,-1,145,272,146,-1,146,272,273,-1,146,273,148,-1,148,273,274,-1,148,274,149,-1,149,274,275,-1,149,275,150,-1,150,275,276,-1,150,276,147,-1,147,276,277,-1,147,277,142,-1,142,277,278,-1,142,278,143,-1,143,278,279,-1,143,279,144,-1,144,279,280,-1,144,280,138,-1,138,280,281,-1,138,281,139,-1,139,281,282,-1,139,282,141,-1,141,282,283,-1,141,283,68,-1,68,283,284,-1,68,284,66,-1,64,66,285,-1,285,66,284,-1,64,285,286,-1,64,286,62,-1,62,286,287,-1,62,287,60,-1,60,287,288,-1,60,288,58,-1,58,288,289,-1,58,289,81,-1,81,289,290,-1,81,290,79,-1,79,290,152,-1,79,152,77,-1,69,291,292,-1,69,292,6,-1,6,292,293,-1,6,293,7,-1,7,293,294,-1,7,294,18,-1,18,294,295,-1,18,295,19,-1,19,295,296,-1,19,296,53,-1,53,296,297,-1,53,297,54,-1,54,297,298,-1,54,298,56,-1,56,298,299,-1,56,299,119,-1,119,299,300,-1,119,300,121,-1,121,300,301,-1,121,301,123,-1,123,301,302,-1,123,302,125,-1,125,302,303,-1,125,303,127,-1,127,303,304,-1,127,304,129,-1,129,304,305,-1,129,305,131,-1,131,305,306,-1,131,306,133,-1,133,306,307,-1,133,307,135,-1,135,307,308,-1,135,308,136,-1,136,308,309,-1,136,309,101,-1,101,309,310,-1,101,310,100,-1,100,310,311,-1,100,311,31,-1,31,311,312,-1,31,312,30,-1,30,312,313,-1,30,313,29,-1,29,313,314,-1,29,314,27,-1,27,314,315,-1,27,315,25,-1,25,315,316,-1,25,316,23,-1,23,316,317,-1,23,317,21,-1,21,317,291,-1,21,291,69,-1,
        ]
    }
}
Shape{
    appearance Appearance {
        material  Material 	{
            diffuseColor 0.2235294117647059 0.2235294117647059 0.2235294117647059
            specularColor 0.11372549019607843 0.11372549019607843 0.11372549019607843
            ambientIntensity 0.2235
            transparency 0.0
            shininess 0.5
        }
    }
    geometry IndexedFaceSet {
        ccw TRUE
        solid FALSE
        coord DEF co Coordinate {
            point [
                0.4719 2.3622 0.4822, 0.4925 2.3622 0.5401, 0.4959 2.3622 0.5366, 0.4619 2.3622 0.4832, 0.4545 2.3622 0.4861, 0.4629 2.3622 0.5479, 0.47 2.3622 0.5487, 0.4783 2.3622 0.5477, 0.4858 2.3622 0.5448, 0.5019 2.3622 0.5052, 0.4986 2.3622 0.498, 0.4937 2.3622 0.4919, 0.4704 2.3622 0.4821, 0.5004 2.3622 0.5296, 0.5029 2.3622 0.5215, 0.5034 2.3622 0.5132, 0.4872 2.3622 0.4868, 0.4795 2.3622 0.4835, 0.4479 2.3622 0.4907, 0.4433 2.3622 0.4959, 0.4392 2.3622 0.5032, 0.4371 2.3622 0.5114, 0.4371 2.3622 0.5192, 0.439 2.3622 0.5271, 0.4427 2.3622 0.5342, 0.4481 2.3622 0.5403, 0.4549 2.3622 0.545
            ]
        }
        coordIndex [
            0,1,2,-1,3,4,5,-1,6,7,0,-1,0,7,8,-1,0,8,1,-1,9,10,2,-1,2,10,11,-1,6,0,5,-1,5,0,12,-1,5,12,3,-1,13,14,2,-1,2,14,15,-1,2,15,9,-1,11,16,2,-1,2,16,17,-1,2,17,0,-1,4,18,5,-1,5,18,19,-1,5,19,20,-1,20,21,5,-1,5,21,22,-1,5,22,23,-1,23,24,5,-1,5,24,25,-1,5,25,26,-1,
        ]
    }
}
Shape{
    appearance Appearance {
        material  Material 	{
            diffuseColor 1.0 0.6666666666666666 0.0
            specularColor 0.5019607843137255 0.3333333333333333 0.0
            ambientIntensity 0.6903
            transparency 0.0
            shininess 0.5
        }
    }
    geometry IndexedFaceSet {
        ccw TRUE
        solid FALSE
        coord DEF co Coordinate {
            point [
                0.8148 -0.951 1.6142, 0.9254 -0.8437 1.6142, 0.4921 -0.4921 1.6142, 1.0221 -0.7235 1.6142, -0.9756 -0.7851 1.6142, -0.8717 -0.899 1.6142, -0.4921 -0.4921 1.6142, -0.7547 -0.9994 1.6142, 0.2679 -1.2233 1.6142, 0.4162 -1.1811 1.6142, -0.7547 0.9993 1.6142, -0.8717 0.899 1.6142, -0.4921 0.4921 1.6142, -0.9756 0.7851 1.6142, -1.0647 0.6592 1.6142, -1.1376 0.5234 1.6142, -1.1933 0.3796 1.6142, 1.2144 0.3054 1.6142, 1.1677 0.4524 1.6142, 0.4921 0.4921 1.6142, 1.1033 0.5924 1.6142, 1.0221 0.7235 1.6142, -0.6261 -1.0845 1.6142, -0.4881 -1.1532 1.6142, -0.3427 -1.2045 1.6142, 0.5582 -1.121 1.6142, 0.6917 -1.0439 1.6142, -1.2309 -0.2301 1.6142, -1.1933 -0.3796 1.6142, 0.9254 0.8436 1.6142, 0.8148 0.951 1.6142, 0.6917 1.0439 1.6142, -1.2309 0.2301 1.6142, -1.2499 0.0771 1.6142, -1.2499 -0.0771 1.6142, -1.1376 -0.5234 1.6142, -1.0647 -0.6593 1.6142, 0.2679 1.2233 1.6142, 0.1155 1.2469 1.6142, -0.0386 1.2517 1.6142, -0.1921 1.2374 1.6142, -0.3427 1.2044 1.6142, -0.4881 1.1532 1.6142, -0.6261 1.0845 1.6142, 1.1033 -0.5925 1.6142, 1.1677 -0.4524 1.6142, 1.2144 -0.3055 1.6142, 0.5582 1.121 1.6142, 0.4162 1.1811 1.6142, -0.1921 -1.2375 1.6142, -0.0386 -1.2517 1.6142, 0.1155 -1.2469 1.6142, 1.2428 -0.1539 1.6142, 1.2523 -0.0 1.6142, 1.2428 0.1539 1.6142, 0.4921 -0.4921 2.0866, 0.6693 -0.6693 2.0866, -0.4921 -0.4921 2.0866, -0.6693 -0.6693 2.0866, -0.4921 0.4921 2.0866, -0.6693 0.6693 2.0866, 0.4921 0.4921 2.0866, 0.6693 0.6693 2.0866, -0.1772 -0.3069 2.7953, -0.2505 -0.2506 2.7953, -0.6693 -0.6693 2.7953, -0.3069 -0.1772 2.7953, 0.3069 -0.1772 2.7953, 0.2505 -0.2506 2.7953, 0.6693 -0.6693 2.7953, 0.1772 -0.3069 2.7953, -0.3069 0.1771 2.7953, -0.2505 0.2505 2.7953, -0.6693 0.6693 2.7953, -0.1772 0.3068 2.7953, 0.1772 0.3068 2.7953, 0.2505 0.2505 2.7953, 0.6693 0.6693 2.7953, 0.3069 0.1771 2.7953, 0.3423 0.0917 2.7953, 0.3543 -0.0 2.7953, 0.3423 -0.0917 2.7953, 0.0917 -0.3423 2.7953, 0.0 -0.3544 2.7953, -0.0917 -0.3423 2.7953, -0.3423 -0.0917 2.7953, -0.3543 -0.0 2.7953, -0.3423 0.0917 2.7953, -0.0917 0.3422 2.7953, 0.0 0.3543 2.7953, 0.0917 0.3422 2.7953, 0.6693 0.748 2.1654, -0.6693 0.748 2.1654, 0.6693 0.748 2.7165, -0.6693 0.748 2.7165, -0.748 0.6693 2.1654, -0.748 -0.6693 2.1654, -0.748 0.6693 2.7165, -0.748 -0.6693 2.7165, 0.6693 -0.7481 2.7165, -0.6693 -0.7481 2.7165, 0.6693 -0.7481 2.1654, -0.6693 -0.7481 2.1654, 0.748 0.6693 2.7165, 0.748 -0.6693 2.7165, 0.748 0.6693 2.1654, 0.748 -0.6693 2.1654, 0.7453 -0.6693 2.145, 0.7453 0.6693 2.145, 0.7375 -0.6693 2.126, 0.7375 0.6693 2.126, 0.725 -0.6693 2.1097, 0.725 0.6693 2.1097, 0.7087 -0.6693 2.0972, 0.7087 0.6693 2.0972, 0.6897 -0.6693 2.0893, 0.6897 0.6693 2.0893, 0.7428 0.689 2.145, 0.7034 0.689 2.0972, 0.6869 0.6795 2.0893, 0.6837 0.6837 2.0893, 0.6693 0.6897 2.0893, 0.6746 0.689 2.0893, 0.689 0.6745 2.0893, 0.7073 0.6795 2.0972, 0.7231 0.6837 2.1097, 0.6971 0.6971 2.0972, 0.6795 0.6869 2.0893, 0.689 0.7034 2.0972, 0.6795 0.7073 2.0972, 0.6693 0.7086 2.0972, 0.7175 0.6971 2.1097, 0.7087 0.7086 2.1097, 0.6971 0.7175 2.1097, 0.6837 0.7231 2.1097, 0.6693 0.7249 2.1097, 0.7352 0.6869 2.126, 0.7283 0.7034 2.126, 0.7175 0.7175 2.126, 0.7034 0.7283 2.126, 0.6869 0.7351 2.126, 0.6693 0.7375 2.126, 0.7352 0.7073 2.145, 0.7231 0.7231 2.145, 0.7073 0.7351 2.145, 0.689 0.7427 2.145, 0.6693 0.7453 2.145, 0.7453 0.6897 2.1654, 0.7375 0.7086 2.1654, 0.725 0.7249 2.1654, 0.7087 0.7375 2.1654, 0.6897 0.7453 2.1654, 0.6897 -0.689 2.0919, 0.7375 -0.689 2.1313, 0.7453 -0.6795 2.1477, 0.7453 -0.6837 2.1509, 0.7453 -0.6897 2.1654, 0.7453 -0.689 2.1601, 0.7453 -0.6746 2.1457, 0.7375 -0.6795 2.1273, 0.725 -0.6837 2.1116, 0.7375 -0.6971 2.1375, 0.7453 -0.687 2.1552, 0.7375 -0.7034 2.1457, 0.7375 -0.7073 2.1552, 0.7375 -0.7087 2.1654, 0.725 -0.6971 2.1171, 0.725 -0.7087 2.126, 0.725 -0.7175 2.1375, 0.725 -0.7231 2.1509, 0.725 -0.725 2.1654, 0.7087 -0.687 2.0995, 0.7087 -0.7034 2.1063, 0.7087 -0.7175 2.1171, 0.7087 -0.7284 2.1313, 0.7087 -0.7352 2.1477, 0.7087 -0.7375 2.1654, 0.6897 -0.7073 2.0995, 0.6897 -0.7231 2.1116, 0.6897 -0.7352 2.1273, 0.6897 -0.7428 2.1457, 0.6897 -0.7454 2.1654, 0.6693 -0.6897 2.0893, 0.6693 -0.7087 2.0972, 0.6693 -0.725 2.1097, 0.6693 -0.7375 2.126, 0.6693 -0.7454 2.145, -0.6693 0.7453 2.145, -0.6693 0.7375 2.126, -0.6693 0.7249 2.1097, -0.6693 0.7086 2.0972, -0.6693 0.6897 2.0893, 0.6897 0.7453 2.7165, 0.7087 0.7375 2.7165, 0.725 0.7249 2.7165, 0.7375 0.7086 2.7165, 0.7453 0.6897 2.7165, 0.7453 0.6693 2.7369, 0.7453 -0.6693 2.7369, 0.7375 0.6693 2.7559, 0.7375 -0.6693 2.7559, 0.725 0.6693 2.7722, 0.725 -0.6693 2.7722, 0.7087 0.6693 2.7847, 0.7087 -0.6693 2.7847, 0.6897 0.6693 2.7926, 0.6897 -0.6693 2.7926, 0.7453 -0.6897 2.7165, 0.7375 -0.7087 2.7165, 0.725 -0.725 2.7165, 0.7087 -0.7375 2.7165, 0.6897 -0.7454 2.7165, -0.6693 -0.7454 2.145, -0.6693 -0.7375 2.126, -0.6693 -0.725 2.1097, -0.6693 -0.7087 2.0972, -0.6693 -0.6897 2.0893, -0.7453 0.6693 2.145, -0.7453 -0.6693 2.145, -0.7375 0.6693 2.126, -0.7375 -0.6693 2.126, -0.725 0.6693 2.1097, -0.725 -0.6693 2.1097, -0.7087 0.6693 2.0972, -0.7087 -0.6693 2.0972, -0.6897 0.6693 2.0893, -0.6897 -0.6693 2.0893, -0.689 0.7427 2.145, -0.689 0.7034 2.0972, -0.6795 0.6869 2.0893, -0.6837 0.6837 2.0893, -0.689 0.6745 2.0893, -0.6746 0.689 2.0893, -0.6795 0.7073 2.0972, -0.6837 0.7231 2.1097, -0.6971 0.6971 2.0972, -0.6869 0.6795 2.0893, -0.7034 0.689 2.0972, -0.7073 0.6795 2.0972, -0.6971 0.7175 2.1097, -0.7087 0.7086 2.1097, -0.7175 0.6971 2.1097, -0.7231 0.6837 2.1097, -0.6869 0.7351 2.126, -0.7034 0.7283 2.126, -0.7175 0.7175 2.126, -0.7283 0.7034 2.126, -0.7352 0.6869 2.126, -0.7073 0.7351 2.145, -0.7231 0.7231 2.145, -0.7352 0.7073 2.145, -0.7428 0.689 2.145, -0.6897 0.7453 2.1654, -0.7087 0.7375 2.1654, -0.725 0.7249 2.1654, -0.7375 0.7086 2.1654, -0.7453 0.6897 2.1654, 0.6897 0.689 2.79, 0.7375 0.689 2.7506, 0.7453 0.6795 2.7342, 0.7453 0.6837 2.7309, 0.7453 0.689 2.7218, 0.7453 0.6745 2.7362, 0.7375 0.6795 2.7546, 0.725 0.6837 2.7703, 0.7375 0.6971 2.7444, 0.7453 0.6869 2.7267, 0.7375 0.7034 2.7362, 0.7375 0.7073 2.7267, 0.725 0.6971 2.7648, 0.725 0.7086 2.7559, 0.725 0.7175 2.7444, 0.725 0.7231 2.7309, 0.7087 0.6869 2.7824, 0.7087 0.7034 2.7756, 0.7087 0.7175 2.7648, 0.7087 0.7283 2.7506, 0.7087 0.7351 2.7342, 0.6897 0.7073 2.7824, 0.6897 0.7231 2.7703, 0.6897 0.7351 2.7546, 0.6897 0.7427 2.7362, 0.6693 0.6897 2.7926, 0.6693 0.7086 2.7847, 0.6693 0.7249 2.7722, 0.6693 0.7375 2.7559, 0.6693 0.7453 2.7369, 0.6897 -0.7428 2.7362, 0.7375 -0.7034 2.7362, 0.7453 -0.687 2.7267, 0.7453 -0.6837 2.7309, 0.7453 -0.6746 2.7362, 0.7453 -0.689 2.7218, 0.7375 -0.7073 2.7267, 0.725 -0.7231 2.7309, 0.7375 -0.6971 2.7444, 0.7453 -0.6795 2.7342, 0.7375 -0.689 2.7506, 0.7375 -0.6795 2.7546, 0.725 -0.7175 2.7444, 0.725 -0.7087 2.7559, 0.725 -0.6971 2.7648, 0.725 -0.6837 2.7703, 0.7087 -0.7352 2.7342, 0.7087 -0.7284 2.7506, 0.7087 -0.7175 2.7648, 0.7087 -0.7034 2.7756, 0.7087 -0.687 2.7824, 0.6897 -0.7352 2.7546, 0.6897 -0.7231 2.7703, 0.6897 -0.7073 2.7824, 0.6897 -0.689 2.79, 0.6693 -0.7454 2.7369, 0.6693 -0.7375 2.7559, 0.6693 -0.725 2.7722, 0.6693 -0.7087 2.7847, 0.6693 -0.6897 2.7926, -0.7428 -0.689 2.145, -0.7034 -0.689 2.0972, -0.6869 -0.6795 2.0893, -0.6837 -0.6837 2.0893, -0.6746 -0.689 2.0893, -0.689 -0.6746 2.0893, -0.7073 -0.6795 2.0972, -0.7231 -0.6837 2.1097, -0.6971 -0.6971 2.0972, -0.6795 -0.687 2.0893, -0.689 -0.7034 2.0972, -0.6795 -0.7073 2.0972, -0.7175 -0.6971 2.1097, -0.7087 -0.7087 2.1097, -0.6971 -0.7175 2.1097, -0.6837 -0.7231 2.1097, -0.7352 -0.687 2.126, -0.7283 -0.7034 2.126, -0.7175 -0.7175 2.126, -0.7034 -0.7284 2.126, -0.6869 -0.7352 2.126, -0.7352 -0.7073 2.145, -0.7231 -0.7231 2.145, -0.7073 -0.7352 2.145, -0.689 -0.7428 2.145, -0.7453 -0.6897 2.1654, -0.7375 -0.7087 2.1654, -0.725 -0.725 2.1654, -0.7087 -0.7375 2.1654, -0.6897 -0.7454 2.1654, -0.7453 0.6897 2.7165, -0.7375 0.7086 2.7165, -0.725 0.7249 2.7165, -0.7087 0.7375 2.7165, -0.6897 0.7453 2.7165, -0.6693 0.7453 2.7369, -0.6693 0.7375 2.7559, -0.6693 0.7249 2.7722, -0.6693 0.7086 2.7847, -0.6693 0.6897 2.7926, -0.6693 -0.7454 2.7369, -0.6693 -0.7375 2.7559, -0.6693 -0.725 2.7722, -0.6693 -0.7087 2.7847, -0.6693 -0.6897 2.7926, -0.6897 -0.7454 2.7165, -0.7087 -0.7375 2.7165, -0.725 -0.725 2.7165, -0.7375 -0.7087 2.7165, -0.7453 -0.6897 2.7165, -0.689 0.6897 2.79, -0.689 0.7375 2.7506, -0.6795 0.7453 2.7342, -0.6837 0.7453 2.7309, -0.689 0.7453 2.7218, -0.6746 0.7453 2.7362, -0.6795 0.7375 2.7546, -0.6837 0.7249 2.7703, -0.6971 0.7375 2.7444, -0.6869 0.7453 2.7267, -0.7034 0.7375 2.7362, -0.7073 0.7375 2.7267, -0.6971 0.7249 2.7648, -0.7087 0.7249 2.7559, -0.7175 0.7249 2.7444, -0.7231 0.7249 2.7309, -0.6869 0.7086 2.7824, -0.7034 0.7086 2.7756, -0.7175 0.7086 2.7648, -0.7283 0.7086 2.7506, -0.7352 0.7086 2.7342, -0.7073 0.6897 2.7824, -0.7231 0.6897 2.7703, -0.7352 0.6897 2.7546, -0.7428 0.6897 2.7362, -0.6897 0.6693 2.7926, -0.7087 0.6693 2.7847, -0.725 0.6693 2.7722, -0.7375 0.6693 2.7559, -0.7453 0.6693 2.7369, -0.7428 -0.6897 2.7362, -0.7034 -0.7375 2.7362, -0.6869 -0.7454 2.7267, -0.6837 -0.7454 2.7309, -0.6746 -0.7454 2.7362, -0.689 -0.7454 2.7218, -0.7073 -0.7375 2.7267, -0.7231 -0.725 2.7309, -0.6971 -0.7375 2.7444, -0.6795 -0.7454 2.7342, -0.689 -0.7375 2.7506, -0.6795 -0.7375 2.7546, -0.7175 -0.725 2.7444, -0.7087 -0.725 2.7559, -0.6971 -0.725 2.7648, -0.6837 -0.725 2.7703, -0.7352 -0.7087 2.7342, -0.7283 -0.7087 2.7506, -0.7175 -0.7087 2.7648, -0.7034 -0.7087 2.7756, -0.6869 -0.7087 2.7824, -0.7352 -0.6897 2.7546, -0.7231 -0.6897 2.7703, -0.7073 -0.6897 2.7824, -0.689 -0.6897 2.79, -0.7453 -0.6693 2.7369, -0.7375 -0.6693 2.7559, -0.725 -0.6693 2.7722, -0.7087 -0.6693 2.7847, -0.6897 -0.6693 2.7926, 1.3084 0.2307 1.5368, 1.2908 0.3246 1.5368, 1.2879 0.3239 1.5569, 1.1511 0.6645 1.5368, 1.0864 0.769 1.5368, 1.0839 0.7673 1.5569, 0.8551 1.019 1.5368, 0.7352 1.1095 1.5368, 0.7336 1.107 1.5569, 0.6642 1.1505 1.5368, 0.5933 1.1914 1.5368, 0.592 1.1888 1.5569, 0.2308 1.3085 1.5368, 0.1228 1.3253 1.5368, 0.1225 1.3223 1.5569, -0.2308 1.3094 1.5368, -0.3642 1.2802 1.5368, -0.3634 1.2773 1.5569, -0.4544 1.2484 1.5368, -0.5188 1.2257 1.5368, -0.5176 1.223 1.5569, -0.854 1.0177 1.5368, -0.9266 0.9555 1.5368, -0.9245 0.9534 1.5569, -1.151 0.6646 1.5368, -1.2092 0.5563 1.5368, -1.2065 0.555 1.5569, -1.31 0.231 1.5368, -1.3285 0.0819 1.5368, -1.3255 0.0817 1.5569, -1.331 -0.0 1.5368, -1.3285 -0.082 1.5368, -1.3255 -0.0818 1.5569, -1.2486 -0.4544 1.5368, -1.2092 -0.5563 1.5368, -1.2065 -0.5551 1.5569, -1.0186 -0.8546 1.5368, -0.9266 -0.9556 1.5368, -0.9245 -0.9534 1.5569, -0.854 -1.0178 1.5368, -0.8021 -1.0622 1.5368, -0.8003 -1.0598 1.5569, -0.4544 -1.2484 1.5368, -0.3642 -1.2802 1.5368, -0.3634 -1.2773 1.5569, -0.0001 -1.3291 1.5368, 0.1228 -1.3253 1.5368, 0.1225 -1.3224 1.5569, 0.4549 -1.25 1.5368, 0.5933 -1.1915 1.5368, 0.592 -1.1888 1.5569, 0.6642 -1.1505 1.5368, 0.7352 -1.1095 1.5368, 0.7336 -1.1071 1.5569, 1.0179 -0.8542 1.5368, 1.0864 -0.769 1.5368, 1.0839 -0.7673 1.5569, 1.2494 -0.4548 1.5368, 1.2908 -0.3247 1.5368, 1.2879 -0.3239 1.5569, 1.3084 -0.2307 1.5368, 1.3209 -0.1636 1.5368, 1.318 -0.1632 1.5569, 1.121 -0.602 1.6116, 1.0386 -0.7352 1.6116, 1.1376 -0.6109 1.6039, 1.0539 -0.7461 1.6039, 1.1519 -0.6186 1.5916, 1.0671 -0.7554 1.5916, 1.1629 -0.6245 1.5756, 1.0774 -0.7627 1.5756, 1.17 -0.6283 1.5569, 0.8279 -0.9663 1.6116, 0.7028 -1.0607 1.6116, 0.8401 -0.9806 1.6039, 0.7132 -1.0764 1.6039, 0.8507 -0.9929 1.5916, 0.7222 -1.0899 1.5916, 0.8588 -1.0024 1.5756, 0.7291 -1.1004 1.5756, 0.864 -1.0085 1.5569, 0.2722 -1.243 1.6116, 0.1174 -1.267 1.6116, 0.2762 -1.2614 1.6039, 0.1191 -1.2858 1.6039, 0.2797 -1.2772 1.5916, 0.1206 -1.3019 1.5916, 0.2824 -1.2895 1.5756, 0.1218 -1.3144 1.5756, 0.2841 -1.2973 1.5569, -0.1952 -1.2574 1.6116, -0.3482 -1.2239 1.6116, -0.1981 -1.276 1.6039, -0.3534 -1.242 1.6039, -0.2006 -1.292 1.5916, -0.3578 -1.2576 1.5916, -0.2025 -1.3044 1.5756, -0.3612 -1.2696 1.5756, -0.2037 -1.3123 1.5569, -1.0818 -0.6699 1.6116, -1.156 -0.5318 1.6116, -1.0978 -0.6798 1.6039, -1.1731 -0.5397 1.6039, -1.1116 -0.6883 1.5916, -1.1878 -0.5465 1.5916, -1.1223 -0.6949 1.5756, -1.1992 -0.5517 1.5756, -1.1291 -0.6991 1.5569, -1.2508 -0.2338 1.6116, -1.27 -0.0784 1.6116, -1.2693 -0.2373 1.6039, -1.2888 -0.0795 1.6039, -1.2852 -0.2403 1.5916, -1.305 -0.0805 1.5916, -1.2975 -0.2426 1.5756, -1.3175 -0.0813 1.5756, -1.3054 -0.244 1.5569, -1.2126 0.3857 1.6116, -1.156 0.5318 1.6116, -1.2305 0.3914 1.6039, -1.1731 0.5397 1.6039, -1.2459 0.3963 1.5916, -1.1878 0.5464 1.5916, -1.2579 0.4001 1.5756, -1.1992 0.5517 1.5756, -1.2655 0.4026 1.5569, -0.9913 0.7977 1.6116, -0.8858 0.9135 1.6116, -1.006 0.8095 1.6039, -0.8989 0.927 1.6039, -1.0186 0.8197 1.5916, -0.9102 0.9386 1.5916, -1.0284 0.8275 1.5756, -0.9189 0.9476 1.5756, -1.0346 0.8325 1.5569, -0.0392 1.2718 1.6116, 0.1174 1.267 1.6116, -0.0398 1.2906 1.6039, 0.1191 1.2857 1.6039, -0.0403 1.3068 1.5916, 0.1206 1.3019 1.5916, -0.0406 1.3194 1.5756, 0.1218 1.3143 1.5756, -0.0409 1.3274 1.5569, 0.4229 1.2001 1.6116, 0.5672 1.139 1.6116, 0.4292 1.2178 1.6039, 0.5756 1.1559 1.6039, 0.4345 1.2331 1.5916, 0.5828 1.1704 1.5916, 0.4387 1.2449 1.5756, 0.5884 1.1816 1.5756, 0.4414 1.2525 1.5569, 0.9403 0.8572 1.6116, 1.0386 0.7352 1.6116, 0.9542 0.8699 1.6039, 1.0539 0.746 1.6039, 0.9662 0.8808 1.5916, 1.0671 0.7554 1.5916, 0.9755 0.8893 1.5756, 1.0774 0.7626 1.5756, 0.9814 0.8947 1.5569, 1.1865 0.4596 1.6116, 1.234 0.3103 1.6116, 1.204 0.4664 1.6039, 1.2522 0.3149 1.6039, 1.2192 0.4723 1.5916, 1.268 0.3189 1.5916, 1.2309 0.4768 1.5756, 1.2801 0.3219 1.5756, 1.2383 0.4797 1.5569, 1.2724 -0.0 1.6116, 1.2628 -0.1564 1.6116, 1.2912 -0.0 1.6039, 1.2815 -0.1587 1.6039, 1.3075 -0.0 1.5916, 1.2976 -0.1607 1.5916, 1.32 -0.0 1.5756, 1.31 -0.1622 1.5756, 1.328 -0.0 1.5569, 1.331 -0.0 1.5368, 1.234 -0.3104 1.6116, 1.2522 -0.315 1.6039, 1.268 -0.3189 1.5916, 1.2801 -0.322 1.5756, 1.2411 -0.4808 1.5368, 1.2383 -0.4798 1.5569, 1.2309 -0.4769 1.5756, 1.2192 -0.4723 1.5916, 1.204 -0.4665 1.6039, 1.1865 -0.4597 1.6116, 1.1726 -0.6297 1.5368, 1.1511 -0.6645 1.5368, 0.9836 -0.8967 1.5368, 0.9814 -0.8947 1.5569, 0.9755 -0.8893 1.5756, 0.9662 -0.8809 1.5916, 0.9542 -0.8699 1.6039, 0.9403 -0.8572 1.6116, 0.866 -1.0108 1.5368, 0.8551 -1.019 1.5368, 0.5672 -1.1391 1.6116, 0.5756 -1.1559 1.6039, 0.5828 -1.1704 1.5916, 0.5884 -1.1816 1.5756, 0.4424 -1.2554 1.5368, 0.4414 -1.2526 1.5569, 0.4387 -1.245 1.5756, 0.4345 -1.2332 1.5916, 0.4292 -1.2179 1.6039, 0.4229 -1.2001 1.6116, 0.2847 -1.3002 1.5368, 0.2308 -1.3086 1.5368, -0.041 -1.3304 1.5368, -0.0409 -1.3274 1.5569, -0.0406 -1.3194 1.5756, -0.0403 -1.3069 1.5916, -0.0398 -1.2907 1.6039, -0.0392 -1.2718 1.6116, -0.2042 -1.3153 1.5368, -0.2308 -1.3094 1.5368, -0.5188 -1.2257 1.5368, -0.5176 -1.223 1.5569, -0.5145 -1.2156 1.5756, -0.5096 -1.2041 1.5916, -0.5033 -1.1891 1.6039, -0.496 -1.1718 1.6116, -0.6362 -1.102 1.6116, -0.6456 -1.1183 1.6039, -0.6537 -1.1323 1.5916, -0.66 -1.1432 1.5756, -0.664 -1.1501 1.5569, -0.6655 -1.1527 1.5368, -0.7668 -1.0154 1.6116, -0.7781 -1.0305 1.6039, -0.7879 -1.0434 1.5916, -0.7955 -1.0534 1.5756, -0.8858 -0.9135 1.6116, -0.8989 -0.927 1.6039, -0.9102 -0.9387 1.5916, -0.9189 -0.9477 1.5756, -1.037 -0.8345 1.5368, -1.0346 -0.8326 1.5569, -1.0284 -0.8276 1.5756, -1.0186 -0.8197 1.5916, -1.006 -0.8095 1.6039, -0.9913 -0.7977 1.6116, -1.1316 -0.7007 1.5368, -1.151 -0.6646 1.5368, -1.2684 -0.4035 1.5368, -1.2655 -0.4026 1.5569, -1.2579 -0.4002 1.5756, -1.2459 -0.3964 1.5916, -1.2305 -0.3915 1.6039, -1.2126 -0.3858 1.6116, -1.3083 -0.2446 1.5368, -1.31 -0.2311 1.5368, -1.3175 0.0812 1.5756, -1.305 0.0805 1.5916, -1.2888 0.0795 1.6039, -1.27 0.0783 1.6116, -1.3083 0.2446 1.5368, -1.3054 0.244 1.5569, -1.2975 0.2425 1.5756, -1.2852 0.2402 1.5916, -1.2693 0.2372 1.6039, -1.2508 0.2338 1.6116, -1.2684 0.4035 1.5368, -1.2486 0.4544 1.5368, -1.1316 0.7007 1.5368, -1.1291 0.6991 1.5569, -1.1223 0.6949 1.5756, -1.1116 0.6883 1.5916, -1.0978 0.6797 1.6039, -1.0818 0.6698 1.6116, -1.037 0.8344 1.5368, -1.0186 0.8546 1.5368, -0.8021 1.0621 1.5368, -0.8003 1.0598 1.5569, -0.7955 1.0534 1.5756, -0.7879 1.0434 1.5916, -0.7781 1.0304 1.6039, -0.7668 1.0154 1.6116, -0.6362 1.1019 1.6116, -0.6456 1.1182 1.6039, -0.6537 1.1323 1.5916, -0.66 1.1431 1.5756, -0.664 1.1501 1.5569, -0.6655 1.1527 1.5368, -0.496 1.1718 1.6116, -0.5033 1.1891 1.6039, -0.5096 1.204 1.5916, -0.5145 1.2156 1.5756, -0.3482 1.2238 1.6116, -0.3534 1.2419 1.6039, -0.3578 1.2575 1.5916, -0.3612 1.2696 1.5756, -0.2042 1.3152 1.5368, -0.2037 1.3123 1.5569, -0.2025 1.3044 1.5756, -0.2006 1.292 1.5916, -0.1981 1.2759 1.6039, -0.1952 1.2574 1.6116, -0.041 1.3303 1.5368, -0.0001 1.3291 1.5368, 0.2847 1.3002 1.5368, 0.2841 1.2973 1.5569, 0.2824 1.2894 1.5756, 0.2797 1.2772 1.5916, 0.2762 1.2613 1.6039, 0.2722 1.243 1.6116, 0.4424 1.2553 1.5368, 0.4549 1.25 1.5368, 0.7028 1.0607 1.6116, 0.7132 1.0764 1.6039, 0.7222 1.0899 1.5916, 0.7291 1.1003 1.5756, 0.866 1.0107 1.5368, 0.864 1.0085 1.5569, 0.8588 1.0024 1.5756, 0.8507 0.9929 1.5916, 0.8401 0.9806 1.6039, 0.8279 0.9663 1.6116, 0.9836 0.8967 1.5368, 1.0179 0.8541 1.5368, 1.1726 0.6297 1.5368, 1.17 0.6283 1.5569, 1.1629 0.6245 1.5756, 1.1519 0.6185 1.5916, 1.1376 0.6109 1.6039, 1.121 0.602 1.6116, 1.2411 0.4808 1.5368, 1.2494 0.4548 1.5368, 1.3209 0.1635 1.5368, 1.318 0.1632 1.5569, 1.31 0.1622 1.5756, 1.2976 0.1607 1.5916, 1.2815 0.1587 1.6039, 1.2628 0.1563 1.6116, 0.3543 -0.0 2.0079, 0.3423 0.0917 2.0079, 0.3069 0.1771 2.0079, 0.2505 0.2505 2.0079, 0.1772 0.3068 2.0079, 0.0917 0.3422 2.0079, 0.0 0.3543 2.0079, -0.0917 0.3422 2.0079, -0.1772 0.3068 2.0079, -0.2505 0.2505 2.0079, -0.3069 0.1771 2.0079, -0.3423 0.0917 2.0079, -0.3543 -0.0 2.0079, -0.3423 -0.0917 2.0079, -0.3069 -0.1772 2.0079, -0.2505 -0.2506 2.0079, -0.1772 -0.3069 2.0079, -0.0917 -0.3423 2.0079, 0.0 -0.3544 2.0079, 0.0917 -0.3423 2.0079, 0.1772 -0.3069 2.0079, 0.2505 -0.2506 2.0079, 0.3069 -0.1772 2.0079, 0.3423 -0.0917 2.0079, 0.0 -0.0 2.0079
            ]
        }
        coordIndex [
            0,1,2,-1,2,1,3,-1,4,5,6,-1,6,5,7,-1,8,9,2,-1,10,11,12,-1,12,11,13,-1,13,14,12,-1,12,14,15,-1,12,15,16,-1,17,18,19,-1,19,18,20,-1,19,20,21,-1,7,22,6,-1,6,22,23,-1,6,23,24,-1,9,25,2,-1,2,25,26,-1,2,26,0,-1,27,28,6,-1,21,29,19,-1,19,29,30,-1,19,30,31,-1,16,32,12,-1,12,32,33,-1,12,33,6,-1,6,33,34,-1,6,34,27,-1,28,35,6,-1,6,35,36,-1,6,36,4,-1,37,38,19,-1,19,38,39,-1,19,39,12,-1,12,39,40,-1,12,40,41,-1,41,42,12,-1,12,42,43,-1,12,43,10,-1,3,44,2,-1,2,44,45,-1,2,45,46,-1,31,47,19,-1,19,47,48,-1,19,48,37,-1,24,49,6,-1,6,49,50,-1,6,50,2,-1,2,50,51,-1,2,51,8,-1,46,52,2,-1,2,52,53,-1,2,53,19,-1,19,53,54,-1,19,54,17,-1,55,56,57,-1,57,56,58,-1,57,58,59,-1,59,58,60,-1,59,60,61,-1,61,60,62,-1,61,62,55,-1,55,62,56,-1,2,19,55,-1,55,19,61,-1,6,2,57,-1,57,2,55,-1,12,6,59,-1,59,6,57,-1,19,12,61,-1,61,12,59,-1,63,64,65,-1,65,64,66,-1,67,68,69,-1,69,68,70,-1,71,72,73,-1,73,72,74,-1,75,76,77,-1,77,76,78,-1,78,79,77,-1,77,79,80,-1,77,80,69,-1,69,80,81,-1,69,81,67,-1,70,82,69,-1,69,82,83,-1,69,83,65,-1,65,83,84,-1,65,84,63,-1,66,85,65,-1,65,85,86,-1,65,86,73,-1,73,86,87,-1,73,87,71,-1,74,88,73,-1,73,88,89,-1,73,89,77,-1,77,89,90,-1,77,90,75,-1,91,92,93,-1,93,92,94,-1,95,96,97,-1,97,96,98,-1,99,100,101,-1,101,100,102,-1,103,104,105,-1,105,104,106,-1,105,106,107,-1,105,107,108,-1,108,107,109,-1,108,109,110,-1,110,109,111,-1,110,111,112,-1,112,111,113,-1,112,113,114,-1,114,113,115,-1,114,115,116,-1,116,115,56,-1,116,56,62,-1,105,108,117,-1,118,119,120,-1,62,121,122,-1,120,119,62,-1,123,62,119,-1,123,119,124,-1,124,119,118,-1,124,118,125,-1,116,62,123,-1,126,127,128,-1,128,127,122,-1,128,122,129,-1,129,122,121,-1,129,121,130,-1,116,123,114,-1,114,123,124,-1,114,124,112,-1,112,124,125,-1,112,125,110,-1,131,126,132,-1,132,126,128,-1,132,128,133,-1,133,128,129,-1,133,129,134,-1,134,129,130,-1,134,130,135,-1,136,131,137,-1,137,131,132,-1,137,132,138,-1,138,132,133,-1,138,133,139,-1,139,133,134,-1,139,134,140,-1,140,134,135,-1,140,135,141,-1,108,136,117,-1,117,136,137,-1,117,137,142,-1,142,137,138,-1,142,138,143,-1,143,138,139,-1,143,139,144,-1,144,139,140,-1,144,140,145,-1,145,140,141,-1,145,141,146,-1,105,117,147,-1,147,117,142,-1,147,142,148,-1,148,142,143,-1,148,143,149,-1,149,143,144,-1,149,144,150,-1,150,144,145,-1,150,145,151,-1,151,145,146,-1,151,146,91,-1,127,62,122,-1,108,110,136,-1,136,110,125,-1,136,125,131,-1,131,125,118,-1,131,118,126,-1,126,118,120,-1,126,120,127,-1,127,120,62,-1,56,115,152,-1,153,154,155,-1,106,156,157,-1,155,154,106,-1,158,106,154,-1,158,154,159,-1,159,154,153,-1,159,153,160,-1,107,106,158,-1,161,162,163,-1,163,162,157,-1,163,157,164,-1,164,157,156,-1,164,156,165,-1,107,158,109,-1,109,158,159,-1,109,159,111,-1,111,159,160,-1,111,160,113,-1,166,161,167,-1,167,161,163,-1,167,163,168,-1,168,163,164,-1,168,164,169,-1,169,164,165,-1,169,165,170,-1,171,166,172,-1,172,166,167,-1,172,167,173,-1,173,167,168,-1,173,168,174,-1,174,168,169,-1,174,169,175,-1,175,169,170,-1,175,170,176,-1,115,171,152,-1,152,171,172,-1,152,172,177,-1,177,172,173,-1,177,173,178,-1,178,173,174,-1,178,174,179,-1,179,174,175,-1,179,175,180,-1,180,175,176,-1,180,176,181,-1,56,152,182,-1,182,152,177,-1,182,177,183,-1,183,177,178,-1,183,178,184,-1,184,178,179,-1,184,179,185,-1,185,179,180,-1,185,180,186,-1,186,180,181,-1,186,181,101,-1,162,106,157,-1,115,113,171,-1,171,113,160,-1,171,160,166,-1,166,160,153,-1,166,153,161,-1,161,153,155,-1,161,155,162,-1,162,155,106,-1,92,91,146,-1,92,146,187,-1,187,146,141,-1,187,141,188,-1,188,141,135,-1,188,135,189,-1,189,135,130,-1,189,130,190,-1,190,130,121,-1,190,121,191,-1,191,121,62,-1,191,62,60,-1,91,93,192,-1,91,192,151,-1,151,192,193,-1,151,193,150,-1,150,193,194,-1,150,194,149,-1,149,194,195,-1,149,195,148,-1,148,195,196,-1,148,196,147,-1,147,196,103,-1,147,103,105,-1,104,103,197,-1,104,197,198,-1,198,197,199,-1,198,199,200,-1,200,199,201,-1,200,201,202,-1,202,201,203,-1,202,203,204,-1,204,203,205,-1,204,205,206,-1,206,205,77,-1,206,77,69,-1,106,104,207,-1,106,207,156,-1,156,207,208,-1,156,208,165,-1,165,208,209,-1,165,209,170,-1,170,209,210,-1,170,210,176,-1,176,210,211,-1,176,211,181,-1,181,211,99,-1,181,99,101,-1,101,102,212,-1,101,212,186,-1,186,212,213,-1,186,213,185,-1,185,213,214,-1,185,214,184,-1,184,214,215,-1,184,215,183,-1,183,215,216,-1,183,216,182,-1,182,216,58,-1,182,58,56,-1,96,95,217,-1,96,217,218,-1,218,217,219,-1,218,219,220,-1,220,219,221,-1,220,221,222,-1,222,221,223,-1,222,223,224,-1,224,223,225,-1,224,225,226,-1,226,225,60,-1,226,60,58,-1,92,187,227,-1,228,229,230,-1,60,225,231,-1,230,229,60,-1,232,60,229,-1,232,229,233,-1,233,229,228,-1,233,228,234,-1,191,60,232,-1,235,236,237,-1,237,236,231,-1,237,231,238,-1,238,231,225,-1,238,225,223,-1,191,232,190,-1,190,232,233,-1,190,233,189,-1,189,233,234,-1,189,234,188,-1,239,235,240,-1,240,235,237,-1,240,237,241,-1,241,237,238,-1,241,238,242,-1,242,238,223,-1,242,223,221,-1,243,239,244,-1,244,239,240,-1,244,240,245,-1,245,240,241,-1,245,241,246,-1,246,241,242,-1,246,242,247,-1,247,242,221,-1,247,221,219,-1,187,243,227,-1,227,243,244,-1,227,244,248,-1,248,244,245,-1,248,245,249,-1,249,245,246,-1,249,246,250,-1,250,246,247,-1,250,247,251,-1,251,247,219,-1,251,219,217,-1,92,227,252,-1,252,227,248,-1,252,248,253,-1,253,248,249,-1,253,249,254,-1,254,249,250,-1,254,250,255,-1,255,250,251,-1,255,251,256,-1,256,251,217,-1,256,217,95,-1,236,60,231,-1,187,188,243,-1,243,188,234,-1,243,234,239,-1,239,234,228,-1,239,228,235,-1,235,228,230,-1,235,230,236,-1,236,230,60,-1,77,205,257,-1,258,259,260,-1,103,196,261,-1,260,259,103,-1,262,103,259,-1,262,259,263,-1,263,259,258,-1,263,258,264,-1,197,103,262,-1,265,266,267,-1,267,266,261,-1,267,261,268,-1,268,261,196,-1,268,196,195,-1,197,262,199,-1,199,262,263,-1,199,263,201,-1,201,263,264,-1,201,264,203,-1,269,265,270,-1,270,265,267,-1,270,267,271,-1,271,267,268,-1,271,268,272,-1,272,268,195,-1,272,195,194,-1,273,269,274,-1,274,269,270,-1,274,270,275,-1,275,270,271,-1,275,271,276,-1,276,271,272,-1,276,272,277,-1,277,272,194,-1,277,194,193,-1,205,273,257,-1,257,273,274,-1,257,274,278,-1,278,274,275,-1,278,275,279,-1,279,275,276,-1,279,276,280,-1,280,276,277,-1,280,277,281,-1,281,277,193,-1,281,193,192,-1,77,257,282,-1,282,257,278,-1,282,278,283,-1,283,278,279,-1,283,279,284,-1,284,279,280,-1,284,280,285,-1,285,280,281,-1,285,281,286,-1,286,281,192,-1,286,192,93,-1,266,103,261,-1,205,203,273,-1,273,203,264,-1,273,264,269,-1,269,264,258,-1,269,258,265,-1,265,258,260,-1,265,260,266,-1,266,260,103,-1,99,211,287,-1,288,289,290,-1,104,198,291,-1,290,289,104,-1,292,104,289,-1,292,289,293,-1,293,289,288,-1,293,288,294,-1,207,104,292,-1,295,296,297,-1,297,296,291,-1,297,291,298,-1,298,291,198,-1,298,198,200,-1,207,292,208,-1,208,292,293,-1,208,293,209,-1,209,293,294,-1,209,294,210,-1,299,295,300,-1,300,295,297,-1,300,297,301,-1,301,297,298,-1,301,298,302,-1,302,298,200,-1,302,200,202,-1,303,299,304,-1,304,299,300,-1,304,300,305,-1,305,300,301,-1,305,301,306,-1,306,301,302,-1,306,302,307,-1,307,302,202,-1,307,202,204,-1,211,303,287,-1,287,303,304,-1,287,304,308,-1,308,304,305,-1,308,305,309,-1,309,305,306,-1,309,306,310,-1,310,306,307,-1,310,307,311,-1,311,307,204,-1,311,204,206,-1,99,287,312,-1,312,287,308,-1,312,308,313,-1,313,308,309,-1,313,309,314,-1,314,309,310,-1,314,310,315,-1,315,310,311,-1,315,311,316,-1,316,311,206,-1,316,206,69,-1,296,104,291,-1,211,210,303,-1,303,210,294,-1,303,294,299,-1,299,294,288,-1,299,288,295,-1,295,288,290,-1,295,290,296,-1,296,290,104,-1,96,218,317,-1,318,319,320,-1,58,216,321,-1,320,319,58,-1,322,58,319,-1,322,319,323,-1,323,319,318,-1,323,318,324,-1,226,58,322,-1,325,326,327,-1,327,326,321,-1,327,321,328,-1,328,321,216,-1,328,216,215,-1,226,322,224,-1,224,322,323,-1,224,323,222,-1,222,323,324,-1,222,324,220,-1,329,325,330,-1,330,325,327,-1,330,327,331,-1,331,327,328,-1,331,328,332,-1,332,328,215,-1,332,215,214,-1,333,329,334,-1,334,329,330,-1,334,330,335,-1,335,330,331,-1,335,331,336,-1,336,331,332,-1,336,332,337,-1,337,332,214,-1,337,214,213,-1,218,333,317,-1,317,333,334,-1,317,334,338,-1,338,334,335,-1,338,335,339,-1,339,335,336,-1,339,336,340,-1,340,336,337,-1,340,337,341,-1,341,337,213,-1,341,213,212,-1,96,317,342,-1,342,317,338,-1,342,338,343,-1,343,338,339,-1,343,339,344,-1,344,339,340,-1,344,340,345,-1,345,340,341,-1,345,341,346,-1,346,341,212,-1,346,212,102,-1,326,58,321,-1,218,220,333,-1,333,220,324,-1,333,324,329,-1,329,324,318,-1,329,318,325,-1,325,318,320,-1,325,320,326,-1,326,320,58,-1,95,97,347,-1,95,347,256,-1,256,347,348,-1,256,348,255,-1,255,348,349,-1,255,349,254,-1,254,349,350,-1,254,350,253,-1,253,350,351,-1,253,351,252,-1,252,351,94,-1,252,94,92,-1,93,94,352,-1,93,352,286,-1,286,352,353,-1,286,353,285,-1,285,353,354,-1,285,354,284,-1,284,354,355,-1,284,355,283,-1,283,355,356,-1,283,356,282,-1,282,356,73,-1,282,73,77,-1,100,99,312,-1,100,312,357,-1,357,312,313,-1,357,313,358,-1,358,313,314,-1,358,314,359,-1,359,314,315,-1,359,315,360,-1,360,315,316,-1,360,316,361,-1,361,316,69,-1,361,69,65,-1,102,100,362,-1,102,362,346,-1,346,362,363,-1,346,363,345,-1,345,363,364,-1,345,364,344,-1,344,364,365,-1,344,365,343,-1,343,365,366,-1,343,366,342,-1,342,366,98,-1,342,98,96,-1,73,356,367,-1,368,369,370,-1,94,351,371,-1,370,369,94,-1,372,94,369,-1,372,369,373,-1,373,369,368,-1,373,368,374,-1,352,94,372,-1,375,376,377,-1,377,376,371,-1,377,371,378,-1,378,371,351,-1,378,351,350,-1,352,372,353,-1,353,372,373,-1,353,373,354,-1,354,373,374,-1,354,374,355,-1,379,375,380,-1,380,375,377,-1,380,377,381,-1,381,377,378,-1,381,378,382,-1,382,378,350,-1,382,350,349,-1,383,379,384,-1,384,379,380,-1,384,380,385,-1,385,380,381,-1,385,381,386,-1,386,381,382,-1,386,382,387,-1,387,382,349,-1,387,349,348,-1,356,383,367,-1,367,383,384,-1,367,384,388,-1,388,384,385,-1,388,385,389,-1,389,385,386,-1,389,386,390,-1,390,386,387,-1,390,387,391,-1,391,387,348,-1,391,348,347,-1,73,367,392,-1,392,367,388,-1,392,388,393,-1,393,388,389,-1,393,389,394,-1,394,389,390,-1,394,390,395,-1,395,390,391,-1,395,391,396,-1,396,391,347,-1,396,347,97,-1,376,94,371,-1,356,355,383,-1,383,355,374,-1,383,374,379,-1,379,374,368,-1,379,368,375,-1,375,368,370,-1,375,370,376,-1,376,370,94,-1,98,366,397,-1,398,399,400,-1,100,357,401,-1,400,399,100,-1,402,100,399,-1,402,399,403,-1,403,399,398,-1,403,398,404,-1,362,100,402,-1,405,406,407,-1,407,406,401,-1,407,401,408,-1,408,401,357,-1,408,357,358,-1,362,402,363,-1,363,402,403,-1,363,403,364,-1,364,403,404,-1,364,404,365,-1,409,405,410,-1,410,405,407,-1,410,407,411,-1,411,407,408,-1,411,408,412,-1,412,408,358,-1,412,358,359,-1,413,409,414,-1,414,409,410,-1,414,410,415,-1,415,410,411,-1,415,411,416,-1,416,411,412,-1,416,412,417,-1,417,412,359,-1,417,359,360,-1,366,413,397,-1,397,413,414,-1,397,414,418,-1,418,414,415,-1,418,415,419,-1,419,415,416,-1,419,416,420,-1,420,416,417,-1,420,417,421,-1,421,417,360,-1,421,360,361,-1,98,397,422,-1,422,397,418,-1,422,418,423,-1,423,418,419,-1,423,419,424,-1,424,419,420,-1,424,420,425,-1,425,420,421,-1,425,421,426,-1,426,421,361,-1,426,361,65,-1,406,100,401,-1,366,365,413,-1,413,365,404,-1,413,404,409,-1,409,404,398,-1,409,398,405,-1,405,398,400,-1,405,400,406,-1,406,400,100,-1,97,98,422,-1,97,422,396,-1,396,422,423,-1,396,423,395,-1,395,423,424,-1,395,424,394,-1,394,424,425,-1,394,425,393,-1,393,425,426,-1,393,426,392,-1,392,426,65,-1,392,65,73,-1,427,428,429,-1,430,431,432,-1,433,434,435,-1,436,437,438,-1,439,440,441,-1,442,443,444,-1,445,446,447,-1,448,449,450,-1,451,452,453,-1,454,455,456,-1,457,458,459,-1,460,461,462,-1,463,464,465,-1,466,467,468,-1,469,470,471,-1,472,473,474,-1,475,476,477,-1,478,479,480,-1,481,482,483,-1,484,485,486,-1,487,488,489,-1,44,3,490,-1,490,3,491,-1,490,491,492,-1,492,491,493,-1,492,493,494,-1,494,493,495,-1,494,495,496,-1,496,495,497,-1,496,497,498,-1,498,497,483,-1,0,26,499,-1,499,26,500,-1,499,500,501,-1,501,500,502,-1,501,502,503,-1,503,502,504,-1,503,504,505,-1,505,504,506,-1,505,506,507,-1,507,506,480,-1,8,51,508,-1,508,51,509,-1,508,509,510,-1,510,509,511,-1,510,511,512,-1,512,511,513,-1,512,513,514,-1,514,513,515,-1,514,515,516,-1,516,515,474,-1,49,24,517,-1,517,24,518,-1,517,518,519,-1,519,518,520,-1,519,520,521,-1,521,520,522,-1,521,522,523,-1,523,522,524,-1,523,524,525,-1,525,524,471,-1,36,35,526,-1,526,35,527,-1,526,527,528,-1,528,527,529,-1,528,529,530,-1,530,529,531,-1,530,531,532,-1,532,531,533,-1,532,533,534,-1,534,533,462,-1,27,34,535,-1,535,34,536,-1,535,536,537,-1,537,536,538,-1,537,538,539,-1,539,538,540,-1,539,540,541,-1,541,540,542,-1,541,542,543,-1,543,542,459,-1,16,15,544,-1,544,15,545,-1,544,545,546,-1,546,545,547,-1,546,547,548,-1,548,547,549,-1,548,549,550,-1,550,549,551,-1,550,551,552,-1,552,551,453,-1,13,11,553,-1,553,11,554,-1,553,554,555,-1,555,554,556,-1,555,556,557,-1,557,556,558,-1,557,558,559,-1,559,558,560,-1,559,560,561,-1,561,560,450,-1,39,38,562,-1,562,38,563,-1,562,563,564,-1,564,563,565,-1,564,565,566,-1,566,565,567,-1,566,567,568,-1,568,567,569,-1,568,569,570,-1,570,569,441,-1,48,47,571,-1,571,47,572,-1,571,572,573,-1,573,572,574,-1,573,574,575,-1,575,574,576,-1,575,576,577,-1,577,576,578,-1,577,578,579,-1,579,578,438,-1,29,21,580,-1,580,21,581,-1,580,581,582,-1,582,581,583,-1,582,583,584,-1,584,583,585,-1,584,585,586,-1,586,585,587,-1,586,587,588,-1,588,587,432,-1,18,17,589,-1,589,17,590,-1,589,590,591,-1,591,590,592,-1,591,592,593,-1,593,592,594,-1,593,594,595,-1,595,594,596,-1,595,596,597,-1,597,596,429,-1,53,52,598,-1,598,52,599,-1,598,599,600,-1,600,599,601,-1,600,601,602,-1,602,601,603,-1,602,603,604,-1,604,603,605,-1,604,605,606,-1,606,605,489,-1,606,489,607,-1,607,489,488,-1,52,46,599,-1,599,46,608,-1,599,608,601,-1,601,608,609,-1,601,609,603,-1,603,609,610,-1,603,610,605,-1,605,610,611,-1,605,611,489,-1,489,611,486,-1,489,486,487,-1,487,486,485,-1,612,484,613,-1,613,484,486,-1,613,486,614,-1,614,486,611,-1,614,611,615,-1,615,611,610,-1,615,610,616,-1,616,610,609,-1,616,609,617,-1,617,609,608,-1,617,608,45,-1,45,608,46,-1,45,44,617,-1,617,44,490,-1,617,490,616,-1,616,490,492,-1,616,492,615,-1,615,492,494,-1,615,494,614,-1,614,494,496,-1,614,496,613,-1,613,496,498,-1,613,498,612,-1,612,498,618,-1,483,482,498,-1,498,482,619,-1,498,619,618,-1,620,481,621,-1,621,481,483,-1,621,483,622,-1,622,483,497,-1,622,497,623,-1,623,497,495,-1,623,495,624,-1,624,495,493,-1,624,493,625,-1,625,493,491,-1,625,491,1,-1,1,491,3,-1,1,0,625,-1,625,0,499,-1,625,499,624,-1,624,499,501,-1,624,501,623,-1,623,501,503,-1,623,503,622,-1,622,503,505,-1,622,505,621,-1,621,505,507,-1,621,507,620,-1,620,507,626,-1,480,479,507,-1,507,479,627,-1,507,627,626,-1,26,25,500,-1,500,25,628,-1,500,628,502,-1,502,628,629,-1,502,629,504,-1,504,629,630,-1,504,630,506,-1,506,630,631,-1,506,631,480,-1,480,631,477,-1,480,477,478,-1,478,477,476,-1,632,475,633,-1,633,475,477,-1,633,477,634,-1,634,477,631,-1,634,631,635,-1,635,631,630,-1,635,630,636,-1,636,630,629,-1,636,629,637,-1,637,629,628,-1,637,628,9,-1,9,628,25,-1,9,8,637,-1,637,8,508,-1,637,508,636,-1,636,508,510,-1,636,510,635,-1,635,510,512,-1,635,512,634,-1,634,512,514,-1,634,514,633,-1,633,514,516,-1,633,516,632,-1,632,516,638,-1,474,473,516,-1,516,473,639,-1,516,639,638,-1,640,472,641,-1,641,472,474,-1,641,474,642,-1,642,474,515,-1,642,515,643,-1,643,515,513,-1,643,513,644,-1,644,513,511,-1,644,511,645,-1,645,511,509,-1,645,509,50,-1,50,509,51,-1,50,49,645,-1,645,49,517,-1,645,517,644,-1,644,517,519,-1,644,519,643,-1,643,519,521,-1,643,521,642,-1,642,521,523,-1,642,523,641,-1,641,523,525,-1,641,525,640,-1,640,525,646,-1,471,470,525,-1,525,470,647,-1,525,647,646,-1,648,469,649,-1,649,469,471,-1,649,471,650,-1,650,471,524,-1,650,524,651,-1,651,524,522,-1,651,522,652,-1,652,522,520,-1,652,520,653,-1,653,520,518,-1,653,518,23,-1,23,518,24,-1,23,22,653,-1,653,22,654,-1,653,654,652,-1,652,654,655,-1,652,655,651,-1,651,655,656,-1,651,656,650,-1,650,656,657,-1,650,657,649,-1,649,657,658,-1,649,658,648,-1,648,658,659,-1,22,7,654,-1,654,7,660,-1,654,660,655,-1,655,660,661,-1,655,661,656,-1,656,661,662,-1,656,662,657,-1,657,662,663,-1,657,663,658,-1,658,663,468,-1,658,468,659,-1,659,468,467,-1,7,5,660,-1,660,5,664,-1,660,664,661,-1,661,664,665,-1,661,665,662,-1,662,665,666,-1,662,666,663,-1,663,666,667,-1,663,667,468,-1,468,667,465,-1,468,465,466,-1,466,465,464,-1,668,463,669,-1,669,463,465,-1,669,465,670,-1,670,465,667,-1,670,667,671,-1,671,667,666,-1,671,666,672,-1,672,666,665,-1,672,665,673,-1,673,665,664,-1,673,664,4,-1,4,664,5,-1,4,36,673,-1,673,36,526,-1,673,526,672,-1,672,526,528,-1,672,528,671,-1,671,528,530,-1,671,530,670,-1,670,530,532,-1,670,532,669,-1,669,532,534,-1,669,534,668,-1,668,534,674,-1,462,461,534,-1,534,461,675,-1,534,675,674,-1,676,460,677,-1,677,460,462,-1,677,462,678,-1,678,462,533,-1,678,533,679,-1,679,533,531,-1,679,531,680,-1,680,531,529,-1,680,529,681,-1,681,529,527,-1,681,527,28,-1,28,527,35,-1,28,27,681,-1,681,27,535,-1,681,535,680,-1,680,535,537,-1,680,537,679,-1,679,537,539,-1,679,539,678,-1,678,539,541,-1,678,541,677,-1,677,541,543,-1,677,543,676,-1,676,543,682,-1,459,458,543,-1,543,458,683,-1,543,683,682,-1,455,457,456,-1,456,457,459,-1,456,459,684,-1,684,459,542,-1,684,542,685,-1,685,542,540,-1,685,540,686,-1,686,540,538,-1,686,538,687,-1,687,538,536,-1,687,536,33,-1,33,536,34,-1,688,454,689,-1,689,454,456,-1,689,456,690,-1,690,456,684,-1,690,684,691,-1,691,684,685,-1,691,685,692,-1,692,685,686,-1,692,686,693,-1,693,686,687,-1,693,687,32,-1,32,687,33,-1,32,16,693,-1,693,16,544,-1,693,544,692,-1,692,544,546,-1,692,546,691,-1,691,546,548,-1,691,548,690,-1,690,548,550,-1,690,550,689,-1,689,550,552,-1,689,552,688,-1,688,552,694,-1,453,452,552,-1,552,452,695,-1,552,695,694,-1,696,451,697,-1,697,451,453,-1,697,453,698,-1,698,453,551,-1,698,551,699,-1,699,551,549,-1,699,549,700,-1,700,549,547,-1,700,547,701,-1,701,547,545,-1,701,545,14,-1,14,545,15,-1,14,13,701,-1,701,13,553,-1,701,553,700,-1,700,553,555,-1,700,555,699,-1,699,555,557,-1,699,557,698,-1,698,557,559,-1,698,559,697,-1,697,559,561,-1,697,561,696,-1,696,561,702,-1,450,449,561,-1,561,449,703,-1,561,703,702,-1,704,448,705,-1,705,448,450,-1,705,450,706,-1,706,450,560,-1,706,560,707,-1,707,560,558,-1,707,558,708,-1,708,558,556,-1,708,556,709,-1,709,556,554,-1,709,554,10,-1,10,554,11,-1,10,43,709,-1,709,43,710,-1,709,710,708,-1,708,710,711,-1,708,711,707,-1,707,711,712,-1,707,712,706,-1,706,712,713,-1,706,713,705,-1,705,713,714,-1,705,714,704,-1,704,714,715,-1,43,42,710,-1,710,42,716,-1,710,716,711,-1,711,716,717,-1,711,717,712,-1,712,717,718,-1,712,718,713,-1,713,718,719,-1,713,719,714,-1,714,719,447,-1,714,447,715,-1,715,447,446,-1,42,41,716,-1,716,41,720,-1,716,720,717,-1,717,720,721,-1,717,721,718,-1,718,721,722,-1,718,722,719,-1,719,722,723,-1,719,723,447,-1,447,723,444,-1,447,444,445,-1,445,444,443,-1,724,442,725,-1,725,442,444,-1,725,444,726,-1,726,444,723,-1,726,723,727,-1,727,723,722,-1,727,722,728,-1,728,722,721,-1,728,721,729,-1,729,721,720,-1,729,720,40,-1,40,720,41,-1,40,39,729,-1,729,39,562,-1,729,562,728,-1,728,562,564,-1,728,564,727,-1,727,564,566,-1,727,566,726,-1,726,566,568,-1,726,568,725,-1,725,568,570,-1,725,570,724,-1,724,570,730,-1,441,440,570,-1,570,440,731,-1,570,731,730,-1,732,439,733,-1,733,439,441,-1,733,441,734,-1,734,441,569,-1,734,569,735,-1,735,569,567,-1,735,567,736,-1,736,567,565,-1,736,565,737,-1,737,565,563,-1,737,563,37,-1,37,563,38,-1,37,48,737,-1,737,48,571,-1,737,571,736,-1,736,571,573,-1,736,573,735,-1,735,573,575,-1,735,575,734,-1,734,575,577,-1,734,577,733,-1,733,577,579,-1,733,579,732,-1,732,579,738,-1,438,437,579,-1,579,437,739,-1,579,739,738,-1,47,31,572,-1,572,31,740,-1,572,740,574,-1,574,740,741,-1,574,741,576,-1,576,741,742,-1,576,742,578,-1,578,742,743,-1,578,743,438,-1,438,743,435,-1,438,435,436,-1,436,435,434,-1,744,433,745,-1,745,433,435,-1,745,435,746,-1,746,435,743,-1,746,743,747,-1,747,743,742,-1,747,742,748,-1,748,742,741,-1,748,741,749,-1,749,741,740,-1,749,740,30,-1,30,740,31,-1,30,29,749,-1,749,29,580,-1,749,580,748,-1,748,580,582,-1,748,582,747,-1,747,582,584,-1,747,584,746,-1,746,584,586,-1,746,586,745,-1,745,586,588,-1,745,588,744,-1,744,588,750,-1,432,431,588,-1,588,431,751,-1,588,751,750,-1,752,430,753,-1,753,430,432,-1,753,432,754,-1,754,432,587,-1,754,587,755,-1,755,587,585,-1,755,585,756,-1,756,585,583,-1,756,583,757,-1,757,583,581,-1,757,581,20,-1,20,581,21,-1,20,18,757,-1,757,18,589,-1,757,589,756,-1,756,589,591,-1,756,591,755,-1,755,591,593,-1,755,593,754,-1,754,593,595,-1,754,595,753,-1,753,595,597,-1,753,597,752,-1,752,597,758,-1,429,428,597,-1,597,428,759,-1,597,759,758,-1,760,427,761,-1,761,427,429,-1,761,429,762,-1,762,429,596,-1,762,596,763,-1,763,596,594,-1,763,594,764,-1,764,594,592,-1,764,592,765,-1,765,592,590,-1,765,590,54,-1,54,590,17,-1,54,53,765,-1,765,53,598,-1,765,598,764,-1,764,598,600,-1,764,600,763,-1,763,600,602,-1,763,602,762,-1,762,602,604,-1,762,604,761,-1,761,604,606,-1,761,606,760,-1,760,606,607,-1,766,80,767,-1,767,80,79,-1,767,79,768,-1,768,79,78,-1,768,78,769,-1,769,78,76,-1,769,76,770,-1,770,76,75,-1,770,75,771,-1,771,75,90,-1,771,90,772,-1,772,90,89,-1,772,89,773,-1,773,89,88,-1,773,88,774,-1,774,88,74,-1,774,74,775,-1,775,74,72,-1,775,72,776,-1,776,72,71,-1,776,71,777,-1,777,71,87,-1,777,87,778,-1,778,87,86,-1,778,86,779,-1,779,86,85,-1,779,85,780,-1,780,85,66,-1,780,66,781,-1,781,66,64,-1,781,64,782,-1,782,64,63,-1,782,63,783,-1,783,63,84,-1,783,84,784,-1,784,84,83,-1,784,83,785,-1,785,83,82,-1,785,82,786,-1,786,82,70,-1,786,70,787,-1,787,70,68,-1,787,68,788,-1,788,68,67,-1,788,67,789,-1,789,67,81,-1,789,81,766,-1,766,81,80,-1,788,789,790,-1,790,789,766,-1,790,766,767,-1,785,786,790,-1,790,786,787,-1,790,787,788,-1,782,783,790,-1,790,783,784,-1,790,784,785,-1,779,780,790,-1,790,780,781,-1,790,781,782,-1,776,777,790,-1,790,777,778,-1,790,778,779,-1,773,774,790,-1,790,774,775,-1,790,775,776,-1,770,771,790,-1,790,771,772,-1,790,772,773,-1,767,768,790,-1,790,768,769,-1,790,769,770,-1,
        ]
    }
}