#VRML V2.0 utf8
# 3D model generated by easyeda2kicad.py (https://github.com/uPesy/easyeda2kicad.py)

Shape{
    appearance Appearance {
        material  Material 	{
            diffuseColor 0.0 0.5411764705882353 1.0
            specularColor 0.0 0.27058823529411763 0.5019607843137255
            ambientIntensity 0.4317
            transparency 0.0
            shininess 0.5
        }
    }
    geometry IndexedFaceSet {
        ccw TRUE
        solid FALSE
        coord DEF co Coordinate {
            point [
                -0.1969 -8.4646 0.4764, -0.4007 -8.4377 0.4764, -0.9843 -8.4646 0.4764, -0.5906 -8.3591 0.4764, -0.7537 -8.2339 0.4764, -0.8788 -8.0709 0.4764, -0.9574 -7.881 0.4764, -0.9843 -7.6772 0.4764, -0.9843 -7.6772 0.0039, -0.9574 -7.881 0.0039, -0.9843 -8.4646 0.0039, -0.8788 -8.0709 0.0039, -0.7537 -8.2339 0.0039, -0.5906 -8.3591 0.0039, -0.4007 -8.4377 0.0039, -0.1969 -8.4646 0.0039, -0.7537 -7.1204 0.4764, -0.5906 -6.9953 0.4764, -0.5906 -6.3307 0.4764, 0.1901 -2.9491 0.4764, 0.1968 -3.0 0.4764, 0.9645 -2.5 0.4764, 0.1901 -1.9491 0.4764, 0.1968 -2.0 0.4764, 0.9645 -1.5 0.4764, 0.1901 -0.9491 0.4764, 0.1968 -1.0 0.4764, 0.9645 -0.5 0.4764, 0.1901 0.0509 0.4764, 0.1968 0.0 0.4764, 0.9645 0.5 0.4764, 0.1901 1.0509 0.4764, 0.1968 1.0 0.4764, 0.9645 1.5 0.4764, 0.1901 2.0509 0.4764, 0.1968 2.0 0.4764, 0.9645 2.5 0.4764, 0.1901 3.0509 0.4764, 0.1968 3.0 0.4764, 0.9645 3.5 0.4764, -0.5906 6.9953 0.4764, -0.7537 7.1204 0.4764, -0.9843 3.5 0.4764, -0.8788 7.2835 0.4764, -0.9574 7.4734 0.4764, -0.9843 7.6772 0.4764, 26.371 8.4377 0.4764, 26.5748 8.4646 0.4764, -0.1969 8.4646 0.4764, 0.1901 4.0509 0.4764, 0.1968 4.0 0.4764, 0.9645 7.6772 0.4764, 26.1811 8.3591 0.4764, 25.7874 7.6772 0.4764, 25.8142 7.881 0.4764, 25.4134 7.6772 0.4764, 25.8929 8.0709 0.4764, 26.018 8.2339 0.4764, 26.371 6.9166 0.4764, 26.1811 6.9953 0.4764, 25.4134 3.5 0.4764, 0.3599 8.2339 0.4764, 0.485 8.0709 0.4764, 0.0069 8.4377 0.4764, 0.1968 8.3591 0.4764, 27.3622 7.6772 0.4764, 27.3353 7.4734 0.4764, 27.3622 3.5 0.4764, 27.2567 7.2835 0.4764, 0.1901 3.9491 0.4764, 0.1705 3.9016 0.4764, 0.1392 3.8608 0.4764, -0.051 3.8099 0.4764, -0.0985 3.8295 0.4764, -0.5906 3.5 0.4764, -0.1392 3.8608 0.4764, -0.1705 3.9016 0.4764, -0.1902 3.9491 0.4764, -0.1969 4.0 0.4764, -0.1902 4.0509 0.4764, 0.5637 7.881 0.4764, 0.5905 7.6772 0.4764, 0.5637 7.4734 0.4764, 27.1316 7.1204 0.4764, 26.9685 6.9953 0.4764, 26.7786 6.9166 0.4764, 26.5748 6.8898 0.4764, 26.018 7.1204 0.4764, 25.8929 7.2835 0.4764, 25.8142 7.4734 0.4764, 0.0984 3.8295 0.4764, 0.0509 3.8099 0.4764, -0.0 3.8031 0.4764, 0.485 7.2835 0.4764, 0.1705 4.0984 0.4764, -0.1392 4.1392 0.4764, -0.1969 6.8898 0.4764, -0.1705 4.0984 0.4764, -0.4007 6.9166 0.4764, 0.3599 7.1204 0.4764, 0.1968 6.9953 0.4764, 0.1392 4.1392 0.4764, 0.0984 4.1705 0.4764, -0.0985 4.1705 0.4764, -0.051 4.1901 0.4764, 0.0069 6.9166 0.4764, -0.0 4.1969 0.4764, 0.0509 4.1901 0.4764, 27.3353 -7.4734 0.4764, 27.3622 -7.6772 0.4764, 27.3622 -6.3307 0.4764, 27.2567 -7.2835 0.4764, 17.8086 -7.6772 0.4764, 16.1417 -8.0709 0.4764, 26.371 -8.4377 0.4764, 16.1417 -8.4646 0.4764, 26.5748 -8.4646 0.4764, 26.1811 -8.3591 0.4764, 26.018 -8.2339 0.4764, 25.4134 -7.6772 0.4764, 25.8929 -8.0709 0.4764, 25.8142 -7.881 0.4764, 26.018 -7.1204 0.4764, 26.1811 -6.9953 0.4764, 25.4134 -6.3307 0.4764, 25.7874 -7.6772 0.4764, 25.8142 -7.4734 0.4764, 25.8929 -7.2835 0.4764, 26.371 -6.9166 0.4764, 26.5748 -6.8898 0.4764, 26.7786 -6.9166 0.4764, 26.9685 -6.9953 0.4764, 27.1316 -7.1204 0.4764, 27.3622 2.5 0.4764, 25.4134 2.5 0.4764, 27.3622 1.5 0.4764, 25.4134 1.5 0.4764, 27.3622 0.5 0.4764, 25.4134 0.5 0.4764, 27.3622 -0.5 0.4764, 25.4134 -0.5 0.4764, 27.3622 -1.5 0.4764, 25.4134 -1.5 0.4764, 27.3622 -2.5 0.4764, 25.4134 -2.5 0.4764, 27.3622 -3.5 0.4764, 25.4134 -3.5 0.4764, -0.0985 3.1705 0.4764, -0.1392 3.1392 0.4764, -0.1705 3.0984 0.4764, 0.0984 3.1705 0.4764, 0.1392 3.1392 0.4764, 0.1705 3.0984 0.4764, 0.1901 2.9491 0.4764, 0.1705 2.9016 0.4764, 0.1392 2.8608 0.4764, -0.051 3.1901 0.4764, -0.0 3.1969 0.4764, 0.0509 3.1901 0.4764, 0.0984 2.8295 0.4764, 0.0509 2.8099 0.4764, -0.5906 2.5 0.4764, -0.0 2.8031 0.4764, -0.051 2.8099 0.4764, -0.0985 2.8295 0.4764, -0.1392 2.8608 0.4764, -0.1705 2.9016 0.4764, -0.1902 2.9491 0.4764, -0.1969 3.0 0.4764, -0.1902 3.0509 0.4764, 0.1901 1.9491 0.4764, 0.1705 1.9016 0.4764, 0.1392 1.8608 0.4764, -0.051 2.1901 0.4764, -0.0 2.1969 0.4764, 0.0984 1.8295 0.4764, 0.0509 1.8099 0.4764, -0.5906 1.5 0.4764, -0.0 1.8031 0.4764, -0.051 1.8099 0.4764, -0.0985 1.8295 0.4764, -0.1392 1.8608 0.4764, -0.1705 1.9016 0.4764, 0.0509 2.1901 0.4764, 0.0984 2.1705 0.4764, -0.1902 1.9491 0.4764, -0.1969 2.0 0.4764, -0.1902 2.0509 0.4764, -0.1705 2.0984 0.4764, -0.1392 2.1392 0.4764, -0.0985 2.1705 0.4764, 0.1392 2.1392 0.4764, 0.1705 2.0984 0.4764, -0.1902 1.0509 0.4764, -0.1705 1.0984 0.4764, 0.1901 0.9491 0.4764, 0.1705 0.9016 0.4764, -0.051 1.1901 0.4764, -0.0 1.1969 0.4764, -0.0 0.8031 0.4764, -0.5906 0.5 0.4764, 0.0509 0.8099 0.4764, 0.0509 1.1901 0.4764, 0.0984 1.1705 0.4764, 0.1392 0.8608 0.4764, 0.0984 0.8295 0.4764, -0.051 0.8099 0.4764, -0.0985 0.8295 0.4764, -0.1392 0.8608 0.4764, -0.1705 0.9016 0.4764, -0.1902 0.9491 0.4764, -0.1969 1.0 0.4764, -0.1392 1.1392 0.4764, -0.0985 1.1705 0.4764, 0.1392 1.1392 0.4764, 0.1705 1.0984 0.4764, -0.1902 0.0509 0.4764, -0.1705 0.0984 0.4764, 0.1901 -0.0509 0.4764, 0.1705 -0.0984 0.4764, -0.051 0.1901 0.4764, -0.0 0.1969 0.4764, -0.0 -0.1969 0.4764, -0.5906 -0.5 0.4764, 0.0509 -0.1901 0.4764, 0.1392 -0.1392 0.4764, 0.0984 -0.1705 0.4764, -0.051 -0.1901 0.4764, -0.0985 -0.1705 0.4764, -0.1392 -0.1392 0.4764, -0.1705 -0.0984 0.4764, -0.1902 -0.0509 0.4764, -0.1969 0.0 0.4764, 0.0509 0.1901 0.4764, 0.0984 0.1705 0.4764, -0.1392 0.1392 0.4764, -0.0985 0.1705 0.4764, 0.1392 0.1392 0.4764, 0.1705 0.0984 0.4764, -0.1902 -0.9491 0.4764, -0.1705 -0.9016 0.4764, 0.1901 -1.0509 0.4764, 0.1705 -1.0984 0.4764, -0.051 -0.8099 0.4764, -0.0 -0.8031 0.4764, -0.0 -1.1969 0.4764, -0.5906 -1.5 0.4764, 0.0509 -1.1901 0.4764, 0.0509 -0.8099 0.4764, 0.0984 -0.8295 0.4764, 0.1392 -1.1392 0.4764, 0.0984 -1.1705 0.4764, -0.051 -1.1901 0.4764, -0.0985 -1.1705 0.4764, -0.1392 -1.1392 0.4764, -0.1705 -1.0984 0.4764, -0.1902 -1.0509 0.4764, -0.1969 -1.0 0.4764, -0.1392 -0.8608 0.4764, -0.0985 -0.8295 0.4764, 0.1392 -0.8608 0.4764, 0.1705 -0.9016 0.4764, -0.051 -1.8099 0.4764, -0.0 -1.8031 0.4764, 0.1901 -2.0509 0.4764, 0.1705 -2.0984 0.4764, 0.1392 -2.1392 0.4764, 0.0509 -1.8099 0.4764, 0.0984 -1.8295 0.4764, 0.0984 -2.1705 0.4764, 0.0509 -2.1901 0.4764, -0.5906 -2.5 0.4764, -0.0 -2.1969 0.4764, -0.051 -2.1901 0.4764, -0.0985 -2.1705 0.4764, -0.1392 -2.1392 0.4764, -0.1705 -2.0984 0.4764, -0.1705 -1.9016 0.4764, -0.1392 -1.8608 0.4764, -0.0985 -1.8295 0.4764, 0.1392 -1.8608 0.4764, 0.1705 -1.9016 0.4764, -0.1902 -2.0509 0.4764, -0.1969 -2.0 0.4764, -0.1902 -1.9491 0.4764, 0.9645 -3.5 0.4764, -0.051 -2.8099 0.4764, -0.0 -2.8031 0.4764, 0.1901 -3.0509 0.4764, 0.1705 -3.0984 0.4764, 0.1392 -3.1392 0.4764, -0.051 -3.1901 0.4764, -0.0985 -3.1705 0.4764, -0.5906 -3.5 0.4764, -0.1392 -3.1392 0.4764, -0.1705 -3.0984 0.4764, 0.0984 -3.1705 0.4764, 0.0509 -3.1901 0.4764, -0.0 -3.1969 0.4764, 0.0509 -2.8099 0.4764, 0.0984 -2.8295 0.4764, -0.1902 -3.0509 0.4764, -0.1969 -3.0 0.4764, -0.1902 -2.9491 0.4764, -0.1705 -2.9016 0.4764, -0.1392 -2.8608 0.4764, -0.0985 -2.8295 0.4764, 0.1392 -2.8608 0.4764, 0.1705 -2.9016 0.4764, -0.051 -4.1901 0.4764, -0.0985 -4.1705 0.4764, -0.1392 -4.1392 0.4764, 0.1901 -3.9491 0.4764, 0.1968 -4.0 0.4764, 0.1901 -4.0509 0.4764, 0.9645 -6.3307 0.4764, 0.1705 -4.0984 0.4764, 0.1392 -4.1392 0.4764, 0.0984 -4.1705 0.4764, 0.0509 -4.1901 0.4764, -0.0 -4.1969 0.4764, -0.1705 -4.0984 0.4764, -0.1902 -4.0509 0.4764, -0.1969 -4.0 0.4764, -0.1902 -3.9491 0.4764, -0.1705 -3.9016 0.4764, -0.1392 -3.8608 0.4764, -0.0985 -3.8295 0.4764, -0.051 -3.8099 0.4764, -0.0 -3.8031 0.4764, 0.0509 -3.8099 0.4764, 0.0984 -3.8295 0.4764, 0.1392 -3.8608 0.4764, 0.1705 -3.9016 0.4764, 0.3599 -8.2339 0.4764, 0.1968 -8.3591 0.4764, 10.2362 -8.4646 0.4764, 0.0069 -8.4377 0.4764, 0.5905 -7.6772 0.4764, 0.5637 -7.881 0.4764, 0.9645 -7.6772 0.4764, 0.485 -8.0709 0.4764, 8.5693 -7.6772 0.4764, 10.2362 -8.0709 0.4764, -0.4007 -6.9166 0.4764, -0.1969 -6.8898 0.4764, 0.0069 -6.9166 0.4764, 0.1968 -6.9953 0.4764, 0.3599 -7.1204 0.4764, 0.485 -7.2835 0.4764, 0.5637 -7.4734 0.4764, -0.9574 -7.4734 0.4764, -0.9843 -6.3307 0.4764, -0.8788 -7.2835 0.4764, -0.9843 -3.5 0.4764, -0.9843 -2.5 0.4764, -0.9843 -1.5 0.4764, -0.9843 -0.5 0.4764, -0.9843 0.5 0.4764, -0.9843 1.5 0.4764, -0.9843 2.5 0.4764, -0.1902 1.0509 0.0039, -0.1969 1.0 0.0039, -0.5906 1.5 0.0039, -0.1902 -0.9491 0.0039, -0.1969 -1.0 0.0039, -0.5906 -0.5 0.0039, -0.7537 7.1204 0.0039, -0.5906 6.9953 0.0039, -0.5906 3.5 0.0039, 27.3353 7.4734 0.0039, 27.3622 7.6772 0.0039, 27.3622 3.5 0.0039, -0.4007 -6.9166 0.0039, -0.5906 -6.9953 0.0039, -0.5906 -6.3307 0.0039, 27.3622 -6.3307 0.0039, 27.3622 -7.6772 0.0039, 27.3353 -7.4734 0.0039, 26.5748 -6.8898 0.0039, 26.7786 -6.9166 0.0039, 26.9685 -6.9953 0.0039, 25.8929 -8.0709 0.0039, 26.018 -8.2339 0.0039, 16.1417 -8.4646 0.0039, 26.1811 -8.3591 0.0039, 26.371 -8.4377 0.0039, 26.5748 -8.4646 0.0039, 0.0069 -8.4377 0.0039, 10.2362 -8.4646 0.0039, 0.1968 -8.3591 0.0039, 0.3599 -8.2339 0.0039, 0.3599 -7.1204 0.0039, 10.2362 -7.6772 0.0039, 0.485 -7.2835 0.0039, 0.5637 -7.4734 0.0039, 0.1968 -6.9953 0.0039, 0.0069 -6.9166 0.0039, -0.1969 -6.8898 0.0039, 27.2567 -7.2835 0.0039, 27.1316 -7.1204 0.0039, 26.371 -6.9166 0.0039, 26.1811 -6.9953 0.0039, 16.1417 -7.6772 0.0039, 26.018 -7.1204 0.0039, 25.8929 -7.2835 0.0039, 25.8142 -7.4734 0.0039, 25.7874 -7.6772 0.0039, 25.8142 -7.881 0.0039, 0.485 -8.0709 0.0039, 0.5637 -7.881 0.0039, 0.5905 -7.6772 0.0039, -0.1705 3.9016 0.0039, -0.1902 3.9491 0.0039, -0.1969 4.0 0.0039, 27.2567 7.2835 0.0039, 26.018 8.2339 0.0039, 0.1705 4.0984 0.0039, 26.1811 8.3591 0.0039, 26.371 8.4377 0.0039, 0.485 7.2835 0.0039, 0.5637 7.4734 0.0039, -0.1902 4.0509 0.0039, -0.1705 4.0984 0.0039, 0.5905 7.6772 0.0039, 0.5637 7.881 0.0039, 26.5748 8.4646 0.0039, 0.485 8.0709 0.0039, 0.3599 8.2339 0.0039, 0.1968 8.3591 0.0039, 0.0069 8.4377 0.0039, -0.1969 8.4646 0.0039, 0.1392 3.8608 0.0039, 0.1705 3.9016 0.0039, 25.8142 7.4734 0.0039, 0.1901 3.9491 0.0039, 25.7874 7.6772 0.0039, 26.1811 6.9953 0.0039, 26.018 7.1204 0.0039, 25.8929 7.2835 0.0039, 26.371 6.9166 0.0039, 26.5748 6.8898 0.0039, 26.7786 6.9166 0.0039, -0.1392 3.8608 0.0039, -0.0985 3.8295 0.0039, -0.051 3.8099 0.0039, 25.8929 8.0709 0.0039, 25.8142 7.881 0.0039, 0.1901 4.0509 0.0039, 0.1968 4.0 0.0039, 26.9685 6.9953 0.0039, 27.1316 7.1204 0.0039, 0.1968 6.9953 0.0039, 0.1392 4.1392 0.0039, -0.4007 6.9166 0.0039, -0.1969 6.8898 0.0039, -0.1392 4.1392 0.0039, -0.0985 4.1705 0.0039, 0.3599 7.1204 0.0039, -0.0 3.8031 0.0039, 0.0509 3.8099 0.0039, 0.0984 3.8295 0.0039, 0.0984 4.1705 0.0039, 0.0509 4.1901 0.0039, 0.0069 6.9166 0.0039, -0.0 4.1969 0.0039, -0.051 4.1901 0.0039, -0.9843 7.6772 0.0039, -0.9574 7.4734 0.0039, -0.9843 3.5 0.0039, -0.8788 7.2835 0.0039, -0.7537 -7.1204 0.0039, -0.8788 -7.2835 0.0039, -0.9843 -6.3307 0.0039, -0.9574 -7.4734 0.0039, -0.1902 -3.9491 0.0039, -0.1969 -4.0 0.0039, -0.5906 -3.5 0.0039, -0.1902 -4.0509 0.0039, -0.1705 -4.0984 0.0039, -0.1392 -4.1392 0.0039, -0.0 -3.8031 0.0039, -0.051 -3.8099 0.0039, -0.0985 -3.8295 0.0039, -0.0985 -4.1705 0.0039, -0.051 -4.1901 0.0039, -0.0 -4.1969 0.0039, 0.1705 -4.0984 0.0039, 27.3622 -3.5 0.0039, 0.1901 -4.0509 0.0039, 0.1705 -3.9016 0.0039, 0.1392 -3.8608 0.0039, 0.0984 -3.8295 0.0039, 0.0509 -3.8099 0.0039, -0.1392 -3.8608 0.0039, -0.1705 -3.9016 0.0039, 0.1968 -4.0 0.0039, 0.1901 -3.9491 0.0039, 0.0509 -4.1901 0.0039, 0.0984 -4.1705 0.0039, 0.1392 -4.1392 0.0039, -0.1902 -3.0509 0.0039, -0.1705 -3.0984 0.0039, 0.1901 -2.9491 0.0039, 0.1705 -2.9016 0.0039, 27.3622 -2.5 0.0039, 0.1968 -3.0 0.0039, -0.5906 -2.5 0.0039, -0.1902 -2.9491 0.0039, -0.1969 -3.0 0.0039, -0.1392 -3.1392 0.0039, -0.0985 -3.1705 0.0039, -0.051 -3.1901 0.0039, 0.1392 -3.1392 0.0039, 0.1705 -3.0984 0.0039, 0.1901 -3.0509 0.0039, -0.0 -2.8031 0.0039, -0.051 -2.8099 0.0039, -0.0985 -2.8295 0.0039, -0.0 -3.1969 0.0039, 0.0509 -3.1901 0.0039, 0.0984 -3.1705 0.0039, -0.1392 -2.8608 0.0039, -0.1705 -2.9016 0.0039, 0.1392 -2.8608 0.0039, 0.0984 -2.8295 0.0039, 0.0509 -2.8099 0.0039, 0.1901 -1.9491 0.0039, 0.1705 -1.9016 0.0039, 27.3622 -1.5 0.0039, -0.1902 -2.0509 0.0039, -0.1705 -2.0984 0.0039, 0.1392 -2.1392 0.0039, 0.1705 -2.0984 0.0039, 0.1968 -2.0 0.0039, 0.1901 -2.0509 0.0039, -0.5906 -1.5 0.0039, -0.1902 -1.9491 0.0039, -0.1969 -2.0 0.0039, -0.1392 -2.1392 0.0039, -0.0985 -2.1705 0.0039, -0.051 -2.1901 0.0039, -0.0 -2.1969 0.0039, 0.0509 -2.1901 0.0039, 0.0984 -2.1705 0.0039, -0.0 -1.8031 0.0039, -0.051 -1.8099 0.0039, -0.0985 -1.8295 0.0039, -0.1392 -1.8608 0.0039, -0.1705 -1.9016 0.0039, 0.1392 -1.8608 0.0039, 0.0984 -1.8295 0.0039, 0.0509 -1.8099 0.0039, 0.1901 -0.9491 0.0039, 0.1705 -0.9016 0.0039, 27.3622 -0.5 0.0039, -0.1902 -1.0509 0.0039, -0.1705 -1.0984 0.0039, -0.051 -1.1901 0.0039, -0.0 -1.1969 0.0039, 0.0509 -1.1901 0.0039, 0.0984 -1.1705 0.0039, 0.1968 -1.0 0.0039, -0.1392 -1.1392 0.0039, -0.0985 -1.1705 0.0039, 0.1392 -1.1392 0.0039, 0.1705 -1.0984 0.0039, 0.1901 -1.0509 0.0039, -0.0 -0.8031 0.0039, -0.051 -0.8099 0.0039, -0.0985 -0.8295 0.0039, -0.1392 -0.8608 0.0039, -0.1705 -0.9016 0.0039, 0.1392 -0.8608 0.0039, 0.0984 -0.8295 0.0039, 0.0509 -0.8099 0.0039, -0.1902 -0.0509 0.0039, -0.1705 -0.0984 0.0039, -0.5906 0.5 0.0039, -0.1902 0.0509 0.0039, -0.1969 0.0 0.0039, 0.1901 0.0509 0.0039, 0.1705 0.0984 0.0039, 27.3622 0.5 0.0039, 0.1968 0.0 0.0039, -0.0 0.1969 0.0039, -0.051 0.1901 0.0039, -0.0985 0.1705 0.0039, -0.051 -0.1901 0.0039, -0.0 -0.1969 0.0039, 0.0509 -0.1901 0.0039, 0.0984 -0.1705 0.0039, -0.1392 0.1392 0.0039, -0.1705 0.0984 0.0039, -0.1392 -0.1392 0.0039, -0.0985 -0.1705 0.0039, 0.1392 -0.1392 0.0039, 0.1705 -0.0984 0.0039, 0.1901 -0.0509 0.0039, 0.1392 0.1392 0.0039, 0.0984 0.1705 0.0039, 0.0509 0.1901 0.0039, 0.1901 1.0509 0.0039, 0.1705 1.0984 0.0039, 27.3622 1.5 0.0039, -0.1902 0.9491 0.0039, -0.1705 0.9016 0.0039, -0.051 0.8099 0.0039, -0.0 0.8031 0.0039, 0.0509 0.8099 0.0039, 0.0984 0.8295 0.0039, 0.1968 1.0 0.0039, -0.1392 0.8608 0.0039, -0.0985 0.8295 0.0039, 0.1392 0.8608 0.0039, 0.1705 0.9016 0.0039, 0.1901 0.9491 0.0039, -0.0 1.1969 0.0039, -0.051 1.1901 0.0039, -0.0985 1.1705 0.0039, -0.1392 1.1392 0.0039, -0.1705 1.0984 0.0039, 0.1392 1.1392 0.0039, 0.0984 1.1705 0.0039, 0.0509 1.1901 0.0039, -0.1902 1.9491 0.0039, -0.1705 1.9016 0.0039, 0.1392 1.8608 0.0039, 0.1705 1.9016 0.0039, 0.1901 2.0509 0.0039, 0.1705 2.0984 0.0039, 27.3622 2.5 0.0039, 0.1968 2.0 0.0039, 0.1901 1.9491 0.0039, -0.5906 2.5 0.0039, -0.1902 2.0509 0.0039, -0.1969 2.0 0.0039, -0.1392 1.8608 0.0039, -0.0985 1.8295 0.0039, -0.051 1.8099 0.0039, -0.0 1.8031 0.0039, 0.0509 1.8099 0.0039, 0.0984 1.8295 0.0039, -0.0 2.1969 0.0039, -0.051 2.1901 0.0039, -0.0985 2.1705 0.0039, -0.1392 2.1392 0.0039, -0.1705 2.0984 0.0039, 0.1392 2.1392 0.0039, 0.0984 2.1705 0.0039, 0.0509 2.1901 0.0039, -0.1902 2.9491 0.0039, -0.1705 2.9016 0.0039, 0.1901 3.0509 0.0039, 0.1705 3.0984 0.0039, 0.1968 3.0 0.0039, -0.1902 3.0509 0.0039, -0.1969 3.0 0.0039, 0.1392 2.8608 0.0039, 0.1705 2.9016 0.0039, 0.1901 2.9491 0.0039, -0.0985 3.1705 0.0039, -0.051 3.1901 0.0039, -0.0 3.1969 0.0039, -0.1392 3.1392 0.0039, -0.1705 3.0984 0.0039, 0.1392 3.1392 0.0039, 0.0984 3.1705 0.0039, 0.0509 3.1901 0.0039, -0.1392 2.8608 0.0039, -0.0985 2.8295 0.0039, -0.051 2.8099 0.0039, -0.0 2.8031 0.0039, 0.0509 2.8099 0.0039, 0.0984 2.8295 0.0039, -0.9843 2.5 0.0039, -0.9843 1.5 0.0039, -0.9843 0.5 0.0039, -0.9843 -0.5 0.0039, -0.9843 -1.5 0.0039, -0.9843 -2.5 0.0039, -0.9843 -3.5 0.0039, 27.3622 -8.4646 0.4764, 27.3353 -7.881 0.4764, 26.7786 -8.4377 0.4764, 26.9685 -8.3591 0.4764, 27.2567 -8.0709 0.4764, 27.1316 -8.2339 0.4764, 26.7786 -8.4377 0.0039, 27.3622 -8.4646 0.0039, 26.9685 -8.3591 0.0039, 27.1316 -8.2339 0.0039, 27.2567 -8.0709 0.0039, 27.3353 -7.881 0.0039, -0.9843 8.4646 0.4764, -0.9574 7.881 0.4764, -0.4007 8.4377 0.4764, -0.5906 8.3591 0.4764, -0.8788 8.0709 0.4764, -0.7537 8.2339 0.4764, -0.4007 8.4377 0.0039, -0.9843 8.4646 0.0039, -0.5906 8.3591 0.0039, -0.7537 8.2339 0.0039, -0.8788 8.0709 0.0039, -0.9574 7.881 0.0039
            ]
        }
        coordIndex [
            0,1,2,-1,2,1,3,-1,2,3,4,-1,4,5,2,-1,2,5,6,-1,2,6,7,-1,8,9,10,-1,10,9,11,-1,10,11,12,-1,12,13,10,-1,10,13,14,-1,10,14,15,-1,16,17,18,-1,19,20,21,-1,22,23,24,-1,25,26,27,-1,28,29,30,-1,31,32,33,-1,34,35,36,-1,37,38,39,-1,40,41,42,-1,41,43,42,-1,42,43,44,-1,42,44,45,-1,46,47,48,-1,49,50,51,-1,46,48,52,-1,53,54,55,-1,55,54,56,-1,55,56,57,-1,51,50,39,-1,58,59,60,-1,55,61,51,-1,51,61,62,-1,52,48,57,-1,57,48,63,-1,57,63,55,-1,55,63,64,-1,55,64,61,-1,65,66,67,-1,67,66,68,-1,50,69,39,-1,39,69,70,-1,39,70,71,-1,72,73,74,-1,74,73,75,-1,74,75,76,-1,76,77,74,-1,74,77,78,-1,74,78,79,-1,62,80,51,-1,51,80,81,-1,51,81,82,-1,68,83,67,-1,67,83,84,-1,67,84,85,-1,58,60,86,-1,59,87,60,-1,60,87,88,-1,60,88,55,-1,55,88,89,-1,55,89,53,-1,71,90,39,-1,39,90,91,-1,39,91,74,-1,74,91,92,-1,74,92,72,-1,82,93,51,-1,51,93,94,-1,51,94,49,-1,95,96,97,-1,97,96,98,-1,97,98,40,-1,93,99,94,-1,94,99,100,-1,94,100,101,-1,101,100,102,-1,95,103,96,-1,96,103,104,-1,96,104,105,-1,105,104,106,-1,105,106,100,-1,100,106,107,-1,100,107,102,-1,108,109,110,-1,108,110,111,-1,112,113,114,-1,114,113,115,-1,114,115,116,-1,114,117,112,-1,112,117,118,-1,112,118,119,-1,119,118,120,-1,119,120,121,-1,122,123,124,-1,121,125,119,-1,119,125,126,-1,119,126,124,-1,124,126,127,-1,124,127,122,-1,128,129,110,-1,110,129,130,-1,130,131,110,-1,110,131,132,-1,110,132,111,-1,85,86,67,-1,67,86,60,-1,67,60,133,-1,133,60,134,-1,133,134,135,-1,135,134,136,-1,135,136,137,-1,137,136,138,-1,137,138,139,-1,139,138,140,-1,139,140,141,-1,141,140,142,-1,141,142,143,-1,143,142,144,-1,143,144,145,-1,145,144,146,-1,145,146,110,-1,110,146,124,-1,110,124,128,-1,128,124,123,-1,39,38,36,-1,147,74,148,-1,148,74,149,-1,150,151,39,-1,39,151,152,-1,39,152,37,-1,38,153,36,-1,36,153,154,-1,36,154,155,-1,147,156,74,-1,74,156,157,-1,74,157,39,-1,39,157,158,-1,39,158,150,-1,155,159,36,-1,36,159,160,-1,36,160,161,-1,161,160,162,-1,161,162,163,-1,163,164,161,-1,161,164,165,-1,161,165,166,-1,166,167,161,-1,161,167,168,-1,161,168,74,-1,74,168,169,-1,74,169,149,-1,36,35,33,-1,35,170,33,-1,33,170,171,-1,33,171,172,-1,173,174,161,-1,172,175,33,-1,33,175,176,-1,33,176,177,-1,177,176,178,-1,177,178,179,-1,179,180,177,-1,177,180,181,-1,177,181,182,-1,161,174,36,-1,36,174,183,-1,36,183,184,-1,182,185,177,-1,177,185,186,-1,177,186,161,-1,161,186,187,-1,161,187,188,-1,188,189,161,-1,161,189,190,-1,161,190,173,-1,184,191,36,-1,36,191,192,-1,36,192,34,-1,193,194,177,-1,33,32,30,-1,30,32,195,-1,30,195,196,-1,197,198,177,-1,199,200,201,-1,201,200,30,-1,177,198,33,-1,33,198,202,-1,33,202,203,-1,196,204,30,-1,30,204,205,-1,30,205,201,-1,199,206,200,-1,200,206,207,-1,200,207,208,-1,208,209,200,-1,200,209,210,-1,200,210,177,-1,177,210,211,-1,177,211,193,-1,194,212,177,-1,177,212,213,-1,177,213,197,-1,203,214,33,-1,33,214,215,-1,33,215,31,-1,216,217,200,-1,30,29,27,-1,27,29,218,-1,27,218,219,-1,220,221,200,-1,222,223,224,-1,224,223,27,-1,219,225,27,-1,27,225,226,-1,27,226,224,-1,222,227,223,-1,223,227,228,-1,223,228,229,-1,229,230,223,-1,223,230,231,-1,223,231,200,-1,200,231,232,-1,200,232,216,-1,200,221,30,-1,30,221,233,-1,30,233,234,-1,217,235,200,-1,200,235,236,-1,200,236,220,-1,234,237,30,-1,30,237,238,-1,30,238,28,-1,239,240,223,-1,27,26,24,-1,24,26,241,-1,24,241,242,-1,243,244,223,-1,245,246,247,-1,247,246,24,-1,223,244,27,-1,27,244,248,-1,27,248,249,-1,242,250,24,-1,24,250,251,-1,24,251,247,-1,245,252,246,-1,246,252,253,-1,246,253,254,-1,254,255,246,-1,246,255,256,-1,246,256,223,-1,223,256,257,-1,223,257,239,-1,240,258,223,-1,223,258,259,-1,223,259,243,-1,249,260,27,-1,27,260,261,-1,27,261,25,-1,24,23,21,-1,262,263,246,-1,23,264,21,-1,21,264,265,-1,21,265,266,-1,246,263,24,-1,24,263,267,-1,24,267,268,-1,266,269,21,-1,21,269,270,-1,21,270,271,-1,271,270,272,-1,271,272,273,-1,273,274,271,-1,271,274,275,-1,271,275,276,-1,277,278,246,-1,246,278,279,-1,246,279,262,-1,268,280,24,-1,24,280,281,-1,24,281,22,-1,276,282,271,-1,271,282,283,-1,271,283,246,-1,246,283,284,-1,246,284,277,-1,21,20,285,-1,286,287,271,-1,20,288,285,-1,285,288,289,-1,285,289,290,-1,291,292,293,-1,293,292,294,-1,293,294,295,-1,290,296,285,-1,285,296,297,-1,285,297,293,-1,293,297,298,-1,293,298,291,-1,271,287,21,-1,21,287,299,-1,21,299,300,-1,295,301,293,-1,293,301,302,-1,293,302,271,-1,271,302,303,-1,271,303,304,-1,304,305,271,-1,271,305,306,-1,271,306,286,-1,300,307,21,-1,21,307,308,-1,21,308,19,-1,309,310,18,-1,18,310,311,-1,312,313,285,-1,285,313,314,-1,285,314,315,-1,315,314,316,-1,315,316,317,-1,317,318,315,-1,315,318,319,-1,315,319,18,-1,18,319,320,-1,18,320,309,-1,311,321,18,-1,18,321,322,-1,18,322,293,-1,293,322,323,-1,293,323,324,-1,324,325,293,-1,293,325,326,-1,293,326,327,-1,327,328,293,-1,293,328,329,-1,293,329,285,-1,285,329,330,-1,285,330,331,-1,331,332,285,-1,285,332,333,-1,285,333,312,-1,334,335,336,-1,336,335,337,-1,336,337,0,-1,338,339,340,-1,339,341,340,-1,340,341,334,-1,340,334,342,-1,342,334,336,-1,342,336,343,-1,17,344,18,-1,18,344,345,-1,18,345,315,-1,315,345,346,-1,315,346,347,-1,347,348,315,-1,315,348,349,-1,315,349,340,-1,340,349,350,-1,340,350,338,-1,7,351,352,-1,352,351,353,-1,353,16,352,-1,352,16,18,-1,352,18,354,-1,354,18,293,-1,354,293,355,-1,355,293,271,-1,355,271,356,-1,356,271,246,-1,356,246,357,-1,357,246,223,-1,357,223,358,-1,358,223,200,-1,358,200,359,-1,359,200,177,-1,359,177,360,-1,360,177,161,-1,360,161,42,-1,42,161,74,-1,42,74,40,-1,40,74,79,-1,40,79,97,-1,361,362,363,-1,364,365,366,-1,367,368,369,-1,370,371,372,-1,373,374,375,-1,376,377,378,-1,379,376,380,-1,380,376,381,-1,382,383,384,-1,383,385,384,-1,384,385,386,-1,384,386,387,-1,15,388,389,-1,389,388,390,-1,389,390,391,-1,392,393,394,-1,394,393,395,-1,396,397,375,-1,375,397,398,-1,375,398,373,-1,378,399,376,-1,376,399,400,-1,376,400,381,-1,401,402,403,-1,403,402,404,-1,403,404,405,-1,405,406,403,-1,403,406,407,-1,403,407,384,-1,384,407,408,-1,384,408,382,-1,391,409,389,-1,389,409,410,-1,389,410,393,-1,393,410,411,-1,393,411,395,-1,392,396,393,-1,393,396,375,-1,393,375,403,-1,403,375,376,-1,403,376,401,-1,401,376,379,-1,412,369,413,-1,413,369,414,-1,370,372,415,-1,416,417,418,-1,418,417,419,-1,420,421,419,-1,414,369,422,-1,422,369,368,-1,422,368,423,-1,421,424,419,-1,419,424,425,-1,419,425,426,-1,426,425,427,-1,426,427,428,-1,428,429,426,-1,426,429,430,-1,426,430,431,-1,432,433,434,-1,434,433,435,-1,434,435,436,-1,437,372,438,-1,438,372,369,-1,438,369,439,-1,439,369,434,-1,437,440,372,-1,372,440,441,-1,372,441,442,-1,412,443,369,-1,369,443,444,-1,369,444,445,-1,416,446,417,-1,417,446,447,-1,417,447,448,-1,448,447,436,-1,448,436,449,-1,449,436,435,-1,442,450,372,-1,372,450,451,-1,372,451,415,-1,452,417,453,-1,368,454,423,-1,423,454,455,-1,423,455,456,-1,456,455,457,-1,417,452,419,-1,419,452,458,-1,419,458,420,-1,445,459,369,-1,369,459,460,-1,369,460,434,-1,434,460,461,-1,434,461,432,-1,453,462,452,-1,452,462,463,-1,452,463,464,-1,464,463,465,-1,464,465,455,-1,455,465,466,-1,455,466,457,-1,467,468,469,-1,469,468,470,-1,469,470,367,-1,471,472,473,-1,473,472,474,-1,473,474,8,-1,475,476,477,-1,477,476,478,-1,477,478,375,-1,375,478,479,-1,375,479,480,-1,481,482,477,-1,477,482,483,-1,480,484,375,-1,375,484,485,-1,375,485,486,-1,376,487,488,-1,488,487,489,-1,490,491,488,-1,488,491,492,-1,488,492,477,-1,477,492,493,-1,477,493,481,-1,483,494,477,-1,477,494,495,-1,477,495,475,-1,489,496,488,-1,488,496,497,-1,488,497,490,-1,486,498,375,-1,375,498,499,-1,375,499,376,-1,376,499,500,-1,376,500,487,-1,501,502,477,-1,503,504,505,-1,503,505,506,-1,507,508,477,-1,477,508,509,-1,477,509,501,-1,502,510,477,-1,477,510,511,-1,477,511,512,-1,513,514,488,-1,488,514,505,-1,505,514,515,-1,505,515,506,-1,516,517,507,-1,507,517,518,-1,512,519,477,-1,477,519,520,-1,477,520,488,-1,488,520,521,-1,488,521,513,-1,518,522,507,-1,507,522,523,-1,507,523,508,-1,504,524,505,-1,505,524,525,-1,505,525,507,-1,507,525,526,-1,507,526,516,-1,527,528,529,-1,530,531,507,-1,532,533,505,-1,527,529,534,-1,505,533,529,-1,529,533,535,-1,529,535,534,-1,536,537,507,-1,507,537,538,-1,507,538,530,-1,531,539,507,-1,507,539,540,-1,507,540,541,-1,541,542,507,-1,507,542,543,-1,507,543,505,-1,505,543,544,-1,505,544,532,-1,545,546,536,-1,536,546,547,-1,547,548,536,-1,536,548,549,-1,536,549,537,-1,528,550,529,-1,529,550,551,-1,529,551,536,-1,536,551,552,-1,536,552,545,-1,553,554,555,-1,366,365,536,-1,536,365,556,-1,536,556,557,-1,558,559,536,-1,536,559,560,-1,536,560,529,-1,529,560,561,-1,553,555,562,-1,557,563,536,-1,536,563,564,-1,536,564,558,-1,561,565,529,-1,529,565,566,-1,529,566,555,-1,555,566,567,-1,555,567,562,-1,568,569,366,-1,366,569,570,-1,570,571,366,-1,366,571,572,-1,366,572,364,-1,554,573,555,-1,555,573,574,-1,555,574,366,-1,366,574,575,-1,366,575,568,-1,576,577,366,-1,578,579,366,-1,366,579,580,-1,366,580,576,-1,581,582,583,-1,581,583,584,-1,585,586,578,-1,578,586,587,-1,588,589,366,-1,366,589,590,-1,366,590,555,-1,555,590,591,-1,587,592,578,-1,578,592,593,-1,578,593,579,-1,577,594,366,-1,366,594,595,-1,366,595,588,-1,591,596,555,-1,555,596,597,-1,555,597,583,-1,583,597,598,-1,583,598,584,-1,582,599,583,-1,583,599,600,-1,583,600,578,-1,578,600,601,-1,578,601,585,-1,602,603,604,-1,363,362,578,-1,578,362,605,-1,578,605,606,-1,607,608,578,-1,578,608,609,-1,578,609,583,-1,583,609,610,-1,602,604,611,-1,606,612,578,-1,578,612,613,-1,578,613,607,-1,610,614,583,-1,583,614,615,-1,583,615,604,-1,604,615,616,-1,604,616,611,-1,617,618,363,-1,363,618,619,-1,619,620,363,-1,363,620,621,-1,363,621,361,-1,603,622,604,-1,604,622,623,-1,604,623,363,-1,363,623,624,-1,363,624,617,-1,625,626,363,-1,627,628,604,-1,629,630,631,-1,629,631,632,-1,604,628,631,-1,631,628,633,-1,631,633,632,-1,634,635,363,-1,363,635,636,-1,363,636,625,-1,626,637,363,-1,363,637,638,-1,363,638,639,-1,639,640,363,-1,363,640,641,-1,363,641,604,-1,604,641,642,-1,604,642,627,-1,643,644,634,-1,634,644,645,-1,645,646,634,-1,634,646,647,-1,634,647,635,-1,630,648,631,-1,631,648,649,-1,631,649,634,-1,634,649,650,-1,634,650,643,-1,651,652,634,-1,653,654,372,-1,653,372,655,-1,369,656,634,-1,634,656,657,-1,634,657,651,-1,658,659,631,-1,631,659,372,-1,372,659,660,-1,372,660,655,-1,661,369,662,-1,662,369,663,-1,661,664,369,-1,369,664,665,-1,369,665,656,-1,654,666,372,-1,372,666,667,-1,372,667,369,-1,369,667,668,-1,369,668,663,-1,652,669,634,-1,634,669,670,-1,634,670,671,-1,671,672,634,-1,634,672,673,-1,634,673,631,-1,631,673,674,-1,631,674,658,-1,367,369,469,-1,469,369,634,-1,469,634,675,-1,675,634,363,-1,675,363,676,-1,676,363,578,-1,676,578,677,-1,677,578,366,-1,677,366,678,-1,678,366,536,-1,678,536,679,-1,679,536,507,-1,679,507,680,-1,680,507,477,-1,680,477,681,-1,681,477,375,-1,681,375,473,-1,473,375,374,-1,473,374,471,-1,682,109,683,-1,116,682,684,-1,684,682,685,-1,683,686,682,-1,682,686,687,-1,682,687,685,-1,387,688,689,-1,689,688,690,-1,689,690,691,-1,691,692,689,-1,689,692,693,-1,689,693,377,-1,694,45,695,-1,48,694,696,-1,696,694,697,-1,695,698,694,-1,694,698,699,-1,694,699,697,-1,431,700,701,-1,701,700,702,-1,701,702,703,-1,703,704,701,-1,701,704,705,-1,701,705,467,-1,
        ]
    }
}
Shape{
    appearance Appearance {
        material  Material 	{
            diffuseColor 0.25098039215686274 0.25098039215686274 0.25098039215686274
            specularColor 0.12549019607843137 0.12549019607843137 0.12549019607843137
            ambientIntensity 0.251
            transparency 0.0
            shininess 0.5
        }
    }
    geometry IndexedFaceSet {
        ccw TRUE
        solid FALSE
        coord DEF co Coordinate {
            point [
                25.4134 -6.1808 1.6575, 25.4134 -5.4376 1.6575, 23.5051 -5.4376 1.6575, 23.4027 -7.6772 1.6575, 23.4027 -6.9813 1.6575, 23.2552 -6.9813 1.6575, 22.9308 -6.1834 1.6575, 22.9515 -6.1808 1.6575, 22.8452 -6.1808 1.6575, 22.3405 -6.3909 1.6575, 22.3921 -6.4344 1.6575, 22.5723 -6.1808 1.6575, 22.5723 -6.4522 1.6575, 22.088 -6.1532 1.6575, 22.129 -6.1808 1.6575, 22.1726 -6.2101 1.6575, 22.2352 -6.2824 1.6575, 22.2751 -6.36 1.6575, 22.284 -6.363 1.6575, 21.9928 -6.1197 1.6575, 22.5723 -5.4376 1.6575, 21.9146 -6.1115 1.6575, 21.8206 -6.123 1.6575, 21.7331 -6.1568 1.6575, 11.6104 -5.4376 1.6575, 21.6943 -6.1808 1.6575, 11.6104 -6.1808 1.6575, 21.6868 -6.1855 1.6575, 21.4848 -6.2744 1.6575, 21.5597 -6.2652 1.6575, 21.6423 -6.2237 1.6575, 21.5815 -6.2663 1.6575, 21.6034 -6.269 1.6575, 21.3415 -6.3562 1.6575, 21.3541 -6.3442 1.6575, 21.4145 -6.3018 1.6575, 11.6104 -6.4522 1.6575, 11.6104 -6.5305 1.6575, 21.2571 -6.5305 1.6575, 21.2655 -6.4834 1.6575, 21.2792 -6.4522 1.6575, 21.2957 -6.415 1.6575, 21.4596 -6.8632 1.6575, 21.391 -6.8298 1.6575, 11.6104 -6.8756 1.6575, 21.332 -6.7794 1.6575, 21.2888 -6.7179 1.6575, 21.2616 -6.6473 1.6575, 21.2523 -6.5726 1.6575, 21.2528 -6.5547 1.6575, 21.4838 -6.8705 1.6575, 21.4861 -6.8756 1.6575, 21.501 -6.9082 1.6575, 21.5285 -6.9435 1.6575, 21.7436 -6.9813 1.6575, 21.7058 -6.9949 1.6575, 22.5723 -7.6772 1.6575, 16.1417 -8.0709 1.6575, 17.8086 -7.6772 1.6575, 11.6104 -6.9813 1.6575, 21.5857 -6.9813 1.6575, 21.565 -6.9722 1.6575, 21.6641 -6.9995 1.6575, 21.653 -6.9992 1.6575, 21.6084 -6.9914 1.6575, 21.8418 -6.8756 1.6575, 21.8414 -6.8771 1.6575, 22.5723 -6.9813 1.6575, 21.8188 -6.9193 1.6575, 21.7868 -6.9543 1.6575, 21.7485 -6.9796 1.6575, 22.4542 -6.5462 1.6575, 22.463 -6.6086 1.6575, 22.5723 -6.5305 1.6575, 22.0842 -6.7637 1.6575, 22.0972 -6.7585 1.6575, 22.1195 -6.6504 1.6575, 21.8064 -6.6826 1.6575, 22.0607 -6.5498 1.6575, 21.7759 -6.6543 1.6575, 21.7361 -6.6321 1.6575, 22.0725 -6.7719 1.6575, 22.3928 -6.7889 1.6575, 22.3413 -6.8325 1.6575, 22.5723 -6.8756 1.6575, 22.3442 -6.5924 1.6575, 22.3349 -6.5561 1.6575, 22.3208 -6.5305 1.6575, 21.3761 -6.5305 1.6575, 22.4306 -6.7361 1.6575, 22.1119 -6.7566 1.6575, 22.1138 -6.7568 1.6575, 22.1195 -6.758 1.6575, 22.4544 -6.676 1.6575, 21.3745 -6.6002 1.6575, 21.5091 -6.6991 1.6575, 21.3718 -6.5688 1.6575, 21.5411 -6.664 1.6575, 21.5805 -6.6379 1.6575, 22.0531 -6.8155 1.6575, 22.0536 -6.808 1.6575, 21.8538 -6.7908 1.6575, 22.0574 -6.7935 1.6575, 22.0647 -6.7806 1.6575, 21.3887 -6.6466 1.6575, 21.4136 -6.6872 1.6575, 21.4877 -6.7383 1.6575, 21.4485 -6.7211 1.6575, 21.4857 -6.7434 1.6575, 22.0974 -6.8726 1.6575, 22.0849 -6.8676 1.6575, 22.0726 -6.8589 1.6575, 22.0682 -6.8544 1.6575, 22.0599 -6.8425 1.6575, 22.0549 -6.8296 1.6575, 21.8527 -6.8303 1.6575, 21.8538 -6.8098 1.6575, 21.6227 -6.6228 1.6575, 21.6641 -6.6181 1.6575, 21.6906 -6.6199 1.6575, 22.3067 -6.711 1.6575, 22.3276 -6.6814 1.6575, 22.3407 -6.6476 1.6575, 22.3453 -6.6105 1.6575, 22.2834 -6.8609 1.6575, 22.2201 -6.8743 1.6575, 22.1081 -6.8743 1.6575, 22.1233 -6.7585 1.6575, 22.2087 -6.7585 1.6575, 22.2431 -6.7519 1.6575, 22.2766 -6.7363 1.6575, 22.3046 -6.7133 1.6575, 21.3918 -6.4844 1.6575, 21.3765 -6.527 1.6575, 22.1821 -6.4625 1.6575, 22.1973 -6.4625 1.6575, 22.317 -6.5235 1.6575, 22.2963 -6.5006 1.6575, 22.2669 -6.4799 1.6575, 22.2338 -6.4671 1.6575, 22.1406 -6.3476 1.6575, 22.0976 -6.2966 1.6575, 21.6622 -6.4075 1.6575, 22.0939 -6.2933 1.6575, 22.0406 -6.2562 1.6575, 21.6913 -6.3472 1.6575, 21.4131 -6.4522 1.6575, 21.6444 -6.398 1.6575, 22.1798 -6.4522 1.6575, 22.1702 -6.4086 1.6575, 21.6017 -6.3835 1.6575, 21.5616 -6.379 1.6575, 21.5411 -6.3801 1.6575, 21.7339 -6.2964 1.6575, 21.9811 -6.2333 1.6575, 21.7844 -6.2596 1.6575, 21.9165 -6.2253 1.6575, 21.8463 -6.2344 1.6575, 21.4943 -6.3914 1.6575, 21.4521 -6.4141 1.6575, 21.4171 -6.4461 1.6575, 22.4049 -6.4522 1.6575, 22.4309 -6.4883 1.6575, 22.4478 -6.5305 1.6575, 23.193 -6.3297 1.6575, 23.1209 -6.3297 1.6575, 23.193 -6.4195 1.6575, 23.1209 -6.4195 1.6575, 23.2552 -6.1808 1.6575, 23.193 -6.1808 1.6575, 23.224 -6.1831 1.6575, 23.193 -6.1831 1.6575, 23.2164 -6.3297 1.6575, 23.23 -6.4195 1.6575, 23.2164 -6.2992 1.6575, 23.224 -6.2138 1.6575, 23.193 -6.2992 1.6575, 23.193 -6.2138 1.6575, 23.1209 -6.2138 1.6575, 23.1209 -6.2992 1.6575, 23.0865 -6.45 1.6575, 23.071 -6.4522 1.6575, 23.193 -6.4522 1.6575, 23.2552 -6.4522 1.6575, 23.23 -6.45 1.6575, 23.193 -6.45 1.6575, 23.0865 -6.1831 1.6575, 23.071 -6.1808 1.6575, 23.0068 -6.1817 1.6575, 23.0331 -6.1895 1.6575, 23.0331 -6.2255 1.6575, 23.0331 -6.4059 1.6575, 23.0331 -6.4389 1.6575, 23.0043 -6.4496 1.6575, 22.9799 -6.4522 1.6575, 22.9753 -6.4234 1.6575, 23.0057 -6.418 1.6575, 22.8694 -6.322 1.6575, 22.8694 -6.3195 1.6575, 22.894 -6.2431 1.6575, 22.8815 -6.2621 1.6575, 22.873 -6.2858 1.6575, 23.0016 -6.2132 1.6575, 22.9702 -6.2097 1.6575, 22.9583 -6.2102 1.6575, 22.9353 -6.215 1.6575, 22.8736 -6.3548 1.6575, 22.882 -6.3765 1.6575, 22.8956 -6.3957 1.6575, 22.9199 -6.414 1.6575, 22.9393 -6.421 1.6575, 22.9641 -6.4238 1.6575, 23.0288 -6.2232 1.6575, 22.9145 -6.225 1.6575, 22.8974 -6.2393 1.6575, 22.9021 -6.402 1.6575, 22.8452 -5.4376 1.6575, 22.9698 -6.1786 1.6575, 23.071 -5.4376 1.6575, 22.9723 -6.1786 1.6575, 22.9972 -6.1808 1.6575, 22.9029 -6.1943 1.6575, 22.8532 -6.2417 1.6575, 22.8718 -6.2179 1.6575, 22.878 -6.2119 1.6575, 22.8452 -6.3822 1.6575, 22.8381 -6.3634 1.6575, 22.8292 -6.4522 1.6575, 22.8332 -6.3216 1.6575, 22.8338 -6.3056 1.6575, 22.8292 -6.1808 1.6575, 22.8402 -6.2712 1.6575, 22.8452 -6.26 1.6575, 22.9127 -6.4473 1.6575, 22.8877 -6.4351 1.6575, 22.8452 -6.4522 1.6575, 22.8675 -6.418 1.6575, 22.8644 -6.4146 1.6575, 22.8487 -6.3916 1.6575, 22.9353 -6.4522 1.6575, 22.8452 -6.5305 1.6575, 22.9413 -6.4535 1.6575, 22.9592 -6.4545 1.6575, 23.071 -6.5305 1.6575, 23.2552 -7.6772 1.6575, 23.193 -6.9813 1.6575, 23.193 -7.6772 1.6575, 22.8292 -7.6772 1.6575, 22.8292 -6.9813 1.6575, 22.8452 -7.6772 1.6575, 22.8452 -6.9813 1.6575, 23.071 -7.6772 1.6575, 23.071 -6.9813 1.6575, 8.5693 -7.6772 1.6575, 10.2362 -8.0709 1.6575, 11.6104 -8.0709 1.6575, 23.5051 6.8504 1.6575, 24.4094 6.8504 1.6575, 25.4134 7.6772 1.6575, 24.4094 -4.7638 1.6575, 23.5051 7.6772 1.6575, 23.4027 7.6772 1.6575, 23.4027 6.8504 1.6575, 23.2552 7.6772 1.6575, 23.2552 6.8504 1.6575, 23.193 7.6772 1.6575, 23.193 6.8504 1.6575, 23.071 7.6772 1.6575, 23.071 6.8504 1.6575, 22.8452 7.6772 1.6575, 22.8452 6.8504 1.6575, 22.8292 7.6772 1.6575, 22.8292 6.8504 1.6575, 22.5723 7.6772 1.6575, 22.5723 6.8504 1.6575, 11.6104 7.6772 1.6575, 11.6104 6.8504 1.6575, 1.9685 6.8504 1.6575, 0.9645 7.6772 1.6575, 1.9685 -4.7638 1.6575, 0.9645 -5.4376 1.6575, 11.6104 -4.7638 1.6575, 23.4899 -6.363 1.6575, 23.4764 -6.3904 1.6575, 23.5051 -6.4522 1.6575, 23.4027 -6.1808 1.6575, 23.4027 -6.1894 1.6575, 23.5051 -6.1808 1.6575, 23.4311 -6.2001 1.6575, 23.4575 -6.2184 1.6575, 23.4685 -6.2293 1.6575, 23.4846 -6.2531 1.6575, 23.4027 -6.4428 1.6575, 23.4027 -6.4522 1.6575, 23.4275 -6.4337 1.6575, 23.4575 -6.4126 1.6575, 23.4535 -6.4161 1.6575, 23.494 -6.279 1.6575, 23.4977 -6.3131 1.6575, 23.4967 -6.332 1.6575, 23.3566 -6.1831 1.6575, 23.3991 -6.188 1.6575, 23.3966 -6.4451 1.6575, 23.3539 -6.45 1.6575, 23.2804 -6.45 1.6575, 23.2804 -6.1831 1.6575, 22.9483 -6.8711 1.6575, 22.9357 -6.8756 1.6575, 22.9768 -6.8734 1.6575, 22.8709 -6.7822 1.6575, 22.8757 -6.7286 1.6575, 22.8641 -6.7917 1.6575, 22.8595 -6.8034 1.6575, 22.9602 -6.8632 1.6575, 22.8976 -6.8756 1.6575, 22.8847 -6.8707 1.6575, 22.8452 -6.8756 1.6575, 22.8628 -6.8488 1.6575, 22.8587 -6.8375 1.6575, 22.8757 -6.6961 1.6575, 22.8846 -6.6911 1.6575, 22.9758 -6.6846 1.6575, 23.0611 -6.7115 1.6575, 23.0673 -6.7024 1.6575, 22.8813 -6.7733 1.6575, 22.8958 -6.7661 1.6575, 22.8971 -6.7149 1.6575, 22.9203 -6.7601 1.6575, 22.9495 -6.7067 1.6575, 22.9382 -6.7055 1.6575, 22.918 -6.7077 1.6575, 22.8735 -6.8629 1.6575, 22.8697 -6.8591 1.6575, 22.9768 -6.8439 1.6575, 22.976 -6.8439 1.6575, 22.9707 -6.8518 1.6575, 22.9869 -6.691 1.6575, 22.9958 -6.6995 1.6575, 23.0571 -6.7222 1.6575, 23.0026 -6.7104 1.6575, 23.0078 -6.7258 1.6575, 22.9099 -6.6819 1.6575, 22.9414 -6.6784 1.6575, 22.9618 -6.6803 1.6575, 22.8571 -6.8223 1.6575, 22.8572 -6.8177 1.6575, 23.0707 -6.7701 1.6575, 23.0556 -6.8322 1.6575, 23.071 -6.7703 1.6575, 23.0686 -6.8402 1.6575, 23.071 -6.8411 1.6575, 23.0653 -6.7643 1.6575, 23.0609 -6.7574 1.6575, 23.0103 -6.7507 1.6575, 23.0572 -6.7472 1.6575, 23.0558 -6.7342 1.6575, 22.9768 -6.7522 1.6575, 22.9757 -6.7374 1.6575, 22.9722 -6.7255 1.6575, 22.9683 -6.7186 1.6575, 22.9632 -6.7133 1.6575, 22.9573 -6.7094 1.6575, 22.9348 -6.876 1.6575, 22.9176 -6.8779 1.6575, 22.8982 -6.8756 1.6575, 23.0556 -6.8667 1.6575, 23.0103 -6.8734 1.6575, 23.071 -6.8721 1.6575, 23.071 -6.8756 1.6575, 23.0795 -6.875 1.6575, 23.0853 -6.8756 1.6575, 23.1287 -6.8756 1.6575, 23.1073 -6.8779 1.6575, 23.193 -6.8756 1.6575, 23.1346 -6.875 1.6575, 23.1752 -6.6868 1.6575, 23.1752 -6.7193 1.6575, 23.0772 -6.6935 1.6575, 23.0871 -6.6876 1.6575, 23.1827 -6.835 1.6575, 23.1786 -6.8455 1.6575, 23.1724 -6.8544 1.6575, 23.071 -6.6991 1.6575, 23.1055 -6.6811 1.6575, 23.13 -6.6784 1.6575, 23.193 -6.5305 1.6575, 23.1484 -6.6796 1.6575, 23.1731 -6.79 1.6575, 23.1794 -6.7992 1.6575, 23.1829 -6.8091 1.6575, 23.1843 -6.8215 1.6575, 23.1628 -6.8627 1.6575, 23.1529 -6.8686 1.6575, 23.1267 -6.7055 1.6575, 23.1168 -6.7063 1.6575, 23.0902 -6.7312 1.6575, 23.1079 -6.7086 1.6575, 23.1004 -6.7126 1.6575, 23.0905 -6.7356 1.6575, 23.0919 -6.7408 1.6575, 23.0943 -6.7453 1.6575, 23.0975 -6.7489 1.6575, 23.1093 -6.7563 1.6575, 23.1487 -6.708 1.6575, 23.13 -6.7653 1.6575, 23.1675 -6.7149 1.6575, 23.1429 -6.7705 1.6575, 23.1652 -6.7829 1.6575, 23.0954 -6.7171 1.6575, 23.0925 -6.7213 1.6575, 23.0908 -6.7259 1.6575, 23.0896 -6.8481 1.6575, 23.1064 -6.7896 1.6575, 23.0865 -6.7805 1.6575, 23.1106 -6.8506 1.6575, 23.112 -6.8506 1.6575, 23.1284 -6.7988 1.6575, 23.1292 -6.8487 1.6575, 23.15 -6.8248 1.6575, 23.1497 -6.8206 1.6575, 23.1378 -6.8455 1.6575, 23.1408 -6.8436 1.6575, 23.1447 -6.8402 1.6575, 23.1476 -6.8359 1.6575, 23.1493 -6.8312 1.6575, 23.1482 -6.8154 1.6575, 23.1456 -6.811 1.6575, 23.1414 -6.8066 1.6575, 23.35 -6.6827 1.6575, 23.3847 -6.6827 1.6575, 23.4027 -6.5305 1.6575, 23.2889 -6.826 1.6575, 23.293 -6.8417 1.6575, 23.2939 -6.8417 1.6575, 23.2552 -6.5305 1.6575, 23.2552 -6.7292 1.6575, 23.298 -6.8263 1.6575, 23.2954 -6.8352 1.6575, 23.2552 -6.8189 1.6575, 23.2017 -6.6827 1.6575, 23.2391 -6.6827 1.6575, 23.2754 -6.8756 1.6575, 23.2765 -6.873 1.6575, 23.2552 -6.9197 1.6575, 23.2553 -6.9196 1.6575, 23.2552 -6.8756 1.6575, 23.2618 -6.9076 1.6575, 23.2086 -6.9307 1.6575, 23.2086 -6.9604 1.6575, 23.2154 -6.9329 1.6575, 23.2276 -6.9345 1.6575, 23.2356 -6.9336 1.6575, 23.2552 -6.9572 1.6575, 23.2437 -6.9616 1.6575, 23.2302 -6.9632 1.6575, 23.2228 -6.9629 1.6575, 23.2429 -6.9309 1.6575, 23.2491 -6.9266 1.6575, 23.4027 -6.8756 1.6575, 23.3086 -6.8756 1.6575, 23.2982 -6.9022 1.6575, 23.283 -6.9316 1.6575, 23.2708 -6.9463 1.6575, 23.2685 -6.9484 1.6575, 23.2569 -6.9566 1.6575, 23.4552 -6.7532 1.6575, 23.4552 -6.8429 1.6575, 23.5051 -6.8429 1.6575, 23.6881 -6.8734 1.6575, 23.6147 -6.8734 1.6575, 23.5051 -6.8756 1.6575, 24.0869 -6.8734 1.6575, 24.0489 -6.8734 1.6575, 23.7618 -6.8571 1.6575, 23.7309 -6.8685 1.6575, 23.8468 -6.8734 1.6575, 25.4134 -6.5305 1.6575, 23.5051 -6.5305 1.6575, 23.5582 -6.6065 1.6575, 23.5051 -6.6065 1.6575, 23.9484 -6.6065 1.6575, 23.831 -6.7555 1.6575, 23.8242 -6.7864 1.6575, 23.8106 -6.8138 1.6575, 23.8849 -6.8734 1.6575, 23.9105 -6.8004 1.6575, 24.0216 -6.8004 1.6575, 25.4134 -6.8756 1.6575, 23.9853 -6.6065 1.6575, 23.7917 -6.836 1.6575, 23.7878 -6.8395 1.6575, 23.5051 -6.7226 1.6575, 23.5506 -6.7226 1.6575, 23.5582 -6.6372 1.6575, 23.5506 -6.7532 1.6575, 23.6147 -6.6065 1.6575, 23.8188 -6.6765 1.6575, 23.8282 -6.7025 1.6575, 23.832 -6.7365 1.6575, 23.7333 -6.6114 1.6575, 23.7653 -6.6235 1.6575, 23.5051 -6.8734 1.6575, 23.5643 -6.8734 1.6575, 23.5643 -6.8429 1.6575, 23.5051 -6.7532 1.6575, 23.6908 -6.6065 1.6575, 23.7917 -6.6418 1.6575, 23.8027 -6.6527 1.6575, 23.5051 -6.6372 1.6575, 23.4552 -6.6372 1.6575, 23.4552 -6.7226 1.6575, 23.4207 -6.8734 1.6575, 23.4207 -6.6065 1.6575, 23.4027 -5.4376 1.6575, 23.2552 -5.4376 1.6575, 23.193 -5.4376 1.6575, 22.8292 -5.4376 1.6575, 23.5506 -6.45 1.6575, 23.5125 -6.45 1.6575, 23.7146 -6.45 1.6575, 23.6874 -6.377 1.6575, 23.5763 -6.377 1.6575, 23.6142 -6.1831 1.6575, 23.651 -6.1831 1.6575, 23.7527 -6.45 1.6575, 25.4134 -6.4522 1.6575, 22.8223 -6.4195 1.6575, 22.8223 -6.45 1.6575, 22.6816 -6.45 1.6575, 22.6816 -6.1831 1.6575, 22.716 -6.1831 1.6575, 22.716 -6.4195 1.6575, 22.8292 -6.5305 1.6575, 22.8292 -6.8756 1.6575, 22.6816 -6.8734 1.6575, 22.8251 -6.8734 1.6575, 22.8251 -6.8429 1.6575, 22.819 -6.6372 1.6575, 22.6816 -6.6065 1.6575, 22.819 -6.6065 1.6575, 22.716 -6.7532 1.6575, 22.716 -6.8429 1.6575, 22.8115 -6.7532 1.6575, 22.8115 -6.7226 1.6575, 22.716 -6.7226 1.6575, 22.716 -6.6372 1.6575, 25.4134 -6.9813 1.6575, 23.5051 -6.9813 1.6575, 25.4134 -7.6772 1.6575, 23.5051 -7.6772 1.6575, 23.5051 -4.7638 1.6575, 23.4027 -4.7638 1.6575, 23.2552 -4.7638 1.6575, 23.193 -4.7638 1.6575, 23.071 -4.7638 1.6575, 22.8452 -4.7638 1.6575, 22.8292 -4.7638 1.6575, 22.5723 -4.7638 1.6575, 0.9645 -6.1808 1.6575, 0.9645 -6.4522 1.6575, 0.9645 -6.5305 1.6575, 0.9645 -6.8756 1.6575, 0.9645 -6.9813 1.6575, 0.9645 -7.6772 1.6575
            ]
        }
        coordIndex [
            0,1,2,-1,3,4,5,-1,6,7,8,-1,9,10,11,-1,11,10,12,-1,13,14,11,-1,11,14,15,-1,11,15,16,-1,16,17,11,-1,11,17,18,-1,11,18,9,-1,19,20,21,-1,21,20,22,-1,22,20,23,-1,23,20,24,-1,23,24,25,-1,25,24,26,-1,25,26,27,-1,26,28,27,-1,27,28,29,-1,27,29,30,-1,30,29,31,-1,30,31,32,-1,33,34,26,-1,26,34,35,-1,26,35,28,-1,36,37,38,-1,38,39,36,-1,36,39,40,-1,36,40,26,-1,26,40,41,-1,26,41,33,-1,42,43,44,-1,44,43,45,-1,44,45,46,-1,46,47,44,-1,44,47,48,-1,44,48,37,-1,37,48,49,-1,37,49,38,-1,50,42,51,-1,51,42,44,-1,51,44,52,-1,52,44,53,-1,54,55,56,-1,57,58,59,-1,59,58,60,-1,59,60,44,-1,44,60,61,-1,44,61,53,-1,55,62,56,-1,56,62,63,-1,56,63,58,-1,58,63,64,-1,58,64,60,-1,65,66,67,-1,67,66,68,-1,68,69,67,-1,67,69,70,-1,67,70,54,-1,71,72,73,-1,74,75,76,-1,77,78,79,-1,79,78,80,-1,74,76,81,-1,82,83,84,-1,85,86,78,-1,78,86,87,-1,78,87,88,-1,82,84,89,-1,75,90,76,-1,76,90,91,-1,76,91,92,-1,73,72,84,-1,84,72,93,-1,84,93,89,-1,94,95,96,-1,96,95,97,-1,96,97,88,-1,88,97,98,-1,99,100,101,-1,101,100,102,-1,101,102,76,-1,76,102,103,-1,76,103,81,-1,94,104,95,-1,95,104,105,-1,95,105,106,-1,106,105,107,-1,106,107,108,-1,109,110,65,-1,65,110,111,-1,65,111,112,-1,112,113,65,-1,65,113,114,-1,65,114,115,-1,115,114,99,-1,115,99,116,-1,116,99,101,-1,98,117,88,-1,88,117,118,-1,88,118,78,-1,78,118,119,-1,78,119,80,-1,120,121,76,-1,76,121,122,-1,76,122,78,-1,78,122,123,-1,78,123,85,-1,83,124,84,-1,84,124,125,-1,84,125,65,-1,65,125,126,-1,65,126,109,-1,92,127,76,-1,76,127,128,-1,76,128,129,-1,129,130,76,-1,76,130,131,-1,76,131,120,-1,132,133,134,-1,133,88,134,-1,134,88,87,-1,134,87,135,-1,135,87,136,-1,136,137,135,-1,135,137,138,-1,135,138,139,-1,140,141,142,-1,141,143,142,-1,142,143,144,-1,142,144,145,-1,146,142,147,-1,132,134,146,-1,146,134,148,-1,146,148,142,-1,142,148,149,-1,142,149,140,-1,147,150,146,-1,146,150,151,-1,146,151,152,-1,145,144,153,-1,153,144,154,-1,153,154,155,-1,155,154,156,-1,155,156,157,-1,158,159,152,-1,152,159,160,-1,152,160,146,-1,10,161,12,-1,12,161,162,-1,12,162,73,-1,73,162,163,-1,73,163,71,-1,164,165,166,-1,166,165,167,-1,168,169,170,-1,170,169,171,-1,164,166,172,-1,172,166,173,-1,172,173,174,-1,174,173,175,-1,174,175,176,-1,175,177,176,-1,176,177,178,-1,176,178,179,-1,180,181,182,-1,170,175,168,-1,168,175,173,-1,168,173,183,-1,183,173,184,-1,183,184,182,-1,182,184,185,-1,182,185,180,-1,171,169,186,-1,186,169,187,-1,186,187,180,-1,188,189,187,-1,187,189,190,-1,191,192,181,-1,181,192,193,-1,181,193,194,-1,195,196,197,-1,197,196,191,-1,197,191,198,-1,199,200,191,-1,191,200,201,-1,191,201,198,-1,202,203,191,-1,191,203,204,-1,191,204,205,-1,206,207,208,-1,209,210,197,-1,197,210,211,-1,197,211,195,-1,180,187,181,-1,181,187,190,-1,181,190,191,-1,191,190,212,-1,191,212,202,-1,205,213,191,-1,191,213,214,-1,191,214,199,-1,206,208,197,-1,197,208,215,-1,197,215,209,-1,216,217,218,-1,218,217,219,-1,218,219,220,-1,6,8,221,-1,222,223,8,-1,8,223,224,-1,8,224,221,-1,225,226,227,-1,227,226,228,-1,228,229,230,-1,230,229,231,-1,230,231,8,-1,8,231,232,-1,8,232,222,-1,233,234,235,-1,234,236,235,-1,235,236,237,-1,235,237,238,-1,233,235,239,-1,239,235,240,-1,239,240,241,-1,241,240,242,-1,242,240,243,-1,242,243,194,-1,3,5,244,-1,244,5,245,-1,244,245,246,-1,54,56,67,-1,67,56,247,-1,67,247,248,-1,248,247,249,-1,248,249,250,-1,250,249,251,-1,250,251,252,-1,253,254,59,-1,59,254,255,-1,59,255,57,-1,256,257,258,-1,258,257,1,-1,1,257,259,-1,1,259,2,-1,258,260,256,-1,256,260,261,-1,256,261,262,-1,262,261,263,-1,262,263,264,-1,264,263,265,-1,264,265,266,-1,266,265,267,-1,266,267,268,-1,268,267,269,-1,268,269,270,-1,270,269,271,-1,270,271,272,-1,272,271,273,-1,272,273,274,-1,274,273,275,-1,274,275,276,-1,276,275,277,-1,277,275,278,-1,277,278,279,-1,279,278,280,-1,279,280,281,-1,282,283,284,-1,285,286,287,-1,287,286,288,-1,288,289,287,-1,287,289,290,-1,287,290,291,-1,292,293,294,-1,294,293,284,-1,283,295,284,-1,284,295,296,-1,284,296,294,-1,291,297,287,-1,287,297,298,-1,287,298,284,-1,284,298,299,-1,284,299,282,-1,168,300,285,-1,285,300,301,-1,285,301,286,-1,292,302,293,-1,293,302,303,-1,293,303,183,-1,183,303,304,-1,183,304,168,-1,168,304,305,-1,168,305,300,-1,306,307,308,-1,309,310,311,-1,311,310,312,-1,306,308,313,-1,314,315,316,-1,316,317,318,-1,240,319,320,-1,321,322,323,-1,309,324,310,-1,310,324,325,-1,310,325,326,-1,326,325,327,-1,328,329,327,-1,327,329,330,-1,327,330,326,-1,315,331,316,-1,316,331,332,-1,316,332,317,-1,333,334,308,-1,308,334,335,-1,308,335,313,-1,321,336,322,-1,322,336,337,-1,322,337,338,-1,338,337,339,-1,338,339,340,-1,320,341,240,-1,240,341,342,-1,240,342,343,-1,318,344,316,-1,316,344,345,-1,316,345,240,-1,240,345,312,-1,240,312,319,-1,319,312,310,-1,346,347,348,-1,348,347,349,-1,348,349,350,-1,351,352,353,-1,353,352,354,-1,353,354,340,-1,340,354,355,-1,340,355,338,-1,356,357,327,-1,327,357,358,-1,327,358,359,-1,359,360,327,-1,327,360,361,-1,327,361,328,-1,307,362,252,-1,252,362,250,-1,250,362,363,-1,250,363,364,-1,346,351,347,-1,347,351,353,-1,347,353,365,-1,365,353,366,-1,365,366,367,-1,367,366,368,-1,367,368,369,-1,369,368,370,-1,371,372,252,-1,372,370,252,-1,252,370,368,-1,252,368,307,-1,307,368,366,-1,307,366,308,-1,251,246,252,-1,252,246,245,-1,252,245,371,-1,371,245,373,-1,371,373,374,-1,375,376,373,-1,377,378,243,-1,379,380,373,-1,373,380,381,-1,343,321,240,-1,240,321,323,-1,240,323,243,-1,243,323,382,-1,243,382,377,-1,378,383,243,-1,243,383,384,-1,243,384,385,-1,385,384,386,-1,385,386,375,-1,387,388,376,-1,376,388,389,-1,376,389,373,-1,373,389,390,-1,373,390,379,-1,381,391,373,-1,373,391,392,-1,373,392,374,-1,393,394,395,-1,395,394,396,-1,395,396,397,-1,395,398,393,-1,393,398,399,-1,393,399,400,-1,400,401,393,-1,393,401,402,-1,393,402,403,-1,403,402,404,-1,403,404,405,-1,405,404,406,-1,405,406,376,-1,376,406,407,-1,376,407,387,-1,408,409,397,-1,397,409,410,-1,397,410,395,-1,411,412,350,-1,350,412,413,-1,350,413,348,-1,411,414,412,-1,412,414,415,-1,412,415,416,-1,416,415,417,-1,416,418,419,-1,417,420,416,-1,416,420,421,-1,416,421,422,-1,422,423,416,-1,416,423,424,-1,416,424,418,-1,419,425,416,-1,416,425,426,-1,416,426,427,-1,428,429,430,-1,431,432,433,-1,430,434,428,-1,428,434,435,-1,428,435,436,-1,436,435,431,-1,436,431,437,-1,437,431,433,-1,438,439,373,-1,375,373,385,-1,385,373,439,-1,385,439,434,-1,434,439,440,-1,434,440,435,-1,441,442,438,-1,443,444,445,-1,445,444,446,-1,445,446,441,-1,441,438,445,-1,445,438,373,-1,445,373,447,-1,447,373,245,-1,447,245,448,-1,447,449,445,-1,445,449,450,-1,445,450,451,-1,452,453,5,-1,5,453,454,-1,5,454,245,-1,245,454,455,-1,245,455,448,-1,451,456,445,-1,445,456,457,-1,445,457,443,-1,458,459,4,-1,4,459,460,-1,4,460,461,-1,461,462,4,-1,4,462,463,-1,4,463,5,-1,5,463,464,-1,5,464,452,-1,465,466,467,-1,468,469,470,-1,471,472,470,-1,473,474,475,-1,476,477,478,-1,478,477,479,-1,480,481,475,-1,475,481,482,-1,475,482,483,-1,474,468,475,-1,475,468,470,-1,475,470,484,-1,484,470,472,-1,484,472,485,-1,485,472,486,-1,487,476,488,-1,483,489,475,-1,475,489,490,-1,475,490,473,-1,491,492,493,-1,494,469,492,-1,492,469,495,-1,492,495,493,-1,496,497,480,-1,480,497,498,-1,480,498,481,-1,488,476,480,-1,480,499,500,-1,501,470,502,-1,502,470,469,-1,502,469,503,-1,503,469,494,-1,503,494,467,-1,467,494,504,-1,467,504,465,-1,499,480,505,-1,505,480,476,-1,505,476,495,-1,495,476,478,-1,495,478,493,-1,500,506,480,-1,480,506,507,-1,480,507,496,-1,493,508,491,-1,491,508,509,-1,491,509,510,-1,458,511,512,-1,479,477,512,-1,512,477,430,-1,512,430,458,-1,458,430,429,-1,458,429,459,-1,287,513,285,-1,285,513,514,-1,285,514,168,-1,168,514,515,-1,168,515,169,-1,169,515,218,-1,169,218,187,-1,187,218,220,-1,187,220,188,-1,20,230,516,-1,516,230,8,-1,516,8,216,-1,216,8,7,-1,216,7,217,-1,517,518,284,-1,519,520,521,-1,284,518,287,-1,287,518,522,-1,287,522,523,-1,521,517,519,-1,519,517,284,-1,519,284,524,-1,524,284,525,-1,524,525,523,-1,523,525,0,-1,523,0,287,-1,287,0,2,-1,287,2,513,-1,228,230,227,-1,227,230,526,-1,227,526,527,-1,12,528,11,-1,11,528,529,-1,11,529,530,-1,531,526,530,-1,530,526,230,-1,530,230,11,-1,11,230,20,-1,11,20,13,-1,13,20,19,-1,194,243,181,-1,181,243,385,-1,181,385,182,-1,182,385,434,-1,182,434,183,-1,183,434,430,-1,183,430,293,-1,293,430,477,-1,293,477,284,-1,284,477,476,-1,284,476,525,-1,527,528,227,-1,227,528,12,-1,227,12,532,-1,532,12,73,-1,238,225,235,-1,235,225,227,-1,235,227,240,-1,240,227,532,-1,240,532,316,-1,316,532,533,-1,84,533,534,-1,534,533,535,-1,535,533,536,-1,536,533,532,-1,536,532,537,-1,84,534,73,-1,73,534,538,-1,73,538,532,-1,532,538,539,-1,532,539,537,-1,540,541,542,-1,542,541,536,-1,542,536,543,-1,543,536,537,-1,543,537,544,-1,544,537,545,-1,488,471,487,-1,487,471,470,-1,487,470,546,-1,546,470,547,-1,546,547,548,-1,548,547,549,-1,501,511,470,-1,470,511,458,-1,470,458,547,-1,547,458,4,-1,547,4,549,-1,549,4,3,-1,65,67,84,-1,84,67,248,-1,84,248,533,-1,533,248,250,-1,533,250,316,-1,316,250,364,-1,316,364,314,-1,259,550,2,-1,2,550,551,-1,2,551,513,-1,513,551,552,-1,513,552,514,-1,514,552,553,-1,514,553,515,-1,515,553,554,-1,515,554,218,-1,218,554,555,-1,218,555,216,-1,216,555,556,-1,216,556,516,-1,516,556,557,-1,516,557,20,-1,20,557,281,-1,20,281,24,-1,24,281,280,-1,24,280,26,-1,26,280,558,-1,26,558,36,-1,36,558,559,-1,36,559,37,-1,37,559,560,-1,37,560,44,-1,44,560,561,-1,44,561,59,-1,59,561,562,-1,59,562,253,-1,253,562,563,-1,
        ]
    }
}
Shape{
    appearance Appearance {
        material  Material 	{
            diffuseColor 0.0 0.5411764705882353 1.0
            specularColor 0.0 0.27058823529411763 0.5019607843137255
            ambientIntensity 0.4317
            transparency 0.0
            shininess 0.5
        }
    }
    geometry IndexedFaceSet {
        ccw TRUE
        solid FALSE
        coord DEF co Coordinate {
            point [
                26.5748 8.4646 0.4764, 26.7786 8.4377 0.4764, 27.3622 8.4646 0.4764, 26.9685 8.3591 0.4764, 27.1316 8.2339 0.4764, 27.2567 8.0709 0.4764, 27.3353 7.881 0.4764, 27.3622 7.6772 0.4764
            ]
        }
        coordIndex [
            0,1,2,-1,2,1,3,-1,2,3,4,-1,4,5,2,-1,2,5,6,-1,2,6,7,-1,
        ]
    }
}
Shape{
    appearance Appearance {
        material  Material 	{
            diffuseColor 0.25098039215686274 0.25098039215686274 0.25098039215686274
            specularColor 0.12549019607843137 0.12549019607843137 0.12549019607843137
            ambientIntensity 0.251
            transparency 0.0
            shininess 0.5
        }
    }
    geometry IndexedFaceSet {
        ccw TRUE
        solid FALSE
        coord DEF co Coordinate {
            point [
                0.9645 -7.6772 1.6575, 0.9645 -7.6772 0.4764, 8.5693 -7.6772 1.6575, 8.5693 -7.6772 0.4764, 25.4134 -7.6772 0.4764, 25.4134 -7.6772 1.6575, 17.8086 -7.6772 0.4764, 17.8086 -7.6772 1.6575
            ]
        }
        coordIndex [
            0,1,2,-1,2,1,3,-1,4,5,6,-1,6,5,7,-1,
        ]
    }
}
Shape{
    appearance Appearance {
        material  Material 	{
            diffuseColor 0.0 0.5411764705882353 1.0
            specularColor 0.0 0.27058823529411763 0.5019607843137255
            ambientIntensity 0.4317
            transparency 0.0
            shininess 0.5
        }
    }
    geometry IndexedFaceSet {
        ccw TRUE
        solid FALSE
        coord DEF co Coordinate {
            point [
                10.2362 -7.6772 0.0039, 16.1417 -7.6772 0.0039, 10.2362 -7.6772 0.4764, 16.1417 -7.6772 0.4764, 27.3622 -8.4646 0.0039, 27.3622 -8.4646 0.4764, 26.5748 -8.4646 0.0039, 26.5748 -8.4646 0.4764, 16.1417 -8.4646 0.0039, 16.1417 -8.4646 0.4764, 27.3622 8.4646 0.0039, 27.3622 8.4646 0.4764, 27.3622 7.6772 0.0039, 27.3622 7.6772 0.4764, 27.3622 -7.6772 0.0039, 27.3622 -7.6772 0.4764, -0.9843 8.4646 0.0039, -0.9843 8.4646 0.4764, -0.1969 8.4646 0.0039, -0.1969 8.4646 0.4764, 26.5748 8.4646 0.0039, 26.5748 8.4646 0.4764, -0.9843 7.6772 0.4764, -0.9843 7.6772 0.0039, -0.9843 -7.6772 0.4764, -0.9843 -7.6772 0.0039, -0.9843 -8.4646 0.4764, -0.9843 -8.4646 0.0039, -0.1969 -8.4646 0.4764, -0.1969 -8.4646 0.0039, 10.2362 -8.4646 0.4764, 10.2362 -8.4646 0.0039, 27.3353 7.881 0.0039, 27.2567 8.0709 0.0039, 27.1316 8.2339 0.0039, 26.9685 8.3591 0.0039, 26.7786 8.4377 0.0039
            ]
        }
        coordIndex [
            0,1,2,-1,2,1,3,-1,4,5,6,-1,6,5,7,-1,6,7,8,-1,8,7,9,-1,10,11,12,-1,12,11,13,-1,12,13,14,-1,14,13,15,-1,14,15,4,-1,4,15,5,-1,16,17,18,-1,18,17,19,-1,18,19,20,-1,20,19,21,-1,20,21,10,-1,10,21,11,-1,17,16,22,-1,22,16,23,-1,22,23,24,-1,24,23,25,-1,24,25,26,-1,26,25,27,-1,26,27,28,-1,28,27,29,-1,28,29,30,-1,30,29,31,-1,12,32,10,-1,10,32,33,-1,10,33,34,-1,34,35,10,-1,10,35,36,-1,10,36,20,-1,
        ]
    }
}
Shape{
    appearance Appearance {
        material  Material 	{
            diffuseColor 0.25098039215686274 0.25098039215686274 0.25098039215686274
            specularColor 0.12549019607843137 0.12549019607843137 0.12549019607843137
            ambientIntensity 0.251
            transparency 0.0
            shininess 0.5
        }
    }
    geometry IndexedFaceSet {
        ccw TRUE
        solid FALSE
        coord DEF co Coordinate {
            point [
                25.4134 7.6772 1.6575, 25.4134 -7.6772 1.6575, 25.4134 7.6772 0.4764, 25.4134 -7.6772 0.4764, 0.9645 7.6772 1.6575, 0.9645 7.6772 0.4764, 0.9645 -7.6772 1.6575, 0.9645 -7.6772 0.4764
            ]
        }
        coordIndex [
            0,1,2,-1,2,1,3,-1,4,0,5,-1,5,0,2,-1,6,4,7,-1,7,4,5,-1,
        ]
    }
}
Shape{
    appearance Appearance {
        material  Material 	{
            diffuseColor 0.0 0.5411764705882353 1.0
            specularColor 0.0 0.27058823529411763 0.5019607843137255
            ambientIntensity 0.4317
            transparency 0.0
            shininess 0.5
        }
    }
    geometry IndexedFaceSet {
        ccw TRUE
        solid FALSE
        coord DEF co Coordinate {
            point [
                16.1417 -8.4646 0.0039, 16.1417 -8.4646 0.4764, 16.1417 -7.6772 0.0039, 16.1417 -8.0709 0.4764, 16.1417 -7.6772 0.4764, 10.2362 -8.4646 0.4764, 10.2362 -8.4646 0.0039, 10.2362 -8.0709 0.4764, 10.2362 -7.6772 0.0039, 10.2362 -7.6772 0.4764
            ]
        }
        coordIndex [
            0,1,2,-1,2,1,3,-1,2,3,4,-1,5,6,7,-1,7,6,8,-1,7,8,9,-1,
        ]
    }
}
Shape{
    appearance Appearance {
        material  Material 	{
            diffuseColor 0.25098039215686274 0.25098039215686274 0.25098039215686274
            specularColor 0.12549019607843137 0.12549019607843137 0.12549019607843137
            ambientIntensity 0.251
            transparency 0.0
            shininess 0.5
        }
    }
    geometry IndexedFaceSet {
        ccw TRUE
        solid FALSE
        coord DEF co Coordinate {
            point [
                16.1417 -8.0709 0.4764, 10.2362 -8.0709 0.4764, 16.1417 -7.6772 0.4764, 10.2362 -7.6772 0.4764, 8.5693 -7.6772 0.4764, 8.5693 -7.6772 1.6575, 10.2362 -8.0709 1.6575, 16.1417 -8.0709 1.6575, 17.8086 -7.6772 0.4764, 17.8086 -7.6772 1.6575
            ]
        }
        coordIndex [
            0,1,2,-1,2,1,3,-1,4,1,5,-1,5,1,6,-1,1,0,6,-1,6,0,7,-1,0,8,7,-1,7,8,9,-1,
        ]
    }
}
Shape{
    appearance Appearance {
        material  Material 	{
            diffuseColor 0.0 0.4549019607843137 1.0
            specularColor 0.0 0.22745098039215686 0.5019607843137255
            ambientIntensity 0.381
            transparency 0.0
            shininess 0.5
        }
    }
    geometry IndexedFaceSet {
        ccw TRUE
        solid FALSE
        coord DEF co Coordinate {
            point [
                24.4094 6.8504 1.6614, 24.4094 -4.7638 1.6614, 24.4094 6.8504 1.6575, 24.4094 -4.7638 1.6575, 1.9685 6.8504 1.6614, 1.9685 6.8504 1.6575, 1.9685 -4.7638 1.6614, 1.9685 -4.7638 1.6575
            ]
        }
        coordIndex [
            0,1,2,-1,2,1,3,-1,4,0,5,-1,5,0,2,-1,6,4,7,-1,7,4,5,-1,1,6,3,-1,3,6,7,-1,4,6,0,-1,0,6,1,-1,
        ]
    }
}
Shape{
    appearance Appearance {
        material  Material 	{
            diffuseColor 1.0 1.0 1.0
            specularColor 0.8784313725490196 0.8784313725490196 0.8784313725490196
            ambientIntensity 1.0
            transparency 0.0
            shininess 0.5
        }
    }
    geometry IndexedFaceSet {
        ccw TRUE
        solid FALSE
        coord DEF co Coordinate {
            point [
                22.8223 -6.4195 1.6614, 22.8223 -6.45 1.6614, 22.8223 -6.4195 1.6575, 22.8223 -6.45 1.6575, 22.716 -6.4195 1.6614, 22.716 -6.4195 1.6575, 22.716 -6.1831 1.6614, 22.716 -6.1831 1.6575, 22.6816 -6.1831 1.6614, 22.6816 -6.1831 1.6575, 22.6816 -6.45 1.6614, 22.6816 -6.45 1.6575, 23.0331 -6.4389 1.6575, 23.0331 -6.4389 1.6614, 23.0043 -6.4496 1.6614, 22.9592 -6.4545 1.6614, 22.9592 -6.4545 1.6575, 22.9799 -6.4522 1.6575, 23.0043 -6.4496 1.6575, 23.0331 -6.4059 1.6614, 23.0331 -6.4059 1.6575, 23.0057 -6.418 1.6575, 23.0057 -6.418 1.6614, 22.9753 -6.4234 1.6575, 22.9753 -6.4234 1.6614, 22.9641 -6.4238 1.6575, 22.9641 -6.4238 1.6614, 22.9393 -6.421 1.6575, 22.9393 -6.421 1.6614, 22.9199 -6.414 1.6575, 22.9199 -6.414 1.6614, 22.9021 -6.402 1.6575, 22.9021 -6.402 1.6614, 22.8956 -6.3957 1.6575, 22.8956 -6.3957 1.6614, 22.882 -6.3765 1.6575, 22.882 -6.3765 1.6614, 22.8736 -6.3548 1.6575, 22.8736 -6.3548 1.6614, 22.8694 -6.322 1.6575, 22.8694 -6.322 1.6614, 22.8694 -6.3195 1.6575, 22.8694 -6.3195 1.6614, 22.873 -6.2858 1.6575, 22.873 -6.2858 1.6614, 22.8815 -6.2621 1.6575, 22.8815 -6.2621 1.6614, 22.894 -6.2431 1.6575, 22.894 -6.2431 1.6614, 22.8974 -6.2393 1.6575, 22.8974 -6.2393 1.6614, 22.9145 -6.225 1.6575, 22.9145 -6.225 1.6614, 22.9353 -6.215 1.6575, 22.9353 -6.215 1.6614, 22.9583 -6.2102 1.6575, 22.9583 -6.2102 1.6614, 22.9702 -6.2097 1.6575, 22.9702 -6.2097 1.6614, 23.0016 -6.2132 1.6575, 23.0016 -6.2132 1.6614, 23.0288 -6.2232 1.6575, 23.0288 -6.2232 1.6614, 23.0331 -6.2255 1.6575, 23.0331 -6.2255 1.6614, 23.0331 -6.1895 1.6614, 23.0331 -6.1895 1.6575, 22.9698 -6.1786 1.6575, 22.9698 -6.1786 1.6614, 22.9723 -6.1786 1.6614, 23.0068 -6.1817 1.6575, 23.0068 -6.1817 1.6614, 22.9972 -6.1808 1.6575, 22.9723 -6.1786 1.6575, 22.9515 -6.1808 1.6575, 22.9308 -6.1834 1.6614, 22.9308 -6.1834 1.6575, 22.9029 -6.1943 1.6575, 22.9029 -6.1943 1.6614, 22.878 -6.2119 1.6575, 22.878 -6.2119 1.6614, 22.8718 -6.2179 1.6575, 22.8718 -6.2179 1.6614, 22.8532 -6.2417 1.6575, 22.8532 -6.2417 1.6614, 22.8452 -6.26 1.6575, 22.8402 -6.2712 1.6614, 22.8402 -6.2712 1.6575, 22.8338 -6.3056 1.6575, 22.8338 -6.3056 1.6614, 22.8332 -6.3216 1.6575, 22.8332 -6.3216 1.6614, 22.8381 -6.3634 1.6575, 22.8452 -6.3822 1.6575, 22.8487 -6.3916 1.6614, 22.8381 -6.3634 1.6614, 22.8487 -6.3916 1.6575, 22.8644 -6.4146 1.6575, 22.8644 -6.4146 1.6614, 22.8675 -6.418 1.6575, 22.8675 -6.418 1.6614, 22.9127 -6.4473 1.6575, 22.8877 -6.4351 1.6614, 22.8877 -6.4351 1.6575, 22.9353 -6.4522 1.6575, 22.9413 -6.4535 1.6614, 22.9127 -6.4473 1.6614, 22.9413 -6.4535 1.6575, 23.23 -6.4195 1.6614, 23.23 -6.45 1.6614, 23.23 -6.4195 1.6575, 23.23 -6.45 1.6575, 23.1209 -6.4195 1.6575, 23.1209 -6.4195 1.6614, 23.193 -6.4195 1.6575, 23.1209 -6.3297 1.6614, 23.1209 -6.3297 1.6575, 23.2164 -6.3297 1.6575, 23.2164 -6.3297 1.6614, 23.193 -6.3297 1.6575, 23.2164 -6.2992 1.6614, 23.2164 -6.2992 1.6575, 23.1209 -6.2992 1.6575, 23.1209 -6.2992 1.6614, 23.193 -6.2992 1.6575, 23.1209 -6.2138 1.6614, 23.1209 -6.2138 1.6575, 23.224 -6.2138 1.6575, 23.224 -6.2138 1.6614, 23.193 -6.2138 1.6575, 23.224 -6.1831 1.6614, 23.224 -6.1831 1.6575, 23.0865 -6.1831 1.6575, 23.0865 -6.1831 1.6614, 23.193 -6.1831 1.6575, 23.0865 -6.45 1.6614, 23.0865 -6.45 1.6575, 23.193 -6.45 1.6575, 23.3536 -6.4195 1.6614, 23.3539 -6.45 1.6614, 23.3875 -6.4159 1.6614, 23.3966 -6.4451 1.6614, 23.4103 -6.4078 1.6614, 23.4275 -6.4337 1.6614, 23.428 -6.3962 1.6614, 23.4535 -6.4161 1.6614, 23.433 -6.3917 1.6614, 23.4575 -6.4126 1.6614, 23.4469 -6.3741 1.6614, 23.4764 -6.3904 1.6614, 23.4559 -6.3541 1.6614, 23.4899 -6.363 1.6614, 23.4608 -6.3292 1.6614, 23.4967 -6.332 1.6614, 23.4615 -6.3141 1.6614, 23.4977 -6.3131 1.6614, 23.4583 -6.2836 1.6614, 23.494 -6.279 1.6614, 23.4511 -6.2633 1.6614, 23.4846 -6.2531 1.6614, 23.4412 -6.2479 1.6614, 23.4685 -6.2293 1.6614, 23.4322 -6.2389 1.6614, 23.4575 -6.2184 1.6614, 23.4117 -6.2254 1.6614, 23.4311 -6.2001 1.6614, 23.3884 -6.2173 1.6614, 23.3991 -6.188 1.6614, 23.3552 -6.2138 1.6614, 23.3566 -6.1831 1.6614, 23.3149 -6.2138 1.6614, 23.2804 -6.1831 1.6614, 23.3149 -6.4195 1.6614, 23.2804 -6.45 1.6614, 23.3539 -6.45 1.6575, 23.2804 -6.45 1.6575, 23.3966 -6.4451 1.6575, 23.4027 -6.4428 1.6575, 23.4275 -6.4337 1.6575, 23.4535 -6.4161 1.6575, 23.4575 -6.4126 1.6575, 23.4764 -6.3904 1.6575, 23.4899 -6.363 1.6575, 23.4967 -6.332 1.6575, 23.4977 -6.3131 1.6575, 23.494 -6.279 1.6575, 23.4846 -6.2531 1.6575, 23.4685 -6.2293 1.6575, 23.4575 -6.2184 1.6575, 23.4311 -6.2001 1.6575, 23.4027 -6.1894 1.6575, 23.3991 -6.188 1.6575, 23.3566 -6.1831 1.6575, 23.2804 -6.1831 1.6575, 23.3552 -6.2138 1.6575, 23.3149 -6.2138 1.6575, 23.3149 -6.4195 1.6575, 23.3536 -6.4195 1.6575, 23.433 -6.3917 1.6575, 23.428 -6.3962 1.6575, 23.4103 -6.4078 1.6575, 23.3875 -6.4159 1.6575, 23.4615 -6.3141 1.6575, 23.4608 -6.3292 1.6575, 23.4559 -6.3541 1.6575, 23.4469 -6.3741 1.6575, 23.4322 -6.2389 1.6575, 23.4412 -6.2479 1.6575, 23.4511 -6.2633 1.6575, 23.4583 -6.2836 1.6575, 23.3884 -6.2173 1.6575, 23.4117 -6.2254 1.6575
            ]
        }
        coordIndex [
            0,1,2,-1,2,1,3,-1,4,0,5,-1,5,0,2,-1,6,4,7,-1,7,4,5,-1,8,6,9,-1,9,6,7,-1,10,8,11,-1,11,8,9,-1,1,10,3,-1,3,10,11,-1,6,8,4,-1,4,8,10,-1,4,10,0,-1,0,10,1,-1,12,13,14,-1,15,16,17,-1,15,17,14,-1,14,17,18,-1,14,18,12,-1,19,13,20,-1,20,13,12,-1,19,20,21,-1,19,21,22,-1,22,21,23,-1,22,23,24,-1,24,23,25,-1,24,25,26,-1,26,25,27,-1,26,27,28,-1,28,27,29,-1,28,29,30,-1,30,29,31,-1,30,31,32,-1,32,31,33,-1,32,33,34,-1,34,33,35,-1,34,35,36,-1,36,35,37,-1,36,37,38,-1,38,37,39,-1,38,39,40,-1,40,39,41,-1,40,41,42,-1,42,41,43,-1,42,43,44,-1,44,43,45,-1,44,45,46,-1,46,45,47,-1,46,47,48,-1,48,47,49,-1,48,49,50,-1,50,49,51,-1,50,51,52,-1,52,51,53,-1,52,53,54,-1,54,53,55,-1,54,55,56,-1,56,55,57,-1,56,57,58,-1,58,57,59,-1,58,59,60,-1,60,59,61,-1,60,61,62,-1,62,61,63,-1,62,63,64,-1,65,64,66,-1,66,64,63,-1,67,68,69,-1,65,66,70,-1,65,70,71,-1,71,70,72,-1,71,72,69,-1,69,72,73,-1,69,73,67,-1,68,67,74,-1,68,74,75,-1,74,76,75,-1,75,76,77,-1,75,77,78,-1,78,77,79,-1,78,79,80,-1,80,79,81,-1,80,81,82,-1,82,81,83,-1,82,83,84,-1,84,83,85,-1,84,85,86,-1,85,87,86,-1,86,87,88,-1,86,88,89,-1,89,88,90,-1,89,90,91,-1,91,90,92,-1,93,94,92,-1,92,94,95,-1,92,95,91,-1,93,96,94,-1,94,96,97,-1,94,97,98,-1,98,97,99,-1,98,99,100,-1,101,102,103,-1,103,102,100,-1,103,100,99,-1,104,105,101,-1,101,105,106,-1,101,106,102,-1,104,107,105,-1,105,107,16,-1,105,16,15,-1,62,64,65,-1,36,38,95,-1,44,46,84,-1,95,38,91,-1,84,46,82,-1,62,65,60,-1,60,65,71,-1,60,71,58,-1,58,71,69,-1,58,69,56,-1,56,69,68,-1,56,68,54,-1,54,68,75,-1,54,75,52,-1,13,19,14,-1,14,19,22,-1,14,22,15,-1,75,78,52,-1,52,78,80,-1,52,80,50,-1,50,80,82,-1,50,82,48,-1,48,82,46,-1,95,94,36,-1,36,94,98,-1,36,98,34,-1,34,98,100,-1,34,100,32,-1,32,100,102,-1,32,102,30,-1,30,102,106,-1,30,106,28,-1,28,106,105,-1,28,105,26,-1,26,105,15,-1,26,15,24,-1,24,15,22,-1,38,40,91,-1,91,40,42,-1,91,42,89,-1,89,42,44,-1,89,44,86,-1,86,44,84,-1,108,109,110,-1,110,109,111,-1,112,113,114,-1,114,113,108,-1,114,108,110,-1,115,113,116,-1,116,113,112,-1,117,118,119,-1,119,118,115,-1,119,115,116,-1,120,118,121,-1,121,118,117,-1,122,123,124,-1,124,123,120,-1,124,120,121,-1,125,123,126,-1,126,123,122,-1,127,128,129,-1,129,128,125,-1,129,125,126,-1,130,128,131,-1,131,128,127,-1,132,133,134,-1,134,133,130,-1,134,130,131,-1,135,133,136,-1,136,133,132,-1,111,109,137,-1,137,109,135,-1,137,135,136,-1,135,109,108,-1,108,113,135,-1,135,113,115,-1,135,115,133,-1,128,130,125,-1,125,130,133,-1,125,133,123,-1,123,133,115,-1,123,115,120,-1,120,115,118,-1,138,139,140,-1,140,139,141,-1,140,141,142,-1,142,141,143,-1,142,143,144,-1,144,143,145,-1,144,145,146,-1,146,145,147,-1,146,147,148,-1,148,147,149,-1,148,149,150,-1,150,149,151,-1,150,151,152,-1,152,151,153,-1,152,153,154,-1,154,153,155,-1,154,155,156,-1,156,155,157,-1,156,157,158,-1,158,157,159,-1,158,159,160,-1,160,159,161,-1,160,161,162,-1,162,161,163,-1,162,163,164,-1,164,163,165,-1,164,165,166,-1,166,165,167,-1,166,167,168,-1,168,167,169,-1,168,169,170,-1,170,169,171,-1,170,171,172,-1,172,171,173,-1,172,173,138,-1,138,173,139,-1,139,173,174,-1,174,173,175,-1,139,174,176,-1,139,176,141,-1,141,176,177,-1,141,177,143,-1,177,178,143,-1,143,178,179,-1,143,179,145,-1,145,179,180,-1,145,180,147,-1,147,180,181,-1,147,181,149,-1,149,181,182,-1,149,182,151,-1,151,182,183,-1,151,183,153,-1,153,183,184,-1,153,184,155,-1,155,184,185,-1,155,185,157,-1,157,185,186,-1,157,186,159,-1,159,186,187,-1,159,187,161,-1,161,187,188,-1,161,188,163,-1,163,188,189,-1,190,167,189,-1,189,167,165,-1,189,165,163,-1,190,191,167,-1,167,191,192,-1,167,192,169,-1,171,169,193,-1,193,169,192,-1,173,171,175,-1,175,171,193,-1,168,170,194,-1,194,170,195,-1,170,172,195,-1,195,172,196,-1,172,138,196,-1,196,138,197,-1,146,198,199,-1,146,199,144,-1,144,199,200,-1,144,200,142,-1,142,200,201,-1,142,201,140,-1,140,201,197,-1,140,197,138,-1,154,202,203,-1,154,203,152,-1,152,203,204,-1,152,204,150,-1,150,204,205,-1,150,205,148,-1,148,205,198,-1,148,198,146,-1,162,206,207,-1,162,207,160,-1,160,207,208,-1,160,208,158,-1,158,208,209,-1,158,209,156,-1,156,209,202,-1,156,202,154,-1,168,194,210,-1,168,210,166,-1,166,210,211,-1,166,211,164,-1,164,211,206,-1,164,206,162,-1,
        ]
    }
}
Shape{
    appearance Appearance {
        material  Material 	{
            diffuseColor 0.25098039215686274 0.25098039215686274 0.25098039215686274
            specularColor 0.12549019607843137 0.12549019607843137 0.12549019607843137
            ambientIntensity 0.251
            transparency 0.0
            shininess 0.5
        }
    }
    geometry IndexedFaceSet {
        ccw TRUE
        solid FALSE
        coord DEF co Coordinate {
            point [
                23.3149 -6.2138 1.6575, 23.3149 -6.4195 1.6575, 23.3552 -6.2138 1.6575, 23.3536 -6.4195 1.6575, 23.3875 -6.4159 1.6575, 23.4103 -6.4078 1.6575, 23.428 -6.3962 1.6575, 23.433 -6.3917 1.6575, 23.4469 -6.3741 1.6575, 23.4559 -6.3541 1.6575, 23.4608 -6.3292 1.6575, 23.4615 -6.3141 1.6575, 23.4583 -6.2836 1.6575, 23.4511 -6.2633 1.6575, 23.4412 -6.2479 1.6575, 23.4322 -6.2389 1.6575, 23.3884 -6.2173 1.6575, 23.4117 -6.2254 1.6575
            ]
        }
        coordIndex [
            0,1,2,-1,2,1,3,-1,2,3,4,-1,4,5,2,-1,2,5,6,-1,2,6,7,-1,7,8,2,-1,2,8,9,-1,2,9,10,-1,10,11,2,-1,2,11,12,-1,2,12,13,-1,13,14,2,-1,2,14,15,-1,2,15,16,-1,16,15,17,-1,
        ]
    }
}
Shape{
    appearance Appearance {
        material  Material 	{
            diffuseColor 1.0 1.0 1.0
            specularColor 0.8784313725490196 0.8784313725490196 0.8784313725490196
            ambientIntensity 1.0
            transparency 0.0
            shininess 0.5
        }
    }
    geometry IndexedFaceSet {
        ccw TRUE
        solid FALSE
        coord DEF co Coordinate {
            point [
                23.5872 -6.3468 1.6614, 23.5763 -6.377 1.6614, 23.6768 -6.3468 1.6614, 23.6874 -6.377 1.6614, 23.6271 -6.2359 1.6614, 23.6142 -6.1831 1.6614, 23.5125 -6.45 1.6614, 23.5506 -6.45 1.6614, 23.6294 -6.2279 1.6614, 23.6315 -6.2172 1.6614, 23.651 -6.1831 1.6614, 23.6323 -6.2172 1.6614, 23.6344 -6.2285 1.6614, 23.6364 -6.2359 1.6614, 23.7527 -6.45 1.6614, 23.7146 -6.45 1.6614, 23.651 -6.1831 1.6575, 23.7527 -6.45 1.6575, 23.6142 -6.1831 1.6575, 23.5125 -6.45 1.6575, 23.5506 -6.45 1.6575, 23.5763 -6.377 1.6575, 23.6874 -6.377 1.6575, 23.7146 -6.45 1.6575, 23.5872 -6.3468 1.6575, 23.6768 -6.3468 1.6575, 23.6364 -6.2359 1.6575, 23.6323 -6.2172 1.6575, 23.6344 -6.2285 1.6575, 23.6315 -6.2172 1.6575, 23.6271 -6.2359 1.6575, 23.6294 -6.2279 1.6575
            ]
        }
        coordIndex [
            0,1,2,-1,2,1,3,-1,4,5,0,-1,0,5,6,-1,0,6,1,-1,1,6,7,-1,4,8,5,-1,5,8,9,-1,5,9,10,-1,10,9,11,-1,10,11,12,-1,12,13,10,-1,10,13,2,-1,10,2,14,-1,14,2,3,-1,14,3,15,-1,10,14,16,-1,16,14,17,-1,5,10,18,-1,18,10,16,-1,6,5,19,-1,19,5,18,-1,7,6,20,-1,20,6,19,-1,1,7,21,-1,21,7,20,-1,3,1,22,-1,22,1,21,-1,15,3,23,-1,23,3,22,-1,14,15,17,-1,17,15,23,-1,0,2,24,-1,24,2,25,-1,2,13,25,-1,25,13,26,-1,11,27,28,-1,11,28,12,-1,12,28,26,-1,12,26,13,-1,11,9,27,-1,27,9,29,-1,4,30,31,-1,4,31,8,-1,8,31,29,-1,8,29,9,-1,4,0,30,-1,30,0,24,-1,
        ]
    }
}
Shape{
    appearance Appearance {
        material  Material 	{
            diffuseColor 0.25098039215686274 0.25098039215686274 0.25098039215686274
            specularColor 0.12549019607843137 0.12549019607843137 0.12549019607843137
            ambientIntensity 0.251
            transparency 0.0
            shininess 0.5
        }
    }
    geometry IndexedFaceSet {
        ccw TRUE
        solid FALSE
        coord DEF co Coordinate {
            point [
                23.6323 -6.2172 1.6575, 23.6315 -6.2172 1.6575, 23.6344 -6.2285 1.6575, 23.6294 -6.2279 1.6575, 23.6364 -6.2359 1.6575, 23.6271 -6.2359 1.6575, 23.6768 -6.3468 1.6575, 23.5872 -6.3468 1.6575
            ]
        }
        coordIndex [
            0,1,2,-1,2,1,3,-1,2,3,4,-1,4,3,5,-1,4,5,6,-1,6,5,7,-1,
        ]
    }
}
Shape{
    appearance Appearance {
        material  Material 	{
            diffuseColor 1.0 1.0 1.0
            specularColor 0.8784313725490196 0.8784313725490196 0.8784313725490196
            ambientIntensity 1.0
            transparency 0.0
            shininess 0.5
        }
    }
    geometry IndexedFaceSet {
        ccw TRUE
        solid FALSE
        coord DEF co Coordinate {
            point [
                22.8251 -6.8429 1.6614, 22.8251 -6.8734 1.6614, 22.8251 -6.8429 1.6575, 22.8251 -6.8734 1.6575, 22.716 -6.8429 1.6614, 22.716 -6.8429 1.6575, 22.716 -6.7532 1.6614, 22.716 -6.7532 1.6575, 22.8115 -6.7532 1.6614, 22.8115 -6.7532 1.6575, 22.8115 -6.7226 1.6614, 22.8115 -6.7226 1.6575, 22.716 -6.7226 1.6614, 22.716 -6.7226 1.6575, 22.716 -6.6372 1.6614, 22.716 -6.6372 1.6575, 22.819 -6.6372 1.6614, 22.819 -6.6372 1.6575, 22.819 -6.6065 1.6614, 22.819 -6.6065 1.6575, 22.6816 -6.6065 1.6614, 22.6816 -6.6065 1.6575, 22.6816 -6.8734 1.6614, 22.6816 -6.8734 1.6575, 22.9768 -6.8734 1.6614, 23.0103 -6.8734 1.6614, 22.9768 -6.8439 1.6614, 23.0103 -6.7507 1.6614, 22.9768 -6.7522 1.6614, 22.9044 -6.792 1.6614, 22.9124 -6.7883 1.6614, 22.976 -6.8439 1.6614, 22.9583 -6.839 1.6614, 22.9707 -6.8518 1.6614, 22.9489 -6.8454 1.6614, 22.9322 -6.7837 1.6614, 22.9768 -6.7777 1.6614, 22.9768 -6.796 1.6614, 22.9768 -6.7982 1.6614, 22.9747 -6.8131 1.6614, 22.9698 -6.8251 1.6614, 22.9625 -6.8349 1.6614, 22.9757 -6.7374 1.6614, 23.0078 -6.7258 1.6614, 22.9722 -6.7255 1.6614, 23.0026 -6.7104 1.6614, 22.9683 -6.7186 1.6614, 22.9958 -6.6995 1.6614, 22.9632 -6.7133 1.6614, 22.9869 -6.691 1.6614, 22.9573 -6.7094 1.6614, 22.9758 -6.6846 1.6614, 22.9495 -6.7067 1.6614, 22.9618 -6.6803 1.6614, 22.9382 -6.7055 1.6614, 22.9414 -6.6784 1.6614, 22.918 -6.7077 1.6614, 22.9099 -6.6819 1.6614, 22.8971 -6.7149 1.6614, 22.8846 -6.6911 1.6614, 22.8757 -6.7286 1.6614, 22.8757 -6.6961 1.6614, 22.8979 -6.839 1.6614, 22.8735 -6.8629 1.6614, 22.9007 -6.8419 1.6614, 22.8847 -6.8707 1.6614, 22.9074 -6.8464 1.6614, 22.8976 -6.8756 1.6614, 22.9149 -6.8492 1.6614, 22.9176 -6.8779 1.6614, 22.9262 -6.8504 1.6614, 22.9348 -6.876 1.6614, 22.9387 -6.849 1.6614, 22.9483 -6.8711 1.6614, 22.9602 -6.8632 1.6614, 22.8913 -6.8143 1.6614, 22.8572 -6.8177 1.6614, 22.891 -6.8196 1.6614, 22.8571 -6.8223 1.6614, 22.8919 -6.8273 1.6614, 22.8587 -6.8375 1.6614, 22.8941 -6.8334 1.6614, 22.8628 -6.8488 1.6614, 22.8697 -6.8591 1.6614, 22.9203 -6.7601 1.6614, 22.8958 -6.7661 1.6614, 22.8999 -6.7955 1.6614, 22.8813 -6.7733 1.6614, 22.8959 -6.8004 1.6614, 22.8709 -6.7822 1.6614, 22.8929 -6.8066 1.6614, 22.8641 -6.7917 1.6614, 22.8595 -6.8034 1.6614, 22.9414 -6.6784 1.6575, 22.9099 -6.6819 1.6575, 22.8846 -6.6911 1.6575, 22.8757 -6.6961 1.6575, 22.8757 -6.7286 1.6575, 22.8971 -6.7149 1.6575, 22.918 -6.7077 1.6575, 22.9382 -6.7055 1.6575, 22.9495 -6.7067 1.6575, 22.9573 -6.7094 1.6575, 22.9632 -6.7133 1.6575, 22.9683 -6.7186 1.6575, 22.9722 -6.7255 1.6575, 22.9757 -6.7374 1.6575, 22.9768 -6.7522 1.6575, 22.9203 -6.7601 1.6575, 22.8958 -6.7661 1.6575, 22.8813 -6.7733 1.6575, 22.8709 -6.7822 1.6575, 22.8641 -6.7917 1.6575, 22.8595 -6.8034 1.6575, 22.8572 -6.8177 1.6575, 22.8571 -6.8223 1.6575, 22.8587 -6.8375 1.6575, 22.8628 -6.8488 1.6575, 22.8697 -6.8591 1.6575, 22.8735 -6.8629 1.6575, 22.9176 -6.8779 1.6575, 22.8982 -6.8756 1.6575, 22.8976 -6.8756 1.6575, 22.8847 -6.8707 1.6575, 22.9348 -6.876 1.6575, 22.9357 -6.8756 1.6575, 22.9483 -6.8711 1.6575, 22.9602 -6.8632 1.6575, 22.9707 -6.8518 1.6575, 22.976 -6.8439 1.6575, 22.9768 -6.8439 1.6575, 22.9768 -6.8734 1.6575, 23.0103 -6.8734 1.6575, 23.0103 -6.7507 1.6575, 23.0078 -6.7258 1.6575, 23.0026 -6.7104 1.6575, 22.9958 -6.6995 1.6575, 22.9869 -6.691 1.6575, 22.9758 -6.6846 1.6575, 22.9618 -6.6803 1.6575, 22.8999 -6.7955 1.6575, 22.9044 -6.792 1.6575, 22.9124 -6.7883 1.6575, 22.9322 -6.7837 1.6575, 22.891 -6.8196 1.6575, 22.8913 -6.8143 1.6575, 22.8929 -6.8066 1.6575, 22.8959 -6.8004 1.6575, 22.9007 -6.8419 1.6575, 22.8979 -6.839 1.6575, 22.8941 -6.8334 1.6575, 22.8919 -6.8273 1.6575, 22.9262 -6.8504 1.6575, 22.9149 -6.8492 1.6575, 22.9074 -6.8464 1.6575, 22.9625 -6.8349 1.6575, 22.9583 -6.839 1.6575, 22.9489 -6.8454 1.6575, 22.9387 -6.849 1.6575, 22.9768 -6.796 1.6575, 22.9768 -6.7982 1.6575, 22.9747 -6.8131 1.6575, 22.9698 -6.8251 1.6575, 22.9768 -6.7777 1.6575
            ]
        }
        coordIndex [
            0,1,2,-1,2,1,3,-1,4,0,5,-1,5,0,2,-1,6,4,7,-1,7,4,5,-1,8,6,9,-1,9,6,7,-1,10,8,11,-1,11,8,9,-1,12,10,13,-1,13,10,11,-1,14,12,15,-1,15,12,13,-1,16,14,17,-1,17,14,15,-1,18,16,19,-1,19,16,17,-1,20,18,21,-1,21,18,19,-1,22,20,23,-1,23,20,21,-1,1,22,3,-1,3,22,23,-1,22,1,0,-1,0,4,22,-1,22,4,6,-1,22,6,20,-1,16,18,14,-1,14,18,20,-1,14,20,12,-1,12,20,6,-1,12,6,10,-1,10,6,8,-1,24,25,26,-1,26,25,27,-1,28,29,30,-1,31,32,33,-1,33,32,34,-1,35,36,27,-1,27,36,37,-1,37,38,27,-1,27,38,39,-1,27,39,26,-1,26,39,40,-1,26,40,31,-1,31,40,41,-1,31,41,32,-1,30,35,28,-1,28,35,27,-1,28,27,42,-1,42,27,43,-1,42,43,44,-1,44,43,45,-1,44,45,46,-1,46,45,47,-1,46,47,48,-1,48,47,49,-1,48,49,50,-1,50,49,51,-1,50,51,52,-1,52,51,53,-1,52,53,54,-1,54,53,55,-1,54,55,56,-1,56,55,57,-1,56,57,58,-1,58,57,59,-1,58,59,60,-1,60,59,61,-1,62,63,64,-1,64,63,65,-1,64,65,66,-1,66,65,67,-1,66,67,68,-1,68,67,69,-1,68,69,70,-1,70,69,71,-1,70,71,72,-1,72,71,73,-1,72,73,34,-1,34,73,74,-1,34,74,33,-1,75,76,77,-1,77,76,78,-1,77,78,79,-1,79,78,80,-1,79,80,81,-1,81,80,82,-1,81,82,62,-1,62,82,83,-1,62,83,63,-1,28,84,29,-1,29,84,85,-1,29,85,86,-1,86,85,87,-1,86,87,88,-1,88,87,89,-1,88,89,90,-1,90,89,91,-1,90,91,75,-1,75,91,92,-1,75,92,76,-1,55,93,94,-1,55,94,57,-1,57,94,95,-1,57,95,59,-1,59,95,96,-1,59,96,61,-1,60,61,97,-1,97,61,96,-1,60,97,98,-1,60,98,58,-1,58,98,99,-1,58,99,56,-1,56,99,100,-1,56,100,54,-1,54,100,101,-1,54,101,52,-1,52,101,102,-1,52,102,50,-1,50,102,103,-1,50,103,48,-1,48,103,104,-1,48,104,46,-1,46,104,105,-1,46,105,44,-1,44,105,106,-1,44,106,42,-1,42,106,107,-1,42,107,28,-1,84,28,108,-1,108,28,107,-1,84,108,109,-1,84,109,85,-1,85,109,110,-1,85,110,87,-1,87,110,111,-1,87,111,89,-1,89,111,112,-1,89,112,91,-1,91,112,113,-1,91,113,92,-1,92,113,114,-1,92,114,76,-1,76,114,115,-1,76,115,78,-1,78,115,116,-1,78,116,80,-1,80,116,117,-1,80,117,82,-1,82,117,118,-1,82,118,83,-1,83,118,119,-1,83,119,63,-1,120,69,121,-1,121,69,67,-1,121,67,122,-1,122,67,65,-1,122,65,123,-1,123,65,63,-1,123,63,119,-1,69,120,124,-1,69,124,71,-1,71,124,125,-1,71,125,73,-1,125,126,73,-1,73,126,127,-1,73,127,74,-1,74,127,128,-1,74,128,33,-1,33,128,129,-1,33,129,31,-1,26,31,130,-1,130,31,129,-1,24,26,131,-1,131,26,130,-1,25,24,132,-1,132,24,131,-1,27,25,133,-1,133,25,132,-1,27,133,134,-1,27,134,43,-1,43,134,135,-1,43,135,45,-1,45,135,136,-1,45,136,47,-1,47,136,137,-1,47,137,49,-1,49,137,138,-1,49,138,51,-1,51,138,139,-1,51,139,53,-1,53,139,93,-1,53,93,55,-1,86,140,141,-1,86,141,29,-1,29,141,142,-1,29,142,30,-1,30,142,143,-1,30,143,35,-1,77,144,145,-1,77,145,75,-1,75,145,146,-1,75,146,90,-1,90,146,147,-1,90,147,88,-1,88,147,140,-1,88,140,86,-1,64,148,149,-1,64,149,62,-1,62,149,150,-1,62,150,81,-1,81,150,151,-1,81,151,79,-1,79,151,144,-1,79,144,77,-1,70,152,153,-1,70,153,68,-1,68,153,154,-1,68,154,66,-1,66,154,148,-1,66,148,64,-1,41,155,156,-1,41,156,32,-1,32,156,157,-1,32,157,34,-1,34,157,158,-1,34,158,72,-1,72,158,152,-1,72,152,70,-1,37,159,160,-1,37,160,38,-1,38,160,161,-1,38,161,39,-1,39,161,162,-1,39,162,40,-1,40,162,155,-1,40,155,41,-1,37,36,159,-1,159,36,163,-1,36,35,163,-1,163,35,143,-1,
        ]
    }
}
Shape{
    appearance Appearance {
        material  Material 	{
            diffuseColor 0.25098039215686274 0.25098039215686274 0.25098039215686274
            specularColor 0.12549019607843137 0.12549019607843137 0.12549019607843137
            ambientIntensity 0.251
            transparency 0.0
            shininess 0.5
        }
    }
    geometry IndexedFaceSet {
        ccw TRUE
        solid FALSE
        coord DEF co Coordinate {
            point [
                22.9768 -6.7777 1.6575, 22.9322 -6.7837 1.6575, 22.9768 -6.796 1.6575, 22.9124 -6.7883 1.6575, 22.9044 -6.792 1.6575, 22.8999 -6.7955 1.6575, 22.9768 -6.7982 1.6575, 22.9747 -6.8131 1.6575, 22.8959 -6.8004 1.6575, 22.9698 -6.8251 1.6575, 22.8979 -6.839 1.6575, 22.9007 -6.8419 1.6575, 22.9583 -6.839 1.6575, 22.8941 -6.8334 1.6575, 22.9489 -6.8454 1.6575, 22.9387 -6.849 1.6575, 22.9262 -6.8504 1.6575, 22.8929 -6.8066 1.6575, 22.8913 -6.8143 1.6575, 22.9625 -6.8349 1.6575, 22.891 -6.8196 1.6575, 22.8919 -6.8273 1.6575, 22.9074 -6.8464 1.6575, 22.9149 -6.8492 1.6575
            ]
        }
        coordIndex [
            0,1,2,-1,2,1,3,-1,3,4,2,-1,2,4,5,-1,2,5,6,-1,6,5,7,-1,7,5,8,-1,7,8,9,-1,10,11,12,-1,10,12,13,-1,14,12,15,-1,15,12,16,-1,8,17,9,-1,9,17,18,-1,9,18,19,-1,19,18,20,-1,19,20,12,-1,12,20,21,-1,12,21,13,-1,11,22,12,-1,12,22,23,-1,12,23,16,-1,
        ]
    }
}
Shape{
    appearance Appearance {
        material  Material 	{
            diffuseColor 1.0 1.0 1.0
            specularColor 0.8784313725490196 0.8784313725490196 0.8784313725490196
            ambientIntensity 1.0
            transparency 0.0
            shininess 0.5
        }
    }
    geometry IndexedFaceSet {
        ccw TRUE
        solid FALSE
        coord DEF co Coordinate {
            point [
                23.1106 -6.8506 1.6614, 23.1106 -6.8506 1.6575, 23.0896 -6.8481 1.6575, 23.071 -6.8411 1.6575, 23.0686 -6.8402 1.6614, 23.0896 -6.8481 1.6614, 23.0686 -6.8402 1.6575, 23.0556 -6.8322 1.6575, 23.0556 -6.8322 1.6614, 23.0556 -6.8667 1.6614, 23.0556 -6.8667 1.6575, 23.0795 -6.875 1.6614, 23.071 -6.8721 1.6575, 23.1073 -6.8779 1.6575, 23.1073 -6.8779 1.6614, 23.0853 -6.8756 1.6575, 23.0795 -6.875 1.6575, 23.1346 -6.875 1.6614, 23.1287 -6.8756 1.6575, 23.1346 -6.875 1.6575, 23.1529 -6.8686 1.6575, 23.1529 -6.8686 1.6614, 23.1628 -6.8627 1.6575, 23.1628 -6.8627 1.6614, 23.1724 -6.8544 1.6575, 23.1724 -6.8544 1.6614, 23.1786 -6.8455 1.6575, 23.1786 -6.8455 1.6614, 23.1827 -6.835 1.6575, 23.1827 -6.835 1.6614, 23.1843 -6.8215 1.6575, 23.1843 -6.8215 1.6614, 23.1829 -6.8091 1.6575, 23.1829 -6.8091 1.6614, 23.1794 -6.7992 1.6575, 23.1794 -6.7992 1.6614, 23.1731 -6.79 1.6575, 23.1731 -6.79 1.6614, 23.1652 -6.7829 1.6575, 23.1652 -6.7829 1.6614, 23.1429 -6.7705 1.6575, 23.1429 -6.7705 1.6614, 23.13 -6.7653 1.6575, 23.13 -6.7653 1.6614, 23.1093 -6.7563 1.6575, 23.1093 -6.7563 1.6614, 23.0975 -6.7489 1.6575, 23.0975 -6.7489 1.6614, 23.0943 -6.7453 1.6575, 23.0943 -6.7453 1.6614, 23.0919 -6.7408 1.6575, 23.0919 -6.7408 1.6614, 23.0905 -6.7356 1.6575, 23.0905 -6.7356 1.6614, 23.0902 -6.7312 1.6575, 23.0902 -6.7312 1.6614, 23.0908 -6.7259 1.6575, 23.0908 -6.7259 1.6614, 23.0925 -6.7213 1.6575, 23.0925 -6.7213 1.6614, 23.0954 -6.7171 1.6575, 23.0954 -6.7171 1.6614, 23.1004 -6.7126 1.6575, 23.1004 -6.7126 1.6614, 23.1079 -6.7086 1.6575, 23.1079 -6.7086 1.6614, 23.1168 -6.7063 1.6575, 23.1168 -6.7063 1.6614, 23.1267 -6.7055 1.6575, 23.1267 -6.7055 1.6614, 23.1487 -6.708 1.6575, 23.1487 -6.708 1.6614, 23.1675 -6.7149 1.6575, 23.1675 -6.7149 1.6614, 23.1752 -6.7193 1.6575, 23.1752 -6.7193 1.6614, 23.1752 -6.6868 1.6614, 23.1752 -6.6868 1.6575, 23.1484 -6.6796 1.6575, 23.1484 -6.6796 1.6614, 23.13 -6.6784 1.6575, 23.13 -6.6784 1.6614, 23.1055 -6.6811 1.6575, 23.1055 -6.6811 1.6614, 23.0871 -6.6876 1.6575, 23.0871 -6.6876 1.6614, 23.0772 -6.6935 1.6575, 23.0772 -6.6935 1.6614, 23.0673 -6.7024 1.6614, 23.071 -6.6991 1.6575, 23.0673 -6.7024 1.6575, 23.0611 -6.7115 1.6575, 23.0611 -6.7115 1.6614, 23.0571 -6.7222 1.6575, 23.0571 -6.7222 1.6614, 23.0558 -6.7342 1.6575, 23.0558 -6.7342 1.6614, 23.0572 -6.7472 1.6575, 23.0572 -6.7472 1.6614, 23.0609 -6.7574 1.6575, 23.0609 -6.7574 1.6614, 23.0653 -6.7643 1.6575, 23.0653 -6.7643 1.6614, 23.1064 -6.7896 1.6575, 23.1064 -6.7896 1.6614, 23.0865 -6.7805 1.6614, 23.0707 -6.7701 1.6575, 23.0707 -6.7701 1.6614, 23.071 -6.7703 1.6575, 23.0865 -6.7805 1.6575, 23.1284 -6.7988 1.6575, 23.1284 -6.7988 1.6614, 23.1414 -6.8066 1.6575, 23.1414 -6.8066 1.6614, 23.1456 -6.811 1.6575, 23.1456 -6.811 1.6614, 23.1482 -6.8154 1.6575, 23.1482 -6.8154 1.6614, 23.1497 -6.8206 1.6575, 23.1497 -6.8206 1.6614, 23.15 -6.8248 1.6575, 23.15 -6.8248 1.6614, 23.1493 -6.8312 1.6575, 23.1493 -6.8312 1.6614, 23.1476 -6.8359 1.6575, 23.1476 -6.8359 1.6614, 23.1447 -6.8402 1.6575, 23.1447 -6.8402 1.6614, 23.1408 -6.8436 1.6575, 23.1408 -6.8436 1.6614, 23.1378 -6.8455 1.6575, 23.1378 -6.8455 1.6614, 23.1292 -6.8487 1.6575, 23.1292 -6.8487 1.6614, 23.112 -6.8506 1.6575, 23.112 -6.8506 1.6614, 23.35 -6.6827 1.6614, 23.3847 -6.6827 1.6614, 23.35 -6.6827 1.6575, 23.3847 -6.6827 1.6575, 23.298 -6.8263 1.6614, 23.298 -6.8263 1.6575, 23.2954 -6.8352 1.6575, 23.2954 -6.8352 1.6614, 23.2939 -6.8417 1.6575, 23.2939 -6.8417 1.6614, 23.293 -6.8417 1.6614, 23.293 -6.8417 1.6575, 23.2889 -6.826 1.6614, 23.2889 -6.826 1.6575, 23.2391 -6.6827 1.6575, 23.2391 -6.6827 1.6614, 23.2552 -6.7292 1.6575, 23.2017 -6.6827 1.6614, 23.2017 -6.6827 1.6575, 23.2765 -6.873 1.6575, 23.2765 -6.873 1.6614, 23.2552 -6.8189 1.6575, 23.2618 -6.9076 1.6575, 23.2618 -6.9076 1.6614, 23.2754 -6.8756 1.6575, 23.2553 -6.9196 1.6575, 23.2553 -6.9196 1.6614, 23.2552 -6.9197 1.6575, 23.2491 -6.9266 1.6614, 23.2491 -6.9266 1.6575, 23.2429 -6.9309 1.6575, 23.2429 -6.9309 1.6614, 23.2356 -6.9336 1.6575, 23.2356 -6.9336 1.6614, 23.2276 -6.9345 1.6575, 23.2276 -6.9345 1.6614, 23.2154 -6.9329 1.6575, 23.2154 -6.9329 1.6614, 23.2086 -6.9307 1.6575, 23.2086 -6.9307 1.6614, 23.2086 -6.9604 1.6614, 23.2086 -6.9604 1.6575, 23.2228 -6.9629 1.6575, 23.2228 -6.9629 1.6614, 23.2302 -6.9632 1.6575, 23.2302 -6.9632 1.6614, 23.2437 -6.9616 1.6575, 23.2437 -6.9616 1.6614, 23.2552 -6.9572 1.6575, 23.2569 -6.9566 1.6614, 23.2569 -6.9566 1.6575, 23.2685 -6.9484 1.6575, 23.2685 -6.9484 1.6614, 23.2708 -6.9463 1.6575, 23.2708 -6.9463 1.6614, 23.283 -6.9316 1.6575, 23.283 -6.9316 1.6614, 23.2982 -6.9022 1.6575, 23.2982 -6.9022 1.6614, 23.3086 -6.8756 1.6575, 23.5643 -6.8429 1.6614, 23.5643 -6.8734 1.6614, 23.5643 -6.8429 1.6575, 23.5643 -6.8734 1.6575, 23.4552 -6.8429 1.6575, 23.4552 -6.8429 1.6614, 23.5051 -6.8429 1.6575, 23.4552 -6.7532 1.6614, 23.4552 -6.7532 1.6575, 23.5506 -6.7532 1.6575, 23.5506 -6.7532 1.6614, 23.5051 -6.7532 1.6575, 23.5506 -6.7226 1.6614, 23.5506 -6.7226 1.6575, 23.4552 -6.7226 1.6575, 23.4552 -6.7226 1.6614, 23.5051 -6.7226 1.6575, 23.4552 -6.6372 1.6614, 23.4552 -6.6372 1.6575, 23.5582 -6.6372 1.6575, 23.5582 -6.6372 1.6614, 23.5051 -6.6372 1.6575, 23.5582 -6.6065 1.6614, 23.5582 -6.6065 1.6575, 23.4207 -6.6065 1.6575, 23.4207 -6.6065 1.6614, 23.5051 -6.6065 1.6575, 23.4207 -6.8734 1.6614, 23.4207 -6.8734 1.6575, 23.5051 -6.8734 1.6575, 23.6879 -6.8429 1.6614, 23.6881 -6.8734 1.6614, 23.7217 -6.8393 1.6614, 23.7309 -6.8685 1.6614, 23.7446 -6.8312 1.6614, 23.7618 -6.8571 1.6614, 23.7623 -6.8196 1.6614, 23.7878 -6.8395 1.6614, 23.7672 -6.8151 1.6614, 23.7917 -6.836 1.6614, 23.7812 -6.7975 1.6614, 23.8106 -6.8138 1.6614, 23.7901 -6.7775 1.6614, 23.8242 -6.7864 1.6614, 23.795 -6.7526 1.6614, 23.831 -6.7555 1.6614, 23.7958 -6.7375 1.6614, 23.832 -6.7365 1.6614, 23.7925 -6.707 1.6614, 23.8282 -6.7025 1.6614, 23.7854 -6.6867 1.6614, 23.8188 -6.6765 1.6614, 23.7754 -6.6713 1.6614, 23.8027 -6.6527 1.6614, 23.7665 -6.6623 1.6614, 23.7917 -6.6418 1.6614, 23.746 -6.6488 1.6614, 23.7653 -6.6235 1.6614, 23.7226 -6.6407 1.6614, 23.7333 -6.6114 1.6614, 23.6895 -6.6372 1.6614, 23.6908 -6.6065 1.6614, 23.6491 -6.6372 1.6614, 23.6147 -6.6065 1.6614, 23.6491 -6.8429 1.6614, 23.6147 -6.8734 1.6614, 23.6881 -6.8734 1.6575, 23.6147 -6.8734 1.6575, 23.7309 -6.8685 1.6575, 23.7618 -6.8571 1.6575, 23.7878 -6.8395 1.6575, 23.7917 -6.836 1.6575, 23.8106 -6.8138 1.6575, 23.8242 -6.7864 1.6575, 23.831 -6.7555 1.6575, 23.832 -6.7365 1.6575, 23.8282 -6.7025 1.6575, 23.8188 -6.6765 1.6575, 23.8027 -6.6527 1.6575, 23.7917 -6.6418 1.6575, 23.7653 -6.6235 1.6575, 23.7333 -6.6114 1.6575, 23.6908 -6.6065 1.6575, 23.6147 -6.6065 1.6575, 23.6895 -6.6372 1.6575, 23.6491 -6.6372 1.6575, 23.6491 -6.8429 1.6575, 23.6879 -6.8429 1.6575, 23.7672 -6.8151 1.6575, 23.7623 -6.8196 1.6575, 23.7446 -6.8312 1.6575, 23.7217 -6.8393 1.6575, 23.7958 -6.7375 1.6575, 23.795 -6.7526 1.6575, 23.7901 -6.7775 1.6575, 23.7812 -6.7975 1.6575, 23.7665 -6.6623 1.6575, 23.7754 -6.6713 1.6575, 23.7854 -6.6867 1.6575, 23.7925 -6.707 1.6575, 23.7226 -6.6407 1.6575, 23.746 -6.6488 1.6575
            ]
        }
        coordIndex [
            0,1,2,-1,3,4,2,-1,2,4,5,-1,2,5,0,-1,3,6,4,-1,4,6,7,-1,4,7,8,-1,9,8,10,-1,10,8,7,-1,9,10,11,-1,11,10,12,-1,13,14,15,-1,15,14,11,-1,15,11,16,-1,16,11,12,-1,14,13,17,-1,17,13,18,-1,18,19,17,-1,17,19,20,-1,17,20,21,-1,21,20,22,-1,21,22,23,-1,23,22,24,-1,23,24,25,-1,25,24,26,-1,25,26,27,-1,27,26,28,-1,27,28,29,-1,29,28,30,-1,29,30,31,-1,31,30,32,-1,31,32,33,-1,33,32,34,-1,33,34,35,-1,35,34,36,-1,35,36,37,-1,37,36,38,-1,37,38,39,-1,39,38,40,-1,39,40,41,-1,41,40,42,-1,41,42,43,-1,43,42,44,-1,43,44,45,-1,45,44,46,-1,45,46,47,-1,47,46,48,-1,47,48,49,-1,49,48,50,-1,49,50,51,-1,51,50,52,-1,51,52,53,-1,53,52,54,-1,53,54,55,-1,55,54,56,-1,55,56,57,-1,57,56,58,-1,57,58,59,-1,59,58,60,-1,59,60,61,-1,61,60,62,-1,61,62,63,-1,63,62,64,-1,63,64,65,-1,65,64,66,-1,65,66,67,-1,67,66,68,-1,67,68,69,-1,69,68,70,-1,69,70,71,-1,71,70,72,-1,71,72,73,-1,73,72,74,-1,73,74,75,-1,76,75,77,-1,77,75,74,-1,76,77,78,-1,76,78,79,-1,79,78,80,-1,79,80,81,-1,81,80,82,-1,81,82,83,-1,83,82,84,-1,83,84,85,-1,85,84,86,-1,85,86,87,-1,87,86,88,-1,88,86,89,-1,89,90,88,-1,88,90,91,-1,88,91,92,-1,92,91,93,-1,92,93,94,-1,94,93,95,-1,94,95,96,-1,96,95,97,-1,96,97,98,-1,98,97,99,-1,98,99,100,-1,100,99,101,-1,100,101,102,-1,103,104,105,-1,102,101,106,-1,102,106,107,-1,107,106,108,-1,107,108,105,-1,105,108,109,-1,105,109,103,-1,104,103,110,-1,104,110,111,-1,111,110,112,-1,111,112,113,-1,113,112,114,-1,113,114,115,-1,115,114,116,-1,115,116,117,-1,117,116,118,-1,117,118,119,-1,119,118,120,-1,119,120,121,-1,121,120,122,-1,121,122,123,-1,123,122,124,-1,123,124,125,-1,125,124,126,-1,125,126,127,-1,127,126,128,-1,127,128,129,-1,129,128,130,-1,129,130,131,-1,131,130,132,-1,131,132,133,-1,133,132,134,-1,133,134,135,-1,135,134,1,-1,135,1,0,-1,61,63,85,-1,85,63,83,-1,111,43,104,-1,104,43,45,-1,21,23,127,-1,127,23,25,-1,127,25,125,-1,125,25,27,-1,125,27,123,-1,123,27,29,-1,123,29,121,-1,121,29,31,-1,121,31,119,-1,119,31,33,-1,119,33,117,-1,117,33,35,-1,117,35,115,-1,115,35,37,-1,115,37,113,-1,113,37,39,-1,113,39,111,-1,111,39,41,-1,111,41,43,-1,14,0,11,-1,11,0,5,-1,11,5,9,-1,9,5,4,-1,9,4,8,-1,63,65,83,-1,83,65,67,-1,83,67,81,-1,81,67,69,-1,81,69,79,-1,79,69,71,-1,79,71,76,-1,76,71,73,-1,76,73,75,-1,127,129,21,-1,21,129,131,-1,21,131,17,-1,17,131,133,-1,17,133,14,-1,14,133,135,-1,14,135,0,-1,85,87,61,-1,61,87,88,-1,61,88,59,-1,59,88,92,-1,59,92,57,-1,57,92,94,-1,57,94,55,-1,55,94,96,-1,55,96,53,-1,53,96,98,-1,53,98,51,-1,51,98,100,-1,51,100,49,-1,49,100,102,-1,49,102,47,-1,47,102,107,-1,47,107,45,-1,45,107,105,-1,45,105,104,-1,136,137,138,-1,138,137,139,-1,140,136,141,-1,141,136,138,-1,140,141,142,-1,140,142,143,-1,143,142,144,-1,143,144,145,-1,146,145,147,-1,147,145,144,-1,148,146,149,-1,149,146,147,-1,150,151,152,-1,152,151,148,-1,152,148,149,-1,153,151,154,-1,154,151,150,-1,155,156,157,-1,157,156,153,-1,157,153,154,-1,158,159,160,-1,160,159,156,-1,160,156,155,-1,159,158,161,-1,159,161,162,-1,162,161,163,-1,162,163,164,-1,163,165,164,-1,164,165,166,-1,164,166,167,-1,167,166,168,-1,167,168,169,-1,169,168,170,-1,169,170,171,-1,171,170,172,-1,171,172,173,-1,173,172,174,-1,173,174,175,-1,176,175,177,-1,177,175,174,-1,176,177,178,-1,176,178,179,-1,179,178,180,-1,179,180,181,-1,181,180,182,-1,181,182,183,-1,183,182,184,-1,183,184,185,-1,184,186,185,-1,185,186,187,-1,185,187,188,-1,188,187,189,-1,188,189,190,-1,190,189,191,-1,190,191,192,-1,192,191,193,-1,192,193,194,-1,139,137,195,-1,195,137,194,-1,195,194,193,-1,143,145,194,-1,137,136,194,-1,194,136,140,-1,194,140,143,-1,151,153,148,-1,148,153,156,-1,148,156,146,-1,192,162,190,-1,190,162,164,-1,175,176,173,-1,173,176,179,-1,173,179,171,-1,171,179,181,-1,171,181,169,-1,169,181,183,-1,169,183,167,-1,167,183,185,-1,167,185,164,-1,164,185,188,-1,164,188,190,-1,145,146,194,-1,194,146,156,-1,194,156,192,-1,192,156,159,-1,192,159,162,-1,196,197,198,-1,198,197,199,-1,200,201,202,-1,202,201,196,-1,202,196,198,-1,203,201,204,-1,204,201,200,-1,205,206,207,-1,207,206,203,-1,207,203,204,-1,208,206,209,-1,209,206,205,-1,210,211,212,-1,212,211,208,-1,212,208,209,-1,213,211,214,-1,214,211,210,-1,215,216,217,-1,217,216,213,-1,217,213,214,-1,218,216,219,-1,219,216,215,-1,220,221,222,-1,222,221,218,-1,222,218,219,-1,223,221,224,-1,224,221,220,-1,199,197,225,-1,225,197,223,-1,225,223,224,-1,223,197,196,-1,196,201,223,-1,223,201,203,-1,223,203,221,-1,216,218,213,-1,213,218,221,-1,213,221,211,-1,211,221,203,-1,211,203,208,-1,208,203,206,-1,226,227,228,-1,228,227,229,-1,228,229,230,-1,230,229,231,-1,230,231,232,-1,232,231,233,-1,232,233,234,-1,234,233,235,-1,234,235,236,-1,236,235,237,-1,236,237,238,-1,238,237,239,-1,238,239,240,-1,240,239,241,-1,240,241,242,-1,242,241,243,-1,242,243,244,-1,244,243,245,-1,244,245,246,-1,246,245,247,-1,246,247,248,-1,248,247,249,-1,248,249,250,-1,250,249,251,-1,250,251,252,-1,252,251,253,-1,252,253,254,-1,254,253,255,-1,254,255,256,-1,256,255,257,-1,256,257,258,-1,258,257,259,-1,258,259,260,-1,260,259,261,-1,260,261,226,-1,226,261,227,-1,227,261,262,-1,262,261,263,-1,227,262,264,-1,227,264,229,-1,229,264,265,-1,229,265,231,-1,231,265,266,-1,231,266,233,-1,233,266,267,-1,233,267,235,-1,235,267,268,-1,235,268,237,-1,237,268,269,-1,237,269,239,-1,239,269,270,-1,239,270,241,-1,241,270,271,-1,241,271,243,-1,243,271,272,-1,243,272,245,-1,245,272,273,-1,245,273,247,-1,247,273,274,-1,247,274,249,-1,249,274,275,-1,249,275,251,-1,251,275,276,-1,251,276,253,-1,253,276,277,-1,253,277,255,-1,255,277,278,-1,255,278,257,-1,259,257,279,-1,279,257,278,-1,261,259,263,-1,263,259,279,-1,256,258,280,-1,280,258,281,-1,258,260,281,-1,281,260,282,-1,260,226,282,-1,282,226,283,-1,234,284,285,-1,234,285,232,-1,232,285,286,-1,232,286,230,-1,230,286,287,-1,230,287,228,-1,228,287,283,-1,228,283,226,-1,242,288,289,-1,242,289,240,-1,240,289,290,-1,240,290,238,-1,238,290,291,-1,238,291,236,-1,236,291,284,-1,236,284,234,-1,250,292,293,-1,250,293,248,-1,248,293,294,-1,248,294,246,-1,246,294,295,-1,246,295,244,-1,244,295,288,-1,244,288,242,-1,256,280,296,-1,256,296,254,-1,254,296,297,-1,254,297,252,-1,252,297,292,-1,252,292,250,-1,
        ]
    }
}
Shape{
    appearance Appearance {
        material  Material 	{
            diffuseColor 0.25098039215686274 0.25098039215686274 0.25098039215686274
            specularColor 0.12549019607843137 0.12549019607843137 0.12549019607843137
            ambientIntensity 0.251
            transparency 0.0
            shininess 0.5
        }
    }
    geometry IndexedFaceSet {
        ccw TRUE
        solid FALSE
        coord DEF co Coordinate {
            point [
                23.6491 -6.6372 1.6575, 23.6491 -6.8429 1.6575, 23.6895 -6.6372 1.6575, 23.6879 -6.8429 1.6575, 23.7217 -6.8393 1.6575, 23.7446 -6.8312 1.6575, 23.7623 -6.8196 1.6575, 23.7672 -6.8151 1.6575, 23.7812 -6.7975 1.6575, 23.7901 -6.7775 1.6575, 23.795 -6.7526 1.6575, 23.7958 -6.7375 1.6575, 23.7925 -6.707 1.6575, 23.7854 -6.6867 1.6575, 23.7754 -6.6713 1.6575, 23.7665 -6.6623 1.6575, 23.7226 -6.6407 1.6575, 23.746 -6.6488 1.6575
            ]
        }
        coordIndex [
            0,1,2,-1,2,1,3,-1,2,3,4,-1,4,5,2,-1,2,5,6,-1,2,6,7,-1,7,8,2,-1,2,8,9,-1,2,9,10,-1,10,11,2,-1,2,11,12,-1,2,12,13,-1,13,14,2,-1,2,14,15,-1,2,15,16,-1,16,15,17,-1,
        ]
    }
}
Shape{
    appearance Appearance {
        material  Material 	{
            diffuseColor 1.0 1.0 1.0
            specularColor 0.8784313725490196 0.8784313725490196 0.8784313725490196
            ambientIntensity 1.0
            transparency 0.0
            shininess 0.5
        }
    }
    geometry IndexedFaceSet {
        ccw TRUE
        solid FALSE
        coord DEF co Coordinate {
            point [
                23.9214 -6.7702 1.6614, 23.9105 -6.8004 1.6614, 24.011 -6.7702 1.6614, 24.0216 -6.8004 1.6614, 23.9613 -6.6593 1.6614, 23.9484 -6.6065 1.6614, 23.8468 -6.8734 1.6614, 23.8849 -6.8734 1.6614, 23.9636 -6.6513 1.6614, 23.9657 -6.6406 1.6614, 23.9853 -6.6065 1.6614, 23.9665 -6.6406 1.6614, 23.9687 -6.6519 1.6614, 23.9707 -6.6593 1.6614, 24.0869 -6.8734 1.6614, 24.0489 -6.8734 1.6614, 23.9853 -6.6065 1.6575, 24.0869 -6.8734 1.6575, 23.9484 -6.6065 1.6575, 23.8468 -6.8734 1.6575, 23.8849 -6.8734 1.6575, 23.9105 -6.8004 1.6575, 24.0216 -6.8004 1.6575, 24.0489 -6.8734 1.6575, 23.9214 -6.7702 1.6575, 24.011 -6.7702 1.6575, 23.9707 -6.6593 1.6575, 23.9665 -6.6406 1.6575, 23.9687 -6.6519 1.6575, 23.9657 -6.6406 1.6575, 23.9613 -6.6593 1.6575, 23.9636 -6.6513 1.6575
            ]
        }
        coordIndex [
            0,1,2,-1,2,1,3,-1,4,5,0,-1,0,5,6,-1,0,6,1,-1,1,6,7,-1,4,8,5,-1,5,8,9,-1,5,9,10,-1,10,9,11,-1,10,11,12,-1,12,13,10,-1,10,13,2,-1,10,2,14,-1,14,2,3,-1,14,3,15,-1,10,14,16,-1,16,14,17,-1,5,10,18,-1,18,10,16,-1,6,5,19,-1,19,5,18,-1,7,6,20,-1,20,6,19,-1,1,7,21,-1,21,7,20,-1,3,1,22,-1,22,1,21,-1,15,3,23,-1,23,3,22,-1,14,15,17,-1,17,15,23,-1,0,2,24,-1,24,2,25,-1,2,13,25,-1,25,13,26,-1,11,27,28,-1,11,28,12,-1,12,28,26,-1,12,26,13,-1,11,9,27,-1,27,9,29,-1,4,30,31,-1,4,31,8,-1,8,31,29,-1,8,29,9,-1,4,0,30,-1,30,0,24,-1,
        ]
    }
}
Shape{
    appearance Appearance {
        material  Material 	{
            diffuseColor 0.25098039215686274 0.25098039215686274 0.25098039215686274
            specularColor 0.12549019607843137 0.12549019607843137 0.12549019607843137
            ambientIntensity 0.251
            transparency 0.0
            shininess 0.5
        }
    }
    geometry IndexedFaceSet {
        ccw TRUE
        solid FALSE
        coord DEF co Coordinate {
            point [
                23.9665 -6.6406 1.6575, 23.9657 -6.6406 1.6575, 23.9687 -6.6519 1.6575, 23.9636 -6.6513 1.6575, 23.9707 -6.6593 1.6575, 23.9613 -6.6593 1.6575, 24.011 -6.7702 1.6575, 23.9214 -6.7702 1.6575
            ]
        }
        coordIndex [
            0,1,2,-1,2,1,3,-1,2,3,4,-1,4,3,5,-1,4,5,6,-1,6,5,7,-1,
        ]
    }
}
Shape{
    appearance Appearance {
        material  Material 	{
            diffuseColor 1.0 1.0 1.0
            specularColor 0.8784313725490196 0.8784313725490196 0.8784313725490196
            ambientIntensity 1.0
            transparency 0.0
            shininess 0.5
        }
    }
    geometry IndexedFaceSet {
        ccw TRUE
        solid FALSE
        coord DEF co Coordinate {
            point [
                21.4521 -6.4141 1.6614, 21.4943 -6.3914 1.6614, 21.4848 -6.2744 1.6614, 21.6034 -6.269 1.6614, 21.6622 -6.4075 1.6614, 21.6913 -6.3472 1.6614, 21.565 -6.9722 1.6614, 21.4857 -6.7434 1.6614, 21.5285 -6.9435 1.6614, 21.501 -6.9082 1.6614, 21.5597 -6.2652 1.6614, 21.678 -6.7394 1.6614, 21.6956 -6.7457 1.6614, 21.8538 -6.7908 1.6614, 21.7109 -6.756 1.6614, 21.7231 -6.7696 1.6614, 22.1195 -6.6504 1.6614, 22.0607 -6.5498 1.6614, 21.8064 -6.6826 1.6614, 21.6622 -6.7377 1.6614, 21.6436 -6.74 1.6614, 21.6227 -6.6228 1.6614, 21.627 -6.7466 1.6614, 21.5805 -6.6379 1.6614, 21.6122 -6.7571 1.6614, 21.5411 -6.664 1.6614, 21.6047 -6.7651 1.6614, 21.5091 -6.6991 1.6614, 21.5949 -6.7808 1.6614, 21.4877 -6.7383 1.6614, 21.5893 -6.7986 1.6614, 21.5884 -6.8171 1.6614, 21.7361 -6.6321 1.6614, 21.6906 -6.6199 1.6614, 21.6641 -6.6181 1.6614, 21.7313 -6.7852 1.6614, 21.7357 -6.8028 1.6614, 21.8538 -6.8098 1.6614, 21.7357 -6.8202 1.6614, 22.1821 -6.4625 1.6614, 22.1973 -6.4625 1.6614, 22.2751 -6.36 1.6614, 22.2338 -6.4671 1.6614, 22.284 -6.363 1.6614, 22.2669 -6.4799 1.6614, 22.3405 -6.3909 1.6614, 22.3921 -6.4344 1.6614, 21.6423 -6.2237 1.6614, 21.7339 -6.2964 1.6614, 21.6868 -6.1855 1.6614, 21.7844 -6.2596 1.6614, 21.7331 -6.1568 1.6614, 21.4485 -6.7211 1.6614, 21.4596 -6.8632 1.6614, 21.4838 -6.8705 1.6614, 21.5411 -6.3801 1.6614, 21.5616 -6.379 1.6614, 21.5815 -6.2663 1.6614, 21.6017 -6.3835 1.6614, 21.6444 -6.398 1.6614, 21.7759 -6.6543 1.6614, 22.3928 -6.7889 1.6614, 22.3046 -6.7133 1.6614, 22.3413 -6.8325 1.6614, 22.2766 -6.7363 1.6614, 22.2834 -6.8609 1.6614, 22.2431 -6.7519 1.6614, 22.2201 -6.8743 1.6614, 22.2087 -6.7585 1.6614, 22.1081 -6.8743 1.6614, 22.1233 -6.7585 1.6614, 22.0974 -6.8726 1.6614, 21.4145 -6.3018 1.6614, 21.3541 -6.3442 1.6614, 21.4171 -6.4461 1.6614, 21.3415 -6.3562 1.6614, 21.3918 -6.4844 1.6614, 21.2957 -6.415 1.6614, 21.3765 -6.527 1.6614, 22.2963 -6.5006 1.6614, 22.317 -6.5235 1.6614, 22.4309 -6.4883 1.6614, 22.3349 -6.5561 1.6614, 22.4542 -6.5462 1.6614, 22.3442 -6.5924 1.6614, 22.463 -6.6086 1.6614, 22.3453 -6.6105 1.6614, 22.4544 -6.676 1.6614, 22.3407 -6.6476 1.6614, 22.4306 -6.7361 1.6614, 22.3276 -6.6814 1.6614, 22.3067 -6.711 1.6614, 22.1726 -6.2101 1.6614, 22.0976 -6.2966 1.6614, 22.2352 -6.2824 1.6614, 22.1406 -6.3476 1.6614, 22.1702 -6.4086 1.6614, 21.6248 -6.8755 1.6614, 21.6419 -6.8828 1.6614, 21.6084 -6.9914 1.6614, 21.6589 -6.8856 1.6614, 21.653 -6.9992 1.6614, 21.6622 -6.8857 1.6614, 21.6641 -6.9995 1.6614, 21.6812 -6.8832 1.6614, 21.7058 -6.9949 1.6614, 21.6976 -6.8767 1.6614, 21.7485 -6.9796 1.6614, 21.712 -6.8663 1.6614, 21.7868 -6.9543 1.6614, 21.7223 -6.8547 1.6614, 21.8188 -6.9193 1.6614, 21.7312 -6.8384 1.6614, 21.8414 -6.8771 1.6614, 21.8527 -6.8303 1.6614, 21.8206 -6.123 1.6614, 21.8463 -6.2344 1.6614, 21.9146 -6.1115 1.6614, 21.9165 -6.2253 1.6614, 21.9928 -6.1197 1.6614, 21.9811 -6.2333 1.6614, 22.088 -6.1532 1.6614, 22.0406 -6.2562 1.6614, 22.0939 -6.2933 1.6614, 21.6102 -6.8643 1.6614, 21.5994 -6.8509 1.6614, 21.5919 -6.8349 1.6614, 22.1138 -6.7568 1.6614, 22.0682 -6.8544 1.6614, 22.0726 -6.8589 1.6614, 21.2655 -6.4834 1.6614, 21.2528 -6.5547 1.6614, 21.3718 -6.5688 1.6614, 21.2523 -6.5726 1.6614, 21.3745 -6.6002 1.6614, 21.2616 -6.6473 1.6614, 21.3887 -6.6466 1.6614, 21.2888 -6.7179 1.6614, 21.4136 -6.6872 1.6614, 21.332 -6.7794 1.6614, 21.391 -6.8298 1.6614, 22.1195 -6.758 1.6614, 22.0849 -6.8676 1.6614, 22.0531 -6.8155 1.6614, 22.0549 -6.8296 1.6614, 22.0599 -6.8425 1.6614, 22.0972 -6.7585 1.6614, 22.0842 -6.7637 1.6614, 22.0536 -6.808 1.6614, 22.0725 -6.7719 1.6614, 22.0647 -6.7806 1.6614, 22.0574 -6.7935 1.6614, 22.1119 -6.7566 1.6614, 22.463 -6.6086 1.6575, 22.4542 -6.5462 1.6575, 22.4049 -6.4522 1.6575, 22.4478 -6.5305 1.6575, 22.4309 -6.4883 1.6575, 22.3921 -6.4344 1.6575, 22.3405 -6.3909 1.6575, 22.284 -6.363 1.6575, 22.2751 -6.36 1.6575, 22.2352 -6.2824 1.6575, 22.1726 -6.2101 1.6575, 22.129 -6.1808 1.6575, 22.088 -6.1532 1.6575, 21.9928 -6.1197 1.6575, 21.9146 -6.1115 1.6575, 21.8206 -6.123 1.6575, 21.7331 -6.1568 1.6575, 21.6943 -6.1808 1.6575, 21.6868 -6.1855 1.6575, 21.6423 -6.2237 1.6575, 21.6034 -6.269 1.6575, 21.5815 -6.2663 1.6575, 21.5597 -6.2652 1.6575, 21.4848 -6.2744 1.6575, 21.4145 -6.3018 1.6575, 21.3541 -6.3442 1.6575, 21.3415 -6.3562 1.6575, 21.2523 -6.5726 1.6575, 21.2957 -6.415 1.6575, 21.2792 -6.4522 1.6575, 21.2655 -6.4834 1.6575, 21.2571 -6.5305 1.6575, 21.2528 -6.5547 1.6575, 21.2616 -6.6473 1.6575, 21.2888 -6.7179 1.6575, 21.332 -6.7794 1.6575, 21.391 -6.8298 1.6575, 21.4596 -6.8632 1.6575, 21.4838 -6.8705 1.6575, 21.4861 -6.8756 1.6575, 21.501 -6.9082 1.6575, 21.5285 -6.9435 1.6575, 21.565 -6.9722 1.6575, 21.5857 -6.9813 1.6575, 21.6084 -6.9914 1.6575, 21.653 -6.9992 1.6575, 21.6641 -6.9995 1.6575, 21.8538 -6.8098 1.6575, 21.7058 -6.9949 1.6575, 21.7436 -6.9813 1.6575, 21.7485 -6.9796 1.6575, 21.7868 -6.9543 1.6575, 21.8188 -6.9193 1.6575, 21.8414 -6.8771 1.6575, 21.8418 -6.8756 1.6575, 21.8527 -6.8303 1.6575, 21.8538 -6.7908 1.6575, 22.1195 -6.6504 1.6575, 22.0607 -6.5498 1.6575, 21.8064 -6.6826 1.6575, 21.7759 -6.6543 1.6575, 21.7361 -6.6321 1.6575, 21.6906 -6.6199 1.6575, 21.6641 -6.6181 1.6575, 21.6227 -6.6228 1.6575, 21.5805 -6.6379 1.6575, 21.5411 -6.664 1.6575, 21.5091 -6.6991 1.6575, 21.4877 -6.7383 1.6575, 21.4857 -6.7434 1.6575, 21.4485 -6.7211 1.6575, 21.4136 -6.6872 1.6575, 21.3887 -6.6466 1.6575, 21.3745 -6.6002 1.6575, 21.3718 -6.5688 1.6575, 21.3761 -6.5305 1.6575, 21.3765 -6.527 1.6575, 21.3918 -6.4844 1.6575, 21.4131 -6.4522 1.6575, 21.4171 -6.4461 1.6575, 21.4521 -6.4141 1.6575, 21.4943 -6.3914 1.6575, 21.5411 -6.3801 1.6575, 21.5616 -6.379 1.6575, 21.6017 -6.3835 1.6575, 21.6444 -6.398 1.6575, 21.6622 -6.4075 1.6575, 21.6913 -6.3472 1.6575, 21.7339 -6.2964 1.6575, 21.7844 -6.2596 1.6575, 21.8463 -6.2344 1.6575, 21.9165 -6.2253 1.6575, 21.9811 -6.2333 1.6575, 22.0406 -6.2562 1.6575, 22.0939 -6.2933 1.6575, 22.0976 -6.2966 1.6575, 22.1406 -6.3476 1.6575, 22.1702 -6.4086 1.6575, 22.1798 -6.4522 1.6575, 22.1821 -6.4625 1.6575, 22.1973 -6.4625 1.6575, 22.2338 -6.4671 1.6575, 22.2669 -6.4799 1.6575, 22.2963 -6.5006 1.6575, 22.317 -6.5235 1.6575, 22.3208 -6.5305 1.6575, 22.3349 -6.5561 1.6575, 22.3442 -6.5924 1.6575, 22.3453 -6.6105 1.6575, 22.3407 -6.6476 1.6575, 22.3276 -6.6814 1.6575, 22.3067 -6.711 1.6575, 22.3046 -6.7133 1.6575, 22.2766 -6.7363 1.6575, 22.2431 -6.7519 1.6575, 22.2087 -6.7585 1.6575, 22.1233 -6.7585 1.6575, 22.1195 -6.758 1.6575, 22.1138 -6.7568 1.6575, 22.1119 -6.7566 1.6575, 22.0972 -6.7585 1.6575, 22.0842 -6.7637 1.6575, 22.0725 -6.7719 1.6575, 22.0647 -6.7806 1.6575, 22.0574 -6.7935 1.6575, 22.0536 -6.808 1.6575, 22.0531 -6.8155 1.6575, 22.0549 -6.8296 1.6575, 22.0599 -6.8425 1.6575, 22.0682 -6.8544 1.6575, 22.0726 -6.8589 1.6575, 22.0849 -6.8676 1.6575, 22.0974 -6.8726 1.6575, 22.1081 -6.8743 1.6575, 22.2201 -6.8743 1.6575, 22.2834 -6.8609 1.6575, 22.3413 -6.8325 1.6575, 22.3928 -6.7889 1.6575, 22.4306 -6.7361 1.6575, 22.4544 -6.676 1.6575, 21.6622 -6.7377 1.6575, 21.678 -6.7394 1.6575, 21.6956 -6.7457 1.6575, 21.7109 -6.756 1.6575, 21.7231 -6.7696 1.6575, 21.7313 -6.7852 1.6575, 21.7357 -6.8028 1.6575, 21.7357 -6.8202 1.6575, 21.7312 -6.8384 1.6575, 21.7223 -6.8547 1.6575, 21.712 -6.8663 1.6575, 21.6976 -6.8767 1.6575, 21.6812 -6.8832 1.6575, 21.6622 -6.8857 1.6575, 21.6589 -6.8856 1.6575, 21.6419 -6.8828 1.6575, 21.6248 -6.8755 1.6575, 21.6102 -6.8643 1.6575, 21.5994 -6.8509 1.6575, 21.5919 -6.8349 1.6575, 21.5884 -6.8171 1.6575, 21.5893 -6.7986 1.6575, 21.5949 -6.7808 1.6575, 21.6047 -6.7651 1.6575, 21.6122 -6.7571 1.6575, 21.627 -6.7466 1.6575, 21.6436 -6.74 1.6575
            ]
        }
        coordIndex [
            0,1,2,-1,3,4,5,-1,6,7,8,-1,8,7,9,-1,2,1,10,-1,11,12,13,-1,13,12,14,-1,13,14,15,-1,16,17,13,-1,13,17,18,-1,13,18,11,-1,11,18,19,-1,20,21,22,-1,22,21,23,-1,22,23,24,-1,24,23,25,-1,24,25,26,-1,26,25,27,-1,26,27,28,-1,28,27,29,-1,28,29,30,-1,30,29,7,-1,30,7,31,-1,32,33,20,-1,20,33,34,-1,20,34,21,-1,15,35,13,-1,13,35,36,-1,13,36,37,-1,37,36,38,-1,39,40,41,-1,41,40,42,-1,41,42,43,-1,43,42,44,-1,43,44,45,-1,45,44,46,-1,3,5,47,-1,47,5,48,-1,47,48,49,-1,49,48,50,-1,49,50,51,-1,52,53,7,-1,7,53,54,-1,7,54,9,-1,1,55,10,-1,10,55,56,-1,10,56,57,-1,57,56,58,-1,57,58,3,-1,3,58,59,-1,3,59,4,-1,19,18,20,-1,20,18,60,-1,20,60,32,-1,61,62,63,-1,63,62,64,-1,63,64,65,-1,65,64,66,-1,65,66,67,-1,67,66,68,-1,67,68,69,-1,69,68,70,-1,69,70,71,-1,2,72,0,-1,0,72,73,-1,0,73,74,-1,74,73,75,-1,74,75,76,-1,76,75,77,-1,76,77,78,-1,44,79,46,-1,46,79,80,-1,46,80,81,-1,81,80,82,-1,81,82,83,-1,83,82,84,-1,83,84,85,-1,85,84,86,-1,85,86,87,-1,87,86,88,-1,87,88,89,-1,89,88,90,-1,89,90,61,-1,61,90,91,-1,61,91,62,-1,92,93,94,-1,94,93,95,-1,94,95,41,-1,41,95,96,-1,41,96,39,-1,97,6,98,-1,98,6,99,-1,98,99,100,-1,100,99,101,-1,100,101,102,-1,102,101,103,-1,102,103,104,-1,104,103,105,-1,104,105,106,-1,106,105,107,-1,106,107,108,-1,108,107,109,-1,108,109,110,-1,110,109,111,-1,110,111,112,-1,112,111,113,-1,112,113,38,-1,38,113,114,-1,38,114,37,-1,51,50,115,-1,115,50,116,-1,115,116,117,-1,117,116,118,-1,117,118,119,-1,119,118,120,-1,119,120,121,-1,121,120,122,-1,121,122,92,-1,92,122,123,-1,92,123,93,-1,97,124,6,-1,6,124,125,-1,6,125,7,-1,7,125,126,-1,7,126,31,-1,127,128,129,-1,77,130,78,-1,78,130,131,-1,78,131,132,-1,132,131,133,-1,132,133,134,-1,134,133,135,-1,134,135,136,-1,136,135,137,-1,136,137,138,-1,138,137,139,-1,138,139,52,-1,52,139,140,-1,52,140,53,-1,70,141,71,-1,71,141,127,-1,71,127,142,-1,142,127,129,-1,143,144,127,-1,127,144,145,-1,127,145,128,-1,146,147,148,-1,147,149,148,-1,148,149,150,-1,148,150,151,-1,143,127,148,-1,148,127,152,-1,148,152,146,-1,85,153,154,-1,155,46,81,-1,85,154,83,-1,83,154,156,-1,83,156,81,-1,81,156,157,-1,81,157,155,-1,155,158,46,-1,46,158,159,-1,46,159,45,-1,45,159,160,-1,45,160,43,-1,43,160,161,-1,43,161,41,-1,41,161,162,-1,41,162,94,-1,94,162,163,-1,94,163,92,-1,121,92,164,-1,164,92,163,-1,164,165,121,-1,121,165,166,-1,121,166,119,-1,119,166,167,-1,119,167,117,-1,117,167,168,-1,117,168,115,-1,115,168,169,-1,115,169,51,-1,51,169,49,-1,49,169,170,-1,49,170,171,-1,49,171,172,-1,49,172,47,-1,47,172,173,-1,47,173,3,-1,3,173,174,-1,3,174,57,-1,57,174,175,-1,57,175,10,-1,10,175,176,-1,10,176,2,-1,2,176,177,-1,2,177,72,-1,72,177,178,-1,72,178,73,-1,73,178,179,-1,73,179,75,-1,180,133,131,-1,75,179,181,-1,75,181,77,-1,77,181,182,-1,77,182,130,-1,182,183,130,-1,130,183,184,-1,130,184,131,-1,131,184,185,-1,131,185,180,-1,133,180,186,-1,133,186,135,-1,135,186,187,-1,135,187,137,-1,137,187,188,-1,137,188,139,-1,139,188,189,-1,139,189,140,-1,140,189,190,-1,140,190,53,-1,53,190,191,-1,53,191,54,-1,54,191,192,-1,54,192,9,-1,192,193,9,-1,9,193,194,-1,9,194,8,-1,8,194,195,-1,8,195,6,-1,6,195,196,-1,6,196,99,-1,196,197,99,-1,99,197,198,-1,99,198,101,-1,101,198,199,-1,101,199,103,-1,200,37,114,-1,103,199,201,-1,202,107,201,-1,201,107,105,-1,201,105,103,-1,202,203,107,-1,107,203,204,-1,107,204,109,-1,109,204,205,-1,109,205,111,-1,111,205,206,-1,111,206,113,-1,113,206,207,-1,113,207,114,-1,114,207,208,-1,114,208,200,-1,13,37,209,-1,209,37,200,-1,16,13,210,-1,210,13,209,-1,17,16,211,-1,211,16,210,-1,18,17,212,-1,212,17,211,-1,18,212,213,-1,18,213,60,-1,60,213,214,-1,60,214,32,-1,32,214,215,-1,32,215,33,-1,33,215,216,-1,33,216,34,-1,34,216,217,-1,34,217,21,-1,21,217,218,-1,21,218,23,-1,23,218,219,-1,23,219,25,-1,25,219,220,-1,25,220,27,-1,27,220,221,-1,27,221,29,-1,29,221,222,-1,29,222,7,-1,7,222,223,-1,7,223,52,-1,52,223,224,-1,52,224,138,-1,138,224,225,-1,138,225,136,-1,136,225,226,-1,136,226,134,-1,134,226,227,-1,134,227,132,-1,78,132,227,-1,227,228,78,-1,78,228,229,-1,78,229,230,-1,231,74,230,-1,230,74,76,-1,230,76,78,-1,231,232,74,-1,74,232,233,-1,74,233,0,-1,0,233,234,-1,0,234,1,-1,1,234,235,-1,1,235,55,-1,55,235,236,-1,55,236,56,-1,56,236,237,-1,56,237,58,-1,58,237,238,-1,58,238,59,-1,59,238,239,-1,59,239,4,-1,4,239,240,-1,4,240,5,-1,5,240,241,-1,5,241,48,-1,48,241,242,-1,48,242,50,-1,50,242,243,-1,50,243,116,-1,116,243,244,-1,116,244,118,-1,118,244,245,-1,118,245,120,-1,120,245,246,-1,120,246,122,-1,122,246,247,-1,122,247,123,-1,123,247,248,-1,123,248,93,-1,93,248,249,-1,93,249,95,-1,95,249,250,-1,95,250,96,-1,96,250,39,-1,39,250,251,-1,39,251,252,-1,40,39,253,-1,253,39,252,-1,40,253,254,-1,40,254,42,-1,42,254,255,-1,42,255,44,-1,44,255,256,-1,44,256,79,-1,79,256,257,-1,79,257,80,-1,80,257,258,-1,80,258,82,-1,258,259,82,-1,82,259,260,-1,82,260,84,-1,84,260,261,-1,84,261,86,-1,86,261,262,-1,86,262,88,-1,88,262,263,-1,88,263,90,-1,90,263,264,-1,90,264,91,-1,91,264,265,-1,91,265,62,-1,62,265,266,-1,62,266,64,-1,64,266,267,-1,64,267,66,-1,66,267,268,-1,66,268,68,-1,70,68,269,-1,269,68,268,-1,70,269,270,-1,70,270,141,-1,141,270,271,-1,141,271,127,-1,127,271,272,-1,127,272,152,-1,152,272,273,-1,152,273,146,-1,146,273,274,-1,146,274,147,-1,147,274,275,-1,147,275,149,-1,149,275,276,-1,149,276,150,-1,150,276,277,-1,150,277,151,-1,151,277,278,-1,151,278,148,-1,148,278,279,-1,148,279,143,-1,143,279,280,-1,143,280,144,-1,144,280,281,-1,144,281,145,-1,145,281,282,-1,145,282,128,-1,128,282,283,-1,128,283,129,-1,129,283,284,-1,129,284,142,-1,142,284,285,-1,142,285,71,-1,71,285,286,-1,71,286,69,-1,67,69,287,-1,287,69,286,-1,67,287,288,-1,67,288,65,-1,65,288,289,-1,65,289,63,-1,63,289,290,-1,63,290,61,-1,61,290,291,-1,61,291,89,-1,89,291,292,-1,89,292,87,-1,87,292,153,-1,87,153,85,-1,19,293,294,-1,19,294,11,-1,11,294,295,-1,11,295,12,-1,12,295,296,-1,12,296,14,-1,14,296,297,-1,14,297,15,-1,15,297,298,-1,15,298,35,-1,35,298,299,-1,35,299,36,-1,36,299,300,-1,36,300,38,-1,38,300,301,-1,38,301,112,-1,112,301,302,-1,112,302,110,-1,110,302,303,-1,110,303,108,-1,108,303,304,-1,108,304,106,-1,106,304,305,-1,106,305,104,-1,104,305,306,-1,104,306,102,-1,102,306,307,-1,102,307,100,-1,100,307,308,-1,100,308,98,-1,98,308,309,-1,98,309,97,-1,97,309,310,-1,97,310,124,-1,124,310,311,-1,124,311,125,-1,125,311,312,-1,125,312,126,-1,126,312,313,-1,126,313,31,-1,31,313,314,-1,31,314,30,-1,30,314,315,-1,30,315,28,-1,28,315,316,-1,28,316,26,-1,26,316,317,-1,26,317,24,-1,24,317,318,-1,24,318,22,-1,22,318,319,-1,22,319,20,-1,20,319,293,-1,20,293,19,-1,
        ]
    }
}
Shape{
    appearance Appearance {
        material  Material 	{
            diffuseColor 0.25098039215686274 0.25098039215686274 0.25098039215686274
            specularColor 0.12549019607843137 0.12549019607843137 0.12549019607843137
            ambientIntensity 0.251
            transparency 0.0
            shininess 0.5
        }
    }
    geometry IndexedFaceSet {
        ccw TRUE
        solid FALSE
        coord DEF co Coordinate {
            point [
                21.6589 -6.8856 1.6575, 21.6122 -6.7571 1.6575, 21.6047 -6.7651 1.6575, 21.6812 -6.8832 1.6575, 21.6976 -6.8767 1.6575, 21.678 -6.7394 1.6575, 21.6622 -6.7377 1.6575, 21.6436 -6.74 1.6575, 21.627 -6.7466 1.6575, 21.5919 -6.8349 1.6575, 21.5994 -6.8509 1.6575, 21.6102 -6.8643 1.6575, 21.6622 -6.8857 1.6575, 21.5949 -6.7808 1.6575, 21.5893 -6.7986 1.6575, 21.5884 -6.8171 1.6575, 21.6248 -6.8755 1.6575, 21.6419 -6.8828 1.6575, 21.712 -6.8663 1.6575, 21.7223 -6.8547 1.6575, 21.7312 -6.8384 1.6575, 21.7357 -6.8202 1.6575, 21.7357 -6.8028 1.6575, 21.7313 -6.7852 1.6575, 21.7231 -6.7696 1.6575, 21.7109 -6.756 1.6575, 21.6956 -6.7457 1.6575
            ]
        }
        coordIndex [
            0,1,2,-1,3,4,5,-1,6,7,0,-1,0,7,8,-1,0,8,1,-1,9,10,2,-1,2,10,11,-1,6,0,5,-1,5,0,12,-1,5,12,3,-1,13,14,2,-1,2,14,15,-1,2,15,9,-1,11,16,2,-1,2,16,17,-1,2,17,0,-1,4,18,5,-1,5,18,19,-1,5,19,20,-1,20,21,5,-1,5,21,22,-1,5,22,23,-1,23,24,5,-1,5,24,25,-1,5,25,26,-1,
        ]
    }
}
Shape{
    appearance Appearance {
        material  Material 	{
            diffuseColor 0.7529411764705882 0.7529411764705882 0.7529411764705882
            specularColor 0.3764705882352941 0.3764705882352941 0.3764705882352941
            ambientIntensity 0.7529
            transparency 0.0
            shininess 0.5
        }
    }
    geometry IndexedFaceSet {
        ccw TRUE
        solid FALSE
        coord DEF co Coordinate {
            point [
                -0.1969 8.2874 0.0, -0.1969 8.4646 0.0, -0.0389 8.2666 0.0, 0.0069 8.4377 0.0, 0.1082 8.2056 0.0, 0.1968 8.3591 0.0, 0.2346 8.1087 0.0, 0.3599 8.2339 0.0, 0.3316 7.9823 0.0, 0.485 8.0709 0.0, 0.3926 7.8351 0.0, 0.5637 7.881 0.0, 0.4134 7.6772 0.0, 0.5905 7.6772 0.0, 0.3926 7.5192 0.0, 0.5637 7.4734 0.0, 0.3316 7.372 0.0, 0.485 7.2835 0.0, 0.2346 7.2457 0.0, 0.3599 7.1204 0.0, 0.1082 7.1487 0.0, 0.1968 6.9953 0.0, -0.0389 7.0877 0.0, 0.0069 6.9166 0.0, -0.1969 7.0669 0.0, -0.1969 6.8898 0.0, -0.3548 7.0877 0.0, -0.4007 6.9166 0.0, -0.502 7.1487 0.0, -0.5906 6.9953 0.0, -0.6284 7.2457 0.0, -0.7537 7.1204 0.0, -0.7254 7.372 0.0, -0.8788 7.2835 0.0, -0.7863 7.5192 0.0, -0.9574 7.4734 0.0, -0.8071 7.6772 0.0, -0.9843 7.6772 0.0, -0.7863 7.8351 0.0, -0.9574 7.881 0.0, -0.7254 7.9823 0.0, -0.8788 8.0709 0.0, -0.6284 8.1087 0.0, -0.7537 8.2339 0.0, -0.502 8.2056 0.0, -0.5906 8.3591 0.0, -0.3548 8.2666 0.0, -0.4007 8.4377 0.0, 0.5905 7.6772 0.0039, 0.5637 7.881 0.0039, 0.485 8.0709 0.0039, 0.3599 8.2339 0.0039, 0.1968 8.3591 0.0039, 0.0069 8.4377 0.0039, -0.1969 8.4646 0.0039, -0.4007 8.4377 0.0039, -0.5906 8.3591 0.0039, -0.7537 8.2339 0.0039, -0.8788 8.0709 0.0039, -0.9574 7.881 0.0039, -0.9843 7.6772 0.0039, -0.9574 7.4734 0.0039, -0.8788 7.2835 0.0039, -0.7537 7.1204 0.0039, -0.5906 6.9953 0.0039, -0.4007 6.9166 0.0039, -0.1969 6.8898 0.0039, 0.0069 6.9166 0.0039, 0.1968 6.9953 0.0039, 0.3599 7.1204 0.0039, 0.485 7.2835 0.0039, 0.5637 7.4734 0.0039, 0.5905 7.6772 0.4803, 0.5637 7.881 0.4764, 0.5637 7.881 0.4803, 0.485 8.0709 0.4764, 0.485 8.0709 0.4803, 0.3599 8.2339 0.4764, 0.3599 8.2339 0.4803, 0.1968 8.3591 0.4764, 0.1968 8.3591 0.4803, 0.0069 8.4377 0.4764, 0.0069 8.4377 0.4803, -0.1969 8.4646 0.4764, -0.1969 8.4646 0.4803, -0.4007 8.4377 0.4764, -0.4007 8.4377 0.4803, -0.5906 8.3591 0.4764, -0.5906 8.3591 0.4803, -0.7537 8.2339 0.4764, -0.7537 8.2339 0.4803, -0.8788 8.0709 0.4764, -0.8788 8.0709 0.4803, -0.9574 7.881 0.4764, -0.9574 7.881 0.4803, -0.9843 7.6772 0.4764, -0.9843 7.6772 0.4803, -0.9574 7.4734 0.4764, -0.9574 7.4734 0.4803, -0.8788 7.2835 0.4764, -0.8788 7.2835 0.4803, -0.7537 7.1204 0.4764, -0.7537 7.1204 0.4803, -0.5906 6.9953 0.4764, -0.5906 6.9953 0.4803, -0.4007 6.9166 0.4764, -0.4007 6.9166 0.4803, -0.1969 6.8898 0.4764, -0.1969 6.8898 0.4803, 0.0069 6.9166 0.4764, 0.0069 6.9166 0.4803, 0.1968 6.9953 0.4764, 0.1968 6.9953 0.4803, 0.3599 7.1204 0.4764, 0.3599 7.1204 0.4803, 0.485 7.2835 0.4764, 0.485 7.2835 0.4803, 0.5637 7.4734 0.4764, 0.5637 7.4734 0.4803, 0.5905 7.6772 0.4764, -0.1969 8.2874 0.4803, -0.3548 8.2666 0.4803, -0.502 8.2056 0.4803, -0.6284 8.1087 0.4803, -0.7254 7.9823 0.4803, -0.7863 7.8351 0.4803, -0.8071 7.6772 0.4803, -0.7863 7.5192 0.4803, -0.7254 7.372 0.4803, -0.6284 7.2457 0.4803, -0.502 7.1487 0.4803, -0.3548 7.0877 0.4803, -0.1969 7.0669 0.4803, -0.0389 7.0877 0.4803, 0.1082 7.1487 0.4803, 0.2346 7.2457 0.4803, 0.3316 7.372 0.4803, 0.3926 7.5192 0.4803, 0.4134 7.6772 0.4803, 0.3926 7.8351 0.4803, 0.3316 7.9823 0.4803, 0.2346 8.1087 0.4803, 0.1082 8.2056 0.4803, -0.0389 8.2666 0.4803, 26.5748 8.2874 0.0, 26.5748 8.4646 0.0, 26.7327 8.2666 0.0, 26.7786 8.4377 0.0, 26.8799 8.2056 0.0, 26.9685 8.3591 0.0, 27.0063 8.1087 0.0, 27.1316 8.2339 0.0, 27.1033 7.9823 0.0, 27.2567 8.0709 0.0, 27.1642 7.8351 0.0, 27.3353 7.881 0.0, 27.185 7.6772 0.0, 27.3622 7.6772 0.0, 27.1642 7.5192 0.0, 27.3353 7.4734 0.0, 27.1033 7.372 0.0, 27.2567 7.2835 0.0, 27.0063 7.2457 0.0, 27.1316 7.1204 0.0, 26.8799 7.1487 0.0, 26.9685 6.9953 0.0, 26.7327 7.0877 0.0, 26.7786 6.9166 0.0, 26.5748 7.0669 0.0, 26.5748 6.8898 0.0, 26.4168 7.0877 0.0, 26.371 6.9166 0.0, 26.2697 7.1487 0.0, 26.1811 6.9953 0.0, 26.1433 7.2457 0.0, 26.018 7.1204 0.0, 26.0463 7.372 0.0, 25.8929 7.2835 0.0, 25.9853 7.5192 0.0, 25.8142 7.4734 0.0, 25.9645 7.6772 0.0, 25.7874 7.6772 0.0, 25.9853 7.8351 0.0, 25.8142 7.881 0.0, 26.0463 7.9823 0.0, 25.8929 8.0709 0.0, 26.1433 8.1087 0.0, 26.018 8.2339 0.0, 26.2697 8.2056 0.0, 26.1811 8.3591 0.0, 26.4168 8.2666 0.0, 26.371 8.4377 0.0, 27.3622 7.6772 0.0039, 27.3353 7.881 0.0039, 27.2567 8.0709 0.0039, 27.1316 8.2339 0.0039, 26.9685 8.3591 0.0039, 26.7786 8.4377 0.0039, 26.5748 8.4646 0.0039, 26.371 8.4377 0.0039, 26.1811 8.3591 0.0039, 26.018 8.2339 0.0039, 25.8929 8.0709 0.0039, 25.8142 7.881 0.0039, 25.7874 7.6772 0.0039, 25.8142 7.4734 0.0039, 25.8929 7.2835 0.0039, 26.018 7.1204 0.0039, 26.1811 6.9953 0.0039, 26.371 6.9166 0.0039, 26.5748 6.8898 0.0039, 26.7786 6.9166 0.0039, 26.9685 6.9953 0.0039, 27.1316 7.1204 0.0039, 27.2567 7.2835 0.0039, 27.3353 7.4734 0.0039, 27.3622 7.6772 0.4803, 27.3353 7.881 0.4764, 27.3353 7.881 0.4803, 27.2567 8.0709 0.4764, 27.2567 8.0709 0.4803, 27.1316 8.2339 0.4764, 27.1316 8.2339 0.4803, 26.9685 8.3591 0.4764, 26.9685 8.3591 0.4803, 26.7786 8.4377 0.4764, 26.7786 8.4377 0.4803, 26.5748 8.4646 0.4764, 26.5748 8.4646 0.4803, 26.371 8.4377 0.4764, 26.371 8.4377 0.4803, 26.1811 8.3591 0.4764, 26.1811 8.3591 0.4803, 26.018 8.2339 0.4764, 26.018 8.2339 0.4803, 25.8929 8.0709 0.4764, 25.8929 8.0709 0.4803, 25.8142 7.881 0.4764, 25.8142 7.881 0.4803, 25.7874 7.6772 0.4764, 25.7874 7.6772 0.4803, 25.8142 7.4734 0.4764, 25.8142 7.4734 0.4803, 25.8929 7.2835 0.4764, 25.8929 7.2835 0.4803, 26.018 7.1204 0.4764, 26.018 7.1204 0.4803, 26.1811 6.9953 0.4764, 26.1811 6.9953 0.4803, 26.371 6.9166 0.4764, 26.371 6.9166 0.4803, 26.5748 6.8898 0.4764, 26.5748 6.8898 0.4803, 26.7786 6.9166 0.4764, 26.7786 6.9166 0.4803, 26.9685 6.9953 0.4764, 26.9685 6.9953 0.4803, 27.1316 7.1204 0.4764, 27.1316 7.1204 0.4803, 27.2567 7.2835 0.4764, 27.2567 7.2835 0.4803, 27.3353 7.4734 0.4764, 27.3353 7.4734 0.4803, 27.3622 7.6772 0.4764, 26.5748 8.2874 0.4803, 26.4168 8.2666 0.4803, 26.2697 8.2056 0.4803, 26.1433 8.1087 0.4803, 26.0463 7.9823 0.4803, 25.9853 7.8351 0.4803, 25.9645 7.6772 0.4803, 25.9853 7.5192 0.4803, 26.0463 7.372 0.4803, 26.1433 7.2457 0.4803, 26.2697 7.1487 0.4803, 26.4168 7.0877 0.4803, 26.5748 7.0669 0.4803, 26.7327 7.0877 0.4803, 26.8799 7.1487 0.4803, 27.0063 7.2457 0.4803, 27.1033 7.372 0.4803, 27.1642 7.5192 0.4803, 27.185 7.6772 0.4803, 27.1642 7.8351 0.4803, 27.1033 7.9823 0.4803, 27.0063 8.1087 0.4803, 26.8799 8.2056 0.4803, 26.7327 8.2666 0.4803, 26.5748 -7.0669 0.0, 26.5748 -6.8898 0.0, 26.7327 -7.0877 0.0, 26.7786 -6.9166 0.0, 26.8799 -7.1487 0.0, 26.9685 -6.9953 0.0, 27.0063 -7.2457 0.0, 27.1316 -7.1204 0.0, 27.1033 -7.372 0.0, 27.2567 -7.2835 0.0, 27.1642 -7.5192 0.0, 27.3353 -7.4734 0.0, 27.185 -7.6772 0.0, 27.3622 -7.6772 0.0, 27.1642 -7.8351 0.0, 27.3353 -7.881 0.0, 27.1033 -7.9823 0.0, 27.2567 -8.0709 0.0, 27.0063 -8.1087 0.0, 27.1316 -8.2339 0.0, 26.8799 -8.2056 0.0, 26.9685 -8.3591 0.0, 26.7327 -8.2666 0.0, 26.7786 -8.4377 0.0, 26.5748 -8.2874 0.0, 26.5748 -8.4646 0.0, 26.4168 -8.2666 0.0, 26.371 -8.4377 0.0, 26.2697 -8.2056 0.0, 26.1811 -8.3591 0.0, 26.1433 -8.1087 0.0, 26.018 -8.2339 0.0, 26.0463 -7.9823 0.0, 25.8929 -8.0709 0.0, 25.9853 -7.8351 0.0, 25.8142 -7.881 0.0, 25.9645 -7.6772 0.0, 25.7874 -7.6772 0.0, 25.9853 -7.5192 0.0, 25.8142 -7.4734 0.0, 26.0463 -7.372 0.0, 25.8929 -7.2835 0.0, 26.1433 -7.2457 0.0, 26.018 -7.1204 0.0, 26.2697 -7.1487 0.0, 26.1811 -6.9953 0.0, 26.4168 -7.0877 0.0, 26.371 -6.9166 0.0, 27.3622 -7.6772 0.0039, 27.3353 -7.4734 0.0039, 27.2567 -7.2835 0.0039, 27.1316 -7.1204 0.0039, 26.9685 -6.9953 0.0039, 26.7786 -6.9166 0.0039, 26.5748 -6.8898 0.0039, 26.371 -6.9166 0.0039, 26.1811 -6.9953 0.0039, 26.018 -7.1204 0.0039, 25.8929 -7.2835 0.0039, 25.8142 -7.4734 0.0039, 25.7874 -7.6772 0.0039, 25.8142 -7.881 0.0039, 25.8929 -8.0709 0.0039, 26.018 -8.2339 0.0039, 26.1811 -8.3591 0.0039, 26.371 -8.4377 0.0039, 26.5748 -8.4646 0.0039, 26.7786 -8.4377 0.0039, 26.9685 -8.3591 0.0039, 27.1316 -8.2339 0.0039, 27.2567 -8.0709 0.0039, 27.3353 -7.881 0.0039, 27.3622 -7.6772 0.4803, 27.3353 -7.4734 0.4764, 27.3353 -7.4734 0.4803, 27.2567 -7.2835 0.4764, 27.2567 -7.2835 0.4803, 27.1316 -7.1204 0.4764, 27.1316 -7.1204 0.4803, 26.9685 -6.9953 0.4764, 26.9685 -6.9953 0.4803, 26.7786 -6.9166 0.4764, 26.7786 -6.9166 0.4803, 26.5748 -6.8898 0.4764, 26.5748 -6.8898 0.4803, 26.371 -6.9166 0.4764, 26.371 -6.9166 0.4803, 26.1811 -6.9953 0.4764, 26.1811 -6.9953 0.4803, 26.018 -7.1204 0.4764, 26.018 -7.1204 0.4803, 25.8929 -7.2835 0.4764, 25.8929 -7.2835 0.4803, 25.8142 -7.4734 0.4764, 25.8142 -7.4734 0.4803, 25.7874 -7.6772 0.4764, 25.7874 -7.6772 0.4803, 25.8142 -7.881 0.4764, 25.8142 -7.881 0.4803, 25.8929 -8.0709 0.4764, 25.8929 -8.0709 0.4803, 26.018 -8.2339 0.4764, 26.018 -8.2339 0.4803, 26.1811 -8.3591 0.4764, 26.1811 -8.3591 0.4803, 26.371 -8.4377 0.4764, 26.371 -8.4377 0.4803, 26.5748 -8.4646 0.4764, 26.5748 -8.4646 0.4803, 26.7786 -8.4377 0.4764, 26.7786 -8.4377 0.4803, 26.9685 -8.3591 0.4764, 26.9685 -8.3591 0.4803, 27.1316 -8.2339 0.4764, 27.1316 -8.2339 0.4803, 27.2567 -8.0709 0.4764, 27.2567 -8.0709 0.4803, 27.3353 -7.881 0.4764, 27.3353 -7.881 0.4803, 27.3622 -7.6772 0.4764, 26.5748 -7.0669 0.4803, 26.4168 -7.0877 0.4803, 26.2697 -7.1487 0.4803, 26.1433 -7.2457 0.4803, 26.0463 -7.372 0.4803, 25.9853 -7.5192 0.4803, 25.9645 -7.6772 0.4803, 25.9853 -7.8351 0.4803, 26.0463 -7.9823 0.4803, 26.1433 -8.1087 0.4803, 26.2697 -8.2056 0.4803, 26.4168 -8.2666 0.4803, 26.5748 -8.2874 0.4803, 26.7327 -8.2666 0.4803, 26.8799 -8.2056 0.4803, 27.0063 -8.1087 0.4803, 27.1033 -7.9823 0.4803, 27.1642 -7.8351 0.4803, 27.185 -7.6772 0.4803, 27.1642 -7.5192 0.4803, 27.1033 -7.372 0.4803, 27.0063 -7.2457 0.4803, 26.8799 -7.1487 0.4803, 26.7327 -7.0877 0.4803, -0.1969 -7.0669 0.0, -0.1969 -6.8898 0.0, -0.0389 -7.0877 0.0, 0.0069 -6.9166 0.0, 0.1082 -7.1487 0.0, 0.1968 -6.9953 0.0, 0.2346 -7.2457 0.0, 0.3599 -7.1204 0.0, 0.3316 -7.372 0.0, 0.485 -7.2835 0.0, 0.3926 -7.5192 0.0, 0.5637 -7.4734 0.0, 0.4134 -7.6772 0.0, 0.5905 -7.6772 0.0, 0.3926 -7.8351 0.0, 0.5637 -7.881 0.0, 0.3316 -7.9823 0.0, 0.485 -8.0709 0.0, 0.2346 -8.1087 0.0, 0.3599 -8.2339 0.0, 0.1082 -8.2056 0.0, 0.1968 -8.3591 0.0, -0.0389 -8.2666 0.0, 0.0069 -8.4377 0.0, -0.1969 -8.2874 0.0, -0.1969 -8.4646 0.0, -0.3548 -8.2666 0.0, -0.4007 -8.4377 0.0, -0.502 -8.2056 0.0, -0.5906 -8.3591 0.0, -0.6284 -8.1087 0.0, -0.7537 -8.2339 0.0, -0.7254 -7.9823 0.0, -0.8788 -8.0709 0.0, -0.7863 -7.8351 0.0, -0.9574 -7.881 0.0, -0.8071 -7.6772 0.0, -0.9843 -7.6772 0.0, -0.7863 -7.5192 0.0, -0.9574 -7.4734 0.0, -0.7254 -7.372 0.0, -0.8788 -7.2835 0.0, -0.6284 -7.2457 0.0, -0.7537 -7.1204 0.0, -0.502 -7.1487 0.0, -0.5906 -6.9953 0.0, -0.3548 -7.0877 0.0, -0.4007 -6.9166 0.0, 0.5905 -7.6772 0.0039, 0.5637 -7.4734 0.0039, 0.485 -7.2835 0.0039, 0.3599 -7.1204 0.0039, 0.1968 -6.9953 0.0039, 0.0069 -6.9166 0.0039, -0.1969 -6.8898 0.0039, -0.4007 -6.9166 0.0039, -0.5906 -6.9953 0.0039, -0.7537 -7.1204 0.0039, -0.8788 -7.2835 0.0039, -0.9574 -7.4734 0.0039, -0.9843 -7.6772 0.0039, -0.9574 -7.881 0.0039, -0.8788 -8.0709 0.0039, -0.7537 -8.2339 0.0039, -0.5906 -8.3591 0.0039, -0.4007 -8.4377 0.0039, -0.1969 -8.4646 0.0039, 0.0069 -8.4377 0.0039, 0.1968 -8.3591 0.0039, 0.3599 -8.2339 0.0039, 0.485 -8.0709 0.0039, 0.5637 -7.881 0.0039, 0.5905 -7.6772 0.4803, 0.5637 -7.4734 0.4764, 0.5637 -7.4734 0.4803, 0.485 -7.2835 0.4764, 0.485 -7.2835 0.4803, 0.3599 -7.1204 0.4764, 0.3599 -7.1204 0.4803, 0.1968 -6.9953 0.4764, 0.1968 -6.9953 0.4803, 0.0069 -6.9166 0.4764, 0.0069 -6.9166 0.4803, -0.1969 -6.8898 0.4764, -0.1969 -6.8898 0.4803, -0.4007 -6.9166 0.4764, -0.4007 -6.9166 0.4803, -0.5906 -6.9953 0.4764, -0.5906 -6.9953 0.4803, -0.7537 -7.1204 0.4764, -0.7537 -7.1204 0.4803, -0.8788 -7.2835 0.4764, -0.8788 -7.2835 0.4803, -0.9574 -7.4734 0.4764, -0.9574 -7.4734 0.4803, -0.9843 -7.6772 0.4764, -0.9843 -7.6772 0.4803, -0.9574 -7.881 0.4764, -0.9574 -7.881 0.4803, -0.8788 -8.0709 0.4764, -0.8788 -8.0709 0.4803, -0.7537 -8.2339 0.4764, -0.7537 -8.2339 0.4803, -0.5906 -8.3591 0.4764, -0.5906 -8.3591 0.4803, -0.4007 -8.4377 0.4764, -0.4007 -8.4377 0.4803, -0.1969 -8.4646 0.4764, -0.1969 -8.4646 0.4803, 0.0069 -8.4377 0.4764, 0.0069 -8.4377 0.4803, 0.1968 -8.3591 0.4764, 0.1968 -8.3591 0.4803, 0.3599 -8.2339 0.4764, 0.3599 -8.2339 0.4803, 0.485 -8.0709 0.4764, 0.485 -8.0709 0.4803, 0.5637 -7.881 0.4764, 0.5637 -7.881 0.4803, 0.5905 -7.6772 0.4764, -0.1969 -7.0669 0.4803, -0.3548 -7.0877 0.4803, -0.502 -7.1487 0.4803, -0.6284 -7.2457 0.4803, -0.7254 -7.372 0.4803, -0.7863 -7.5192 0.4803, -0.8071 -7.6772 0.4803, -0.7863 -7.8351 0.4803, -0.7254 -7.9823 0.4803, -0.6284 -8.1087 0.4803, -0.502 -8.2056 0.4803, -0.3548 -8.2666 0.4803, -0.1969 -8.2874 0.4803, -0.0389 -8.2666 0.4803, 0.1082 -8.2056 0.4803, 0.2346 -8.1087 0.4803, 0.3316 -7.9823 0.4803, 0.3926 -7.8351 0.4803, 0.4134 -7.6772 0.4803, 0.3926 -7.5192 0.4803, 0.3316 -7.372 0.4803, 0.2346 -7.2457 0.4803, 0.1082 -7.1487 0.4803, -0.0389 -7.0877 0.4803, 0.0689 -4.1193 0.0, 0.0984 -4.1705 0.0, 0.0356 -4.1331 0.0, 0.0509 -4.1901 0.0, -0.0 -4.1378 0.0, -0.0 -4.1969 0.0, -0.0357 -4.1331 0.0, -0.051 -4.1901 0.0, -0.0689 -4.1193 0.0, -0.0985 -4.1705 0.0, -0.0975 -4.0974 0.0, -0.1392 -4.1392 0.0, -0.1194 -4.0689 0.0, -0.1705 -4.0984 0.0, -0.1331 -4.0357 0.0, -0.1902 -4.0509 0.0, -0.1378 -4.0 0.0, -0.1969 -4.0 0.0, -0.1331 -3.9643 0.0, -0.1902 -3.9491 0.0, -0.1194 -3.9311 0.0, -0.1705 -3.9016 0.0, -0.0975 -3.9026 0.0, -0.1392 -3.8608 0.0, -0.0689 -3.8807 0.0, -0.0985 -3.8295 0.0, -0.0357 -3.8669 0.0, -0.051 -3.8099 0.0, -0.0 -3.8622 0.0, -0.0 -3.8031 0.0, 0.0356 -3.8669 0.0, 0.0509 -3.8099 0.0, 0.0689 -3.8807 0.0, 0.0984 -3.8295 0.0, 0.0974 -3.9026 0.0, 0.1392 -3.8608 0.0, 0.1193 -3.9311 0.0, 0.1705 -3.9016 0.0, 0.1331 -3.9643 0.0, 0.1901 -3.9491 0.0, 0.1378 -4.0 0.0, 0.1968 -4.0 0.0, 0.1331 -4.0357 0.0, 0.1901 -4.0509 0.0, 0.1193 -4.0689 0.0, 0.1705 -4.0984 0.0, 0.0974 -4.0974 0.0, 0.1392 -4.1392 0.0, 0.1968 -4.0 0.0039, 0.1901 -3.9491 0.0039, 0.1705 -3.9016 0.0039, 0.1392 -3.8608 0.0039, 0.0984 -3.8295 0.0039, 0.0509 -3.8099 0.0039, -0.0 -3.8031 0.0039, -0.051 -3.8099 0.0039, -0.0985 -3.8295 0.0039, -0.1392 -3.8608 0.0039, -0.1705 -3.9016 0.0039, -0.1902 -3.9491 0.0039, -0.1969 -4.0 0.0039, -0.1902 -4.0509 0.0039, -0.1705 -4.0984 0.0039, -0.1392 -4.1392 0.0039, -0.0985 -4.1705 0.0039, -0.051 -4.1901 0.0039, -0.0 -4.1969 0.0039, 0.0509 -4.1901 0.0039, 0.0984 -4.1705 0.0039, 0.1392 -4.1392 0.0039, 0.1705 -4.0984 0.0039, 0.1901 -4.0509 0.0039, 0.1968 -4.0 0.4803, 0.1901 -3.9491 0.4764, 0.1901 -3.9491 0.4803, 0.1705 -3.9016 0.4764, 0.1705 -3.9016 0.4803, 0.1392 -3.8608 0.4764, 0.1392 -3.8608 0.4803, 0.0984 -3.8295 0.4764, 0.0984 -3.8295 0.4803, 0.0509 -3.8099 0.4764, 0.0509 -3.8099 0.4803, -0.0 -3.8031 0.4764, -0.0 -3.8031 0.4803, -0.051 -3.8099 0.4764, -0.051 -3.8099 0.4803, -0.0985 -3.8295 0.4764, -0.0985 -3.8295 0.4803, -0.1392 -3.8608 0.4764, -0.1392 -3.8608 0.4803, -0.1705 -3.9016 0.4764, -0.1705 -3.9016 0.4803, -0.1902 -3.9491 0.4764, -0.1902 -3.9491 0.4803, -0.1969 -4.0 0.4764, -0.1969 -4.0 0.4803, -0.1902 -4.0509 0.4764, -0.1902 -4.0509 0.4803, -0.1705 -4.0984 0.4764, -0.1705 -4.0984 0.4803, -0.1392 -4.1392 0.4764, -0.1392 -4.1392 0.4803, -0.0985 -4.1705 0.4764, -0.0985 -4.1705 0.4803, -0.051 -4.1901 0.4764, -0.051 -4.1901 0.4803, -0.0 -4.1969 0.4764, -0.0 -4.1969 0.4803, 0.0509 -4.1901 0.4764, 0.0509 -4.1901 0.4803, 0.0984 -4.1705 0.4764, 0.0984 -4.1705 0.4803, 0.1392 -4.1392 0.4764, 0.1392 -4.1392 0.4803, 0.1705 -4.0984 0.4764, 0.1705 -4.0984 0.4803, 0.1901 -4.0509 0.4764, 0.1901 -4.0509 0.4803, 0.1968 -4.0 0.4764, -0.0689 -4.1193 0.4803, -0.0357 -4.1331 0.4803, -0.0 -4.1378 0.4803, 0.0356 -4.1331 0.4803, 0.0689 -4.1193 0.4803, 0.0974 -4.0974 0.4803, 0.1193 -4.0689 0.4803, 0.1331 -4.0357 0.4803, 0.1378 -4.0 0.4803, 0.1331 -3.9643 0.4803, 0.1193 -3.9311 0.4803, 0.0974 -3.9026 0.4803, 0.0689 -3.8807 0.4803, 0.0356 -3.8669 0.4803, -0.0 -3.8622 0.4803, -0.0357 -3.8669 0.4803, -0.0689 -3.8807 0.4803, -0.0975 -3.9026 0.4803, -0.1194 -3.9311 0.4803, -0.1331 -3.9643 0.4803, -0.1378 -4.0 0.4803, -0.1331 -4.0357 0.4803, -0.1194 -4.0689 0.4803, -0.0975 -4.0974 0.4803, -0.0689 -2.8807 0.0, -0.0985 -2.8295 0.0, -0.0357 -2.8669 0.0, -0.051 -2.8099 0.0, -0.0 -2.8622 0.0, -0.0 -2.8031 0.0, 0.0356 -2.8669 0.0, 0.0509 -2.8099 0.0, 0.0689 -2.8807 0.0, 0.0984 -2.8295 0.0, 0.0974 -2.9026 0.0, 0.1392 -2.8608 0.0, 0.1193 -2.9311 0.0, 0.1705 -2.9016 0.0, 0.1331 -2.9643 0.0, 0.1901 -2.9491 0.0, 0.1378 -3.0 0.0, 0.1968 -3.0 0.0, 0.1331 -3.0357 0.0, 0.1901 -3.0509 0.0, 0.1193 -3.0689 0.0, 0.1705 -3.0984 0.0, 0.0974 -3.0974 0.0, 0.1392 -3.1392 0.0, 0.0689 -3.1193 0.0, 0.0984 -3.1705 0.0, 0.0356 -3.1331 0.0, 0.0509 -3.1901 0.0, -0.0 -3.1378 0.0, -0.0 -3.1969 0.0, -0.0357 -3.1331 0.0, -0.051 -3.1901 0.0, -0.0689 -3.1193 0.0, -0.0985 -3.1705 0.0, -0.0975 -3.0974 0.0, -0.1392 -3.1392 0.0, -0.1194 -3.0689 0.0, -0.1705 -3.0984 0.0, -0.1331 -3.0357 0.0, -0.1902 -3.0509 0.0, -0.1378 -3.0 0.0, -0.1969 -3.0 0.0, -0.1331 -2.9643 0.0, -0.1902 -2.9491 0.0, -0.1194 -2.9311 0.0, -0.1705 -2.9016 0.0, -0.0975 -2.9026 0.0, -0.1392 -2.8608 0.0, 0.1968 -3.0 0.0039, 0.1901 -2.9491 0.0039, 0.1705 -2.9016 0.0039, 0.1392 -2.8608 0.0039, 0.0984 -2.8295 0.0039, 0.0509 -2.8099 0.0039, -0.0 -2.8031 0.0039, -0.051 -2.8099 0.0039, -0.0985 -2.8295 0.0039, -0.1392 -2.8608 0.0039, -0.1705 -2.9016 0.0039, -0.1902 -2.9491 0.0039, -0.1969 -3.0 0.0039, -0.1902 -3.0509 0.0039, -0.1705 -3.0984 0.0039, -0.1392 -3.1392 0.0039, -0.0985 -3.1705 0.0039, -0.051 -3.1901 0.0039, -0.0 -3.1969 0.0039, 0.0509 -3.1901 0.0039, 0.0984 -3.1705 0.0039, 0.1392 -3.1392 0.0039, 0.1705 -3.0984 0.0039, 0.1901 -3.0509 0.0039, 0.1968 -3.0 0.4803, 0.1901 -2.9491 0.4764, 0.1901 -2.9491 0.4803, 0.1705 -2.9016 0.4764, 0.1705 -2.9016 0.4803, 0.1392 -2.8608 0.4764, 0.1392 -2.8608 0.4803, 0.0984 -2.8295 0.4764, 0.0984 -2.8295 0.4803, 0.0509 -2.8099 0.4764, 0.0509 -2.8099 0.4803, -0.0 -2.8031 0.4764, -0.0 -2.8031 0.4803, -0.051 -2.8099 0.4764, -0.051 -2.8099 0.4803, -0.0985 -2.8295 0.4764, -0.0985 -2.8295 0.4803, -0.1392 -2.8608 0.4764, -0.1392 -2.8608 0.4803, -0.1705 -2.9016 0.4764, -0.1705 -2.9016 0.4803, -0.1902 -2.9491 0.4764, -0.1902 -2.9491 0.4803, -0.1969 -3.0 0.4764, -0.1969 -3.0 0.4803, -0.1902 -3.0509 0.4764, -0.1902 -3.0509 0.4803, -0.1705 -3.0984 0.4764, -0.1705 -3.0984 0.4803, -0.1392 -3.1392 0.4764, -0.1392 -3.1392 0.4803, -0.0985 -3.1705 0.4764, -0.0985 -3.1705 0.4803, -0.051 -3.1901 0.4764, -0.051 -3.1901 0.4803, -0.0 -3.1969 0.4764, -0.0 -3.1969 0.4803, 0.0509 -3.1901 0.4764, 0.0509 -3.1901 0.4803, 0.0984 -3.1705 0.4764, 0.0984 -3.1705 0.4803, 0.1392 -3.1392 0.4764, 0.1392 -3.1392 0.4803, 0.1705 -3.0984 0.4764, 0.1705 -3.0984 0.4803, 0.1901 -3.0509 0.4764, 0.1901 -3.0509 0.4803, 0.1968 -3.0 0.4764, -0.0 -2.8622 0.4803, -0.0357 -2.8669 0.4803, -0.0689 -2.8807 0.4803, -0.0975 -2.9026 0.4803, -0.1194 -2.9311 0.4803, -0.1331 -2.9643 0.4803, -0.1378 -3.0 0.4803, -0.1331 -3.0357 0.4803, -0.1194 -3.0689 0.4803, -0.0975 -3.0974 0.4803, -0.0689 -3.1193 0.4803, -0.0357 -3.1331 0.4803, -0.0 -3.1378 0.4803, 0.0356 -3.1331 0.4803, 0.0689 -3.1193 0.4803, 0.0974 -3.0974 0.4803, 0.1193 -3.0689 0.4803, 0.1331 -3.0357 0.4803, 0.1378 -3.0 0.4803, 0.1331 -2.9643 0.4803, 0.1193 -2.9311 0.4803, 0.0974 -2.9026 0.4803, 0.0689 -2.8807 0.4803, 0.0356 -2.8669 0.4803, -0.0689 -1.8807 0.0, -0.0985 -1.8295 0.0, -0.0357 -1.8669 0.0, -0.051 -1.8099 0.0, -0.0 -1.8622 0.0, -0.0 -1.8031 0.0, 0.0356 -1.8669 0.0, 0.0509 -1.8099 0.0, 0.0689 -1.8807 0.0, 0.0984 -1.8295 0.0, 0.0974 -1.9026 0.0, 0.1392 -1.8608 0.0, 0.1193 -1.9311 0.0, 0.1705 -1.9016 0.0, 0.1331 -1.9643 0.0, 0.1901 -1.9491 0.0, 0.1378 -2.0 0.0, 0.1968 -2.0 0.0, 0.1331 -2.0357 0.0, 0.1901 -2.0509 0.0, 0.1193 -2.0689 0.0, 0.1705 -2.0984 0.0, 0.0974 -2.0974 0.0, 0.1392 -2.1392 0.0, 0.0689 -2.1193 0.0, 0.0984 -2.1705 0.0, 0.0356 -2.1331 0.0, 0.0509 -2.1901 0.0, -0.0 -2.1378 0.0, -0.0 -2.1969 0.0, -0.0357 -2.1331 0.0, -0.051 -2.1901 0.0, -0.0689 -2.1193 0.0, -0.0985 -2.1705 0.0, -0.0975 -2.0974 0.0, -0.1392 -2.1392 0.0, -0.1194 -2.0689 0.0, -0.1705 -2.0984 0.0, -0.1331 -2.0357 0.0, -0.1902 -2.0509 0.0, -0.1378 -2.0 0.0, -0.1969 -2.0 0.0, -0.1331 -1.9643 0.0, -0.1902 -1.9491 0.0, -0.1194 -1.9311 0.0, -0.1705 -1.9016 0.0, -0.0975 -1.9026 0.0, -0.1392 -1.8608 0.0, 0.1968 -2.0 0.0039, 0.1901 -1.9491 0.0039, 0.1705 -1.9016 0.0039, 0.1392 -1.8608 0.0039, 0.0984 -1.8295 0.0039, 0.0509 -1.8099 0.0039, -0.0 -1.8031 0.0039, -0.051 -1.8099 0.0039, -0.0985 -1.8295 0.0039, -0.1392 -1.8608 0.0039, -0.1705 -1.9016 0.0039, -0.1902 -1.9491 0.0039, -0.1969 -2.0 0.0039, -0.1902 -2.0509 0.0039, -0.1705 -2.0984 0.0039, -0.1392 -2.1392 0.0039, -0.0985 -2.1705 0.0039, -0.051 -2.1901 0.0039, -0.0 -2.1969 0.0039, 0.0509 -2.1901 0.0039, 0.0984 -2.1705 0.0039, 0.1392 -2.1392 0.0039, 0.1705 -2.0984 0.0039, 0.1901 -2.0509 0.0039, 0.1968 -2.0 0.4803, 0.1901 -1.9491 0.4764, 0.1901 -1.9491 0.4803, 0.1705 -1.9016 0.4764, 0.1705 -1.9016 0.4803, 0.1392 -1.8608 0.4764, 0.1392 -1.8608 0.4803, 0.0984 -1.8295 0.4764, 0.0984 -1.8295 0.4803, 0.0509 -1.8099 0.4764, 0.0509 -1.8099 0.4803, -0.0 -1.8031 0.4764, -0.0 -1.8031 0.4803, -0.051 -1.8099 0.4764, -0.051 -1.8099 0.4803, -0.0985 -1.8295 0.4764, -0.0985 -1.8295 0.4803, -0.1392 -1.8608 0.4764, -0.1392 -1.8608 0.4803, -0.1705 -1.9016 0.4764, -0.1705 -1.9016 0.4803, -0.1902 -1.9491 0.4764, -0.1902 -1.9491 0.4803, -0.1969 -2.0 0.4764, -0.1969 -2.0 0.4803, -0.1902 -2.0509 0.4764, -0.1902 -2.0509 0.4803, -0.1705 -2.0984 0.4764, -0.1705 -2.0984 0.4803, -0.1392 -2.1392 0.4764, -0.1392 -2.1392 0.4803, -0.0985 -2.1705 0.4764, -0.0985 -2.1705 0.4803, -0.051 -2.1901 0.4764, -0.051 -2.1901 0.4803, -0.0 -2.1969 0.4764, -0.0 -2.1969 0.4803, 0.0509 -2.1901 0.4764, 0.0509 -2.1901 0.4803, 0.0984 -2.1705 0.4764, 0.0984 -2.1705 0.4803, 0.1392 -2.1392 0.4764, 0.1392 -2.1392 0.4803, 0.1705 -2.0984 0.4764, 0.1705 -2.0984 0.4803, 0.1901 -2.0509 0.4764, 0.1901 -2.0509 0.4803, 0.1968 -2.0 0.4764, 0.0689 -1.8807 0.4803, 0.0356 -1.8669 0.4803, -0.0 -1.8622 0.4803, -0.0357 -1.8669 0.4803, -0.0689 -1.8807 0.4803, -0.0975 -1.9026 0.4803, -0.1194 -1.9311 0.4803, -0.1331 -1.9643 0.4803, -0.1378 -2.0 0.4803, -0.1331 -2.0357 0.4803, -0.1194 -2.0689 0.4803, -0.0975 -2.0974 0.4803, -0.0689 -2.1193 0.4803, -0.0357 -2.1331 0.4803, -0.0 -2.1378 0.4803, 0.0356 -2.1331 0.4803, 0.0689 -2.1193 0.4803, 0.0974 -2.0974 0.4803, 0.1193 -2.0689 0.4803, 0.1331 -2.0357 0.4803, 0.1378 -2.0 0.4803, 0.1331 -1.9643 0.4803, 0.1193 -1.9311 0.4803, 0.0974 -1.9026 0.4803, -0.0689 -0.8807 0.0, -0.0985 -0.8295 0.0, -0.0357 -0.8669 0.0, -0.051 -0.8099 0.0, -0.0 -0.8622 0.0, -0.0 -0.8031 0.0, 0.0356 -0.8669 0.0, 0.0509 -0.8099 0.0, 0.0689 -0.8807 0.0, 0.0984 -0.8295 0.0, 0.0974 -0.9026 0.0, 0.1392 -0.8608 0.0, 0.1193 -0.9311 0.0, 0.1705 -0.9016 0.0, 0.1331 -0.9643 0.0, 0.1901 -0.9491 0.0, 0.1378 -1.0 0.0, 0.1968 -1.0 0.0, 0.1331 -1.0357 0.0, 0.1901 -1.0509 0.0, 0.1193 -1.0689 0.0, 0.1705 -1.0984 0.0, 0.0974 -1.0974 0.0, 0.1392 -1.1392 0.0, 0.0689 -1.1193 0.0, 0.0984 -1.1705 0.0, 0.0356 -1.1331 0.0, 0.0509 -1.1901 0.0, -0.0 -1.1378 0.0, -0.0 -1.1969 0.0, -0.0357 -1.1331 0.0, -0.051 -1.1901 0.0, -0.0689 -1.1193 0.0, -0.0985 -1.1705 0.0, -0.0975 -1.0974 0.0, -0.1392 -1.1392 0.0, -0.1194 -1.0689 0.0, -0.1705 -1.0984 0.0, -0.1331 -1.0357 0.0, -0.1902 -1.0509 0.0, -0.1378 -1.0 0.0, -0.1969 -1.0 0.0, -0.1331 -0.9643 0.0, -0.1902 -0.9491 0.0, -0.1194 -0.9311 0.0, -0.1705 -0.9016 0.0, -0.0975 -0.9026 0.0, -0.1392 -0.8608 0.0, 0.1968 -1.0 0.0039, 0.1901 -0.9491 0.0039, 0.1705 -0.9016 0.0039, 0.1392 -0.8608 0.0039, 0.0984 -0.8295 0.0039, 0.0509 -0.8099 0.0039, -0.0 -0.8031 0.0039, -0.051 -0.8099 0.0039, -0.0985 -0.8295 0.0039, -0.1392 -0.8608 0.0039, -0.1705 -0.9016 0.0039, -0.1902 -0.9491 0.0039, -0.1969 -1.0 0.0039, -0.1902 -1.0509 0.0039, -0.1705 -1.0984 0.0039, -0.1392 -1.1392 0.0039, -0.0985 -1.1705 0.0039, -0.051 -1.1901 0.0039, -0.0 -1.1969 0.0039, 0.0509 -1.1901 0.0039, 0.0984 -1.1705 0.0039, 0.1392 -1.1392 0.0039, 0.1705 -1.0984 0.0039, 0.1901 -1.0509 0.0039, 0.1968 -1.0 0.4803, 0.1901 -0.9491 0.4764, 0.1901 -0.9491 0.4803, 0.1705 -0.9016 0.4764, 0.1705 -0.9016 0.4803, 0.1392 -0.8608 0.4764, 0.1392 -0.8608 0.4803, 0.0984 -0.8295 0.4764, 0.0984 -0.8295 0.4803, 0.0509 -0.8099 0.4764, 0.0509 -0.8099 0.4803, -0.0 -0.8031 0.4764, -0.0 -0.8031 0.4803, -0.051 -0.8099 0.4764, -0.051 -0.8099 0.4803, -0.0985 -0.8295 0.4764, -0.0985 -0.8295 0.4803, -0.1392 -0.8608 0.4764, -0.1392 -0.8608 0.4803, -0.1705 -0.9016 0.4764, -0.1705 -0.9016 0.4803, -0.1902 -0.9491 0.4764, -0.1902 -0.9491 0.4803, -0.1969 -1.0 0.4764, -0.1969 -1.0 0.4803, -0.1902 -1.0509 0.4764, -0.1902 -1.0509 0.4803, -0.1705 -1.0984 0.4764, -0.1705 -1.0984 0.4803, -0.1392 -1.1392 0.4764, -0.1392 -1.1392 0.4803, -0.0985 -1.1705 0.4764, -0.0985 -1.1705 0.4803, -0.051 -1.1901 0.4764, -0.051 -1.1901 0.4803, -0.0 -1.1969 0.4764, -0.0 -1.1969 0.4803, 0.0509 -1.1901 0.4764, 0.0509 -1.1901 0.4803, 0.0984 -1.1705 0.4764, 0.0984 -1.1705 0.4803, 0.1392 -1.1392 0.4764, 0.1392 -1.1392 0.4803, 0.1705 -1.0984 0.4764, 0.1705 -1.0984 0.4803, 0.1901 -1.0509 0.4764, 0.1901 -1.0509 0.4803, 0.1968 -1.0 0.4764, 0.0689 -0.8807 0.4803, 0.0356 -0.8669 0.4803, -0.0 -0.8622 0.4803, -0.0357 -0.8669 0.4803, -0.0689 -0.8807 0.4803, -0.0975 -0.9026 0.4803, -0.1194 -0.9311 0.4803, -0.1331 -0.9643 0.4803, -0.1378 -1.0 0.4803, -0.1331 -1.0357 0.4803, -0.1194 -1.0689 0.4803, -0.0975 -1.0974 0.4803, -0.0689 -1.1193 0.4803, -0.0357 -1.1331 0.4803, -0.0 -1.1378 0.4803, 0.0356 -1.1331 0.4803, 0.0689 -1.1193 0.4803, 0.0974 -1.0974 0.4803, 0.1193 -1.0689 0.4803, 0.1331 -1.0357 0.4803, 0.1378 -1.0 0.4803, 0.1331 -0.9643 0.4803, 0.1193 -0.9311 0.4803, 0.0974 -0.9026 0.4803, -0.0689 0.1193 0.0, -0.0985 0.1705 0.0, -0.0357 0.1331 0.0, -0.051 0.1901 0.0, -0.0 0.1378 0.0, -0.0 0.1969 0.0, 0.0356 0.1331 0.0, 0.0509 0.1901 0.0, 0.0689 0.1193 0.0, 0.0984 0.1705 0.0, 0.0974 0.0974 0.0, 0.1392 0.1392 0.0, 0.1193 0.0689 0.0, 0.1705 0.0984 0.0, 0.1331 0.0357 0.0, 0.1901 0.0509 0.0, 0.1378 0.0 0.0, 0.1968 0.0 0.0, 0.1331 -0.0357 0.0, 0.1901 -0.0509 0.0, 0.1193 -0.0689 0.0, 0.1705 -0.0984 0.0, 0.0974 -0.0974 0.0, 0.1392 -0.1392 0.0, 0.0689 -0.1193 0.0, 0.0984 -0.1705 0.0, 0.0356 -0.1331 0.0, 0.0509 -0.1901 0.0, -0.0 -0.1378 0.0, -0.0 -0.1969 0.0, -0.0357 -0.1331 0.0, -0.051 -0.1901 0.0, -0.0689 -0.1193 0.0, -0.0985 -0.1705 0.0, -0.0975 -0.0974 0.0, -0.1392 -0.1392 0.0, -0.1194 -0.0689 0.0, -0.1705 -0.0984 0.0, -0.1331 -0.0357 0.0, -0.1902 -0.0509 0.0, -0.1378 0.0 0.0, -0.1969 0.0 0.0, -0.1331 0.0357 0.0, -0.1902 0.0509 0.0, -0.1194 0.0689 0.0, -0.1705 0.0984 0.0, -0.0975 0.0974 0.0, -0.1392 0.1392 0.0, 0.1968 0.0 0.0039, 0.1901 0.0509 0.0039, 0.1705 0.0984 0.0039, 0.1392 0.1392 0.0039, 0.0984 0.1705 0.0039, 0.0509 0.1901 0.0039, -0.0 0.1969 0.0039, -0.051 0.1901 0.0039, -0.0985 0.1705 0.0039, -0.1392 0.1392 0.0039, -0.1705 0.0984 0.0039, -0.1902 0.0509 0.0039, -0.1969 0.0 0.0039, -0.1902 -0.0509 0.0039, -0.1705 -0.0984 0.0039, -0.1392 -0.1392 0.0039, -0.0985 -0.1705 0.0039, -0.051 -0.1901 0.0039, -0.0 -0.1969 0.0039, 0.0509 -0.1901 0.0039, 0.0984 -0.1705 0.0039, 0.1392 -0.1392 0.0039, 0.1705 -0.0984 0.0039, 0.1901 -0.0509 0.0039, 0.1968 0.0 0.4803, 0.1901 0.0509 0.4764, 0.1901 0.0509 0.4803, 0.1705 0.0984 0.4764, 0.1705 0.0984 0.4803, 0.1392 0.1392 0.4764, 0.1392 0.1392 0.4803, 0.0984 0.1705 0.4764, 0.0984 0.1705 0.4803, 0.0509 0.1901 0.4764, 0.0509 0.1901 0.4803, -0.0 0.1969 0.4764, -0.0 0.1969 0.4803, -0.051 0.1901 0.4764, -0.051 0.1901 0.4803, -0.0985 0.1705 0.4764, -0.0985 0.1705 0.4803, -0.1392 0.1392 0.4764, -0.1392 0.1392 0.4803, -0.1705 0.0984 0.4764, -0.1705 0.0984 0.4803, -0.1902 0.0509 0.4764, -0.1902 0.0509 0.4803, -0.1969 0.0 0.4764, -0.1969 0.0 0.4803, -0.1902 -0.0509 0.4764, -0.1902 -0.0509 0.4803, -0.1705 -0.0984 0.4764, -0.1705 -0.0984 0.4803, -0.1392 -0.1392 0.4764, -0.1392 -0.1392 0.4803, -0.0985 -0.1705 0.4764, -0.0985 -0.1705 0.4803, -0.051 -0.1901 0.4764, -0.051 -0.1901 0.4803, -0.0 -0.1969 0.4764, -0.0 -0.1969 0.4803, 0.0509 -0.1901 0.4764, 0.0509 -0.1901 0.4803, 0.0984 -0.1705 0.4764, 0.0984 -0.1705 0.4803, 0.1392 -0.1392 0.4764, 0.1392 -0.1392 0.4803, 0.1705 -0.0984 0.4764, 0.1705 -0.0984 0.4803, 0.1901 -0.0509 0.4764, 0.1901 -0.0509 0.4803, 0.1968 0.0 0.4764, 0.0689 0.1193 0.4803, 0.0356 0.1331 0.4803, -0.0 0.1378 0.4803, -0.0357 0.1331 0.4803, -0.0689 0.1193 0.4803, -0.0975 0.0974 0.4803, -0.1194 0.0689 0.4803, -0.1331 0.0357 0.4803, -0.1378 0.0 0.4803, -0.1331 -0.0357 0.4803, -0.1194 -0.0689 0.4803, -0.0975 -0.0974 0.4803, -0.0689 -0.1193 0.4803, -0.0357 -0.1331 0.4803, -0.0 -0.1378 0.4803, 0.0356 -0.1331 0.4803, 0.0689 -0.1193 0.4803, 0.0974 -0.0974 0.4803, 0.1193 -0.0689 0.4803, 0.1331 -0.0357 0.4803, 0.1378 0.0 0.4803, 0.1331 0.0357 0.4803, 0.1193 0.0689 0.4803, 0.0974 0.0974 0.4803, -0.0689 1.1193 0.0, -0.0985 1.1705 0.0, -0.0357 1.1331 0.0, -0.051 1.1901 0.0, -0.0 1.1378 0.0, -0.0 1.1969 0.0, 0.0356 1.1331 0.0, 0.0509 1.1901 0.0, 0.0689 1.1193 0.0, 0.0984 1.1705 0.0, 0.0974 1.0974 0.0, 0.1392 1.1392 0.0, 0.1193 1.0689 0.0, 0.1705 1.0984 0.0, 0.1331 1.0357 0.0, 0.1901 1.0509 0.0, 0.1378 1.0 0.0, 0.1968 1.0 0.0, 0.1331 0.9643 0.0, 0.1901 0.9491 0.0, 0.1193 0.9311 0.0, 0.1705 0.9016 0.0, 0.0974 0.9026 0.0, 0.1392 0.8608 0.0, 0.0689 0.8807 0.0, 0.0984 0.8295 0.0, 0.0356 0.8669 0.0, 0.0509 0.8099 0.0, -0.0 0.8622 0.0, -0.0 0.8031 0.0, -0.0357 0.8669 0.0, -0.051 0.8099 0.0, -0.0689 0.8807 0.0, -0.0985 0.8295 0.0, -0.0975 0.9026 0.0, -0.1392 0.8608 0.0, -0.1194 0.9311 0.0, -0.1705 0.9016 0.0, -0.1331 0.9643 0.0, -0.1902 0.9491 0.0, -0.1378 1.0 0.0, -0.1969 1.0 0.0, -0.1331 1.0357 0.0, -0.1902 1.0509 0.0, -0.1194 1.0689 0.0, -0.1705 1.0984 0.0, -0.0975 1.0974 0.0, -0.1392 1.1392 0.0, 0.1968 1.0 0.0039, 0.1901 1.0509 0.0039, 0.1705 1.0984 0.0039, 0.1392 1.1392 0.0039, 0.0984 1.1705 0.0039, 0.0509 1.1901 0.0039, -0.0 1.1969 0.0039, -0.051 1.1901 0.0039, -0.0985 1.1705 0.0039, -0.1392 1.1392 0.0039, -0.1705 1.0984 0.0039, -0.1902 1.0509 0.0039, -0.1969 1.0 0.0039, -0.1902 0.9491 0.0039, -0.1705 0.9016 0.0039, -0.1392 0.8608 0.0039, -0.0985 0.8295 0.0039, -0.051 0.8099 0.0039, -0.0 0.8031 0.0039, 0.0509 0.8099 0.0039, 0.0984 0.8295 0.0039, 0.1392 0.8608 0.0039, 0.1705 0.9016 0.0039, 0.1901 0.9491 0.0039, 0.1968 1.0 0.4803, 0.1901 1.0509 0.4764, 0.1901 1.0509 0.4803, 0.1705 1.0984 0.4764, 0.1705 1.0984 0.4803, 0.1392 1.1392 0.4764, 0.1392 1.1392 0.4803, 0.0984 1.1705 0.4764, 0.0984 1.1705 0.4803, 0.0509 1.1901 0.4764, 0.0509 1.1901 0.4803, -0.0 1.1969 0.4764, -0.0 1.1969 0.4803, -0.051 1.1901 0.4764, -0.051 1.1901 0.4803, -0.0985 1.1705 0.4764, -0.0985 1.1705 0.4803, -0.1392 1.1392 0.4764, -0.1392 1.1392 0.4803, -0.1705 1.0984 0.4764, -0.1705 1.0984 0.4803, -0.1902 1.0509 0.4764, -0.1902 1.0509 0.4803, -0.1969 1.0 0.4764, -0.1969 1.0 0.4803, -0.1902 0.9491 0.4764, -0.1902 0.9491 0.4803, -0.1705 0.9016 0.4764, -0.1705 0.9016 0.4803, -0.1392 0.8608 0.4764, -0.1392 0.8608 0.4803, -0.0985 0.8295 0.4764, -0.0985 0.8295 0.4803, -0.051 0.8099 0.4764, -0.051 0.8099 0.4803, -0.0 0.8031 0.4764, -0.0 0.8031 0.4803, 0.0509 0.8099 0.4764, 0.0509 0.8099 0.4803, 0.0984 0.8295 0.4764, 0.0984 0.8295 0.4803, 0.1392 0.8608 0.4764, 0.1392 0.8608 0.4803, 0.1705 0.9016 0.4764, 0.1705 0.9016 0.4803, 0.1901 0.9491 0.4764, 0.1901 0.9491 0.4803, 0.1968 1.0 0.4764, 0.0689 1.1193 0.4803, 0.0356 1.1331 0.4803, -0.0 1.1378 0.4803, -0.0357 1.1331 0.4803, -0.0689 1.1193 0.4803, -0.0975 1.0974 0.4803, -0.1194 1.0689 0.4803, -0.1331 1.0357 0.4803, -0.1378 1.0 0.4803, -0.1331 0.9643 0.4803, -0.1194 0.9311 0.4803, -0.0975 0.9026 0.4803, -0.0689 0.8807 0.4803, -0.0357 0.8669 0.4803, -0.0 0.8622 0.4803, 0.0356 0.8669 0.4803, 0.0689 0.8807 0.4803, 0.0974 0.9026 0.4803, 0.1193 0.9311 0.4803, 0.1331 0.9643 0.4803, 0.1378 1.0 0.4803, 0.1331 1.0357 0.4803, 0.1193 1.0689 0.4803, 0.0974 1.0974 0.4803, -0.0689 2.1193 0.0, -0.0985 2.1705 0.0, -0.0357 2.1331 0.0, -0.051 2.1901 0.0, -0.0 2.1378 0.0, -0.0 2.1969 0.0, 0.0356 2.1331 0.0, 0.0509 2.1901 0.0, 0.0689 2.1193 0.0, 0.0984 2.1705 0.0, 0.0974 2.0974 0.0, 0.1392 2.1392 0.0, 0.1193 2.0689 0.0, 0.1705 2.0984 0.0, 0.1331 2.0357 0.0, 0.1901 2.0509 0.0, 0.1378 2.0 0.0, 0.1968 2.0 0.0, 0.1331 1.9643 0.0, 0.1901 1.9491 0.0, 0.1193 1.9311 0.0, 0.1705 1.9016 0.0, 0.0974 1.9026 0.0, 0.1392 1.8608 0.0, 0.0689 1.8807 0.0, 0.0984 1.8295 0.0, 0.0356 1.8669 0.0, 0.0509 1.8099 0.0, -0.0 1.8622 0.0, -0.0 1.8031 0.0, -0.0357 1.8669 0.0, -0.051 1.8099 0.0, -0.0689 1.8807 0.0, -0.0985 1.8295 0.0, -0.0975 1.9026 0.0, -0.1392 1.8608 0.0, -0.1194 1.9311 0.0, -0.1705 1.9016 0.0, -0.1331 1.9643 0.0, -0.1902 1.9491 0.0, -0.1378 2.0 0.0, -0.1969 2.0 0.0, -0.1331 2.0357 0.0, -0.1902 2.0509 0.0, -0.1194 2.0689 0.0, -0.1705 2.0984 0.0, -0.0975 2.0974 0.0, -0.1392 2.1392 0.0, 0.1968 2.0 0.0039, 0.1901 2.0509 0.0039, 0.1705 2.0984 0.0039, 0.1392 2.1392 0.0039, 0.0984 2.1705 0.0039, 0.0509 2.1901 0.0039, -0.0 2.1969 0.0039, -0.051 2.1901 0.0039, -0.0985 2.1705 0.0039, -0.1392 2.1392 0.0039, -0.1705 2.0984 0.0039, -0.1902 2.0509 0.0039, -0.1969 2.0 0.0039, -0.1902 1.9491 0.0039, -0.1705 1.9016 0.0039, -0.1392 1.8608 0.0039, -0.0985 1.8295 0.0039, -0.051 1.8099 0.0039, -0.0 1.8031 0.0039, 0.0509 1.8099 0.0039, 0.0984 1.8295 0.0039, 0.1392 1.8608 0.0039, 0.1705 1.9016 0.0039, 0.1901 1.9491 0.0039, 0.1968 2.0 0.4803, 0.1901 2.0509 0.4764, 0.1901 2.0509 0.4803, 0.1705 2.0984 0.4764, 0.1705 2.0984 0.4803, 0.1392 2.1392 0.4764, 0.1392 2.1392 0.4803, 0.0984 2.1705 0.4764, 0.0984 2.1705 0.4803, 0.0509 2.1901 0.4764, 0.0509 2.1901 0.4803, -0.0 2.1969 0.4764, -0.0 2.1969 0.4803, -0.051 2.1901 0.4764, -0.051 2.1901 0.4803, -0.0985 2.1705 0.4764, -0.0985 2.1705 0.4803, -0.1392 2.1392 0.4764, -0.1392 2.1392 0.4803, -0.1705 2.0984 0.4764, -0.1705 2.0984 0.4803, -0.1902 2.0509 0.4764, -0.1902 2.0509 0.4803, -0.1969 2.0 0.4764, -0.1969 2.0 0.4803, -0.1902 1.9491 0.4764, -0.1902 1.9491 0.4803, -0.1705 1.9016 0.4764, -0.1705 1.9016 0.4803, -0.1392 1.8608 0.4764, -0.1392 1.8608 0.4803, -0.0985 1.8295 0.4764, -0.0985 1.8295 0.4803, -0.051 1.8099 0.4764, -0.051 1.8099 0.4803, -0.0 1.8031 0.4764, -0.0 1.8031 0.4803, 0.0509 1.8099 0.4764, 0.0509 1.8099 0.4803, 0.0984 1.8295 0.4764, 0.0984 1.8295 0.4803, 0.1392 1.8608 0.4764, 0.1392 1.8608 0.4803, 0.1705 1.9016 0.4764, 0.1705 1.9016 0.4803, 0.1901 1.9491 0.4764, 0.1901 1.9491 0.4803, 0.1968 2.0 0.4764, -0.0 2.1378 0.4803, -0.0357 2.1331 0.4803, -0.0689 2.1193 0.4803, -0.0975 2.0974 0.4803, -0.1194 2.0689 0.4803, -0.1331 2.0357 0.4803, -0.1378 2.0 0.4803, -0.1331 1.9643 0.4803, -0.1194 1.9311 0.4803, -0.0975 1.9026 0.4803, -0.0689 1.8807 0.4803, -0.0357 1.8669 0.4803, -0.0 1.8622 0.4803, 0.0356 1.8669 0.4803, 0.0689 1.8807 0.4803, 0.0974 1.9026 0.4803, 0.1193 1.9311 0.4803, 0.1331 1.9643 0.4803, 0.1378 2.0 0.4803, 0.1331 2.0357 0.4803, 0.1193 2.0689 0.4803, 0.0974 2.0974 0.4803, 0.0689 2.1193 0.4803, 0.0356 2.1331 0.4803, -0.0689 3.1193 0.0, -0.0985 3.1705 0.0, -0.0357 3.1331 0.0, -0.051 3.1901 0.0, -0.0 3.1378 0.0, -0.0 3.1969 0.0, 0.0356 3.1331 0.0, 0.0509 3.1901 0.0, 0.0689 3.1193 0.0, 0.0984 3.1705 0.0, 0.0974 3.0974 0.0, 0.1392 3.1392 0.0, 0.1193 3.0689 0.0, 0.1705 3.0984 0.0, 0.1331 3.0357 0.0, 0.1901 3.0509 0.0, 0.1378 3.0 0.0, 0.1968 3.0 0.0, 0.1331 2.9643 0.0, 0.1901 2.9491 0.0, 0.1193 2.9311 0.0, 0.1705 2.9016 0.0, 0.0974 2.9026 0.0, 0.1392 2.8608 0.0, 0.0689 2.8807 0.0, 0.0984 2.8295 0.0, 0.0356 2.8669 0.0, 0.0509 2.8099 0.0, -0.0 2.8622 0.0, -0.0 2.8031 0.0, -0.0357 2.8669 0.0, -0.051 2.8099 0.0, -0.0689 2.8807 0.0, -0.0985 2.8295 0.0, -0.0975 2.9026 0.0, -0.1392 2.8608 0.0, -0.1194 2.9311 0.0, -0.1705 2.9016 0.0, -0.1331 2.9643 0.0, -0.1902 2.9491 0.0, -0.1378 3.0 0.0, -0.1969 3.0 0.0, -0.1331 3.0357 0.0, -0.1902 3.0509 0.0, -0.1194 3.0689 0.0, -0.1705 3.0984 0.0, -0.0975 3.0974 0.0, -0.1392 3.1392 0.0, 0.1968 3.0 0.0039, 0.1901 3.0509 0.0039, 0.1705 3.0984 0.0039, 0.1392 3.1392 0.0039, 0.0984 3.1705 0.0039, 0.0509 3.1901 0.0039, -0.0 3.1969 0.0039, -0.051 3.1901 0.0039, -0.0985 3.1705 0.0039, -0.1392 3.1392 0.0039, -0.1705 3.0984 0.0039, -0.1902 3.0509 0.0039, -0.1969 3.0 0.0039, -0.1902 2.9491 0.0039, -0.1705 2.9016 0.0039, -0.1392 2.8608 0.0039, -0.0985 2.8295 0.0039, -0.051 2.8099 0.0039, -0.0 2.8031 0.0039, 0.0509 2.8099 0.0039, 0.0984 2.8295 0.0039, 0.1392 2.8608 0.0039, 0.1705 2.9016 0.0039, 0.1901 2.9491 0.0039, 0.1968 3.0 0.4803, 0.1901 3.0509 0.4764, 0.1901 3.0509 0.4803, 0.1705 3.0984 0.4764, 0.1705 3.0984 0.4803, 0.1392 3.1392 0.4764, 0.1392 3.1392 0.4803, 0.0984 3.1705 0.4764, 0.0984 3.1705 0.4803, 0.0509 3.1901 0.4764, 0.0509 3.1901 0.4803, -0.0 3.1969 0.4764, -0.0 3.1969 0.4803, -0.051 3.1901 0.4764, -0.051 3.1901 0.4803, -0.0985 3.1705 0.4764, -0.0985 3.1705 0.4803, -0.1392 3.1392 0.4764, -0.1392 3.1392 0.4803, -0.1705 3.0984 0.4764, -0.1705 3.0984 0.4803, -0.1902 3.0509 0.4764, -0.1902 3.0509 0.4803, -0.1969 3.0 0.4764, -0.1969 3.0 0.4803, -0.1902 2.9491 0.4764, -0.1902 2.9491 0.4803, -0.1705 2.9016 0.4764, -0.1705 2.9016 0.4803, -0.1392 2.8608 0.4764, -0.1392 2.8608 0.4803, -0.0985 2.8295 0.4764, -0.0985 2.8295 0.4803, -0.051 2.8099 0.4764, -0.051 2.8099 0.4803, -0.0 2.8031 0.4764, -0.0 2.8031 0.4803, 0.0509 2.8099 0.4764, 0.0509 2.8099 0.4803, 0.0984 2.8295 0.4764, 0.0984 2.8295 0.4803, 0.1392 2.8608 0.4764, 0.1392 2.8608 0.4803, 0.1705 2.9016 0.4764, 0.1705 2.9016 0.4803, 0.1901 2.9491 0.4764, 0.1901 2.9491 0.4803, 0.1968 3.0 0.4764, 0.0689 3.1193 0.4803, 0.0356 3.1331 0.4803, -0.0 3.1378 0.4803, -0.0357 3.1331 0.4803, -0.0689 3.1193 0.4803, -0.0975 3.0974 0.4803, -0.1194 3.0689 0.4803, -0.1331 3.0357 0.4803, -0.1378 3.0 0.4803, -0.1331 2.9643 0.4803, -0.1194 2.9311 0.4803, -0.0975 2.9026 0.4803, -0.0689 2.8807 0.4803, -0.0357 2.8669 0.4803, -0.0 2.8622 0.4803, 0.0356 2.8669 0.4803, 0.0689 2.8807 0.4803, 0.0974 2.9026 0.4803, 0.1193 2.9311 0.4803, 0.1331 2.9643 0.4803, 0.1378 3.0 0.4803, 0.1331 3.0357 0.4803, 0.1193 3.0689 0.4803, 0.0974 3.0974 0.4803, 0.0689 3.8807 0.0, 0.0984 3.8295 0.0, 0.0356 3.8669 0.0, 0.0509 3.8099 0.0, -0.0 3.8622 0.0, -0.0 3.8031 0.0, -0.0357 3.8669 0.0, -0.051 3.8099 0.0, -0.0689 3.8807 0.0, -0.0985 3.8295 0.0, -0.0975 3.9026 0.0, -0.1392 3.8608 0.0, -0.1194 3.9311 0.0, -0.1705 3.9016 0.0, -0.1331 3.9643 0.0, -0.1902 3.9491 0.0, -0.1378 4.0 0.0, -0.1969 4.0 0.0, -0.1331 4.0357 0.0, -0.1902 4.0509 0.0, -0.1194 4.0689 0.0, -0.1705 4.0984 0.0, -0.0975 4.0974 0.0, -0.1392 4.1392 0.0, -0.0689 4.1193 0.0, -0.0985 4.1705 0.0, -0.0357 4.1331 0.0, -0.051 4.1901 0.0, -0.0 4.1378 0.0, -0.0 4.1969 0.0, 0.0356 4.1331 0.0, 0.0509 4.1901 0.0, 0.0689 4.1193 0.0, 0.0984 4.1705 0.0, 0.0974 4.0974 0.0, 0.1392 4.1392 0.0, 0.1193 4.0689 0.0, 0.1705 4.0984 0.0, 0.1331 4.0357 0.0, 0.1901 4.0509 0.0, 0.1378 4.0 0.0, 0.1968 4.0 0.0, 0.1331 3.9643 0.0, 0.1901 3.9491 0.0, 0.1193 3.9311 0.0, 0.1705 3.9016 0.0, 0.0974 3.9026 0.0, 0.1392 3.8608 0.0, 0.1968 4.0 0.0039, 0.1901 4.0509 0.0039, 0.1705 4.0984 0.0039, 0.1392 4.1392 0.0039, 0.0984 4.1705 0.0039, 0.0509 4.1901 0.0039, -0.0 4.1969 0.0039, -0.051 4.1901 0.0039, -0.0985 4.1705 0.0039, -0.1392 4.1392 0.0039, -0.1705 4.0984 0.0039, -0.1902 4.0509 0.0039, -0.1969 4.0 0.0039, -0.1902 3.9491 0.0039, -0.1705 3.9016 0.0039, -0.1392 3.8608 0.0039, -0.0985 3.8295 0.0039, -0.051 3.8099 0.0039, -0.0 3.8031 0.0039, 0.0509 3.8099 0.0039, 0.0984 3.8295 0.0039, 0.1392 3.8608 0.0039, 0.1705 3.9016 0.0039, 0.1901 3.9491 0.0039, 0.1968 4.0 0.4803, 0.1901 4.0509 0.4764, 0.1901 4.0509 0.4803, 0.1705 4.0984 0.4764, 0.1705 4.0984 0.4803, 0.1392 4.1392 0.4764, 0.1392 4.1392 0.4803, 0.0984 4.1705 0.4764, 0.0984 4.1705 0.4803, 0.0509 4.1901 0.4764, 0.0509 4.1901 0.4803, -0.0 4.1969 0.4764, -0.0 4.1969 0.4803, -0.051 4.1901 0.4764, -0.051 4.1901 0.4803, -0.0985 4.1705 0.4764, -0.0985 4.1705 0.4803, -0.1392 4.1392 0.4764, -0.1392 4.1392 0.4803, -0.1705 4.0984 0.4764, -0.1705 4.0984 0.4803, -0.1902 4.0509 0.4764, -0.1902 4.0509 0.4803, -0.1969 4.0 0.4764, -0.1969 4.0 0.4803, -0.1902 3.9491 0.4764, -0.1902 3.9491 0.4803, -0.1705 3.9016 0.4764, -0.1705 3.9016 0.4803, -0.1392 3.8608 0.4764, -0.1392 3.8608 0.4803, -0.0985 3.8295 0.4764, -0.0985 3.8295 0.4803, -0.051 3.8099 0.4764, -0.051 3.8099 0.4803, -0.0 3.8031 0.4764, -0.0 3.8031 0.4803, 0.0509 3.8099 0.4764, 0.0509 3.8099 0.4803, 0.0984 3.8295 0.4764, 0.0984 3.8295 0.4803, 0.1392 3.8608 0.4764, 0.1392 3.8608 0.4803, 0.1705 3.9016 0.4764, 0.1705 3.9016 0.4803, 0.1901 3.9491 0.4764, 0.1901 3.9491 0.4803, 0.1968 4.0 0.4764, -0.0689 3.8807 0.4803, -0.0357 3.8669 0.4803, -0.0 3.8622 0.4803, 0.0356 3.8669 0.4803, 0.0689 3.8807 0.4803, 0.0974 3.9026 0.4803, 0.1193 3.9311 0.4803, 0.1331 3.9643 0.4803, 0.1378 4.0 0.4803, 0.1331 4.0357 0.4803, 0.1193 4.0689 0.4803, 0.0974 4.0974 0.4803, 0.0689 4.1193 0.4803, 0.0356 4.1331 0.4803, -0.0 4.1378 0.4803, -0.0357 4.1331 0.4803, -0.0689 4.1193 0.4803, -0.0975 4.0974 0.4803, -0.1194 4.0689 0.4803, -0.1331 4.0357 0.4803, -0.1378 4.0 0.4803, -0.1331 3.9643 0.4803, -0.1194 3.9311 0.4803, -0.0975 3.9026 0.4803
            ]
        }
        coordIndex [
            0,1,2,-1,2,1,3,-1,2,3,4,-1,4,3,5,-1,4,5,6,-1,6,5,7,-1,6,7,8,-1,8,7,9,-1,8,9,10,-1,10,9,11,-1,10,11,12,-1,12,11,13,-1,12,13,14,-1,14,13,15,-1,14,15,16,-1,16,15,17,-1,16,17,18,-1,18,17,19,-1,18,19,20,-1,20,19,21,-1,20,21,22,-1,22,21,23,-1,22,23,24,-1,24,23,25,-1,24,25,26,-1,26,25,27,-1,26,27,28,-1,28,27,29,-1,28,29,30,-1,30,29,31,-1,30,31,32,-1,32,31,33,-1,32,33,34,-1,34,33,35,-1,34,35,36,-1,36,35,37,-1,36,37,38,-1,38,37,39,-1,38,39,40,-1,40,39,41,-1,40,41,42,-1,42,41,43,-1,42,43,44,-1,44,43,45,-1,44,45,46,-1,46,45,47,-1,46,47,0,-1,0,47,1,-1,48,11,49,-1,49,11,9,-1,49,9,50,-1,50,9,7,-1,50,7,51,-1,51,7,5,-1,51,5,52,-1,52,5,3,-1,52,3,53,-1,53,3,1,-1,53,1,54,-1,54,1,47,-1,54,47,55,-1,55,47,45,-1,55,45,56,-1,56,45,43,-1,56,43,57,-1,57,43,41,-1,57,41,58,-1,58,41,39,-1,58,39,59,-1,59,39,37,-1,59,37,60,-1,60,37,35,-1,60,35,61,-1,61,35,33,-1,61,33,62,-1,62,33,31,-1,62,31,63,-1,63,31,29,-1,63,29,64,-1,64,29,27,-1,64,27,65,-1,65,27,25,-1,65,25,66,-1,66,25,23,-1,66,23,67,-1,67,23,21,-1,67,21,68,-1,68,21,19,-1,68,19,69,-1,69,19,17,-1,69,17,70,-1,70,17,15,-1,70,15,71,-1,71,15,13,-1,71,13,48,-1,48,13,11,-1,72,73,74,-1,74,73,75,-1,74,75,76,-1,76,75,77,-1,76,77,78,-1,78,77,79,-1,78,79,80,-1,80,79,81,-1,80,81,82,-1,82,81,83,-1,82,83,84,-1,84,83,85,-1,84,85,86,-1,86,85,87,-1,86,87,88,-1,88,87,89,-1,88,89,90,-1,90,89,91,-1,90,91,92,-1,92,91,93,-1,92,93,94,-1,94,93,95,-1,94,95,96,-1,96,95,97,-1,96,97,98,-1,98,97,99,-1,98,99,100,-1,100,99,101,-1,100,101,102,-1,102,101,103,-1,102,103,104,-1,104,103,105,-1,104,105,106,-1,106,105,107,-1,106,107,108,-1,108,107,109,-1,108,109,110,-1,110,109,111,-1,110,111,112,-1,112,111,113,-1,112,113,114,-1,114,113,115,-1,114,115,116,-1,116,115,117,-1,116,117,118,-1,118,117,119,-1,118,119,72,-1,72,119,73,-1,120,84,121,-1,121,84,86,-1,121,86,122,-1,122,86,88,-1,122,88,123,-1,123,88,90,-1,123,90,124,-1,124,90,92,-1,124,92,125,-1,125,92,94,-1,125,94,126,-1,126,94,96,-1,126,96,127,-1,127,96,98,-1,127,98,128,-1,128,98,100,-1,128,100,129,-1,129,100,102,-1,129,102,130,-1,130,102,104,-1,130,104,131,-1,131,104,106,-1,131,106,132,-1,132,106,108,-1,132,108,133,-1,133,108,110,-1,133,110,134,-1,134,110,112,-1,134,112,135,-1,135,112,114,-1,135,114,136,-1,136,114,116,-1,136,116,137,-1,137,116,118,-1,137,118,138,-1,138,118,72,-1,138,72,139,-1,139,72,74,-1,139,74,140,-1,140,74,76,-1,140,76,141,-1,141,76,78,-1,141,78,142,-1,142,78,80,-1,142,80,143,-1,143,80,82,-1,143,82,120,-1,120,82,84,-1,12,138,10,-1,10,138,139,-1,10,139,8,-1,8,139,140,-1,8,140,6,-1,6,140,141,-1,6,141,4,-1,4,141,142,-1,4,142,2,-1,2,142,143,-1,2,143,0,-1,0,143,120,-1,0,120,46,-1,46,120,121,-1,46,121,44,-1,44,121,122,-1,44,122,42,-1,42,122,123,-1,42,123,40,-1,40,123,124,-1,40,124,38,-1,38,124,125,-1,38,125,36,-1,36,125,126,-1,36,126,34,-1,34,126,127,-1,34,127,32,-1,32,127,128,-1,32,128,30,-1,30,128,129,-1,30,129,28,-1,28,129,130,-1,28,130,26,-1,26,130,131,-1,26,131,24,-1,24,131,132,-1,24,132,22,-1,22,132,133,-1,22,133,20,-1,20,133,134,-1,20,134,18,-1,18,134,135,-1,18,135,16,-1,16,135,136,-1,16,136,14,-1,14,136,137,-1,14,137,12,-1,12,137,138,-1,144,145,146,-1,146,145,147,-1,146,147,148,-1,148,147,149,-1,148,149,150,-1,150,149,151,-1,150,151,152,-1,152,151,153,-1,152,153,154,-1,154,153,155,-1,154,155,156,-1,156,155,157,-1,156,157,158,-1,158,157,159,-1,158,159,160,-1,160,159,161,-1,160,161,162,-1,162,161,163,-1,162,163,164,-1,164,163,165,-1,164,165,166,-1,166,165,167,-1,166,167,168,-1,168,167,169,-1,168,169,170,-1,170,169,171,-1,170,171,172,-1,172,171,173,-1,172,173,174,-1,174,173,175,-1,174,175,176,-1,176,175,177,-1,176,177,178,-1,178,177,179,-1,178,179,180,-1,180,179,181,-1,180,181,182,-1,182,181,183,-1,182,183,184,-1,184,183,185,-1,184,185,186,-1,186,185,187,-1,186,187,188,-1,188,187,189,-1,188,189,190,-1,190,189,191,-1,190,191,144,-1,144,191,145,-1,192,155,193,-1,193,155,153,-1,193,153,194,-1,194,153,151,-1,194,151,195,-1,195,151,149,-1,195,149,196,-1,196,149,147,-1,196,147,197,-1,197,147,145,-1,197,145,198,-1,198,145,191,-1,198,191,199,-1,199,191,189,-1,199,189,200,-1,200,189,187,-1,200,187,201,-1,201,187,185,-1,201,185,202,-1,202,185,183,-1,202,183,203,-1,203,183,181,-1,203,181,204,-1,204,181,179,-1,204,179,205,-1,205,179,177,-1,205,177,206,-1,206,177,175,-1,206,175,207,-1,207,175,173,-1,207,173,208,-1,208,173,171,-1,208,171,209,-1,209,171,169,-1,209,169,210,-1,210,169,167,-1,210,167,211,-1,211,167,165,-1,211,165,212,-1,212,165,163,-1,212,163,213,-1,213,163,161,-1,213,161,214,-1,214,161,159,-1,214,159,215,-1,215,159,157,-1,215,157,192,-1,192,157,155,-1,216,217,218,-1,218,217,219,-1,218,219,220,-1,220,219,221,-1,220,221,222,-1,222,221,223,-1,222,223,224,-1,224,223,225,-1,224,225,226,-1,226,225,227,-1,226,227,228,-1,228,227,229,-1,228,229,230,-1,230,229,231,-1,230,231,232,-1,232,231,233,-1,232,233,234,-1,234,233,235,-1,234,235,236,-1,236,235,237,-1,236,237,238,-1,238,237,239,-1,238,239,240,-1,240,239,241,-1,240,241,242,-1,242,241,243,-1,242,243,244,-1,244,243,245,-1,244,245,246,-1,246,245,247,-1,246,247,248,-1,248,247,249,-1,248,249,250,-1,250,249,251,-1,250,251,252,-1,252,251,253,-1,252,253,254,-1,254,253,255,-1,254,255,256,-1,256,255,257,-1,256,257,258,-1,258,257,259,-1,258,259,260,-1,260,259,261,-1,260,261,262,-1,262,261,263,-1,262,263,216,-1,216,263,217,-1,264,228,265,-1,265,228,230,-1,265,230,266,-1,266,230,232,-1,266,232,267,-1,267,232,234,-1,267,234,268,-1,268,234,236,-1,268,236,269,-1,269,236,238,-1,269,238,270,-1,270,238,240,-1,270,240,271,-1,271,240,242,-1,271,242,272,-1,272,242,244,-1,272,244,273,-1,273,244,246,-1,273,246,274,-1,274,246,248,-1,274,248,275,-1,275,248,250,-1,275,250,276,-1,276,250,252,-1,276,252,277,-1,277,252,254,-1,277,254,278,-1,278,254,256,-1,278,256,279,-1,279,256,258,-1,279,258,280,-1,280,258,260,-1,280,260,281,-1,281,260,262,-1,281,262,282,-1,282,262,216,-1,282,216,283,-1,283,216,218,-1,283,218,284,-1,284,218,220,-1,284,220,285,-1,285,220,222,-1,285,222,286,-1,286,222,224,-1,286,224,287,-1,287,224,226,-1,287,226,264,-1,264,226,228,-1,156,282,154,-1,154,282,283,-1,154,283,152,-1,152,283,284,-1,152,284,150,-1,150,284,285,-1,150,285,148,-1,148,285,286,-1,148,286,146,-1,146,286,287,-1,146,287,144,-1,144,287,264,-1,144,264,190,-1,190,264,265,-1,190,265,188,-1,188,265,266,-1,188,266,186,-1,186,266,267,-1,186,267,184,-1,184,267,268,-1,184,268,182,-1,182,268,269,-1,182,269,180,-1,180,269,270,-1,180,270,178,-1,178,270,271,-1,178,271,176,-1,176,271,272,-1,176,272,174,-1,174,272,273,-1,174,273,172,-1,172,273,274,-1,172,274,170,-1,170,274,275,-1,170,275,168,-1,168,275,276,-1,168,276,166,-1,166,276,277,-1,166,277,164,-1,164,277,278,-1,164,278,162,-1,162,278,279,-1,162,279,160,-1,160,279,280,-1,160,280,158,-1,158,280,281,-1,158,281,156,-1,156,281,282,-1,288,289,290,-1,290,289,291,-1,290,291,292,-1,292,291,293,-1,292,293,294,-1,294,293,295,-1,294,295,296,-1,296,295,297,-1,296,297,298,-1,298,297,299,-1,298,299,300,-1,300,299,301,-1,300,301,302,-1,302,301,303,-1,302,303,304,-1,304,303,305,-1,304,305,306,-1,306,305,307,-1,306,307,308,-1,308,307,309,-1,308,309,310,-1,310,309,311,-1,310,311,312,-1,312,311,313,-1,312,313,314,-1,314,313,315,-1,314,315,316,-1,316,315,317,-1,316,317,318,-1,318,317,319,-1,318,319,320,-1,320,319,321,-1,320,321,322,-1,322,321,323,-1,322,323,324,-1,324,323,325,-1,324,325,326,-1,326,325,327,-1,326,327,328,-1,328,327,329,-1,328,329,330,-1,330,329,331,-1,330,331,332,-1,332,331,333,-1,332,333,334,-1,334,333,335,-1,334,335,288,-1,288,335,289,-1,336,299,337,-1,337,299,297,-1,337,297,338,-1,338,297,295,-1,338,295,339,-1,339,295,293,-1,339,293,340,-1,340,293,291,-1,340,291,341,-1,341,291,289,-1,341,289,342,-1,342,289,335,-1,342,335,343,-1,343,335,333,-1,343,333,344,-1,344,333,331,-1,344,331,345,-1,345,331,329,-1,345,329,346,-1,346,329,327,-1,346,327,347,-1,347,327,325,-1,347,325,348,-1,348,325,323,-1,348,323,349,-1,349,323,321,-1,349,321,350,-1,350,321,319,-1,350,319,351,-1,351,319,317,-1,351,317,352,-1,352,317,315,-1,352,315,353,-1,353,315,313,-1,353,313,354,-1,354,313,311,-1,354,311,355,-1,355,311,309,-1,355,309,356,-1,356,309,307,-1,356,307,357,-1,357,307,305,-1,357,305,358,-1,358,305,303,-1,358,303,359,-1,359,303,301,-1,359,301,336,-1,336,301,299,-1,360,361,362,-1,362,361,363,-1,362,363,364,-1,364,363,365,-1,364,365,366,-1,366,365,367,-1,366,367,368,-1,368,367,369,-1,368,369,370,-1,370,369,371,-1,370,371,372,-1,372,371,373,-1,372,373,374,-1,374,373,375,-1,374,375,376,-1,376,375,377,-1,376,377,378,-1,378,377,379,-1,378,379,380,-1,380,379,381,-1,380,381,382,-1,382,381,383,-1,382,383,384,-1,384,383,385,-1,384,385,386,-1,386,385,387,-1,386,387,388,-1,388,387,389,-1,388,389,390,-1,390,389,391,-1,390,391,392,-1,392,391,393,-1,392,393,394,-1,394,393,395,-1,394,395,396,-1,396,395,397,-1,396,397,398,-1,398,397,399,-1,398,399,400,-1,400,399,401,-1,400,401,402,-1,402,401,403,-1,402,403,404,-1,404,403,405,-1,404,405,406,-1,406,405,407,-1,406,407,360,-1,360,407,361,-1,408,372,409,-1,409,372,374,-1,409,374,410,-1,410,374,376,-1,410,376,411,-1,411,376,378,-1,411,378,412,-1,412,378,380,-1,412,380,413,-1,413,380,382,-1,413,382,414,-1,414,382,384,-1,414,384,415,-1,415,384,386,-1,415,386,416,-1,416,386,388,-1,416,388,417,-1,417,388,390,-1,417,390,418,-1,418,390,392,-1,418,392,419,-1,419,392,394,-1,419,394,420,-1,420,394,396,-1,420,396,421,-1,421,396,398,-1,421,398,422,-1,422,398,400,-1,422,400,423,-1,423,400,402,-1,423,402,424,-1,424,402,404,-1,424,404,425,-1,425,404,406,-1,425,406,426,-1,426,406,360,-1,426,360,427,-1,427,360,362,-1,427,362,428,-1,428,362,364,-1,428,364,429,-1,429,364,366,-1,429,366,430,-1,430,366,368,-1,430,368,431,-1,431,368,370,-1,431,370,408,-1,408,370,372,-1,300,426,298,-1,298,426,427,-1,298,427,296,-1,296,427,428,-1,296,428,294,-1,294,428,429,-1,294,429,292,-1,292,429,430,-1,292,430,290,-1,290,430,431,-1,290,431,288,-1,288,431,408,-1,288,408,334,-1,334,408,409,-1,334,409,332,-1,332,409,410,-1,332,410,330,-1,330,410,411,-1,330,411,328,-1,328,411,412,-1,328,412,326,-1,326,412,413,-1,326,413,324,-1,324,413,414,-1,324,414,322,-1,322,414,415,-1,322,415,320,-1,320,415,416,-1,320,416,318,-1,318,416,417,-1,318,417,316,-1,316,417,418,-1,316,418,314,-1,314,418,419,-1,314,419,312,-1,312,419,420,-1,312,420,310,-1,310,420,421,-1,310,421,308,-1,308,421,422,-1,308,422,306,-1,306,422,423,-1,306,423,304,-1,304,423,424,-1,304,424,302,-1,302,424,425,-1,302,425,300,-1,300,425,426,-1,432,433,434,-1,434,433,435,-1,434,435,436,-1,436,435,437,-1,436,437,438,-1,438,437,439,-1,438,439,440,-1,440,439,441,-1,440,441,442,-1,442,441,443,-1,442,443,444,-1,444,443,445,-1,444,445,446,-1,446,445,447,-1,446,447,448,-1,448,447,449,-1,448,449,450,-1,450,449,451,-1,450,451,452,-1,452,451,453,-1,452,453,454,-1,454,453,455,-1,454,455,456,-1,456,455,457,-1,456,457,458,-1,458,457,459,-1,458,459,460,-1,460,459,461,-1,460,461,462,-1,462,461,463,-1,462,463,464,-1,464,463,465,-1,464,465,466,-1,466,465,467,-1,466,467,468,-1,468,467,469,-1,468,469,470,-1,470,469,471,-1,470,471,472,-1,472,471,473,-1,472,473,474,-1,474,473,475,-1,474,475,476,-1,476,475,477,-1,476,477,478,-1,478,477,479,-1,478,479,432,-1,432,479,433,-1,480,443,481,-1,481,443,441,-1,481,441,482,-1,482,441,439,-1,482,439,483,-1,483,439,437,-1,483,437,484,-1,484,437,435,-1,484,435,485,-1,485,435,433,-1,485,433,486,-1,486,433,479,-1,486,479,487,-1,487,479,477,-1,487,477,488,-1,488,477,475,-1,488,475,489,-1,489,475,473,-1,489,473,490,-1,490,473,471,-1,490,471,491,-1,491,471,469,-1,491,469,492,-1,492,469,467,-1,492,467,493,-1,493,467,465,-1,493,465,494,-1,494,465,463,-1,494,463,495,-1,495,463,461,-1,495,461,496,-1,496,461,459,-1,496,459,497,-1,497,459,457,-1,497,457,498,-1,498,457,455,-1,498,455,499,-1,499,455,453,-1,499,453,500,-1,500,453,451,-1,500,451,501,-1,501,451,449,-1,501,449,502,-1,502,449,447,-1,502,447,503,-1,503,447,445,-1,503,445,480,-1,480,445,443,-1,504,505,506,-1,506,505,507,-1,506,507,508,-1,508,507,509,-1,508,509,510,-1,510,509,511,-1,510,511,512,-1,512,511,513,-1,512,513,514,-1,514,513,515,-1,514,515,516,-1,516,515,517,-1,516,517,518,-1,518,517,519,-1,518,519,520,-1,520,519,521,-1,520,521,522,-1,522,521,523,-1,522,523,524,-1,524,523,525,-1,524,525,526,-1,526,525,527,-1,526,527,528,-1,528,527,529,-1,528,529,530,-1,530,529,531,-1,530,531,532,-1,532,531,533,-1,532,533,534,-1,534,533,535,-1,534,535,536,-1,536,535,537,-1,536,537,538,-1,538,537,539,-1,538,539,540,-1,540,539,541,-1,540,541,542,-1,542,541,543,-1,542,543,544,-1,544,543,545,-1,544,545,546,-1,546,545,547,-1,546,547,548,-1,548,547,549,-1,548,549,550,-1,550,549,551,-1,550,551,504,-1,504,551,505,-1,552,516,553,-1,553,516,518,-1,553,518,554,-1,554,518,520,-1,554,520,555,-1,555,520,522,-1,555,522,556,-1,556,522,524,-1,556,524,557,-1,557,524,526,-1,557,526,558,-1,558,526,528,-1,558,528,559,-1,559,528,530,-1,559,530,560,-1,560,530,532,-1,560,532,561,-1,561,532,534,-1,561,534,562,-1,562,534,536,-1,562,536,563,-1,563,536,538,-1,563,538,564,-1,564,538,540,-1,564,540,565,-1,565,540,542,-1,565,542,566,-1,566,542,544,-1,566,544,567,-1,567,544,546,-1,567,546,568,-1,568,546,548,-1,568,548,569,-1,569,548,550,-1,569,550,570,-1,570,550,504,-1,570,504,571,-1,571,504,506,-1,571,506,572,-1,572,506,508,-1,572,508,573,-1,573,508,510,-1,573,510,574,-1,574,510,512,-1,574,512,575,-1,575,512,514,-1,575,514,552,-1,552,514,516,-1,444,570,442,-1,442,570,571,-1,442,571,440,-1,440,571,572,-1,440,572,438,-1,438,572,573,-1,438,573,436,-1,436,573,574,-1,436,574,434,-1,434,574,575,-1,434,575,432,-1,432,575,552,-1,432,552,478,-1,478,552,553,-1,478,553,476,-1,476,553,554,-1,476,554,474,-1,474,554,555,-1,474,555,472,-1,472,555,556,-1,472,556,470,-1,470,556,557,-1,470,557,468,-1,468,557,558,-1,468,558,466,-1,466,558,559,-1,466,559,464,-1,464,559,560,-1,464,560,462,-1,462,560,561,-1,462,561,460,-1,460,561,562,-1,460,562,458,-1,458,562,563,-1,458,563,456,-1,456,563,564,-1,456,564,454,-1,454,564,565,-1,454,565,452,-1,452,565,566,-1,452,566,450,-1,450,566,567,-1,450,567,448,-1,448,567,568,-1,448,568,446,-1,446,568,569,-1,446,569,444,-1,444,569,570,-1,576,577,578,-1,578,577,579,-1,578,579,580,-1,580,579,581,-1,580,581,582,-1,582,581,583,-1,582,583,584,-1,584,583,585,-1,584,585,586,-1,586,585,587,-1,586,587,588,-1,588,587,589,-1,588,589,590,-1,590,589,591,-1,590,591,592,-1,592,591,593,-1,592,593,594,-1,594,593,595,-1,594,595,596,-1,596,595,597,-1,596,597,598,-1,598,597,599,-1,598,599,600,-1,600,599,601,-1,600,601,602,-1,602,601,603,-1,602,603,604,-1,604,603,605,-1,604,605,606,-1,606,605,607,-1,606,607,608,-1,608,607,609,-1,608,609,610,-1,610,609,611,-1,610,611,612,-1,612,611,613,-1,612,613,614,-1,614,613,615,-1,614,615,616,-1,616,615,617,-1,616,617,618,-1,618,617,619,-1,618,619,620,-1,620,619,621,-1,620,621,622,-1,622,621,623,-1,622,623,576,-1,576,623,577,-1,624,615,625,-1,625,615,613,-1,625,613,626,-1,626,613,611,-1,626,611,627,-1,627,611,609,-1,627,609,628,-1,628,609,607,-1,628,607,629,-1,629,607,605,-1,629,605,630,-1,630,605,603,-1,630,603,631,-1,631,603,601,-1,631,601,632,-1,632,601,599,-1,632,599,633,-1,633,599,597,-1,633,597,634,-1,634,597,595,-1,634,595,635,-1,635,595,593,-1,635,593,636,-1,636,593,591,-1,636,591,637,-1,637,591,589,-1,637,589,638,-1,638,589,587,-1,638,587,639,-1,639,587,585,-1,639,585,640,-1,640,585,583,-1,640,583,641,-1,641,583,581,-1,641,581,642,-1,642,581,579,-1,642,579,643,-1,643,579,577,-1,643,577,644,-1,644,577,623,-1,644,623,645,-1,645,623,621,-1,645,621,646,-1,646,621,619,-1,646,619,647,-1,647,619,617,-1,647,617,624,-1,624,617,615,-1,648,649,650,-1,650,649,651,-1,650,651,652,-1,652,651,653,-1,652,653,654,-1,654,653,655,-1,654,655,656,-1,656,655,657,-1,656,657,658,-1,658,657,659,-1,658,659,660,-1,660,659,661,-1,660,661,662,-1,662,661,663,-1,662,663,664,-1,664,663,665,-1,664,665,666,-1,666,665,667,-1,666,667,668,-1,668,667,669,-1,668,669,670,-1,670,669,671,-1,670,671,672,-1,672,671,673,-1,672,673,674,-1,674,673,675,-1,674,675,676,-1,676,675,677,-1,676,677,678,-1,678,677,679,-1,678,679,680,-1,680,679,681,-1,680,681,682,-1,682,681,683,-1,682,683,684,-1,684,683,685,-1,684,685,686,-1,686,685,687,-1,686,687,688,-1,688,687,689,-1,688,689,690,-1,690,689,691,-1,690,691,692,-1,692,691,693,-1,692,693,694,-1,694,693,695,-1,694,695,648,-1,648,695,649,-1,696,680,697,-1,697,680,682,-1,697,682,698,-1,698,682,684,-1,698,684,699,-1,699,684,686,-1,699,686,700,-1,700,686,688,-1,700,688,701,-1,701,688,690,-1,701,690,702,-1,702,690,692,-1,702,692,703,-1,703,692,694,-1,703,694,704,-1,704,694,648,-1,704,648,705,-1,705,648,650,-1,705,650,706,-1,706,650,652,-1,706,652,707,-1,707,652,654,-1,707,654,708,-1,708,654,656,-1,708,656,709,-1,709,656,658,-1,709,658,710,-1,710,658,660,-1,710,660,711,-1,711,660,662,-1,711,662,712,-1,712,662,664,-1,712,664,713,-1,713,664,666,-1,713,666,714,-1,714,666,668,-1,714,668,715,-1,715,668,670,-1,715,670,716,-1,716,670,672,-1,716,672,717,-1,717,672,674,-1,717,674,718,-1,718,674,676,-1,718,676,719,-1,719,676,678,-1,719,678,696,-1,696,678,680,-1,616,704,614,-1,614,704,705,-1,614,705,612,-1,612,705,706,-1,612,706,610,-1,610,706,707,-1,610,707,608,-1,608,707,708,-1,608,708,606,-1,606,708,709,-1,606,709,604,-1,604,709,710,-1,604,710,602,-1,602,710,711,-1,602,711,600,-1,600,711,712,-1,600,712,598,-1,598,712,713,-1,598,713,596,-1,596,713,714,-1,596,714,594,-1,594,714,715,-1,594,715,592,-1,592,715,716,-1,592,716,590,-1,590,716,717,-1,590,717,588,-1,588,717,718,-1,588,718,586,-1,586,718,719,-1,586,719,584,-1,584,719,696,-1,584,696,582,-1,582,696,697,-1,582,697,580,-1,580,697,698,-1,580,698,578,-1,578,698,699,-1,578,699,576,-1,576,699,700,-1,576,700,622,-1,622,700,701,-1,622,701,620,-1,620,701,702,-1,620,702,618,-1,618,702,703,-1,618,703,616,-1,616,703,704,-1,720,721,722,-1,722,721,723,-1,722,723,724,-1,724,723,725,-1,724,725,726,-1,726,725,727,-1,726,727,728,-1,728,727,729,-1,728,729,730,-1,730,729,731,-1,730,731,732,-1,732,731,733,-1,732,733,734,-1,734,733,735,-1,734,735,736,-1,736,735,737,-1,736,737,738,-1,738,737,739,-1,738,739,740,-1,740,739,741,-1,740,741,742,-1,742,741,743,-1,742,743,744,-1,744,743,745,-1,744,745,746,-1,746,745,747,-1,746,747,748,-1,748,747,749,-1,748,749,750,-1,750,749,751,-1,750,751,752,-1,752,751,753,-1,752,753,754,-1,754,753,755,-1,754,755,756,-1,756,755,757,-1,756,757,758,-1,758,757,759,-1,758,759,760,-1,760,759,761,-1,760,761,762,-1,762,761,763,-1,762,763,764,-1,764,763,765,-1,764,765,766,-1,766,765,767,-1,766,767,720,-1,720,767,721,-1,768,735,769,-1,769,735,733,-1,769,733,770,-1,770,733,731,-1,770,731,771,-1,771,731,729,-1,771,729,772,-1,772,729,727,-1,772,727,773,-1,773,727,725,-1,773,725,774,-1,774,725,723,-1,774,723,775,-1,775,723,721,-1,775,721,776,-1,776,721,767,-1,776,767,777,-1,777,767,765,-1,777,765,778,-1,778,765,763,-1,778,763,779,-1,779,763,761,-1,779,761,780,-1,780,761,759,-1,780,759,781,-1,781,759,757,-1,781,757,782,-1,782,757,755,-1,782,755,783,-1,783,755,753,-1,783,753,784,-1,784,753,751,-1,784,751,785,-1,785,751,749,-1,785,749,786,-1,786,749,747,-1,786,747,787,-1,787,747,745,-1,787,745,788,-1,788,745,743,-1,788,743,789,-1,789,743,741,-1,789,741,790,-1,790,741,739,-1,790,739,791,-1,791,739,737,-1,791,737,768,-1,768,737,735,-1,792,793,794,-1,794,793,795,-1,794,795,796,-1,796,795,797,-1,796,797,798,-1,798,797,799,-1,798,799,800,-1,800,799,801,-1,800,801,802,-1,802,801,803,-1,802,803,804,-1,804,803,805,-1,804,805,806,-1,806,805,807,-1,806,807,808,-1,808,807,809,-1,808,809,810,-1,810,809,811,-1,810,811,812,-1,812,811,813,-1,812,813,814,-1,814,813,815,-1,814,815,816,-1,816,815,817,-1,816,817,818,-1,818,817,819,-1,818,819,820,-1,820,819,821,-1,820,821,822,-1,822,821,823,-1,822,823,824,-1,824,823,825,-1,824,825,826,-1,826,825,827,-1,826,827,828,-1,828,827,829,-1,828,829,830,-1,830,829,831,-1,830,831,832,-1,832,831,833,-1,832,833,834,-1,834,833,835,-1,834,835,836,-1,836,835,837,-1,836,837,838,-1,838,837,839,-1,838,839,792,-1,792,839,793,-1,840,804,841,-1,841,804,806,-1,841,806,842,-1,842,806,808,-1,842,808,843,-1,843,808,810,-1,843,810,844,-1,844,810,812,-1,844,812,845,-1,845,812,814,-1,845,814,846,-1,846,814,816,-1,846,816,847,-1,847,816,818,-1,847,818,848,-1,848,818,820,-1,848,820,849,-1,849,820,822,-1,849,822,850,-1,850,822,824,-1,850,824,851,-1,851,824,826,-1,851,826,852,-1,852,826,828,-1,852,828,853,-1,853,828,830,-1,853,830,854,-1,854,830,832,-1,854,832,855,-1,855,832,834,-1,855,834,856,-1,856,834,836,-1,856,836,857,-1,857,836,838,-1,857,838,858,-1,858,838,792,-1,858,792,859,-1,859,792,794,-1,859,794,860,-1,860,794,796,-1,860,796,861,-1,861,796,798,-1,861,798,862,-1,862,798,800,-1,862,800,863,-1,863,800,802,-1,863,802,840,-1,840,802,804,-1,864,865,866,-1,866,865,867,-1,866,867,868,-1,868,867,869,-1,868,869,870,-1,870,869,871,-1,870,871,872,-1,872,871,873,-1,872,873,874,-1,874,873,875,-1,874,875,876,-1,876,875,877,-1,876,877,878,-1,878,877,879,-1,878,879,880,-1,880,879,881,-1,880,881,882,-1,882,881,883,-1,882,883,884,-1,884,883,885,-1,884,885,886,-1,886,885,887,-1,886,887,888,-1,888,887,889,-1,888,889,890,-1,890,889,891,-1,890,891,892,-1,892,891,893,-1,892,893,894,-1,894,893,895,-1,894,895,896,-1,896,895,897,-1,896,897,898,-1,898,897,899,-1,898,899,900,-1,900,899,901,-1,900,901,902,-1,902,901,903,-1,902,903,904,-1,904,903,905,-1,904,905,906,-1,906,905,907,-1,906,907,908,-1,908,907,909,-1,908,909,910,-1,910,909,911,-1,910,911,864,-1,864,911,865,-1,912,879,913,-1,913,879,877,-1,913,877,914,-1,914,877,875,-1,914,875,915,-1,915,875,873,-1,915,873,916,-1,916,873,871,-1,916,871,917,-1,917,871,869,-1,917,869,918,-1,918,869,867,-1,918,867,919,-1,919,867,865,-1,919,865,920,-1,920,865,911,-1,920,911,921,-1,921,911,909,-1,921,909,922,-1,922,909,907,-1,922,907,923,-1,923,907,905,-1,923,905,924,-1,924,905,903,-1,924,903,925,-1,925,903,901,-1,925,901,926,-1,926,901,899,-1,926,899,927,-1,927,899,897,-1,927,897,928,-1,928,897,895,-1,928,895,929,-1,929,895,893,-1,929,893,930,-1,930,893,891,-1,930,891,931,-1,931,891,889,-1,931,889,932,-1,932,889,887,-1,932,887,933,-1,933,887,885,-1,933,885,934,-1,934,885,883,-1,934,883,935,-1,935,883,881,-1,935,881,912,-1,912,881,879,-1,936,937,938,-1,938,937,939,-1,938,939,940,-1,940,939,941,-1,940,941,942,-1,942,941,943,-1,942,943,944,-1,944,943,945,-1,944,945,946,-1,946,945,947,-1,946,947,948,-1,948,947,949,-1,948,949,950,-1,950,949,951,-1,950,951,952,-1,952,951,953,-1,952,953,954,-1,954,953,955,-1,954,955,956,-1,956,955,957,-1,956,957,958,-1,958,957,959,-1,958,959,960,-1,960,959,961,-1,960,961,962,-1,962,961,963,-1,962,963,964,-1,964,963,965,-1,964,965,966,-1,966,965,967,-1,966,967,968,-1,968,967,969,-1,968,969,970,-1,970,969,971,-1,970,971,972,-1,972,971,973,-1,972,973,974,-1,974,973,975,-1,974,975,976,-1,976,975,977,-1,976,977,978,-1,978,977,979,-1,978,979,980,-1,980,979,981,-1,980,981,982,-1,982,981,983,-1,982,983,936,-1,936,983,937,-1,984,944,985,-1,985,944,946,-1,985,946,986,-1,986,946,948,-1,986,948,987,-1,987,948,950,-1,987,950,988,-1,988,950,952,-1,988,952,989,-1,989,952,954,-1,989,954,990,-1,990,954,956,-1,990,956,991,-1,991,956,958,-1,991,958,992,-1,992,958,960,-1,992,960,993,-1,993,960,962,-1,993,962,994,-1,994,962,964,-1,994,964,995,-1,995,964,966,-1,995,966,996,-1,996,966,968,-1,996,968,997,-1,997,968,970,-1,997,970,998,-1,998,970,972,-1,998,972,999,-1,999,972,974,-1,999,974,1000,-1,1000,974,976,-1,1000,976,1001,-1,1001,976,978,-1,1001,978,1002,-1,1002,978,980,-1,1002,980,1003,-1,1003,980,982,-1,1003,982,1004,-1,1004,982,936,-1,1004,936,1005,-1,1005,936,938,-1,1005,938,1006,-1,1006,938,940,-1,1006,940,1007,-1,1007,940,942,-1,1007,942,984,-1,984,942,944,-1,1008,1009,1010,-1,1010,1009,1011,-1,1010,1011,1012,-1,1012,1011,1013,-1,1012,1013,1014,-1,1014,1013,1015,-1,1014,1015,1016,-1,1016,1015,1017,-1,1016,1017,1018,-1,1018,1017,1019,-1,1018,1019,1020,-1,1020,1019,1021,-1,1020,1021,1022,-1,1022,1021,1023,-1,1022,1023,1024,-1,1024,1023,1025,-1,1024,1025,1026,-1,1026,1025,1027,-1,1026,1027,1028,-1,1028,1027,1029,-1,1028,1029,1030,-1,1030,1029,1031,-1,1030,1031,1032,-1,1032,1031,1033,-1,1032,1033,1034,-1,1034,1033,1035,-1,1034,1035,1036,-1,1036,1035,1037,-1,1036,1037,1038,-1,1038,1037,1039,-1,1038,1039,1040,-1,1040,1039,1041,-1,1040,1041,1042,-1,1042,1041,1043,-1,1042,1043,1044,-1,1044,1043,1045,-1,1044,1045,1046,-1,1046,1045,1047,-1,1046,1047,1048,-1,1048,1047,1049,-1,1048,1049,1050,-1,1050,1049,1051,-1,1050,1051,1052,-1,1052,1051,1053,-1,1052,1053,1054,-1,1054,1053,1055,-1,1054,1055,1008,-1,1008,1055,1009,-1,1056,1023,1057,-1,1057,1023,1021,-1,1057,1021,1058,-1,1058,1021,1019,-1,1058,1019,1059,-1,1059,1019,1017,-1,1059,1017,1060,-1,1060,1017,1015,-1,1060,1015,1061,-1,1061,1015,1013,-1,1061,1013,1062,-1,1062,1013,1011,-1,1062,1011,1063,-1,1063,1011,1009,-1,1063,1009,1064,-1,1064,1009,1055,-1,1064,1055,1065,-1,1065,1055,1053,-1,1065,1053,1066,-1,1066,1053,1051,-1,1066,1051,1067,-1,1067,1051,1049,-1,1067,1049,1068,-1,1068,1049,1047,-1,1068,1047,1069,-1,1069,1047,1045,-1,1069,1045,1070,-1,1070,1045,1043,-1,1070,1043,1071,-1,1071,1043,1041,-1,1071,1041,1072,-1,1072,1041,1039,-1,1072,1039,1073,-1,1073,1039,1037,-1,1073,1037,1074,-1,1074,1037,1035,-1,1074,1035,1075,-1,1075,1035,1033,-1,1075,1033,1076,-1,1076,1033,1031,-1,1076,1031,1077,-1,1077,1031,1029,-1,1077,1029,1078,-1,1078,1029,1027,-1,1078,1027,1079,-1,1079,1027,1025,-1,1079,1025,1056,-1,1056,1025,1023,-1,1080,1081,1082,-1,1082,1081,1083,-1,1082,1083,1084,-1,1084,1083,1085,-1,1084,1085,1086,-1,1086,1085,1087,-1,1086,1087,1088,-1,1088,1087,1089,-1,1088,1089,1090,-1,1090,1089,1091,-1,1090,1091,1092,-1,1092,1091,1093,-1,1092,1093,1094,-1,1094,1093,1095,-1,1094,1095,1096,-1,1096,1095,1097,-1,1096,1097,1098,-1,1098,1097,1099,-1,1098,1099,1100,-1,1100,1099,1101,-1,1100,1101,1102,-1,1102,1101,1103,-1,1102,1103,1104,-1,1104,1103,1105,-1,1104,1105,1106,-1,1106,1105,1107,-1,1106,1107,1108,-1,1108,1107,1109,-1,1108,1109,1110,-1,1110,1109,1111,-1,1110,1111,1112,-1,1112,1111,1113,-1,1112,1113,1114,-1,1114,1113,1115,-1,1114,1115,1116,-1,1116,1115,1117,-1,1116,1117,1118,-1,1118,1117,1119,-1,1118,1119,1120,-1,1120,1119,1121,-1,1120,1121,1122,-1,1122,1121,1123,-1,1122,1123,1124,-1,1124,1123,1125,-1,1124,1125,1126,-1,1126,1125,1127,-1,1126,1127,1080,-1,1080,1127,1081,-1,1128,1088,1129,-1,1129,1088,1090,-1,1129,1090,1130,-1,1130,1090,1092,-1,1130,1092,1131,-1,1131,1092,1094,-1,1131,1094,1132,-1,1132,1094,1096,-1,1132,1096,1133,-1,1133,1096,1098,-1,1133,1098,1134,-1,1134,1098,1100,-1,1134,1100,1135,-1,1135,1100,1102,-1,1135,1102,1136,-1,1136,1102,1104,-1,1136,1104,1137,-1,1137,1104,1106,-1,1137,1106,1138,-1,1138,1106,1108,-1,1138,1108,1139,-1,1139,1108,1110,-1,1139,1110,1140,-1,1140,1110,1112,-1,1140,1112,1141,-1,1141,1112,1114,-1,1141,1114,1142,-1,1142,1114,1116,-1,1142,1116,1143,-1,1143,1116,1118,-1,1143,1118,1144,-1,1144,1118,1120,-1,1144,1120,1145,-1,1145,1120,1122,-1,1145,1122,1146,-1,1146,1122,1124,-1,1146,1124,1147,-1,1147,1124,1126,-1,1147,1126,1148,-1,1148,1126,1080,-1,1148,1080,1149,-1,1149,1080,1082,-1,1149,1082,1150,-1,1150,1082,1084,-1,1150,1084,1151,-1,1151,1084,1086,-1,1151,1086,1128,-1,1128,1086,1088,-1,1152,1153,1154,-1,1154,1153,1155,-1,1154,1155,1156,-1,1156,1155,1157,-1,1156,1157,1158,-1,1158,1157,1159,-1,1158,1159,1160,-1,1160,1159,1161,-1,1160,1161,1162,-1,1162,1161,1163,-1,1162,1163,1164,-1,1164,1163,1165,-1,1164,1165,1166,-1,1166,1165,1167,-1,1166,1167,1168,-1,1168,1167,1169,-1,1168,1169,1170,-1,1170,1169,1171,-1,1170,1171,1172,-1,1172,1171,1173,-1,1172,1173,1174,-1,1174,1173,1175,-1,1174,1175,1176,-1,1176,1175,1177,-1,1176,1177,1178,-1,1178,1177,1179,-1,1178,1179,1180,-1,1180,1179,1181,-1,1180,1181,1182,-1,1182,1181,1183,-1,1182,1183,1184,-1,1184,1183,1185,-1,1184,1185,1186,-1,1186,1185,1187,-1,1186,1187,1188,-1,1188,1187,1189,-1,1188,1189,1190,-1,1190,1189,1191,-1,1190,1191,1192,-1,1192,1191,1193,-1,1192,1193,1194,-1,1194,1193,1195,-1,1194,1195,1196,-1,1196,1195,1197,-1,1196,1197,1198,-1,1198,1197,1199,-1,1198,1199,1152,-1,1152,1199,1153,-1,1200,1167,1201,-1,1201,1167,1165,-1,1201,1165,1202,-1,1202,1165,1163,-1,1202,1163,1203,-1,1203,1163,1161,-1,1203,1161,1204,-1,1204,1161,1159,-1,1204,1159,1205,-1,1205,1159,1157,-1,1205,1157,1206,-1,1206,1157,1155,-1,1206,1155,1207,-1,1207,1155,1153,-1,1207,1153,1208,-1,1208,1153,1199,-1,1208,1199,1209,-1,1209,1199,1197,-1,1209,1197,1210,-1,1210,1197,1195,-1,1210,1195,1211,-1,1211,1195,1193,-1,1211,1193,1212,-1,1212,1193,1191,-1,1212,1191,1213,-1,1213,1191,1189,-1,1213,1189,1214,-1,1214,1189,1187,-1,1214,1187,1215,-1,1215,1187,1185,-1,1215,1185,1216,-1,1216,1185,1183,-1,1216,1183,1217,-1,1217,1183,1181,-1,1217,1181,1218,-1,1218,1181,1179,-1,1218,1179,1219,-1,1219,1179,1177,-1,1219,1177,1220,-1,1220,1177,1175,-1,1220,1175,1221,-1,1221,1175,1173,-1,1221,1173,1222,-1,1222,1173,1171,-1,1222,1171,1223,-1,1223,1171,1169,-1,1223,1169,1200,-1,1200,1169,1167,-1,1224,1225,1226,-1,1226,1225,1227,-1,1226,1227,1228,-1,1228,1227,1229,-1,1228,1229,1230,-1,1230,1229,1231,-1,1230,1231,1232,-1,1232,1231,1233,-1,1232,1233,1234,-1,1234,1233,1235,-1,1234,1235,1236,-1,1236,1235,1237,-1,1236,1237,1238,-1,1238,1237,1239,-1,1238,1239,1240,-1,1240,1239,1241,-1,1240,1241,1242,-1,1242,1241,1243,-1,1242,1243,1244,-1,1244,1243,1245,-1,1244,1245,1246,-1,1246,1245,1247,-1,1246,1247,1248,-1,1248,1247,1249,-1,1248,1249,1250,-1,1250,1249,1251,-1,1250,1251,1252,-1,1252,1251,1253,-1,1252,1253,1254,-1,1254,1253,1255,-1,1254,1255,1256,-1,1256,1255,1257,-1,1256,1257,1258,-1,1258,1257,1259,-1,1258,1259,1260,-1,1260,1259,1261,-1,1260,1261,1262,-1,1262,1261,1263,-1,1262,1263,1264,-1,1264,1263,1265,-1,1264,1265,1266,-1,1266,1265,1267,-1,1266,1267,1268,-1,1268,1267,1269,-1,1268,1269,1270,-1,1270,1269,1271,-1,1270,1271,1224,-1,1224,1271,1225,-1,1272,1232,1273,-1,1273,1232,1234,-1,1273,1234,1274,-1,1274,1234,1236,-1,1274,1236,1275,-1,1275,1236,1238,-1,1275,1238,1276,-1,1276,1238,1240,-1,1276,1240,1277,-1,1277,1240,1242,-1,1277,1242,1278,-1,1278,1242,1244,-1,1278,1244,1279,-1,1279,1244,1246,-1,1279,1246,1280,-1,1280,1246,1248,-1,1280,1248,1281,-1,1281,1248,1250,-1,1281,1250,1282,-1,1282,1250,1252,-1,1282,1252,1283,-1,1283,1252,1254,-1,1283,1254,1284,-1,1284,1254,1256,-1,1284,1256,1285,-1,1285,1256,1258,-1,1285,1258,1286,-1,1286,1258,1260,-1,1286,1260,1287,-1,1287,1260,1262,-1,1287,1262,1288,-1,1288,1262,1264,-1,1288,1264,1289,-1,1289,1264,1266,-1,1289,1266,1290,-1,1290,1266,1268,-1,1290,1268,1291,-1,1291,1268,1270,-1,1291,1270,1292,-1,1292,1270,1224,-1,1292,1224,1293,-1,1293,1224,1226,-1,1293,1226,1294,-1,1294,1226,1228,-1,1294,1228,1295,-1,1295,1228,1230,-1,1295,1230,1272,-1,1272,1230,1232,-1,1296,1297,1298,-1,1298,1297,1299,-1,1298,1299,1300,-1,1300,1299,1301,-1,1300,1301,1302,-1,1302,1301,1303,-1,1302,1303,1304,-1,1304,1303,1305,-1,1304,1305,1306,-1,1306,1305,1307,-1,1306,1307,1308,-1,1308,1307,1309,-1,1308,1309,1310,-1,1310,1309,1311,-1,1310,1311,1312,-1,1312,1311,1313,-1,1312,1313,1314,-1,1314,1313,1315,-1,1314,1315,1316,-1,1316,1315,1317,-1,1316,1317,1318,-1,1318,1317,1319,-1,1318,1319,1320,-1,1320,1319,1321,-1,1320,1321,1322,-1,1322,1321,1323,-1,1322,1323,1324,-1,1324,1323,1325,-1,1324,1325,1326,-1,1326,1325,1327,-1,1326,1327,1328,-1,1328,1327,1329,-1,1328,1329,1330,-1,1330,1329,1331,-1,1330,1331,1332,-1,1332,1331,1333,-1,1332,1333,1334,-1,1334,1333,1335,-1,1334,1335,1336,-1,1336,1335,1337,-1,1336,1337,1338,-1,1338,1337,1339,-1,1338,1339,1340,-1,1340,1339,1341,-1,1340,1341,1342,-1,1342,1341,1343,-1,1342,1343,1296,-1,1296,1343,1297,-1,1344,1311,1345,-1,1345,1311,1309,-1,1345,1309,1346,-1,1346,1309,1307,-1,1346,1307,1347,-1,1347,1307,1305,-1,1347,1305,1348,-1,1348,1305,1303,-1,1348,1303,1349,-1,1349,1303,1301,-1,1349,1301,1350,-1,1350,1301,1299,-1,1350,1299,1351,-1,1351,1299,1297,-1,1351,1297,1352,-1,1352,1297,1343,-1,1352,1343,1353,-1,1353,1343,1341,-1,1353,1341,1354,-1,1354,1341,1339,-1,1354,1339,1355,-1,1355,1339,1337,-1,1355,1337,1356,-1,1356,1337,1335,-1,1356,1335,1357,-1,1357,1335,1333,-1,1357,1333,1358,-1,1358,1333,1331,-1,1358,1331,1359,-1,1359,1331,1329,-1,1359,1329,1360,-1,1360,1329,1327,-1,1360,1327,1361,-1,1361,1327,1325,-1,1361,1325,1362,-1,1362,1325,1323,-1,1362,1323,1363,-1,1363,1323,1321,-1,1363,1321,1364,-1,1364,1321,1319,-1,1364,1319,1365,-1,1365,1319,1317,-1,1365,1317,1366,-1,1366,1317,1315,-1,1366,1315,1367,-1,1367,1315,1313,-1,1367,1313,1344,-1,1344,1313,1311,-1,1368,1369,1370,-1,1370,1369,1371,-1,1370,1371,1372,-1,1372,1371,1373,-1,1372,1373,1374,-1,1374,1373,1375,-1,1374,1375,1376,-1,1376,1375,1377,-1,1376,1377,1378,-1,1378,1377,1379,-1,1378,1379,1380,-1,1380,1379,1381,-1,1380,1381,1382,-1,1382,1381,1383,-1,1382,1383,1384,-1,1384,1383,1385,-1,1384,1385,1386,-1,1386,1385,1387,-1,1386,1387,1388,-1,1388,1387,1389,-1,1388,1389,1390,-1,1390,1389,1391,-1,1390,1391,1392,-1,1392,1391,1393,-1,1392,1393,1394,-1,1394,1393,1395,-1,1394,1395,1396,-1,1396,1395,1397,-1,1396,1397,1398,-1,1398,1397,1399,-1,1398,1399,1400,-1,1400,1399,1401,-1,1400,1401,1402,-1,1402,1401,1403,-1,1402,1403,1404,-1,1404,1403,1405,-1,1404,1405,1406,-1,1406,1405,1407,-1,1406,1407,1408,-1,1408,1407,1409,-1,1408,1409,1410,-1,1410,1409,1411,-1,1410,1411,1412,-1,1412,1411,1413,-1,1412,1413,1414,-1,1414,1413,1415,-1,1414,1415,1368,-1,1368,1415,1369,-1,1416,1376,1417,-1,1417,1376,1378,-1,1417,1378,1418,-1,1418,1378,1380,-1,1418,1380,1419,-1,1419,1380,1382,-1,1419,1382,1420,-1,1420,1382,1384,-1,1420,1384,1421,-1,1421,1384,1386,-1,1421,1386,1422,-1,1422,1386,1388,-1,1422,1388,1423,-1,1423,1388,1390,-1,1423,1390,1424,-1,1424,1390,1392,-1,1424,1392,1425,-1,1425,1392,1394,-1,1425,1394,1426,-1,1426,1394,1396,-1,1426,1396,1427,-1,1427,1396,1398,-1,1427,1398,1428,-1,1428,1398,1400,-1,1428,1400,1429,-1,1429,1400,1402,-1,1429,1402,1430,-1,1430,1402,1404,-1,1430,1404,1431,-1,1431,1404,1406,-1,1431,1406,1432,-1,1432,1406,1408,-1,1432,1408,1433,-1,1433,1408,1410,-1,1433,1410,1434,-1,1434,1410,1412,-1,1434,1412,1435,-1,1435,1412,1414,-1,1435,1414,1436,-1,1436,1414,1368,-1,1436,1368,1437,-1,1437,1368,1370,-1,1437,1370,1438,-1,1438,1370,1372,-1,1438,1372,1439,-1,1439,1372,1374,-1,1439,1374,1416,-1,1416,1374,1376,-1,1440,1441,1442,-1,1442,1441,1443,-1,1442,1443,1444,-1,1444,1443,1445,-1,1444,1445,1446,-1,1446,1445,1447,-1,1446,1447,1448,-1,1448,1447,1449,-1,1448,1449,1450,-1,1450,1449,1451,-1,1450,1451,1452,-1,1452,1451,1453,-1,1452,1453,1454,-1,1454,1453,1455,-1,1454,1455,1456,-1,1456,1455,1457,-1,1456,1457,1458,-1,1458,1457,1459,-1,1458,1459,1460,-1,1460,1459,1461,-1,1460,1461,1462,-1,1462,1461,1463,-1,1462,1463,1464,-1,1464,1463,1465,-1,1464,1465,1466,-1,1466,1465,1467,-1,1466,1467,1468,-1,1468,1467,1469,-1,1468,1469,1470,-1,1470,1469,1471,-1,1470,1471,1472,-1,1472,1471,1473,-1,1472,1473,1474,-1,1474,1473,1475,-1,1474,1475,1476,-1,1476,1475,1477,-1,1476,1477,1478,-1,1478,1477,1479,-1,1478,1479,1480,-1,1480,1479,1481,-1,1480,1481,1482,-1,1482,1481,1483,-1,1482,1483,1484,-1,1484,1483,1485,-1,1484,1485,1486,-1,1486,1485,1487,-1,1486,1487,1440,-1,1440,1487,1441,-1,1488,1455,1489,-1,1489,1455,1453,-1,1489,1453,1490,-1,1490,1453,1451,-1,1490,1451,1491,-1,1491,1451,1449,-1,1491,1449,1492,-1,1492,1449,1447,-1,1492,1447,1493,-1,1493,1447,1445,-1,1493,1445,1494,-1,1494,1445,1443,-1,1494,1443,1495,-1,1495,1443,1441,-1,1495,1441,1496,-1,1496,1441,1487,-1,1496,1487,1497,-1,1497,1487,1485,-1,1497,1485,1498,-1,1498,1485,1483,-1,1498,1483,1499,-1,1499,1483,1481,-1,1499,1481,1500,-1,1500,1481,1479,-1,1500,1479,1501,-1,1501,1479,1477,-1,1501,1477,1502,-1,1502,1477,1475,-1,1502,1475,1503,-1,1503,1475,1473,-1,1503,1473,1504,-1,1504,1473,1471,-1,1504,1471,1505,-1,1505,1471,1469,-1,1505,1469,1506,-1,1506,1469,1467,-1,1506,1467,1507,-1,1507,1467,1465,-1,1507,1465,1508,-1,1508,1465,1463,-1,1508,1463,1509,-1,1509,1463,1461,-1,1509,1461,1510,-1,1510,1461,1459,-1,1510,1459,1511,-1,1511,1459,1457,-1,1511,1457,1488,-1,1488,1457,1455,-1,1512,1513,1514,-1,1514,1513,1515,-1,1514,1515,1516,-1,1516,1515,1517,-1,1516,1517,1518,-1,1518,1517,1519,-1,1518,1519,1520,-1,1520,1519,1521,-1,1520,1521,1522,-1,1522,1521,1523,-1,1522,1523,1524,-1,1524,1523,1525,-1,1524,1525,1526,-1,1526,1525,1527,-1,1526,1527,1528,-1,1528,1527,1529,-1,1528,1529,1530,-1,1530,1529,1531,-1,1530,1531,1532,-1,1532,1531,1533,-1,1532,1533,1534,-1,1534,1533,1535,-1,1534,1535,1536,-1,1536,1535,1537,-1,1536,1537,1538,-1,1538,1537,1539,-1,1538,1539,1540,-1,1540,1539,1541,-1,1540,1541,1542,-1,1542,1541,1543,-1,1542,1543,1544,-1,1544,1543,1545,-1,1544,1545,1546,-1,1546,1545,1547,-1,1546,1547,1548,-1,1548,1547,1549,-1,1548,1549,1550,-1,1550,1549,1551,-1,1550,1551,1552,-1,1552,1551,1553,-1,1552,1553,1554,-1,1554,1553,1555,-1,1554,1555,1556,-1,1556,1555,1557,-1,1556,1557,1558,-1,1558,1557,1559,-1,1558,1559,1512,-1,1512,1559,1513,-1,1560,1524,1561,-1,1561,1524,1526,-1,1561,1526,1562,-1,1562,1526,1528,-1,1562,1528,1563,-1,1563,1528,1530,-1,1563,1530,1564,-1,1564,1530,1532,-1,1564,1532,1565,-1,1565,1532,1534,-1,1565,1534,1566,-1,1566,1534,1536,-1,1566,1536,1567,-1,1567,1536,1538,-1,1567,1538,1568,-1,1568,1538,1540,-1,1568,1540,1569,-1,1569,1540,1542,-1,1569,1542,1570,-1,1570,1542,1544,-1,1570,1544,1571,-1,1571,1544,1546,-1,1571,1546,1572,-1,1572,1546,1548,-1,1572,1548,1573,-1,1573,1548,1550,-1,1573,1550,1574,-1,1574,1550,1552,-1,1574,1552,1575,-1,1575,1552,1554,-1,1575,1554,1576,-1,1576,1554,1556,-1,1576,1556,1577,-1,1577,1556,1558,-1,1577,1558,1578,-1,1578,1558,1512,-1,1578,1512,1579,-1,1579,1512,1514,-1,1579,1514,1580,-1,1580,1514,1516,-1,1580,1516,1581,-1,1581,1516,1518,-1,1581,1518,1582,-1,1582,1518,1520,-1,1582,1520,1583,-1,1583,1520,1522,-1,1583,1522,1560,-1,1560,1522,1524,-1,1584,1585,1586,-1,1586,1585,1587,-1,1586,1587,1588,-1,1588,1587,1589,-1,1588,1589,1590,-1,1590,1589,1591,-1,1590,1591,1592,-1,1592,1591,1593,-1,1592,1593,1594,-1,1594,1593,1595,-1,1594,1595,1596,-1,1596,1595,1597,-1,1596,1597,1598,-1,1598,1597,1599,-1,1598,1599,1600,-1,1600,1599,1601,-1,1600,1601,1602,-1,1602,1601,1603,-1,1602,1603,1604,-1,1604,1603,1605,-1,1604,1605,1606,-1,1606,1605,1607,-1,1606,1607,1608,-1,1608,1607,1609,-1,1608,1609,1610,-1,1610,1609,1611,-1,1610,1611,1612,-1,1612,1611,1613,-1,1612,1613,1614,-1,1614,1613,1615,-1,1614,1615,1616,-1,1616,1615,1617,-1,1616,1617,1618,-1,1618,1617,1619,-1,1618,1619,1620,-1,1620,1619,1621,-1,1620,1621,1622,-1,1622,1621,1623,-1,1622,1623,1624,-1,1624,1623,1625,-1,1624,1625,1626,-1,1626,1625,1627,-1,1626,1627,1628,-1,1628,1627,1629,-1,1628,1629,1630,-1,1630,1629,1631,-1,1630,1631,1584,-1,1584,1631,1585,-1,1632,1599,1633,-1,1633,1599,1597,-1,1633,1597,1634,-1,1634,1597,1595,-1,1634,1595,1635,-1,1635,1595,1593,-1,1635,1593,1636,-1,1636,1593,1591,-1,1636,1591,1637,-1,1637,1591,1589,-1,1637,1589,1638,-1,1638,1589,1587,-1,1638,1587,1639,-1,1639,1587,1585,-1,1639,1585,1640,-1,1640,1585,1631,-1,1640,1631,1641,-1,1641,1631,1629,-1,1641,1629,1642,-1,1642,1629,1627,-1,1642,1627,1643,-1,1643,1627,1625,-1,1643,1625,1644,-1,1644,1625,1623,-1,1644,1623,1645,-1,1645,1623,1621,-1,1645,1621,1646,-1,1646,1621,1619,-1,1646,1619,1647,-1,1647,1619,1617,-1,1647,1617,1648,-1,1648,1617,1615,-1,1648,1615,1649,-1,1649,1615,1613,-1,1649,1613,1650,-1,1650,1613,1611,-1,1650,1611,1651,-1,1651,1611,1609,-1,1651,1609,1652,-1,1652,1609,1607,-1,1652,1607,1653,-1,1653,1607,1605,-1,1653,1605,1654,-1,1654,1605,1603,-1,1654,1603,1655,-1,1655,1603,1601,-1,1655,1601,1632,-1,1632,1601,1599,-1,1656,1657,1658,-1,1658,1657,1659,-1,1658,1659,1660,-1,1660,1659,1661,-1,1660,1661,1662,-1,1662,1661,1663,-1,1662,1663,1664,-1,1664,1663,1665,-1,1664,1665,1666,-1,1666,1665,1667,-1,1666,1667,1668,-1,1668,1667,1669,-1,1668,1669,1670,-1,1670,1669,1671,-1,1670,1671,1672,-1,1672,1671,1673,-1,1672,1673,1674,-1,1674,1673,1675,-1,1674,1675,1676,-1,1676,1675,1677,-1,1676,1677,1678,-1,1678,1677,1679,-1,1678,1679,1680,-1,1680,1679,1681,-1,1680,1681,1682,-1,1682,1681,1683,-1,1682,1683,1684,-1,1684,1683,1685,-1,1684,1685,1686,-1,1686,1685,1687,-1,1686,1687,1688,-1,1688,1687,1689,-1,1688,1689,1690,-1,1690,1689,1691,-1,1690,1691,1692,-1,1692,1691,1693,-1,1692,1693,1694,-1,1694,1693,1695,-1,1694,1695,1696,-1,1696,1695,1697,-1,1696,1697,1698,-1,1698,1697,1699,-1,1698,1699,1700,-1,1700,1699,1701,-1,1700,1701,1702,-1,1702,1701,1703,-1,1702,1703,1656,-1,1656,1703,1657,-1,1704,1664,1705,-1,1705,1664,1666,-1,1705,1666,1706,-1,1706,1666,1668,-1,1706,1668,1707,-1,1707,1668,1670,-1,1707,1670,1708,-1,1708,1670,1672,-1,1708,1672,1709,-1,1709,1672,1674,-1,1709,1674,1710,-1,1710,1674,1676,-1,1710,1676,1711,-1,1711,1676,1678,-1,1711,1678,1712,-1,1712,1678,1680,-1,1712,1680,1713,-1,1713,1680,1682,-1,1713,1682,1714,-1,1714,1682,1684,-1,1714,1684,1715,-1,1715,1684,1686,-1,1715,1686,1716,-1,1716,1686,1688,-1,1716,1688,1717,-1,1717,1688,1690,-1,1717,1690,1718,-1,1718,1690,1692,-1,1718,1692,1719,-1,1719,1692,1694,-1,1719,1694,1720,-1,1720,1694,1696,-1,1720,1696,1721,-1,1721,1696,1698,-1,1721,1698,1722,-1,1722,1698,1700,-1,1722,1700,1723,-1,1723,1700,1702,-1,1723,1702,1724,-1,1724,1702,1656,-1,1724,1656,1725,-1,1725,1656,1658,-1,1725,1658,1726,-1,1726,1658,1660,-1,1726,1660,1727,-1,1727,1660,1662,-1,1727,1662,1704,-1,1704,1662,1664,-1,1728,1729,1730,-1,1730,1729,1731,-1,1730,1731,1732,-1,1732,1731,1733,-1,1732,1733,1734,-1,1734,1733,1735,-1,1734,1735,1736,-1,1736,1735,1737,-1,1736,1737,1738,-1,1738,1737,1739,-1,1738,1739,1740,-1,1740,1739,1741,-1,1740,1741,1742,-1,1742,1741,1743,-1,1742,1743,1744,-1,1744,1743,1745,-1,1744,1745,1746,-1,1746,1745,1747,-1,1746,1747,1748,-1,1748,1747,1749,-1,1748,1749,1750,-1,1750,1749,1751,-1,1750,1751,1752,-1,1752,1751,1753,-1,1752,1753,1754,-1,1754,1753,1755,-1,1754,1755,1756,-1,1756,1755,1757,-1,1756,1757,1758,-1,1758,1757,1759,-1,1758,1759,1760,-1,1760,1759,1761,-1,1760,1761,1762,-1,1762,1761,1763,-1,1762,1763,1764,-1,1764,1763,1765,-1,1764,1765,1766,-1,1766,1765,1767,-1,1766,1767,1768,-1,1768,1767,1769,-1,1768,1769,1770,-1,1770,1769,1771,-1,1770,1771,1772,-1,1772,1771,1773,-1,1772,1773,1774,-1,1774,1773,1775,-1,1774,1775,1728,-1,1728,1775,1729,-1,1776,1767,1777,-1,1777,1767,1765,-1,1777,1765,1778,-1,1778,1765,1763,-1,1778,1763,1779,-1,1779,1763,1761,-1,1779,1761,1780,-1,1780,1761,1759,-1,1780,1759,1781,-1,1781,1759,1757,-1,1781,1757,1782,-1,1782,1757,1755,-1,1782,1755,1783,-1,1783,1755,1753,-1,1783,1753,1784,-1,1784,1753,1751,-1,1784,1751,1785,-1,1785,1751,1749,-1,1785,1749,1786,-1,1786,1749,1747,-1,1786,1747,1787,-1,1787,1747,1745,-1,1787,1745,1788,-1,1788,1745,1743,-1,1788,1743,1789,-1,1789,1743,1741,-1,1789,1741,1790,-1,1790,1741,1739,-1,1790,1739,1791,-1,1791,1739,1737,-1,1791,1737,1792,-1,1792,1737,1735,-1,1792,1735,1793,-1,1793,1735,1733,-1,1793,1733,1794,-1,1794,1733,1731,-1,1794,1731,1795,-1,1795,1731,1729,-1,1795,1729,1796,-1,1796,1729,1775,-1,1796,1775,1797,-1,1797,1775,1773,-1,1797,1773,1798,-1,1798,1773,1771,-1,1798,1771,1799,-1,1799,1771,1769,-1,1799,1769,1776,-1,1776,1769,1767,-1,1800,1801,1802,-1,1802,1801,1803,-1,1802,1803,1804,-1,1804,1803,1805,-1,1804,1805,1806,-1,1806,1805,1807,-1,1806,1807,1808,-1,1808,1807,1809,-1,1808,1809,1810,-1,1810,1809,1811,-1,1810,1811,1812,-1,1812,1811,1813,-1,1812,1813,1814,-1,1814,1813,1815,-1,1814,1815,1816,-1,1816,1815,1817,-1,1816,1817,1818,-1,1818,1817,1819,-1,1818,1819,1820,-1,1820,1819,1821,-1,1820,1821,1822,-1,1822,1821,1823,-1,1822,1823,1824,-1,1824,1823,1825,-1,1824,1825,1826,-1,1826,1825,1827,-1,1826,1827,1828,-1,1828,1827,1829,-1,1828,1829,1830,-1,1830,1829,1831,-1,1830,1831,1832,-1,1832,1831,1833,-1,1832,1833,1834,-1,1834,1833,1835,-1,1834,1835,1836,-1,1836,1835,1837,-1,1836,1837,1838,-1,1838,1837,1839,-1,1838,1839,1840,-1,1840,1839,1841,-1,1840,1841,1842,-1,1842,1841,1843,-1,1842,1843,1844,-1,1844,1843,1845,-1,1844,1845,1846,-1,1846,1845,1847,-1,1846,1847,1800,-1,1800,1847,1801,-1,1848,1832,1849,-1,1849,1832,1834,-1,1849,1834,1850,-1,1850,1834,1836,-1,1850,1836,1851,-1,1851,1836,1838,-1,1851,1838,1852,-1,1852,1838,1840,-1,1852,1840,1853,-1,1853,1840,1842,-1,1853,1842,1854,-1,1854,1842,1844,-1,1854,1844,1855,-1,1855,1844,1846,-1,1855,1846,1856,-1,1856,1846,1800,-1,1856,1800,1857,-1,1857,1800,1802,-1,1857,1802,1858,-1,1858,1802,1804,-1,1858,1804,1859,-1,1859,1804,1806,-1,1859,1806,1860,-1,1860,1806,1808,-1,1860,1808,1861,-1,1861,1808,1810,-1,1861,1810,1862,-1,1862,1810,1812,-1,1862,1812,1863,-1,1863,1812,1814,-1,1863,1814,1864,-1,1864,1814,1816,-1,1864,1816,1865,-1,1865,1816,1818,-1,1865,1818,1866,-1,1866,1818,1820,-1,1866,1820,1867,-1,1867,1820,1822,-1,1867,1822,1868,-1,1868,1822,1824,-1,1868,1824,1869,-1,1869,1824,1826,-1,1869,1826,1870,-1,1870,1826,1828,-1,1870,1828,1871,-1,1871,1828,1830,-1,1871,1830,1848,-1,1848,1830,1832,-1,1768,1856,1766,-1,1766,1856,1857,-1,1766,1857,1764,-1,1764,1857,1858,-1,1764,1858,1762,-1,1762,1858,1859,-1,1762,1859,1760,-1,1760,1859,1860,-1,1760,1860,1758,-1,1758,1860,1861,-1,1758,1861,1756,-1,1756,1861,1862,-1,1756,1862,1754,-1,1754,1862,1863,-1,1754,1863,1752,-1,1752,1863,1864,-1,1752,1864,1750,-1,1750,1864,1865,-1,1750,1865,1748,-1,1748,1865,1866,-1,1748,1866,1746,-1,1746,1866,1867,-1,1746,1867,1744,-1,1744,1867,1868,-1,1744,1868,1742,-1,1742,1868,1869,-1,1742,1869,1740,-1,1740,1869,1870,-1,1740,1870,1738,-1,1738,1870,1871,-1,1738,1871,1736,-1,1736,1871,1848,-1,1736,1848,1734,-1,1734,1848,1849,-1,1734,1849,1732,-1,1732,1849,1850,-1,1732,1850,1730,-1,1730,1850,1851,-1,1730,1851,1728,-1,1728,1851,1852,-1,1728,1852,1774,-1,1774,1852,1853,-1,1774,1853,1772,-1,1772,1853,1854,-1,1772,1854,1770,-1,1770,1854,1855,-1,1770,1855,1768,-1,1768,1855,1856,-1,1600,1724,1598,-1,1598,1724,1725,-1,1598,1725,1596,-1,1596,1725,1726,-1,1596,1726,1594,-1,1594,1726,1727,-1,1594,1727,1592,-1,1592,1727,1704,-1,1592,1704,1590,-1,1590,1704,1705,-1,1590,1705,1588,-1,1588,1705,1706,-1,1588,1706,1586,-1,1586,1706,1707,-1,1586,1707,1584,-1,1584,1707,1708,-1,1584,1708,1630,-1,1630,1708,1709,-1,1630,1709,1628,-1,1628,1709,1710,-1,1628,1710,1626,-1,1626,1710,1711,-1,1626,1711,1624,-1,1624,1711,1712,-1,1624,1712,1622,-1,1622,1712,1713,-1,1622,1713,1620,-1,1620,1713,1714,-1,1620,1714,1618,-1,1618,1714,1715,-1,1618,1715,1616,-1,1616,1715,1716,-1,1616,1716,1614,-1,1614,1716,1717,-1,1614,1717,1612,-1,1612,1717,1718,-1,1612,1718,1610,-1,1610,1718,1719,-1,1610,1719,1608,-1,1608,1719,1720,-1,1608,1720,1606,-1,1606,1720,1721,-1,1606,1721,1604,-1,1604,1721,1722,-1,1604,1722,1602,-1,1602,1722,1723,-1,1602,1723,1600,-1,1600,1723,1724,-1,1456,1578,1454,-1,1454,1578,1579,-1,1454,1579,1452,-1,1452,1579,1580,-1,1452,1580,1450,-1,1450,1580,1581,-1,1450,1581,1448,-1,1448,1581,1582,-1,1448,1582,1446,-1,1446,1582,1583,-1,1446,1583,1444,-1,1444,1583,1560,-1,1444,1560,1442,-1,1442,1560,1561,-1,1442,1561,1440,-1,1440,1561,1562,-1,1440,1562,1486,-1,1486,1562,1563,-1,1486,1563,1484,-1,1484,1563,1564,-1,1484,1564,1482,-1,1482,1564,1565,-1,1482,1565,1480,-1,1480,1565,1566,-1,1480,1566,1478,-1,1478,1566,1567,-1,1478,1567,1476,-1,1476,1567,1568,-1,1476,1568,1474,-1,1474,1568,1569,-1,1474,1569,1472,-1,1472,1569,1570,-1,1472,1570,1470,-1,1470,1570,1571,-1,1470,1571,1468,-1,1468,1571,1572,-1,1468,1572,1466,-1,1466,1572,1573,-1,1466,1573,1464,-1,1464,1573,1574,-1,1464,1574,1462,-1,1462,1574,1575,-1,1462,1575,1460,-1,1460,1575,1576,-1,1460,1576,1458,-1,1458,1576,1577,-1,1458,1577,1456,-1,1456,1577,1578,-1,1312,1436,1310,-1,1310,1436,1437,-1,1310,1437,1308,-1,1308,1437,1438,-1,1308,1438,1306,-1,1306,1438,1439,-1,1306,1439,1304,-1,1304,1439,1416,-1,1304,1416,1302,-1,1302,1416,1417,-1,1302,1417,1300,-1,1300,1417,1418,-1,1300,1418,1298,-1,1298,1418,1419,-1,1298,1419,1296,-1,1296,1419,1420,-1,1296,1420,1342,-1,1342,1420,1421,-1,1342,1421,1340,-1,1340,1421,1422,-1,1340,1422,1338,-1,1338,1422,1423,-1,1338,1423,1336,-1,1336,1423,1424,-1,1336,1424,1334,-1,1334,1424,1425,-1,1334,1425,1332,-1,1332,1425,1426,-1,1332,1426,1330,-1,1330,1426,1427,-1,1330,1427,1328,-1,1328,1427,1428,-1,1328,1428,1326,-1,1326,1428,1429,-1,1326,1429,1324,-1,1324,1429,1430,-1,1324,1430,1322,-1,1322,1430,1431,-1,1322,1431,1320,-1,1320,1431,1432,-1,1320,1432,1318,-1,1318,1432,1433,-1,1318,1433,1316,-1,1316,1433,1434,-1,1316,1434,1314,-1,1314,1434,1435,-1,1314,1435,1312,-1,1312,1435,1436,-1,1168,1292,1166,-1,1166,1292,1293,-1,1166,1293,1164,-1,1164,1293,1294,-1,1164,1294,1162,-1,1162,1294,1295,-1,1162,1295,1160,-1,1160,1295,1272,-1,1160,1272,1158,-1,1158,1272,1273,-1,1158,1273,1156,-1,1156,1273,1274,-1,1156,1274,1154,-1,1154,1274,1275,-1,1154,1275,1152,-1,1152,1275,1276,-1,1152,1276,1198,-1,1198,1276,1277,-1,1198,1277,1196,-1,1196,1277,1278,-1,1196,1278,1194,-1,1194,1278,1279,-1,1194,1279,1192,-1,1192,1279,1280,-1,1192,1280,1190,-1,1190,1280,1281,-1,1190,1281,1188,-1,1188,1281,1282,-1,1188,1282,1186,-1,1186,1282,1283,-1,1186,1283,1184,-1,1184,1283,1284,-1,1184,1284,1182,-1,1182,1284,1285,-1,1182,1285,1180,-1,1180,1285,1286,-1,1180,1286,1178,-1,1178,1286,1287,-1,1178,1287,1176,-1,1176,1287,1288,-1,1176,1288,1174,-1,1174,1288,1289,-1,1174,1289,1172,-1,1172,1289,1290,-1,1172,1290,1170,-1,1170,1290,1291,-1,1170,1291,1168,-1,1168,1291,1292,-1,1024,1148,1022,-1,1022,1148,1149,-1,1022,1149,1020,-1,1020,1149,1150,-1,1020,1150,1018,-1,1018,1150,1151,-1,1018,1151,1016,-1,1016,1151,1128,-1,1016,1128,1014,-1,1014,1128,1129,-1,1014,1129,1012,-1,1012,1129,1130,-1,1012,1130,1010,-1,1010,1130,1131,-1,1010,1131,1008,-1,1008,1131,1132,-1,1008,1132,1054,-1,1054,1132,1133,-1,1054,1133,1052,-1,1052,1133,1134,-1,1052,1134,1050,-1,1050,1134,1135,-1,1050,1135,1048,-1,1048,1135,1136,-1,1048,1136,1046,-1,1046,1136,1137,-1,1046,1137,1044,-1,1044,1137,1138,-1,1044,1138,1042,-1,1042,1138,1139,-1,1042,1139,1040,-1,1040,1139,1140,-1,1040,1140,1038,-1,1038,1140,1141,-1,1038,1141,1036,-1,1036,1141,1142,-1,1036,1142,1034,-1,1034,1142,1143,-1,1034,1143,1032,-1,1032,1143,1144,-1,1032,1144,1030,-1,1030,1144,1145,-1,1030,1145,1028,-1,1028,1145,1146,-1,1028,1146,1026,-1,1026,1146,1147,-1,1026,1147,1024,-1,1024,1147,1148,-1,880,1004,878,-1,878,1004,1005,-1,878,1005,876,-1,876,1005,1006,-1,876,1006,874,-1,874,1006,1007,-1,874,1007,872,-1,872,1007,984,-1,872,984,870,-1,870,984,985,-1,870,985,868,-1,868,985,986,-1,868,986,866,-1,866,986,987,-1,866,987,864,-1,864,987,988,-1,864,988,910,-1,910,988,989,-1,910,989,908,-1,908,989,990,-1,908,990,906,-1,906,990,991,-1,906,991,904,-1,904,991,992,-1,904,992,902,-1,902,992,993,-1,902,993,900,-1,900,993,994,-1,900,994,898,-1,898,994,995,-1,898,995,896,-1,896,995,996,-1,896,996,894,-1,894,996,997,-1,894,997,892,-1,892,997,998,-1,892,998,890,-1,890,998,999,-1,890,999,888,-1,888,999,1000,-1,888,1000,886,-1,886,1000,1001,-1,886,1001,884,-1,884,1001,1002,-1,884,1002,882,-1,882,1002,1003,-1,882,1003,880,-1,880,1003,1004,-1,736,858,734,-1,734,858,859,-1,734,859,732,-1,732,859,860,-1,732,860,730,-1,730,860,861,-1,730,861,728,-1,728,861,862,-1,728,862,726,-1,726,862,863,-1,726,863,724,-1,724,863,840,-1,724,840,722,-1,722,840,841,-1,722,841,720,-1,720,841,842,-1,720,842,766,-1,766,842,843,-1,766,843,764,-1,764,843,844,-1,764,844,762,-1,762,844,845,-1,762,845,760,-1,760,845,846,-1,760,846,758,-1,758,846,847,-1,758,847,756,-1,756,847,848,-1,756,848,754,-1,754,848,849,-1,754,849,752,-1,752,849,850,-1,752,850,750,-1,750,850,851,-1,750,851,748,-1,748,851,852,-1,748,852,746,-1,746,852,853,-1,746,853,744,-1,744,853,854,-1,744,854,742,-1,742,854,855,-1,742,855,740,-1,740,855,856,-1,740,856,738,-1,738,856,857,-1,738,857,736,-1,736,857,858,-1,
        ]
    }
}