#VRML V2.0 utf8
# 3D model generated by easyeda2kicad.py (https://github.com/uPesy/easyeda2kicad.py)

Shape{
    appearance Appearance {
        material  Material 	{
            diffuseColor 0.25098039215686274 0.25098039215686274 0.25098039215686274
            specularColor 0.12549019607843137 0.12549019607843137 0.12549019607843137
            ambientIntensity 0.251
            transparency 0.0
            shininess 0.5
        }
    }
    geometry IndexedFaceSet {
        ccw TRUE
        solid FALSE
        coord DEF co Coordinate {
            point [
                4.998 -4.6063 0.0394, 4.998 -2.0841 0.0394, 4.998 -2.0841 0.9927, 4.998 2.6064 1.3676, 4.998 2.6909 1.3676, 4.998 2.6909 1.4436, 4.998 2.323 1.0997, 4.998 2.3121 1.0985, 4.998 2.3787 1.0985, 4.998 2.9003 1.5241, 4.998 2.8731 1.5971, 4.998 2.7752 1.5971, 4.998 1.2855 1.8146, 4.998 1.3162 1.7933, 4.998 1.758 1.7933, 4.998 1.3583 1.764, 4.998 1.4247 1.6859, 4.998 1.6335 1.4436, 4.998 1.758 1.4436, 4.998 1.6168 1.4853, 4.998 1.5781 1.5393, 4.998 1.5267 1.5829, 4.998 1.4608 1.614, 4.998 1.4702 1.6109, 4.998 1.1915 1.8514, 4.998 1.758 2.762, 4.998 1.1003 1.8626, 4.998 1.0159 1.8533, 4.998 0.9278 1.8219, 4.998 -2.0841 2.762, 4.998 0.8803 1.7933, 4.998 -2.0841 1.7933, 4.998 0.8726 1.7886, 4.998 0.4816 1.5594, 4.998 0.5272 1.6178, 4.998 0.6707 1.6997, 4.998 0.7454 1.7089, 4.998 0.828 1.7504, 4.998 0.7672 1.7077, 4.998 0.7891 1.7051, 4.998 0.54 1.63, 4.998 0.6004 1.6724, 4.998 0.5765 1.1445, 4.998 0.5177 1.1947, 4.998 -2.0841 1.0985, 4.998 0.645 1.1109, 4.998 0.4743 1.2566, 4.998 0.4472 1.3272, 4.998 -2.0841 1.4436, 4.998 0.438 1.4015, 4.998 0.4385 1.4198, 4.998 0.4428 1.4436, 4.998 0.4513 1.4911, 4.998 0.6695 1.1036, 4.998 0.6719 1.0985, 4.998 0.6885 1.0629, 4.998 0.7168 1.0281, 4.998 1.758 0.0394, 4.998 1.758 0.9927, 4.998 0.9284 0.9927, 4.998 0.8957 0.9802, 4.998 0.8498 0.9745, 4.998 0.8425 0.9747, 4.998 0.7977 0.9817, 4.998 0.7713 0.9927, 4.998 0.7539 1.0001, 4.998 1.758 1.0985, 4.998 1.0276 1.0985, 4.998 1.0274 1.0978, 4.998 1.005 1.0555, 4.998 0.9758 1.0228, 4.998 0.938 0.9965, 4.998 1.2699 1.2104, 4.998 1.2829 1.2156, 4.998 1.3052 1.3237, 4.998 1.5785 1.1852, 4.998 1.5268 1.1415, 4.998 0.9921 1.2915, 4.998 1.2464 1.4243, 4.998 0.959 1.3216, 4.998 0.9187 1.3432, 4.998 1.2582 1.2021, 4.998 1.6161 1.2376, 4.998 1.5301 1.3801, 4.998 1.5212 1.4166, 4.998 1.5066 1.4436, 4.998 0.5623 1.4436, 4.998 1.64 1.4274, 4.998 1.6487 1.3655, 4.998 1.64 1.2977, 4.998 1.2976 1.2174, 4.998 1.2995 1.2173, 4.998 1.3052 1.216, 4.998 0.5734 1.3297, 4.998 0.596 1.2911, 4.998 0.6924 1.2715, 4.998 0.6301 1.2562, 4.998 0.6714 1.2307, 4.998 0.7626 1.3344, 4.998 0.7238 1.3074, 4.998 0.5575 1.4053, 4.998 0.5598 1.3761, 4.998 0.8045 1.3504, 4.998 0.8498 1.356, 4.998 0.8729 1.3546, 4.998 1.2388 1.1586, 4.998 1.2393 1.1661, 4.998 1.0395 1.1833, 4.998 1.2431 1.1805, 4.998 1.2504 1.1935, 4.998 1.4925 1.2632, 4.998 1.5134 1.2928, 4.998 1.5265 1.3266, 4.998 1.531 1.3636, 4.998 1.2831 1.1015, 4.998 1.2706 1.1065, 4.998 1.2583 1.1152, 4.998 1.2539 1.1197, 4.998 1.2456 1.1316, 4.998 1.2406 1.1445, 4.998 1.0385 1.1446, 4.998 1.0395 1.1643, 4.998 1.4689 1.1131, 4.998 1.4058 1.0998, 4.998 1.2938 1.0998, 4.998 1.309 1.2155, 4.998 1.3944 1.2155, 4.998 1.4284 1.2221, 4.998 1.4619 1.2376, 4.998 1.49 1.2605, 4.998 1.327 1.6255, 4.998 1.2842 1.6767, 4.998 0.8479 1.5666, 4.998 1.2793 1.6811, 4.998 1.226 1.7181, 4.998 0.8769 1.6266, 4.998 0.8343 1.574, 4.998 0.7917 1.5896, 4.998 1.5036 1.4493, 4.998 1.4816 1.4738, 4.998 1.383 1.5116, 4.998 1.4522 1.4944, 4.998 1.4191 1.5071, 4.998 1.3678 1.5116, 4.998 1.3562 1.5644, 4.998 0.6808 1.583, 4.998 0.6385 1.5605, 4.998 0.7276 1.594, 4.998 0.6058 1.5313, 4.998 0.5795 1.4935, 4.998 0.9194 1.6775, 4.998 1.1665 1.7409, 4.998 0.9703 1.7147, 4.998 1.1022 1.7488, 4.998 1.0323 1.7398, 4.998 0.7473 1.5951, 4.998 0.5632 1.4512, 4.998 2.9384 1.5241, 4.998 2.7752 1.4436, 4.998 2.8368 1.791, 4.998 4.6063 1.4436, 4.998 4.6063 1.7933, 4.998 2.7752 1.7933, 4.998 2.7999 1.791, 4.998 2.7752 1.7261, 4.998 2.7363 1.5241, 4.998 2.6983 1.5241, 4.998 2.762 1.5971, 4.998 2.4157 1.5546, 4.998 2.4157 1.5241, 4.998 2.4409 1.4436, 4.998 2.4097 1.7603, 4.998 2.4409 1.7933, 4.998 2.4097 1.791, 4.998 2.3787 1.7933, 4.998 2.3787 1.791, 4.998 2.3066 1.6443, 4.998 2.3066 1.5546, 4.998 2.3787 1.6443, 4.998 2.3787 1.5546, 4.998 2.4021 1.6443, 4.998 2.4021 1.6749, 4.998 2.3066 1.7603, 4.998 2.3066 1.6749, 4.998 2.3787 1.7603, 4.998 2.3787 1.6749, 4.998 2.3787 1.4436, 4.998 2.3787 1.5241, 4.998 2.2567 1.4436, 4.998 2.2722 1.791, 4.998 2.2567 1.7933, 4.998 2.2722 1.5241, 4.998 2.2188 1.7846, 4.998 2.1905 1.7928, 4.998 2.1842 1.7933, 4.998 2.2188 1.7486, 4.998 2.2158 1.7502, 4.998 2.2188 1.5682, 4.998 2.1887 1.7605, 4.998 2.1559 1.7644, 4.998 2.1429 1.7638, 4.998 2.12 1.7588, 4.998 2.0993 1.7485, 4.998 2.0595 1.6912, 4.998 2.0551 1.6546, 4.998 2.1499 1.5503, 4.998 2.0831 1.7348, 4.998 2.0813 1.7328, 4.998 2.1925 1.5564, 4.998 2.1623 1.5508, 4.998 2.2188 1.5352, 4.998 2.2142 1.5329, 4.998 2.0998 1.5263, 4.998 2.0746 1.5382, 4.998 2.0309 1.4436, 4.998 2.0532 1.5561, 4.998 2.051 1.5584, 4.998 2.0684 1.7143, 4.998 2.0556 1.642, 4.998 2.0602 1.6159, 4.998 2.0692 1.5948, 4.998 2.0813 1.5784, 4.998 2.089 1.571, 4.998 2.1269 1.5526, 4.998 2.1072 1.5593, 4.998 2.1856 1.5235, 4.998 2.1449 1.5196, 4.998 2.1287 1.5204, 4.998 2.0309 1.7933, 4.998 2.0381 1.731, 4.998 2.0575 1.7562, 4.998 2.0641 1.7625, 4.998 2.089 1.78, 4.998 2.1169 1.7908, 4.998 2.0351 1.5812, 4.998 2.0309 1.592, 4.998 2.0149 1.4436, 4.998 2.0149 1.7933, 4.998 2.0255 1.7013, 4.998 2.0309 1.714, 4.998 2.0242 1.6091, 4.998 2.0189 1.6525, 4.998 2.0194 1.6665, 4.998 2.6826 1.644, 4.998 2.6762 1.6127, 4.998 2.663 1.5851, 4.998 2.6432 1.5615, 4.998 2.5884 1.7933, 4.998 2.5884 1.7846, 4.998 2.6909 1.7933, 4.998 2.6153 1.7748, 4.998 2.6691 1.7232, 4.998 2.679 1.6977, 4.998 2.6834 1.661, 4.998 2.6432 1.7557, 4.998 2.6526 1.7465, 4.998 2.6153 1.5415, 4.998 2.5884 1.531, 4.998 2.5884 1.4436, 4.998 2.5849 1.5296, 4.998 2.5396 1.5241, 4.998 2.4661 1.5241, 4.998 2.4661 1.791, 4.998 2.5423 1.791, 4.998 2.583 1.7865, 4.998 2.0501 1.1828, 4.998 2.0569 1.1923, 4.998 2.0614 1.2455, 4.998 2.2567 1.0985, 4.998 2.196 1.1007, 4.998 2.1218 1.0985, 4.998 2.1625 1.1007, 4.998 2.122 1.0985, 4.998 2.0704 1.1034, 4.998 2.0309 1.0985, 4.998 2.0833 1.0985, 4.998 2.0839 1.0985, 4.998 2.0485 1.1252, 4.998 2.0445 1.1365, 4.998 2.0428 1.1517, 4.998 2.1619 1.2893, 4.998 2.2468 1.2626, 4.998 2.253 1.2716, 4.998 2.0675 1.2011, 4.998 2.0823 1.2083, 4.998 2.0808 1.2582, 4.998 2.1061 1.214, 4.998 2.1353 1.2674, 4.998 2.1239 1.2686, 4.998 2.1016 1.2659, 4.998 2.1625 1.1302, 4.998 2.1617 1.1302, 4.998 2.1535 1.1185, 4.998 2.0592 1.1112, 4.998 2.0555 1.1149, 4.998 2.1425 1.1082, 4.998 2.1353 1.1037, 4.998 2.043 1.157, 4.998 2.0453 1.1712, 4.998 2.0932 1.2916, 4.998 2.1271 1.2957, 4.998 2.1481 1.2937, 4.998 2.0614 1.278, 4.998 2.0684 1.282, 4.998 2.1729 1.2829, 4.998 2.1818 1.2742, 4.998 2.2428 1.2518, 4.998 2.1885 1.2632, 4.998 2.1936 1.2476, 4.998 2.1625 1.2219, 4.998 2.1614 1.2367, 4.998 2.1579 1.2486, 4.998 2.154 1.2555, 4.998 2.2564 1.204, 4.998 2.2413 1.1419, 4.998 2.2567 1.2038, 4.998 2.255 1.1335, 4.998 2.2567 1.1329, 4.998 2.251 1.2097, 4.998 2.2466 1.2167, 4.998 2.196 1.2234, 4.998 2.2429 1.2269, 4.998 2.2415 1.2399, 4.998 2.1489 1.2608, 4.998 2.143 1.2647, 4.998 2.2413 1.1074, 4.998 2.2567 1.1017, 4.998 2.2613 1.1, 4.998 2.274 1.0985, 4.998 2.293 1.0962, 4.998 2.2567 0.9927, 4.998 2.0309 0.9927, 4.998 2.1033 1.0962, 4.998 2.3609 1.2872, 4.998 2.3609 1.2548, 4.998 2.2629 1.2806, 4.998 2.274 1.2871, 4.998 2.2567 1.275, 4.998 2.3684 1.1391, 4.998 2.3643 1.1285, 4.998 2.3581 1.1197, 4.998 2.2927 1.2934, 4.998 2.3157 1.2957, 4.998 2.3392 1.2936, 4.998 2.3588 1.1841, 4.998 2.3651 1.1749, 4.998 2.3686 1.165, 4.998 2.37 1.1526, 4.998 2.3485 1.1114, 4.998 2.3406 1.1065, 4.998 2.3124 1.2686, 4.998 2.3025 1.2678, 4.998 2.2759 1.2429, 4.998 2.2936 1.2654, 4.998 2.2861 1.2615, 4.998 2.2762 1.2385, 4.998 2.2776 1.2333, 4.998 2.28 1.2287, 4.998 2.2832 1.2252, 4.998 2.295 1.2178, 4.998 2.3335 1.2663, 4.998 2.3157 1.2088, 4.998 2.3525 1.2595, 4.998 2.3287 1.2035, 4.998 2.3509 1.1912, 4.998 2.2811 1.257, 4.998 2.2782 1.2527, 4.998 2.2765 1.2482, 4.998 2.276 1.1258, 4.998 2.2921 1.1845, 4.998 2.2722 1.1936, 4.998 2.2963 1.1235, 4.998 2.2977 1.1235, 4.998 2.3141 1.1753, 4.998 2.3149 1.1254, 4.998 2.3357 1.1493, 4.998 2.3354 1.1535, 4.998 2.3235 1.1286, 4.998 2.3266 1.1304, 4.998 2.3304 1.1338, 4.998 2.3333 1.1382, 4.998 2.335 1.1429, 4.998 2.3339 1.1587, 4.998 2.3313 1.1631, 4.998 2.3271 1.1674, 4.998 2.5357 1.2913, 4.998 2.5704 1.2913, 4.998 2.5884 1.0985, 4.998 2.4746 1.1481, 4.998 2.4787 1.1324, 4.998 2.4796 1.1324, 4.998 2.4409 1.2449, 4.998 2.4837 1.1478, 4.998 2.4811 1.1389, 4.998 2.4409 1.0985, 4.998 2.4409 1.1552, 4.998 2.3874 1.2913, 4.998 2.4248 1.2913, 4.998 2.4622 1.1011, 4.998 2.4611 1.0985, 4.998 2.4475 1.0665, 4.998 2.3787 0.9927, 4.998 2.3943 1.0137, 4.998 2.3943 1.0434, 4.998 2.4346 1.0474, 4.998 2.4409 1.0543, 4.998 2.4409 1.0544, 4.998 2.4011 1.0412, 4.998 2.4133 1.0396, 4.998 2.4409 1.0169, 4.998 2.4294 1.0125, 4.998 2.4409 0.9927, 4.998 2.4159 1.0109, 4.998 2.4085 1.0112, 4.998 2.4218 1.0406, 4.998 2.429 1.0435, 4.998 2.4839 1.0719, 4.998 2.4688 1.0425, 4.998 2.5884 0.9927, 4.998 2.4944 1.0985, 4.998 2.4565 1.0278, 4.998 2.4542 1.0257, 4.998 2.4426 1.0175, 4.998 2.7439 1.3676, 4.998 2.7439 1.3369, 4.998 2.75 1.1311, 4.998 2.7752 1.0985, 4.998 2.75 1.1007, 4.998 2.6909 1.0985, 4.998 2.6409 1.2209, 4.998 2.6409 1.1311, 4.998 2.6909 1.2209, 4.998 2.6909 1.1311, 4.998 2.7363 1.2209, 4.998 2.7363 1.2515, 4.998 2.6909 1.2515, 4.998 2.6909 1.3369, 4.998 2.6409 1.2515, 4.998 2.6409 1.3369, 4.998 2.6909 1.1007, 4.998 2.6064 1.1007, 4.998 3.0169 1.2206, 4.998 3.0104 1.1893, 4.998 3.0325 1.1007, 4.998 2.9973 1.1617, 4.998 2.9774 1.1381, 4.998 3.1341 1.3676, 4.998 3.171 1.3676, 4.998 3.0177 1.2376, 4.998 3.0132 1.2743, 4.998 2.8765 1.3676, 4.998 2.9173 1.3631, 4.998 2.9495 1.1181, 4.998 2.9191 1.1062, 4.998 2.8738 1.1007, 4.998 2.9774 1.3323, 4.998 2.9868 1.3231, 4.998 3.0034 1.2998, 4.998 3.2074 1.1737, 4.998 3.0962 1.1737, 4.998 3.2346 1.1007, 4.998 3.0706 1.1007, 4.998 4.6063 1.0985, 4.998 2.9495 1.3513, 4.998 3.2726 1.1007, 4.998 2.8004 1.1007, 4.998 2.8004 1.3676, 4.998 4.6063 0.9927, 4.998 2.7752 0.9927, 4.998 2.6909 0.9927, 4.998 4.6063 2.762, 4.998 2.7752 2.762, 4.998 2.6909 2.762, 4.998 2.5884 2.762, 4.998 2.4409 2.762, 4.998 2.3787 2.762, 4.998 2.2567 2.762, 4.998 2.0309 2.762, 4.998 2.1555 1.7955, 4.998 2.137 1.7933, 4.998 4.6063 0.0394, 4.998 2.7752 0.0394, 4.998 2.6909 0.0394, 4.998 2.5884 0.0394, 4.998 2.4409 0.0394, 4.998 2.3787 0.0394, 4.998 2.2567 0.0394, 4.998 2.0309 0.0394, 4.998 2.0149 0.0394, 4.998 2.0149 0.9927, 4.998 2.0149 1.0985, 4.998 2.0108 1.1311, 4.998 2.0108 1.1007, 4.998 1.8673 1.1007, 4.998 2.0047 1.3369, 4.998 1.8673 1.3676, 4.998 2.0047 1.3676, 4.998 1.9017 1.2209, 4.998 1.9017 1.1311, 4.998 1.9972 1.2209, 4.998 1.9972 1.2515, 4.998 1.9017 1.2515, 4.998 1.9017 1.3369, 4.998 1.9017 1.791, 4.998 1.9017 1.5546, 4.998 2.008 1.5546, 4.998 1.8673 1.5241, 4.998 1.8673 1.791, 4.998 2.008 1.5241, 4.998 2.0149 2.762, 4.998 -4.6063 0.9927, 4.998 -4.6063 1.0985, 4.998 -4.6063 1.4436, 4.998 -4.6063 1.7933, 4.998 -4.6063 2.762, 4.998 4.6063 3.6614, 4.998 2.7752 3.6614, 4.998 2.6909 3.6614, 4.998 2.5884 3.6614, 4.998 2.4409 3.6614, 4.998 2.3787 3.6614, 4.998 2.2567 3.6614, 4.998 2.0309 3.6614, 4.998 2.0149 3.6614, 4.998 1.758 3.6614, 4.998 -2.0841 3.6614, 4.998 -4.6063 3.6614, -4.6083 -5.0 3.6614, -4.6083 -5.0 0.0394, -3.813 -5.0 0.0394, -2.5098 -5.0 0.0394, -0.5098 -5.0 0.0394, 4.6043 -5.0 3.6614, 0.4902 -5.0 0.0394, 2.4902 -5.0 0.0394, 4.5965 -5.0 0.0394, 4.6043 -5.0 0.0394, -5.002 4.6063 0.0394, -5.002 4.0 0.0394, -5.002 4.6063 3.6614, -5.002 0.0 0.0394, -5.002 -4.6063 3.6614, -5.002 -4.5984 0.0394, -5.002 -4.6063 0.0394, 4.6043 5.0 3.6614, 4.6043 5.0 0.0394, -4.6083 5.0 3.6614, 4.5965 5.0 0.0394, 2.4902 5.0 0.0394, 0.4902 5.0 0.0394, -0.5098 5.0 0.0394, -2.5098 5.0 0.0394, -3.813 5.0 0.0394, -4.6083 5.0 0.0394, -1.2079 -3.9491 0.0394, -1.2146 -4.0 0.0394, -2.5098 -4.5984 0.0394, -4.1921 4.0509 0.0394, -4.1988 4.0 0.0394, -4.7102 -4.9866 0.0394, -4.8051 -4.9473 0.0394, -4.8867 -4.8847 0.0394, -4.9492 -4.8031 0.0394, -4.9886 -4.7082 0.0394, 4.9846 -4.7082 0.0394, 4.5965 -4.5984 0.0394, 4.9453 -4.8031 0.0394, 4.8827 -4.8847 0.0394, 4.8012 -4.9473 0.0394, 4.7062 -4.9866 0.0394, 4.5965 4.0 0.0394, 4.8012 4.9473 0.0394, 4.8827 4.8847 0.0394, 4.9453 4.8031 0.0394, 4.7062 4.9866 0.0394, 4.9846 4.7082 0.0394, -3.8628 4.1392 0.0394, -3.9035 4.1705 0.0394, -3.951 4.1901 0.0394, -4.002 4.1969 0.0394, -4.9492 4.8031 0.0394, -4.8867 4.8847 0.0394, -4.1412 4.1392 0.0394, -4.1724 4.0984 0.0394, -4.9886 4.7082 0.0394, -4.0529 4.1901 0.0394, -4.1004 4.1705 0.0394, -4.7102 4.9866 0.0394, -4.8051 4.9473 0.0394, -2.5098 4.0 0.0394, -3.8118 4.0509 0.0394, -3.813 4.0538 0.0394, -3.813 3.9462 0.0394, -3.8118 3.9491 0.0394, -3.8051 4.0 0.0394, -4.1004 3.8295 0.0394, -4.0529 3.8099 0.0394, -4.002 3.8031 0.0394, -3.813 0.0 0.0394, -3.951 3.8099 0.0394, -3.9035 3.8295 0.0394, -3.8628 3.8608 0.0394, -3.8315 3.9016 0.0394, -2.5098 0.0 0.0394, -0.5098 4.0 0.0394, -4.1921 3.9491 0.0394, -4.1724 3.9016 0.0394, -4.1412 3.8608 0.0394, 0.1372 4.1392 0.0394, 0.0965 4.1705 0.0394, 0.049 4.1901 0.0394, -0.002 4.1969 0.0394, -0.0529 4.1901 0.0394, 0.1882 3.9491 0.0394, 0.1949 4.0 0.0394, 0.4902 4.0 0.0394, 0.1882 4.0509 0.0394, 0.1685 4.0984 0.0394, -0.1004 4.1705 0.0394, -0.1412 4.1392 0.0394, -0.1724 4.0984 0.0394, -0.1412 3.8608 0.0394, -0.1004 3.8295 0.0394, -0.5098 0.0 0.0394, -0.1724 3.9016 0.0394, -0.0529 3.8099 0.0394, -0.002 3.8031 0.0394, 0.4902 0.0 0.0394, 0.049 3.8099 0.0394, -0.1921 4.0509 0.0394, -0.1988 4.0 0.0394, -0.1921 3.9491 0.0394, 0.0965 3.8295 0.0394, 0.1372 3.8608 0.0394, 0.1685 3.9016 0.0394, 4.1372 4.1392 0.0394, 4.0965 4.1705 0.0394, 4.1882 3.9491 0.0394, 4.1949 4.0 0.0394, 4.1882 4.0509 0.0394, 4.1685 4.0984 0.0394, 4.049 4.1901 0.0394, 3.998 4.1969 0.0394, 3.9471 4.1901 0.0394, 3.8996 4.1705 0.0394, 3.8588 4.1392 0.0394, 3.8276 4.0984 0.0394, 2.4902 4.0 0.0394, 3.8079 4.0509 0.0394, 3.8012 4.0 0.0394, 3.998 3.8031 0.0394, 4.049 3.8099 0.0394, 4.5965 0.0 0.0394, 3.9471 3.8099 0.0394, 3.8079 3.9491 0.0394, 3.8276 3.9016 0.0394, 2.4902 0.0 0.0394, 3.8588 3.8608 0.0394, 3.8996 3.8295 0.0394, 4.0965 3.8295 0.0394, 4.1372 3.8608 0.0394, 4.1685 3.9016 0.0394, -3.8315 4.0984 0.0394, -4.2146 -4.0 0.0394, -4.2079 -4.0509 0.0394, -4.1882 -4.0984 0.0394, -4.1569 -4.1392 0.0394, -4.1161 -4.1705 0.0394, -3.813 -4.5984 0.0394, -4.0687 -4.1901 0.0394, -4.0177 -4.1969 0.0394, -3.9668 -4.1901 0.0394, -3.9193 -4.1705 0.0394, -3.8785 -4.1392 0.0394, -3.8472 -4.0984 0.0394, -3.8276 -4.0509 0.0394, -3.8209 -4.0 0.0394, -3.8276 -3.9491 0.0394, -3.8472 -3.9016 0.0394, -3.8785 -3.8608 0.0394, -3.9193 -3.8295 0.0394, -3.9668 -3.8099 0.0394, -4.0177 -3.8031 0.0394, -4.0687 -3.8099 0.0394, -4.1161 -3.8295 0.0394, -4.1569 -3.8608 0.0394, -4.1882 -3.9016 0.0394, -4.2079 -3.9491 0.0394, -0.9668 -4.1901 0.0394, -0.9193 -4.1705 0.0394, -0.5098 -4.5984 0.0394, -0.8785 -3.8608 0.0394, -0.9193 -3.8295 0.0394, -0.9668 -3.8099 0.0394, -1.0177 -3.8031 0.0394, -1.2079 -4.0509 0.0394, -1.1882 -4.0984 0.0394, -1.1569 -4.1392 0.0394, -1.1161 -4.1705 0.0394, -1.0687 -4.1901 0.0394, -1.0177 -4.1969 0.0394, -1.0687 -3.8099 0.0394, -1.1161 -3.8295 0.0394, -1.1569 -3.8608 0.0394, -1.1882 -3.9016 0.0394, -0.8785 -4.1392 0.0394, -0.8472 -4.0984 0.0394, -0.8276 -4.0509 0.0394, -0.8209 -4.0 0.0394, -0.8276 -3.9491 0.0394, -0.8472 -3.9016 0.0394, 0.4902 -4.5984 0.0394, 1.0332 -3.8099 0.0394, 0.9823 -3.8031 0.0394, 1.1215 -3.8608 0.0394, 1.0807 -3.8295 0.0394, 0.7921 -4.0509 0.0394, 0.8118 -4.0984 0.0394, 0.8431 -4.1392 0.0394, 0.8839 -4.1705 0.0394, 0.9313 -3.8099 0.0394, 0.8839 -3.8295 0.0394, 0.8431 -3.8608 0.0394, 0.9313 -4.1901 0.0394, 0.9823 -4.1969 0.0394, 2.4902 -4.5984 0.0394, 1.0332 -4.1901 0.0394, 1.0807 -4.1705 0.0394, 0.8118 -3.9016 0.0394, 0.7921 -3.9491 0.0394, 0.7854 -4.0 0.0394, 1.1215 -4.1392 0.0394, 1.1528 -4.0984 0.0394, 1.1724 -4.0509 0.0394, 1.1791 -4.0 0.0394, 1.1724 -3.9491 0.0394, 1.1528 -3.9016 0.0394, 4.998 4.0 0.0394, 4.998 0.0 0.0394, 4.998 -4.5984 0.0394, 4.6043 -4.6063 4.0551, 4.6043 4.6063 4.0551, -4.6083 -4.6063 4.0551, -4.6083 4.6063 4.0551
            ]
        }
        coordIndex [
            0,1,2,-1,3,4,5,-1,6,7,8,-1,9,10,11,-1,12,13,14,-1,14,13,15,-1,14,15,16,-1,17,18,19,-1,19,18,14,-1,19,14,20,-1,20,14,21,-1,16,22,14,-1,14,22,23,-1,14,23,21,-1,24,25,26,-1,26,25,27,-1,27,25,28,-1,28,25,29,-1,28,29,30,-1,30,29,31,-1,30,31,32,-1,31,33,34,-1,31,35,32,-1,32,35,36,-1,32,36,37,-1,37,36,38,-1,37,38,39,-1,34,40,31,-1,31,40,41,-1,31,41,35,-1,42,43,44,-1,42,44,45,-1,43,46,44,-1,44,46,47,-1,44,47,48,-1,48,47,49,-1,49,50,48,-1,48,50,51,-1,48,51,31,-1,31,51,52,-1,31,52,33,-1,53,45,54,-1,54,45,44,-1,54,44,55,-1,55,44,56,-1,57,58,59,-1,59,60,57,-1,57,60,61,-1,57,61,1,-1,61,62,1,-1,1,62,63,-1,1,63,2,-1,2,63,64,-1,2,64,44,-1,44,64,65,-1,44,65,56,-1,66,67,58,-1,58,67,68,-1,58,68,69,-1,69,70,58,-1,58,70,71,-1,58,71,59,-1,72,73,74,-1,75,76,66,-1,77,78,79,-1,79,78,80,-1,72,74,81,-1,75,66,82,-1,83,84,78,-1,78,84,85,-1,78,85,86,-1,17,87,18,-1,18,87,88,-1,18,88,66,-1,66,88,89,-1,66,89,82,-1,73,90,74,-1,74,90,91,-1,74,91,92,-1,93,94,95,-1,95,94,96,-1,95,96,97,-1,98,86,99,-1,99,86,100,-1,99,100,95,-1,95,100,101,-1,95,101,93,-1,98,102,86,-1,86,102,103,-1,86,103,78,-1,78,103,104,-1,78,104,80,-1,105,106,107,-1,107,106,108,-1,107,108,74,-1,74,108,109,-1,74,109,81,-1,110,111,74,-1,74,111,112,-1,74,112,78,-1,78,112,113,-1,78,113,83,-1,114,115,67,-1,67,115,116,-1,67,116,117,-1,117,118,67,-1,67,118,119,-1,67,119,120,-1,120,119,105,-1,120,105,121,-1,121,105,107,-1,76,122,66,-1,66,122,123,-1,66,123,67,-1,67,123,124,-1,67,124,114,-1,92,125,74,-1,74,125,126,-1,74,126,127,-1,127,128,74,-1,74,128,129,-1,74,129,110,-1,130,131,132,-1,131,133,132,-1,132,133,134,-1,132,134,135,-1,85,132,86,-1,86,132,136,-1,86,136,137,-1,138,139,140,-1,140,139,141,-1,140,141,142,-1,138,140,85,-1,85,140,143,-1,85,143,132,-1,132,143,144,-1,132,144,130,-1,145,146,147,-1,147,146,148,-1,147,148,149,-1,135,134,150,-1,150,134,151,-1,150,151,152,-1,152,151,153,-1,152,153,154,-1,137,155,86,-1,86,155,147,-1,86,147,156,-1,156,147,149,-1,157,9,158,-1,159,157,160,-1,160,161,159,-1,159,161,162,-1,159,162,163,-1,163,162,164,-1,165,166,5,-1,9,11,158,-1,158,11,167,-1,158,167,165,-1,168,169,170,-1,171,172,173,-1,173,172,174,-1,173,174,175,-1,176,177,178,-1,178,177,179,-1,178,179,180,-1,180,179,168,-1,180,168,181,-1,182,183,184,-1,184,183,185,-1,184,185,171,-1,170,169,186,-1,186,169,187,-1,186,187,188,-1,175,174,189,-1,189,174,190,-1,189,190,191,-1,192,190,193,-1,193,190,194,-1,187,191,188,-1,188,191,190,-1,188,190,195,-1,195,190,192,-1,195,196,197,-1,197,196,198,-1,197,198,199,-1,199,200,197,-1,197,200,201,-1,197,201,202,-1,203,204,205,-1,202,206,197,-1,197,206,207,-1,197,207,208,-1,208,207,209,-1,195,197,188,-1,188,197,210,-1,188,210,211,-1,212,213,214,-1,214,213,215,-1,214,215,216,-1,209,207,205,-1,205,207,217,-1,205,217,203,-1,204,218,205,-1,205,218,219,-1,205,219,220,-1,220,221,205,-1,205,221,222,-1,205,222,223,-1,223,222,224,-1,211,225,188,-1,188,225,226,-1,188,226,214,-1,214,226,227,-1,214,227,212,-1,228,229,230,-1,230,231,228,-1,228,231,232,-1,228,232,233,-1,216,234,214,-1,214,234,235,-1,214,235,236,-1,237,238,228,-1,228,238,239,-1,228,239,229,-1,235,240,236,-1,236,240,241,-1,236,241,237,-1,237,241,242,-1,237,242,238,-1,243,244,5,-1,5,244,245,-1,5,245,246,-1,247,248,249,-1,249,248,250,-1,251,252,249,-1,249,252,253,-1,250,254,249,-1,249,254,255,-1,249,255,251,-1,164,162,166,-1,166,162,249,-1,166,249,5,-1,5,249,253,-1,5,253,243,-1,256,257,258,-1,258,257,259,-1,260,261,170,-1,170,261,172,-1,170,172,168,-1,168,172,171,-1,168,171,181,-1,181,171,185,-1,261,262,172,-1,172,262,263,-1,172,263,247,-1,247,263,264,-1,247,264,248,-1,265,266,267,-1,268,269,270,-1,270,269,271,-1,270,271,272,-1,273,274,275,-1,275,274,276,-1,277,278,274,-1,274,278,279,-1,280,281,282,-1,266,283,267,-1,267,283,284,-1,267,284,285,-1,285,284,286,-1,287,288,286,-1,286,288,289,-1,286,289,285,-1,290,291,271,-1,271,291,292,-1,273,293,274,-1,274,293,294,-1,274,294,277,-1,292,295,271,-1,271,295,296,-1,271,296,272,-1,214,297,298,-1,299,300,214,-1,214,300,301,-1,265,267,298,-1,298,267,302,-1,298,302,214,-1,214,302,303,-1,214,303,299,-1,280,304,281,-1,281,304,305,-1,281,305,306,-1,306,305,307,-1,306,307,308,-1,309,310,286,-1,286,310,311,-1,286,311,312,-1,313,314,315,-1,315,314,316,-1,315,316,317,-1,318,319,320,-1,320,319,321,-1,320,321,308,-1,308,321,322,-1,308,322,306,-1,312,323,286,-1,286,323,324,-1,286,324,287,-1,313,318,314,-1,314,318,320,-1,314,320,325,-1,325,320,269,-1,325,269,326,-1,326,269,268,-1,326,268,327,-1,327,268,328,-1,329,328,330,-1,330,328,268,-1,330,268,331,-1,331,268,270,-1,331,270,332,-1,333,334,8,-1,335,336,188,-1,301,280,214,-1,214,280,282,-1,214,282,188,-1,188,282,337,-1,188,337,335,-1,338,339,8,-1,8,339,340,-1,336,341,188,-1,188,341,342,-1,188,342,186,-1,186,342,343,-1,186,343,333,-1,344,345,334,-1,334,345,346,-1,334,346,8,-1,8,346,347,-1,8,347,338,-1,340,348,8,-1,8,348,349,-1,8,349,6,-1,350,351,352,-1,352,351,353,-1,352,353,354,-1,352,355,350,-1,350,355,356,-1,350,356,357,-1,357,358,350,-1,350,358,359,-1,350,359,360,-1,360,359,361,-1,360,361,362,-1,362,361,363,-1,362,363,334,-1,334,363,364,-1,334,364,344,-1,365,366,354,-1,354,366,367,-1,354,367,352,-1,368,369,317,-1,317,369,370,-1,317,370,315,-1,368,371,369,-1,369,371,372,-1,369,372,373,-1,373,372,374,-1,373,375,376,-1,374,377,373,-1,373,377,378,-1,373,378,379,-1,379,380,373,-1,373,380,381,-1,373,381,375,-1,376,382,373,-1,373,382,383,-1,373,383,384,-1,385,386,258,-1,258,386,387,-1,388,389,390,-1,259,260,258,-1,258,260,170,-1,258,170,385,-1,385,170,391,-1,385,391,392,-1,392,391,388,-1,392,388,393,-1,393,388,390,-1,394,395,8,-1,8,395,396,-1,333,8,186,-1,186,8,396,-1,186,396,170,-1,170,396,397,-1,170,397,391,-1,398,395,399,-1,399,395,394,-1,399,394,400,-1,401,402,403,-1,404,405,394,-1,394,405,406,-1,394,406,400,-1,329,330,7,-1,7,330,401,-1,7,401,8,-1,8,401,403,-1,8,403,394,-1,394,403,407,-1,394,407,408,-1,409,410,411,-1,411,410,412,-1,411,412,401,-1,401,412,413,-1,401,413,402,-1,408,414,394,-1,394,414,415,-1,394,415,404,-1,416,417,418,-1,416,418,419,-1,417,420,418,-1,418,420,421,-1,418,421,411,-1,411,421,422,-1,411,422,409,-1,165,5,158,-1,158,5,4,-1,158,4,423,-1,423,424,158,-1,158,424,425,-1,158,425,426,-1,426,425,427,-1,426,427,428,-1,429,430,431,-1,431,430,432,-1,431,432,433,-1,433,432,425,-1,433,425,434,-1,434,425,424,-1,434,424,435,-1,435,424,436,-1,435,436,437,-1,437,436,438,-1,427,439,428,-1,428,439,440,-1,428,440,387,-1,387,440,3,-1,387,3,258,-1,258,3,5,-1,258,5,256,-1,256,5,246,-1,441,442,443,-1,443,442,444,-1,443,444,445,-1,158,446,447,-1,441,443,448,-1,448,443,446,-1,448,446,449,-1,450,451,158,-1,445,452,443,-1,443,452,453,-1,443,453,454,-1,455,456,446,-1,446,456,457,-1,446,457,449,-1,458,459,460,-1,460,459,461,-1,460,461,462,-1,158,451,446,-1,446,451,463,-1,446,463,455,-1,157,158,160,-1,160,158,447,-1,160,447,462,-1,462,447,464,-1,462,464,460,-1,461,443,462,-1,462,443,454,-1,462,454,426,-1,426,454,465,-1,426,465,158,-1,158,465,466,-1,158,466,450,-1,467,462,468,-1,468,462,426,-1,468,426,469,-1,469,426,428,-1,469,428,418,-1,418,428,387,-1,418,387,419,-1,419,387,386,-1,161,470,162,-1,162,470,471,-1,162,471,249,-1,249,471,472,-1,249,472,247,-1,247,472,473,-1,247,473,172,-1,172,473,474,-1,172,474,174,-1,174,474,475,-1,174,475,190,-1,190,475,476,-1,190,476,194,-1,194,476,477,-1,194,477,478,-1,478,477,479,-1,480,467,481,-1,481,467,468,-1,481,468,482,-1,482,468,469,-1,482,469,483,-1,483,469,418,-1,483,418,484,-1,484,418,411,-1,484,411,485,-1,485,411,401,-1,485,401,486,-1,486,401,330,-1,486,330,487,-1,487,330,331,-1,487,331,488,-1,488,331,489,-1,488,489,57,-1,332,276,331,-1,331,276,274,-1,331,274,489,-1,489,274,490,-1,491,492,490,-1,490,492,493,-1,279,297,274,-1,274,297,214,-1,274,214,490,-1,490,214,236,-1,490,236,491,-1,491,236,494,-1,57,489,58,-1,58,489,490,-1,58,490,66,-1,66,490,493,-1,66,493,18,-1,18,493,495,-1,18,495,236,-1,236,495,496,-1,236,496,494,-1,497,498,499,-1,499,498,491,-1,499,491,500,-1,500,491,494,-1,500,494,501,-1,501,494,502,-1,503,504,505,-1,506,507,14,-1,14,507,503,-1,14,503,237,-1,237,503,505,-1,237,505,236,-1,236,505,508,-1,236,508,18,-1,18,508,506,-1,18,506,14,-1,233,479,228,-1,228,479,477,-1,228,477,237,-1,237,477,509,-1,237,509,14,-1,14,509,25,-1,14,25,12,-1,12,25,24,-1,0,2,510,-1,510,2,44,-1,510,44,511,-1,511,44,48,-1,511,48,512,-1,512,48,31,-1,512,31,513,-1,513,31,29,-1,513,29,514,-1,470,515,471,-1,471,515,516,-1,471,516,472,-1,472,516,517,-1,472,517,473,-1,473,517,518,-1,473,518,474,-1,474,518,519,-1,474,519,475,-1,475,519,520,-1,475,520,476,-1,476,520,521,-1,476,521,477,-1,477,521,522,-1,477,522,509,-1,509,522,523,-1,509,523,25,-1,25,523,524,-1,25,524,29,-1,29,524,525,-1,29,525,514,-1,514,525,526,-1,527,528,529,-1,529,530,527,-1,527,530,531,-1,527,531,532,-1,532,531,533,-1,533,534,532,-1,532,534,535,-1,532,535,536,-1,537,538,539,-1,539,538,540,-1,539,540,541,-1,541,540,542,-1,541,542,543,-1,544,545,546,-1,546,545,547,-1,547,548,546,-1,546,548,549,-1,546,549,550,-1,550,551,546,-1,546,551,552,-1,546,552,553,-1,554,555,556,-1,557,558,538,-1,529,528,543,-1,543,528,559,-1,559,560,561,-1,561,562,559,-1,559,562,563,-1,559,563,543,-1,0,564,565,-1,565,564,566,-1,565,566,567,-1,567,568,565,-1,565,568,569,-1,565,569,536,-1,570,547,545,-1,571,572,573,-1,545,574,480,-1,480,574,571,-1,480,571,575,-1,575,571,573,-1,552,576,577,-1,577,578,552,-1,552,578,579,-1,552,579,553,-1,580,581,582,-1,557,538,583,-1,583,538,537,-1,583,537,582,-1,582,537,584,-1,582,584,580,-1,579,585,553,-1,553,585,586,-1,553,586,587,-1,587,586,582,-1,587,582,588,-1,588,582,581,-1,589,590,591,-1,592,593,589,-1,589,593,594,-1,589,594,590,-1,595,596,540,-1,596,597,598,-1,597,599,598,-1,598,599,600,-1,598,600,601,-1,601,602,598,-1,598,602,592,-1,598,592,603,-1,603,592,589,-1,603,589,604,-1,558,605,538,-1,538,605,606,-1,538,606,540,-1,540,606,607,-1,540,607,595,-1,608,609,549,-1,609,610,549,-1,549,610,611,-1,549,611,550,-1,550,611,612,-1,613,614,615,-1,615,614,616,-1,615,616,549,-1,549,616,617,-1,549,617,608,-1,612,618,550,-1,550,618,619,-1,550,619,620,-1,621,622,623,-1,621,623,624,-1,625,626,627,-1,627,626,628,-1,620,629,604,-1,604,629,630,-1,604,630,631,-1,628,632,627,-1,627,632,633,-1,627,633,615,-1,615,633,634,-1,615,634,613,-1,547,635,636,-1,637,638,570,-1,570,638,639,-1,570,639,547,-1,547,639,640,-1,547,640,635,-1,636,641,547,-1,547,641,642,-1,547,642,548,-1,548,642,643,-1,548,643,644,-1,644,645,548,-1,548,645,646,-1,548,646,647,-1,647,646,648,-1,647,648,649,-1,650,651,652,-1,650,652,653,-1,649,654,647,-1,647,654,655,-1,647,655,656,-1,656,655,657,-1,656,657,658,-1,651,659,652,-1,652,659,660,-1,652,660,570,-1,570,660,661,-1,570,661,637,-1,620,604,550,-1,550,604,589,-1,550,589,551,-1,551,589,591,-1,551,591,552,-1,552,591,662,-1,552,662,576,-1,663,664,542,-1,542,664,665,-1,665,666,542,-1,542,666,667,-1,542,667,668,-1,668,667,669,-1,668,669,670,-1,670,671,668,-1,668,671,672,-1,668,672,673,-1,673,674,668,-1,668,674,675,-1,668,675,676,-1,676,677,598,-1,596,598,540,-1,540,598,677,-1,540,677,678,-1,678,679,540,-1,540,679,680,-1,540,680,681,-1,681,682,540,-1,540,682,683,-1,540,683,684,-1,684,685,540,-1,540,685,686,-1,540,686,542,-1,542,686,687,-1,542,687,663,-1,688,689,690,-1,691,692,623,-1,623,692,693,-1,623,693,694,-1,555,695,556,-1,556,695,696,-1,556,696,697,-1,697,698,556,-1,556,698,699,-1,556,699,690,-1,690,699,700,-1,690,700,688,-1,631,624,604,-1,604,624,623,-1,604,623,603,-1,603,623,694,-1,603,694,701,-1,701,702,603,-1,603,702,703,-1,603,703,704,-1,676,598,668,-1,668,598,603,-1,668,603,556,-1,556,603,704,-1,556,704,554,-1,689,705,690,-1,690,705,706,-1,690,706,707,-1,707,708,690,-1,690,708,709,-1,690,709,623,-1,623,709,710,-1,623,710,691,-1,622,625,623,-1,623,625,627,-1,623,627,690,-1,690,627,711,-1,712,713,627,-1,714,715,656,-1,716,717,711,-1,711,717,718,-1,711,718,719,-1,715,712,656,-1,656,712,627,-1,656,627,647,-1,647,627,615,-1,647,615,548,-1,548,615,549,-1,713,720,627,-1,627,720,721,-1,627,721,722,-1,719,723,711,-1,711,723,724,-1,711,724,725,-1,725,724,726,-1,725,726,727,-1,722,728,627,-1,627,728,729,-1,627,729,711,-1,711,729,730,-1,711,730,716,-1,727,731,725,-1,725,731,732,-1,725,732,733,-1,733,734,725,-1,725,734,735,-1,725,735,656,-1,656,735,736,-1,656,736,714,-1,658,653,656,-1,656,653,652,-1,656,652,725,-1,725,652,565,-1,545,480,570,-1,570,480,737,-1,570,737,652,-1,652,737,738,-1,652,738,565,-1,565,738,739,-1,565,739,0,-1,536,535,565,-1,565,535,534,-1,565,534,725,-1,725,534,533,-1,725,533,711,-1,711,533,531,-1,711,531,690,-1,690,531,530,-1,690,530,556,-1,556,530,529,-1,556,529,668,-1,668,529,543,-1,668,543,542,-1,740,741,742,-1,742,741,743,-1,
        ]
    }
}
Shape{
    appearance Appearance {
        material  Material 	{
            diffuseColor 1.0 1.0 1.0
            specularColor 0.5019607843137255 0.5019607843137255 0.5019607843137255
            ambientIntensity 1.0
            transparency 0.0
            shininess 0.5
        }
    }
    geometry IndexedFaceSet {
        ccw TRUE
        solid FALSE
        coord DEF co Coordinate {
            point [
                -3.8118 3.9491 0.0394, -3.813 3.9462 0.0394, -3.8315 3.9016 -2.1653, -3.8315 3.9016 0.0394, -3.8628 3.8608 0.0394, -3.8628 3.8608 -2.1653, -3.9035 3.8295 0.0394, -3.9035 3.8295 -2.1653, -3.951 3.8099 0.0394, -3.951 3.8099 -2.1653, -4.002 3.8031 0.0394, -4.002 3.8031 -2.1653, -4.0529 3.8099 0.0394, -4.0529 3.8099 -2.1653, -4.1004 3.8295 0.0394, -4.1004 3.8295 -2.1653, -4.1412 3.8608 0.0394, -4.1412 3.8608 -2.1653, -4.1724 3.9016 0.0394, -4.1724 3.9016 -2.1653, -4.1921 3.9491 0.0394, -4.1921 3.9491 -2.1653, -4.1988 4.0 0.0394, -4.1988 4.0 -2.1653, -4.1921 4.0509 0.0394, -4.1921 4.0509 -2.1653, -4.1724 4.0984 0.0394, -4.1724 4.0984 -2.1653, -4.1412 4.1392 0.0394, -4.1412 4.1392 -2.1653, -4.1004 4.1705 0.0394, -4.1004 4.1705 -2.1653, -4.0529 4.1901 0.0394, -4.0529 4.1901 -2.1653, -4.002 4.1969 0.0394, -4.002 4.1969 -2.1653, -3.951 4.1901 0.0394, -3.951 4.1901 -2.1653, -3.9035 4.1705 0.0394, -3.9035 4.1705 -2.1653, -3.8628 4.1392 0.0394, -3.8628 4.1392 -2.1653, -3.8315 4.0984 0.0394, -3.8315 4.0984 -2.1653, -3.813 4.0538 0.0394, -3.8118 4.0509 -2.1653, -3.8118 3.9491 -2.1653, -3.8051 4.0 -2.1653, -3.8051 4.0 0.0394, -3.8118 4.0509 0.0394, -4.002 4.0 -2.1653, 0.1949 4.0 0.0394, 0.1882 4.0509 -2.1653, 0.1882 4.0509 0.0394, 0.1685 4.0984 -2.1653, 0.1685 4.0984 0.0394, 0.1372 4.1392 -2.1653, 0.1372 4.1392 0.0394, 0.0965 4.1705 -2.1653, 0.0965 4.1705 0.0394, 0.049 4.1901 -2.1653, 0.049 4.1901 0.0394, -0.002 4.1969 -2.1653, -0.002 4.1969 0.0394, -0.0529 4.1901 -2.1653, -0.0529 4.1901 0.0394, -0.1004 4.1705 -2.1653, -0.1004 4.1705 0.0394, -0.1412 4.1392 -2.1653, -0.1412 4.1392 0.0394, -0.1724 4.0984 -2.1653, -0.1724 4.0984 0.0394, -0.1921 4.0509 -2.1653, -0.1921 4.0509 0.0394, -0.1988 4.0 -2.1653, -0.1988 4.0 0.0394, -0.1921 3.9491 -2.1653, -0.1921 3.9491 0.0394, -0.1724 3.9016 -2.1653, -0.1724 3.9016 0.0394, -0.1412 3.8608 -2.1653, -0.1412 3.8608 0.0394, -0.1004 3.8295 -2.1653, -0.1004 3.8295 0.0394, -0.0529 3.8099 -2.1653, -0.0529 3.8099 0.0394, -0.002 3.8031 -2.1653, -0.002 3.8031 0.0394, 0.049 3.8099 -2.1653, 0.049 3.8099 0.0394, 0.0965 3.8295 -2.1653, 0.0965 3.8295 0.0394, 0.1372 3.8608 -2.1653, 0.1372 3.8608 0.0394, 0.1685 3.9016 -2.1653, 0.1685 3.9016 0.0394, 0.1882 3.9491 -2.1653, 0.1882 3.9491 0.0394, 0.1949 4.0 -2.1653, -0.002 4.0 -2.1653, 4.1949 4.0 0.0394, 4.1882 4.0509 -2.1653, 4.1882 4.0509 0.0394, 4.1685 4.0984 -2.1653, 4.1685 4.0984 0.0394, 4.1372 4.1392 -2.1653, 4.1372 4.1392 0.0394, 4.0965 4.1705 -2.1653, 4.0965 4.1705 0.0394, 4.049 4.1901 -2.1653, 4.049 4.1901 0.0394, 3.998 4.1969 -2.1653, 3.998 4.1969 0.0394, 3.9471 4.1901 -2.1653, 3.9471 4.1901 0.0394, 3.8996 4.1705 -2.1653, 3.8996 4.1705 0.0394, 3.8588 4.1392 -2.1653, 3.8588 4.1392 0.0394, 3.8276 4.0984 -2.1653, 3.8276 4.0984 0.0394, 3.8079 4.0509 -2.1653, 3.8079 4.0509 0.0394, 3.8012 4.0 -2.1653, 3.8012 4.0 0.0394, 3.8079 3.9491 -2.1653, 3.8079 3.9491 0.0394, 3.8276 3.9016 -2.1653, 3.8276 3.9016 0.0394, 3.8588 3.8608 -2.1653, 3.8588 3.8608 0.0394, 3.8996 3.8295 -2.1653, 3.8996 3.8295 0.0394, 3.9471 3.8099 -2.1653, 3.9471 3.8099 0.0394, 3.998 3.8031 -2.1653, 3.998 3.8031 0.0394, 4.049 3.8099 -2.1653, 4.049 3.8099 0.0394, 4.0965 3.8295 -2.1653, 4.0965 3.8295 0.0394, 4.1372 3.8608 -2.1653, 4.1372 3.8608 0.0394, 4.1685 3.9016 -2.1653, 4.1685 3.9016 0.0394, 4.1882 3.9491 -2.1653, 4.1882 3.9491 0.0394, 4.1949 4.0 -2.1653, 3.998 4.0 -2.1653, -3.8209 -4.0 0.0394, -3.8276 -3.9491 -2.1653, -3.8276 -3.9491 0.0394, -3.8472 -3.9016 -2.1653, -3.8472 -3.9016 0.0394, -3.8785 -3.8608 -2.1653, -3.8785 -3.8608 0.0394, -3.9193 -3.8295 -2.1653, -3.9193 -3.8295 0.0394, -3.9668 -3.8099 -2.1653, -3.9668 -3.8099 0.0394, -4.0177 -3.8031 -2.1653, -4.0177 -3.8031 0.0394, -4.0687 -3.8099 -2.1653, -4.0687 -3.8099 0.0394, -4.1161 -3.8295 -2.1653, -4.1161 -3.8295 0.0394, -4.1569 -3.8608 -2.1653, -4.1569 -3.8608 0.0394, -4.1882 -3.9016 -2.1653, -4.1882 -3.9016 0.0394, -4.2079 -3.9491 -2.1653, -4.2079 -3.9491 0.0394, -4.2146 -4.0 -2.1653, -4.2146 -4.0 0.0394, -4.2079 -4.0509 -2.1653, -4.2079 -4.0509 0.0394, -4.1882 -4.0984 -2.1653, -4.1882 -4.0984 0.0394, -4.1569 -4.1392 -2.1653, -4.1569 -4.1392 0.0394, -4.1161 -4.1705 -2.1653, -4.1161 -4.1705 0.0394, -4.0687 -4.1901 -2.1653, -4.0687 -4.1901 0.0394, -4.0177 -4.1969 -2.1653, -4.0177 -4.1969 0.0394, -3.9668 -4.1901 -2.1653, -3.9668 -4.1901 0.0394, -3.9193 -4.1705 -2.1653, -3.9193 -4.1705 0.0394, -3.8785 -4.1392 -2.1653, -3.8785 -4.1392 0.0394, -3.8472 -4.0984 -2.1653, -3.8472 -4.0984 0.0394, -3.8276 -4.0509 -2.1653, -3.8276 -4.0509 0.0394, -3.8209 -4.0 -2.1653, -4.0177 -4.0 -2.1653, -0.8209 -4.0 0.0394, -0.8276 -3.9491 -2.1653, -0.8276 -3.9491 0.0394, -0.8472 -3.9016 -2.1653, -0.8472 -3.9016 0.0394, -0.8785 -3.8608 -2.1653, -0.8785 -3.8608 0.0394, -0.9193 -3.8295 -2.1653, -0.9193 -3.8295 0.0394, -0.9668 -3.8099 -2.1653, -0.9668 -3.8099 0.0394, -1.0177 -3.8031 -2.1653, -1.0177 -3.8031 0.0394, -1.0687 -3.8099 -2.1653, -1.0687 -3.8099 0.0394, -1.1161 -3.8295 -2.1653, -1.1161 -3.8295 0.0394, -1.1569 -3.8608 -2.1653, -1.1569 -3.8608 0.0394, -1.1882 -3.9016 -2.1653, -1.1882 -3.9016 0.0394, -1.2079 -3.9491 -2.1653, -1.2079 -3.9491 0.0394, -1.2146 -4.0 -2.1653, -1.2146 -4.0 0.0394, -1.2079 -4.0509 -2.1653, -1.2079 -4.0509 0.0394, -1.1882 -4.0984 -2.1653, -1.1882 -4.0984 0.0394, -1.1569 -4.1392 -2.1653, -1.1569 -4.1392 0.0394, -1.1161 -4.1705 -2.1653, -1.1161 -4.1705 0.0394, -1.0687 -4.1901 -2.1653, -1.0687 -4.1901 0.0394, -1.0177 -4.1969 -2.1653, -1.0177 -4.1969 0.0394, -0.9668 -4.1901 -2.1653, -0.9668 -4.1901 0.0394, -0.9193 -4.1705 -2.1653, -0.9193 -4.1705 0.0394, -0.8785 -4.1392 -2.1653, -0.8785 -4.1392 0.0394, -0.8472 -4.0984 -2.1653, -0.8472 -4.0984 0.0394, -0.8276 -4.0509 -2.1653, -0.8276 -4.0509 0.0394, -0.8209 -4.0 -2.1653, -1.0177 -4.0 -2.1653, 1.1791 -4.0 0.0394, 1.1724 -3.9491 -2.1653, 1.1724 -3.9491 0.0394, 1.1528 -3.9016 -2.1653, 1.1528 -3.9016 0.0394, 1.1215 -3.8608 -2.1653, 1.1215 -3.8608 0.0394, 1.0807 -3.8295 -2.1653, 1.0807 -3.8295 0.0394, 1.0332 -3.8099 -2.1653, 1.0332 -3.8099 0.0394, 0.9823 -3.8031 -2.1653, 0.9823 -3.8031 0.0394, 0.9313 -3.8099 -2.1653, 0.9313 -3.8099 0.0394, 0.8839 -3.8295 -2.1653, 0.8839 -3.8295 0.0394, 0.8431 -3.8608 -2.1653, 0.8431 -3.8608 0.0394, 0.8118 -3.9016 -2.1653, 0.8118 -3.9016 0.0394, 0.7921 -3.9491 -2.1653, 0.7921 -3.9491 0.0394, 0.7854 -4.0 -2.1653, 0.7854 -4.0 0.0394, 0.7921 -4.0509 -2.1653, 0.7921 -4.0509 0.0394, 0.8118 -4.0984 -2.1653, 0.8118 -4.0984 0.0394, 0.8431 -4.1392 -2.1653, 0.8431 -4.1392 0.0394, 0.8839 -4.1705 -2.1653, 0.8839 -4.1705 0.0394, 0.9313 -4.1901 -2.1653, 0.9313 -4.1901 0.0394, 0.9823 -4.1969 -2.1653, 0.9823 -4.1969 0.0394, 1.0332 -4.1901 -2.1653, 1.0332 -4.1901 0.0394, 1.0807 -4.1705 -2.1653, 1.0807 -4.1705 0.0394, 1.1215 -4.1392 -2.1653, 1.1215 -4.1392 0.0394, 1.1528 -4.0984 -2.1653, 1.1528 -4.0984 0.0394, 1.1724 -4.0509 -2.1653, 1.1724 -4.0509 0.0394, 1.1791 -4.0 -2.1653, 0.9823 -4.0 -2.1653
            ]
        }
        coordIndex [
            0,1,2,-1,1,3,2,-1,2,3,4,-1,2,4,5,-1,5,4,6,-1,5,6,7,-1,7,6,8,-1,7,8,9,-1,9,8,10,-1,9,10,11,-1,11,10,12,-1,11,12,13,-1,13,12,14,-1,13,14,15,-1,15,14,16,-1,15,16,17,-1,17,16,18,-1,17,18,19,-1,19,18,20,-1,19,20,21,-1,21,20,22,-1,21,22,23,-1,23,22,24,-1,23,24,25,-1,25,24,26,-1,25,26,27,-1,27,26,28,-1,27,28,29,-1,29,28,30,-1,29,30,31,-1,31,30,32,-1,31,32,33,-1,33,32,34,-1,33,34,35,-1,35,34,36,-1,35,36,37,-1,37,36,38,-1,37,38,39,-1,39,38,40,-1,39,40,41,-1,41,40,42,-1,41,42,43,-1,43,42,44,-1,43,44,45,-1,2,46,0,-1,0,46,47,-1,0,47,48,-1,48,47,45,-1,48,45,49,-1,49,45,44,-1,19,21,50,-1,50,21,23,-1,50,23,25,-1,13,15,50,-1,50,15,17,-1,50,17,19,-1,7,9,50,-1,50,9,11,-1,50,11,13,-1,46,2,50,-1,50,2,5,-1,50,5,7,-1,43,45,50,-1,50,45,47,-1,50,47,46,-1,37,39,50,-1,50,39,41,-1,50,41,43,-1,31,33,50,-1,50,33,35,-1,50,35,37,-1,25,27,50,-1,50,27,29,-1,50,29,31,-1,51,52,53,-1,53,52,54,-1,53,54,55,-1,55,54,56,-1,55,56,57,-1,57,56,58,-1,57,58,59,-1,59,58,60,-1,59,60,61,-1,61,60,62,-1,61,62,63,-1,63,62,64,-1,63,64,65,-1,65,64,66,-1,65,66,67,-1,67,66,68,-1,67,68,69,-1,69,68,70,-1,69,70,71,-1,71,70,72,-1,71,72,73,-1,73,72,74,-1,73,74,75,-1,75,74,76,-1,75,76,77,-1,77,76,78,-1,77,78,79,-1,79,78,80,-1,79,80,81,-1,81,80,82,-1,81,82,83,-1,83,82,84,-1,83,84,85,-1,85,84,86,-1,85,86,87,-1,87,86,88,-1,87,88,89,-1,89,88,90,-1,89,90,91,-1,91,90,92,-1,91,92,93,-1,93,92,94,-1,93,94,95,-1,95,94,96,-1,95,96,97,-1,97,96,98,-1,97,98,51,-1,51,98,52,-1,78,76,99,-1,99,76,74,-1,99,74,72,-1,84,82,99,-1,99,82,80,-1,99,80,78,-1,90,88,99,-1,99,88,86,-1,99,86,84,-1,96,94,99,-1,99,94,92,-1,99,92,90,-1,54,52,99,-1,99,52,98,-1,99,98,96,-1,60,58,99,-1,99,58,56,-1,99,56,54,-1,66,64,99,-1,99,64,62,-1,99,62,60,-1,72,70,99,-1,99,70,68,-1,99,68,66,-1,100,101,102,-1,102,101,103,-1,102,103,104,-1,104,103,105,-1,104,105,106,-1,106,105,107,-1,106,107,108,-1,108,107,109,-1,108,109,110,-1,110,109,111,-1,110,111,112,-1,112,111,113,-1,112,113,114,-1,114,113,115,-1,114,115,116,-1,116,115,117,-1,116,117,118,-1,118,117,119,-1,118,119,120,-1,120,119,121,-1,120,121,122,-1,122,121,123,-1,122,123,124,-1,124,123,125,-1,124,125,126,-1,126,125,127,-1,126,127,128,-1,128,127,129,-1,128,129,130,-1,130,129,131,-1,130,131,132,-1,132,131,133,-1,132,133,134,-1,134,133,135,-1,134,135,136,-1,136,135,137,-1,136,137,138,-1,138,137,139,-1,138,139,140,-1,140,139,141,-1,140,141,142,-1,142,141,143,-1,142,143,144,-1,144,143,145,-1,144,145,146,-1,146,145,147,-1,146,147,100,-1,100,147,101,-1,127,125,148,-1,148,125,123,-1,148,123,121,-1,133,131,148,-1,148,131,129,-1,148,129,127,-1,139,137,148,-1,148,137,135,-1,148,135,133,-1,145,143,148,-1,148,143,141,-1,148,141,139,-1,103,101,148,-1,148,101,147,-1,148,147,145,-1,109,107,148,-1,148,107,105,-1,148,105,103,-1,115,113,148,-1,148,113,111,-1,148,111,109,-1,121,119,148,-1,148,119,117,-1,148,117,115,-1,149,150,151,-1,151,150,152,-1,151,152,153,-1,153,152,154,-1,153,154,155,-1,155,154,156,-1,155,156,157,-1,157,156,158,-1,157,158,159,-1,159,158,160,-1,159,160,161,-1,161,160,162,-1,161,162,163,-1,163,162,164,-1,163,164,165,-1,165,164,166,-1,165,166,167,-1,167,166,168,-1,167,168,169,-1,169,168,170,-1,169,170,171,-1,171,170,172,-1,171,172,173,-1,173,172,174,-1,173,174,175,-1,175,174,176,-1,175,176,177,-1,177,176,178,-1,177,178,179,-1,179,178,180,-1,179,180,181,-1,181,180,182,-1,181,182,183,-1,183,182,184,-1,183,184,185,-1,185,184,186,-1,185,186,187,-1,187,186,188,-1,187,188,189,-1,189,188,190,-1,189,190,191,-1,191,190,192,-1,191,192,193,-1,193,192,194,-1,193,194,195,-1,195,194,196,-1,195,196,149,-1,149,196,150,-1,176,174,197,-1,197,174,172,-1,197,172,170,-1,182,180,197,-1,197,180,178,-1,197,178,176,-1,188,186,197,-1,197,186,184,-1,197,184,182,-1,194,192,197,-1,197,192,190,-1,197,190,188,-1,152,150,197,-1,197,150,196,-1,197,196,194,-1,158,156,197,-1,197,156,154,-1,197,154,152,-1,164,162,197,-1,197,162,160,-1,197,160,158,-1,170,168,197,-1,197,168,166,-1,197,166,164,-1,198,199,200,-1,200,199,201,-1,200,201,202,-1,202,201,203,-1,202,203,204,-1,204,203,205,-1,204,205,206,-1,206,205,207,-1,206,207,208,-1,208,207,209,-1,208,209,210,-1,210,209,211,-1,210,211,212,-1,212,211,213,-1,212,213,214,-1,214,213,215,-1,214,215,216,-1,216,215,217,-1,216,217,218,-1,218,217,219,-1,218,219,220,-1,220,219,221,-1,220,221,222,-1,222,221,223,-1,222,223,224,-1,224,223,225,-1,224,225,226,-1,226,225,227,-1,226,227,228,-1,228,227,229,-1,228,229,230,-1,230,229,231,-1,230,231,232,-1,232,231,233,-1,232,233,234,-1,234,233,235,-1,234,235,236,-1,236,235,237,-1,236,237,238,-1,238,237,239,-1,238,239,240,-1,240,239,241,-1,240,241,242,-1,242,241,243,-1,242,243,244,-1,244,243,245,-1,244,245,198,-1,198,245,199,-1,225,223,246,-1,246,223,221,-1,246,221,219,-1,231,229,246,-1,246,229,227,-1,246,227,225,-1,237,235,246,-1,246,235,233,-1,246,233,231,-1,243,241,246,-1,246,241,239,-1,246,239,237,-1,201,199,246,-1,246,199,245,-1,246,245,243,-1,207,205,246,-1,246,205,203,-1,246,203,201,-1,213,211,246,-1,246,211,209,-1,246,209,207,-1,219,217,246,-1,246,217,215,-1,246,215,213,-1,247,248,249,-1,249,248,250,-1,249,250,251,-1,251,250,252,-1,251,252,253,-1,253,252,254,-1,253,254,255,-1,255,254,256,-1,255,256,257,-1,257,256,258,-1,257,258,259,-1,259,258,260,-1,259,260,261,-1,261,260,262,-1,261,262,263,-1,263,262,264,-1,263,264,265,-1,265,264,266,-1,265,266,267,-1,267,266,268,-1,267,268,269,-1,269,268,270,-1,269,270,271,-1,271,270,272,-1,271,272,273,-1,273,272,274,-1,273,274,275,-1,275,274,276,-1,275,276,277,-1,277,276,278,-1,277,278,279,-1,279,278,280,-1,279,280,281,-1,281,280,282,-1,281,282,283,-1,283,282,284,-1,283,284,285,-1,285,284,286,-1,285,286,287,-1,287,286,288,-1,287,288,289,-1,289,288,290,-1,289,290,291,-1,291,290,292,-1,291,292,293,-1,293,292,294,-1,293,294,247,-1,247,294,248,-1,274,272,295,-1,295,272,270,-1,295,270,268,-1,280,278,295,-1,295,278,276,-1,295,276,274,-1,286,284,295,-1,295,284,282,-1,295,282,280,-1,292,290,295,-1,295,290,288,-1,295,288,286,-1,250,248,295,-1,295,248,294,-1,295,294,292,-1,256,254,295,-1,295,254,252,-1,295,252,250,-1,262,260,295,-1,295,260,258,-1,295,258,256,-1,268,266,295,-1,295,266,264,-1,295,264,262,-1,
        ]
    }
}
Shape{
    appearance Appearance {
        material  Material 	{
            diffuseColor 0.25098039215686274 0.25098039215686274 0.25098039215686274
            specularColor 0.12549019607843137 0.12549019607843137 0.12549019607843137
            ambientIntensity 0.251
            transparency 0.0
            shininess 0.5
        }
    }
    geometry IndexedFaceSet {
        ccw TRUE
        solid FALSE
        coord DEF co Coordinate {
            point [
                -5.002 4.6063 0.0394, -5.002 4.6063 3.6614, -4.9886 4.7082 3.6614, -4.9886 4.7082 0.0394, -4.9492 4.8031 3.6614, -4.9492 4.8031 0.0394, -4.8867 4.8847 3.6614, -4.8867 4.8847 0.0394, -4.8051 4.9473 3.6614, -4.8051 4.9473 0.0394, -4.7102 4.9866 3.6614, -4.7102 4.9866 0.0394, -4.6083 5.0 3.6614, -4.6083 5.0 0.0394, -4.6083 4.6063 4.0551, 4.6043 4.6063 4.0551, 4.6043 4.7082 4.0417, -4.6083 4.7082 4.0417, 4.6043 4.8031 4.0024, -4.6083 4.8031 4.0024, 4.6043 4.8847 3.9398, -4.6083 4.8847 3.9398, 4.6043 4.9473 3.8583, -4.6083 4.9473 3.8583, 4.6043 4.9866 3.7633, -4.6083 4.9866 3.7633, 4.6043 5.0 3.6614, 4.6043 5.0 0.0394, 4.7062 4.9866 3.6614, 4.7062 4.9866 0.0394, 4.8012 4.9473 3.6614, 4.8012 4.9473 0.0394, 4.8827 4.8847 3.6614, 4.8827 4.8847 0.0394, 4.9453 4.8031 3.6614, 4.9453 4.8031 0.0394, 4.9846 4.7082 3.6614, 4.9846 4.7082 0.0394, 4.998 4.6063 3.6614, 4.998 4.6063 0.0394, -4.9886 4.6063 3.7633, -4.9756 4.7047 3.7633, -4.7787 4.7047 4.0024, -4.6965 4.6572 4.0417, -4.6803 4.6784 4.0417, -4.6346 4.7047 4.0417, -4.7067 4.6327 4.0417, -4.7984 4.6572 4.0024, -4.8772 4.6784 3.9398, -4.7102 4.6063 4.0417, -4.7475 4.7455 4.0024, -4.6592 4.6945 4.0417, -4.7067 4.7768 4.0024, -4.6592 4.7964 4.0024, -4.8051 4.6063 4.0024, -4.8867 4.6063 3.9398, -4.9492 4.6063 3.8583, -4.8494 4.7455 3.9398, -4.8051 4.8031 3.9398, -4.7475 4.8474 3.9398, -4.6803 4.8752 3.9398, -4.9376 4.6945 3.8583, -4.9035 4.7768 3.8583, -4.8494 4.8474 3.8583, -4.7787 4.9016 3.8583, -4.6965 4.9356 3.8583, -4.9376 4.7964 3.7633, -4.8772 4.8752 3.7633, -4.7984 4.9356 3.7633, -4.7067 4.9736 3.7633, 4.7028 4.9736 3.7633, 4.7028 4.7768 4.0024, 4.6553 4.6945 4.0417, 4.6764 4.6784 4.0417, 4.7062 4.6063 4.0417, 4.7028 4.6327 4.0417, 4.6307 4.7047 4.0417, 4.6553 4.7964 4.0024, 4.6764 4.8752 3.9398, 4.7435 4.7455 4.0024, 4.6926 4.6572 4.0417, 4.7748 4.7047 4.0024, 4.7945 4.6572 4.0024, 4.8012 4.6063 4.0024, 4.7435 4.8474 3.9398, 4.8012 4.8031 3.9398, 4.8454 4.7455 3.9398, 4.8732 4.6784 3.9398, 4.8827 4.6063 3.9398, 4.6926 4.9356 3.8583, 4.7748 4.9016 3.8583, 4.8454 4.8474 3.8583, 4.8996 4.7768 3.8583, 4.9337 4.6945 3.8583, 4.9453 4.6063 3.8583, 4.7945 4.9356 3.7633, 4.8732 4.8752 3.7633, 4.9337 4.7964 3.7633, 4.9717 4.7047 3.7633, 4.9846 4.6063 3.7633, -4.6083 -5.0 0.0394, -4.6083 -5.0 3.6614, -4.7102 -4.9866 3.6614, -4.7102 -4.9866 0.0394, -4.8051 -4.9473 3.6614, -4.8051 -4.9473 0.0394, -4.8867 -4.8847 3.6614, -4.8867 -4.8847 0.0394, -4.9492 -4.8031 3.6614, -4.9492 -4.8031 0.0394, -4.9886 -4.7082 3.6614, -4.9886 -4.7082 0.0394, -5.002 -4.6063 3.6614, -5.002 -4.6063 0.0394, -4.6083 -4.6063 4.0551, -4.7102 -4.6063 4.0417, -4.8051 -4.6063 4.0024, -4.8867 -4.6063 3.9398, -4.9492 -4.6063 3.8583, -4.9886 -4.6063 3.7633, 4.6043 -4.6063 4.0551, 4.7062 -4.6063 4.0417, 4.8012 -4.6063 4.0024, 4.8827 -4.6063 3.9398, 4.9453 -4.6063 3.8583, 4.9846 -4.6063 3.7633, 4.998 -4.6063 3.6614, 4.998 -4.6063 0.0394, 4.9846 -4.7082 3.6614, 4.9846 -4.7082 0.0394, 4.9453 -4.8031 3.6614, 4.9453 -4.8031 0.0394, 4.8827 -4.8847 3.6614, 4.8827 -4.8847 0.0394, 4.8012 -4.9473 3.6614, 4.8012 -4.9473 0.0394, 4.7062 -4.9866 3.6614, 4.7062 -4.9866 0.0394, 4.6043 -5.0 3.6614, 4.6043 -5.0 0.0394, -4.6083 -4.9866 3.7633, -4.7067 -4.9736 3.7633, -4.7067 -4.7768 4.0024, -4.6592 -4.6945 4.0417, -4.6803 -4.6784 4.0417, -4.7067 -4.6327 4.0417, -4.6346 -4.7047 4.0417, -4.6592 -4.7964 4.0024, -4.6803 -4.8752 3.9398, -4.6083 -4.7082 4.0417, -4.7475 -4.7455 4.0024, -4.6965 -4.6572 4.0417, -4.7787 -4.7047 4.0024, -4.7984 -4.6572 4.0024, -4.6083 -4.8031 4.0024, -4.6083 -4.8847 3.9398, -4.6083 -4.9473 3.8583, -4.7475 -4.8474 3.9398, -4.8051 -4.8031 3.9398, -4.8494 -4.7455 3.9398, -4.8772 -4.6784 3.9398, -4.6965 -4.9356 3.8583, -4.7787 -4.9016 3.8583, -4.8494 -4.8474 3.8583, -4.9035 -4.7768 3.8583, -4.9376 -4.6945 3.8583, -4.7984 -4.9356 3.7633, -4.8772 -4.8752 3.7633, -4.9376 -4.7964 3.7633, -4.9756 -4.7047 3.7633, 4.9717 -4.7047 3.7633, 4.7748 -4.7047 4.0024, 4.6926 -4.6572 4.0417, 4.6764 -4.6784 4.0417, 4.6043 -4.7082 4.0417, 4.6307 -4.7047 4.0417, 4.7028 -4.6327 4.0417, 4.7945 -4.6572 4.0024, 4.8732 -4.6784 3.9398, 4.7435 -4.7455 4.0024, 4.6553 -4.6945 4.0417, 4.7028 -4.7768 4.0024, 4.6553 -4.7964 4.0024, 4.6043 -4.8031 4.0024, 4.8454 -4.7455 3.9398, 4.8012 -4.8031 3.9398, 4.7435 -4.8474 3.9398, 4.6764 -4.8752 3.9398, 4.6043 -4.8847 3.9398, 4.9337 -4.6945 3.8583, 4.8996 -4.7768 3.8583, 4.8454 -4.8474 3.8583, 4.7748 -4.9016 3.8583, 4.6926 -4.9356 3.8583, 4.6043 -4.9473 3.8583, 4.9337 -4.7964 3.7633, 4.8732 -4.8752 3.7633, 4.7945 -4.9356 3.7633, 4.7028 -4.9736 3.7633, 4.6043 -4.9866 3.7633
            ]
        }
        coordIndex [
            0,1,2,-1,0,2,3,-1,3,2,4,-1,3,4,5,-1,5,4,6,-1,5,6,7,-1,7,6,8,-1,7,8,9,-1,9,8,10,-1,9,10,11,-1,11,10,12,-1,11,12,13,-1,14,15,16,-1,14,16,17,-1,17,16,18,-1,17,18,19,-1,19,18,20,-1,19,20,21,-1,21,20,22,-1,21,22,23,-1,23,22,24,-1,23,24,25,-1,25,24,26,-1,25,26,12,-1,27,26,28,-1,27,28,29,-1,29,28,30,-1,29,30,31,-1,31,30,32,-1,31,32,33,-1,33,32,34,-1,33,34,35,-1,35,34,36,-1,35,36,37,-1,37,36,38,-1,37,38,39,-1,1,40,41,-1,42,43,44,-1,14,17,45,-1,44,43,14,-1,46,14,43,-1,46,43,47,-1,47,43,42,-1,47,42,48,-1,49,14,46,-1,50,51,52,-1,52,51,45,-1,52,45,53,-1,53,45,17,-1,53,17,19,-1,49,46,54,-1,54,46,47,-1,54,47,55,-1,55,47,48,-1,55,48,56,-1,57,50,58,-1,58,50,52,-1,58,52,59,-1,59,52,53,-1,59,53,60,-1,60,53,19,-1,60,19,21,-1,61,57,62,-1,62,57,58,-1,62,58,63,-1,63,58,59,-1,63,59,64,-1,64,59,60,-1,64,60,65,-1,65,60,21,-1,65,21,23,-1,40,61,41,-1,41,61,62,-1,41,62,66,-1,66,62,63,-1,66,63,67,-1,67,63,64,-1,67,64,68,-1,68,64,65,-1,68,65,69,-1,69,65,23,-1,69,23,25,-1,1,41,2,-1,2,41,66,-1,2,66,4,-1,4,66,67,-1,4,67,6,-1,6,67,68,-1,6,68,8,-1,8,68,69,-1,8,69,10,-1,10,69,25,-1,10,25,12,-1,51,14,45,-1,40,56,61,-1,61,56,48,-1,61,48,57,-1,57,48,42,-1,57,42,50,-1,50,42,44,-1,50,44,51,-1,51,44,14,-1,26,24,70,-1,71,72,73,-1,15,74,75,-1,73,72,15,-1,76,15,72,-1,76,72,77,-1,77,72,71,-1,77,71,78,-1,16,15,76,-1,79,80,81,-1,81,80,75,-1,81,75,82,-1,82,75,74,-1,82,74,83,-1,16,76,18,-1,18,76,77,-1,18,77,20,-1,20,77,78,-1,20,78,22,-1,84,79,85,-1,85,79,81,-1,85,81,86,-1,86,81,82,-1,86,82,87,-1,87,82,83,-1,87,83,88,-1,89,84,90,-1,90,84,85,-1,90,85,91,-1,91,85,86,-1,91,86,92,-1,92,86,87,-1,92,87,93,-1,93,87,88,-1,93,88,94,-1,24,89,70,-1,70,89,90,-1,70,90,95,-1,95,90,91,-1,95,91,96,-1,96,91,92,-1,96,92,97,-1,97,92,93,-1,97,93,98,-1,98,93,94,-1,98,94,99,-1,26,70,28,-1,28,70,95,-1,28,95,30,-1,30,95,96,-1,30,96,32,-1,32,96,97,-1,32,97,34,-1,34,97,98,-1,34,98,36,-1,36,98,99,-1,36,99,38,-1,80,15,75,-1,24,22,89,-1,89,22,78,-1,89,78,84,-1,84,78,71,-1,84,71,79,-1,79,71,73,-1,79,73,80,-1,80,73,15,-1,100,101,102,-1,100,102,103,-1,103,102,104,-1,103,104,105,-1,105,104,106,-1,105,106,107,-1,107,106,108,-1,107,108,109,-1,109,108,110,-1,109,110,111,-1,111,110,112,-1,111,112,113,-1,114,14,49,-1,114,49,115,-1,115,49,54,-1,115,54,116,-1,116,54,55,-1,116,55,117,-1,117,55,56,-1,117,56,118,-1,118,56,40,-1,118,40,119,-1,119,40,1,-1,119,1,112,-1,15,120,121,-1,15,121,74,-1,74,121,122,-1,74,122,83,-1,83,122,123,-1,83,123,88,-1,88,123,124,-1,88,124,94,-1,94,124,125,-1,94,125,99,-1,99,125,126,-1,99,126,38,-1,127,126,128,-1,127,128,129,-1,129,128,130,-1,129,130,131,-1,131,130,132,-1,131,132,133,-1,133,132,134,-1,133,134,135,-1,135,134,136,-1,135,136,137,-1,137,136,138,-1,137,138,139,-1,101,140,141,-1,142,143,144,-1,114,115,145,-1,144,143,114,-1,146,114,143,-1,146,143,147,-1,147,143,142,-1,147,142,148,-1,149,114,146,-1,150,151,152,-1,152,151,145,-1,152,145,153,-1,153,145,115,-1,153,115,116,-1,149,146,154,-1,154,146,147,-1,154,147,155,-1,155,147,148,-1,155,148,156,-1,157,150,158,-1,158,150,152,-1,158,152,159,-1,159,152,153,-1,159,153,160,-1,160,153,116,-1,160,116,117,-1,161,157,162,-1,162,157,158,-1,162,158,163,-1,163,158,159,-1,163,159,164,-1,164,159,160,-1,164,160,165,-1,165,160,117,-1,165,117,118,-1,140,161,141,-1,141,161,162,-1,141,162,166,-1,166,162,163,-1,166,163,167,-1,167,163,164,-1,167,164,168,-1,168,164,165,-1,168,165,169,-1,169,165,118,-1,169,118,119,-1,101,141,102,-1,102,141,166,-1,102,166,104,-1,104,166,167,-1,104,167,106,-1,106,167,168,-1,106,168,108,-1,108,168,169,-1,108,169,110,-1,110,169,119,-1,110,119,112,-1,151,114,145,-1,140,156,161,-1,161,156,148,-1,161,148,157,-1,157,148,142,-1,157,142,150,-1,150,142,144,-1,150,144,151,-1,151,144,114,-1,126,125,170,-1,171,172,173,-1,120,174,175,-1,173,172,120,-1,176,120,172,-1,176,172,177,-1,177,172,171,-1,177,171,178,-1,121,120,176,-1,179,180,181,-1,181,180,175,-1,181,175,182,-1,182,175,174,-1,182,174,183,-1,121,176,122,-1,122,176,177,-1,122,177,123,-1,123,177,178,-1,123,178,124,-1,184,179,185,-1,185,179,181,-1,185,181,186,-1,186,181,182,-1,186,182,187,-1,187,182,183,-1,187,183,188,-1,189,184,190,-1,190,184,185,-1,190,185,191,-1,191,185,186,-1,191,186,192,-1,192,186,187,-1,192,187,193,-1,193,187,188,-1,193,188,194,-1,125,189,170,-1,170,189,190,-1,170,190,195,-1,195,190,191,-1,195,191,196,-1,196,191,192,-1,196,192,197,-1,197,192,193,-1,197,193,198,-1,198,193,194,-1,198,194,199,-1,126,170,128,-1,128,170,195,-1,128,195,130,-1,130,195,196,-1,130,196,132,-1,132,196,197,-1,132,197,134,-1,134,197,198,-1,134,198,136,-1,136,198,199,-1,136,199,138,-1,180,120,175,-1,125,124,189,-1,189,124,178,-1,189,178,184,-1,184,178,171,-1,184,171,179,-1,179,171,173,-1,179,173,180,-1,180,173,120,-1,120,114,149,-1,120,149,174,-1,174,149,154,-1,174,154,183,-1,183,154,155,-1,183,155,188,-1,188,155,156,-1,188,156,194,-1,194,156,140,-1,194,140,199,-1,199,140,101,-1,199,101,138,-1,
        ]
    }
}
Shape{
    appearance Appearance {
        material  Material 	{
            diffuseColor 0.7529411764705882 0.7529411764705882 0.7529411764705882
            specularColor 0.3764705882352941 0.3764705882352941 0.3764705882352941
            ambientIntensity 0.7529
            transparency 0.0
            shininess 0.5
        }
    }
    geometry IndexedFaceSet {
        ccw TRUE
        solid FALSE
        coord DEF co Coordinate {
            point [
                5.002 2.008 1.5546, 5.002 2.008 1.5241, 4.998 2.008 1.5546, 4.998 2.008 1.5241, 5.002 1.9017 1.5546, 4.998 1.9017 1.5546, 5.002 1.9017 1.791, 4.998 1.9017 1.791, 5.002 1.8673 1.791, 4.998 1.8673 1.791, 5.002 1.8673 1.5241, 4.998 1.8673 1.5241, 5.002 2.1449 1.5196, 4.998 2.1449 1.5196, 4.998 2.1856 1.5235, 5.002 2.1856 1.5235, 4.998 2.2142 1.5329, 5.002 2.2142 1.5329, 4.998 2.2188 1.5352, 5.002 2.2188 1.5352, 5.002 2.2188 1.5682, 4.998 2.2188 1.5682, 4.998 2.1925 1.5564, 5.002 2.1925 1.5564, 4.998 2.1623 1.5508, 5.002 2.1623 1.5508, 4.998 2.1499 1.5503, 5.002 2.1499 1.5503, 4.998 2.1269 1.5526, 5.002 2.1269 1.5526, 4.998 2.1072 1.5593, 5.002 2.1072 1.5593, 4.998 2.089 1.571, 5.002 2.089 1.571, 4.998 2.0813 1.5784, 5.002 2.0813 1.5784, 4.998 2.0692 1.5948, 5.002 2.0692 1.5948, 4.998 2.0602 1.6159, 5.002 2.0602 1.6159, 4.998 2.0556 1.642, 5.002 2.0556 1.642, 4.998 2.0551 1.6546, 5.002 2.0551 1.6546, 4.998 2.0595 1.6912, 5.002 2.0595 1.6912, 4.998 2.0684 1.7143, 5.002 2.0684 1.7143, 4.998 2.0813 1.7328, 5.002 2.0813 1.7328, 4.998 2.0831 1.7348, 5.002 2.0831 1.7348, 4.998 2.0993 1.7485, 5.002 2.0993 1.7485, 4.998 2.12 1.7588, 5.002 2.12 1.7588, 4.998 2.1429 1.7638, 5.002 2.1429 1.7638, 4.998 2.1559 1.7644, 5.002 2.1559 1.7644, 4.998 2.1887 1.7605, 5.002 2.1887 1.7605, 4.998 2.2158 1.7502, 5.002 2.2158 1.7502, 4.998 2.2188 1.7486, 5.002 2.2188 1.7486, 5.002 2.2188 1.7846, 4.998 2.2188 1.7846, 4.998 2.1555 1.7955, 5.002 2.1555 1.7955, 4.998 2.1842 1.7933, 5.002 2.1905 1.7928, 4.998 2.1905 1.7928, 4.998 2.137 1.7933, 5.002 2.1169 1.7908, 4.998 2.1169 1.7908, 4.998 2.089 1.78, 5.002 2.089 1.78, 4.998 2.0641 1.7625, 5.002 2.0641 1.7625, 4.998 2.0575 1.7562, 5.002 2.0575 1.7562, 4.998 2.0381 1.731, 5.002 2.0381 1.731, 4.998 2.0309 1.714, 5.002 2.0255 1.7013, 4.998 2.0255 1.7013, 4.998 2.0194 1.6665, 5.002 2.0194 1.6665, 4.998 2.0189 1.6525, 5.002 2.0189 1.6525, 4.998 2.0242 1.6091, 4.998 2.0309 1.592, 5.002 2.0351 1.5812, 5.002 2.0242 1.6091, 4.998 2.0351 1.5812, 4.998 2.051 1.5584, 5.002 2.051 1.5584, 4.998 2.0532 1.5561, 5.002 2.0532 1.5561, 4.998 2.0746 1.5382, 5.002 2.0746 1.5382, 4.998 2.0998 1.5263, 5.002 2.0998 1.5263, 4.998 2.1287 1.5204, 5.002 2.1287 1.5204, 5.002 2.4157 1.5546, 5.002 2.4157 1.5241, 4.998 2.4157 1.5546, 4.998 2.4157 1.5241, 4.998 2.3066 1.5546, 5.002 2.3066 1.5546, 4.998 2.3787 1.5546, 5.002 2.3066 1.6443, 4.998 2.3066 1.6443, 4.998 2.4021 1.6443, 5.002 2.4021 1.6443, 4.998 2.3787 1.6443, 5.002 2.4021 1.6749, 4.998 2.4021 1.6749, 4.998 2.3066 1.6749, 5.002 2.3066 1.6749, 4.998 2.3787 1.6749, 5.002 2.3066 1.7603, 4.998 2.3066 1.7603, 4.998 2.4097 1.7603, 5.002 2.4097 1.7603, 4.998 2.3787 1.7603, 5.002 2.4097 1.791, 4.998 2.4097 1.791, 4.998 2.2722 1.791, 5.002 2.2722 1.791, 4.998 2.3787 1.791, 5.002 2.2722 1.5241, 4.998 2.2722 1.5241, 4.998 2.3787 1.5241, 5.002 2.6432 1.5615, 5.002 2.6156 1.5795, 5.002 2.6153 1.5415, 5.002 2.5984 1.5675, 5.002 2.5849 1.5296, 5.002 2.5763 1.559, 5.002 2.5396 1.5241, 5.002 2.5394 1.5546, 5.002 2.4661 1.5241, 5.002 2.5006 1.5546, 5.002 2.4661 1.791, 5.002 2.5006 1.7603, 5.002 2.5423 1.791, 5.002 2.5409 1.7603, 5.002 2.5441 1.7603, 5.002 2.583 1.7865, 5.002 2.5781 1.7558, 5.002 2.6153 1.7748, 5.002 2.6008 1.747, 5.002 2.6432 1.7557, 5.002 2.618 1.7352, 5.002 2.6526 1.7465, 5.002 2.6254 1.7279, 5.002 2.6691 1.7232, 5.002 2.6357 1.7129, 5.002 2.679 1.6977, 5.002 2.6433 1.6934, 5.002 2.6834 1.661, 5.002 2.6472 1.66, 5.002 2.6826 1.644, 5.002 2.6461 1.6413, 5.002 2.6762 1.6127, 5.002 2.6407 1.6173, 5.002 2.663 1.5851, 5.002 2.6312 1.5977, 5.002 2.6187 1.5824, 4.998 2.5396 1.5241, 4.998 2.4661 1.5241, 4.998 2.6432 1.5615, 4.998 2.5849 1.5296, 4.998 2.5884 1.531, 4.998 2.6153 1.5415, 4.998 2.663 1.5851, 4.998 2.6762 1.6127, 4.998 2.6826 1.644, 4.998 2.6834 1.661, 4.998 2.679 1.6977, 4.998 2.6691 1.7232, 4.998 2.6526 1.7465, 4.998 2.6432 1.7557, 4.998 2.6153 1.7748, 4.998 2.5884 1.7846, 4.998 2.583 1.7865, 4.998 2.5423 1.791, 4.998 2.4661 1.791, 4.998 2.5409 1.7603, 4.998 2.5006 1.7603, 4.998 2.5006 1.5546, 4.998 2.5394 1.5546, 4.998 2.6187 1.5824, 4.998 2.6156 1.5795, 4.998 2.5984 1.5675, 4.998 2.5763 1.559, 4.998 2.6472 1.66, 4.998 2.6461 1.6413, 4.998 2.6407 1.6173, 4.998 2.6312 1.5977, 4.998 2.618 1.7352, 4.998 2.6254 1.7279, 4.998 2.6357 1.7129, 4.998 2.6433 1.6934, 4.998 2.5441 1.7603, 4.998 2.5781 1.7558, 4.998 2.6008 1.747
            ]
        }
        coordIndex [
            0,1,2,-1,2,1,3,-1,4,0,5,-1,5,0,2,-1,6,4,7,-1,7,4,5,-1,8,6,9,-1,9,6,7,-1,10,8,11,-1,11,8,9,-1,1,10,3,-1,3,10,11,-1,6,8,4,-1,4,8,10,-1,4,10,0,-1,0,10,1,-1,12,13,14,-1,12,14,15,-1,15,14,16,-1,15,16,17,-1,17,16,18,-1,17,18,19,-1,20,19,21,-1,21,19,18,-1,20,21,22,-1,20,22,23,-1,23,22,24,-1,23,24,25,-1,25,24,26,-1,25,26,27,-1,27,26,28,-1,27,28,29,-1,29,28,30,-1,29,30,31,-1,31,30,32,-1,31,32,33,-1,33,32,34,-1,33,34,35,-1,35,34,36,-1,35,36,37,-1,37,36,38,-1,37,38,39,-1,39,38,40,-1,39,40,41,-1,41,40,42,-1,41,42,43,-1,43,42,44,-1,43,44,45,-1,45,44,46,-1,45,46,47,-1,47,46,48,-1,47,48,49,-1,49,48,50,-1,49,50,51,-1,51,50,52,-1,51,52,53,-1,53,52,54,-1,53,54,55,-1,55,54,56,-1,55,56,57,-1,57,56,58,-1,57,58,59,-1,59,58,60,-1,59,60,61,-1,61,60,62,-1,61,62,63,-1,63,62,64,-1,63,64,65,-1,66,65,67,-1,67,65,64,-1,68,69,70,-1,70,69,71,-1,70,71,72,-1,72,71,66,-1,72,66,67,-1,69,68,73,-1,69,73,74,-1,73,75,74,-1,74,75,76,-1,74,76,77,-1,77,76,78,-1,77,78,79,-1,79,78,80,-1,79,80,81,-1,81,80,82,-1,81,82,83,-1,83,82,84,-1,83,84,85,-1,84,86,85,-1,85,86,87,-1,85,87,88,-1,88,87,89,-1,88,89,90,-1,90,89,91,-1,92,93,91,-1,91,93,94,-1,91,94,90,-1,92,95,93,-1,93,95,96,-1,93,96,97,-1,97,96,98,-1,97,98,99,-1,99,98,100,-1,99,100,101,-1,101,100,102,-1,101,102,103,-1,103,102,104,-1,103,104,105,-1,105,104,13,-1,105,13,12,-1,53,55,74,-1,45,47,83,-1,83,47,81,-1,74,55,69,-1,90,43,88,-1,88,43,45,-1,88,45,85,-1,85,45,83,-1,55,57,69,-1,69,57,59,-1,69,59,71,-1,71,59,61,-1,71,61,66,-1,66,61,63,-1,66,63,65,-1,19,20,17,-1,17,20,23,-1,17,23,15,-1,15,23,25,-1,15,25,12,-1,12,25,27,-1,12,27,105,-1,105,27,29,-1,105,29,103,-1,103,29,31,-1,103,31,101,-1,101,31,33,-1,101,33,99,-1,99,33,35,-1,99,35,97,-1,97,35,37,-1,97,37,93,-1,93,37,94,-1,94,37,39,-1,94,39,90,-1,90,39,41,-1,90,41,43,-1,47,49,81,-1,81,49,51,-1,81,51,79,-1,79,51,53,-1,79,53,77,-1,77,53,74,-1,106,107,108,-1,108,107,109,-1,110,111,112,-1,112,111,106,-1,112,106,108,-1,113,111,114,-1,114,111,110,-1,115,116,117,-1,117,116,113,-1,117,113,114,-1,118,116,119,-1,119,116,115,-1,120,121,122,-1,122,121,118,-1,122,118,119,-1,123,121,124,-1,124,121,120,-1,125,126,127,-1,127,126,123,-1,127,123,124,-1,128,126,129,-1,129,126,125,-1,130,131,132,-1,132,131,128,-1,132,128,129,-1,133,131,134,-1,134,131,130,-1,109,107,135,-1,135,107,133,-1,135,133,134,-1,133,107,106,-1,106,111,133,-1,133,111,113,-1,133,113,131,-1,126,128,123,-1,123,128,131,-1,123,131,121,-1,121,131,113,-1,121,113,118,-1,118,113,116,-1,136,137,138,-1,138,137,139,-1,138,139,140,-1,140,139,141,-1,140,141,142,-1,142,141,143,-1,142,143,144,-1,144,143,145,-1,144,145,146,-1,146,145,147,-1,146,147,148,-1,147,149,148,-1,148,149,150,-1,148,150,151,-1,151,150,152,-1,151,152,153,-1,153,152,154,-1,153,154,155,-1,155,154,156,-1,155,156,157,-1,157,156,158,-1,157,158,159,-1,159,158,160,-1,159,160,161,-1,161,160,162,-1,161,162,163,-1,163,162,164,-1,163,164,165,-1,165,164,166,-1,165,166,167,-1,167,166,168,-1,167,168,169,-1,169,168,170,-1,169,170,136,-1,136,170,171,-1,136,171,137,-1,142,144,172,-1,172,144,173,-1,174,136,138,-1,142,172,175,-1,142,175,140,-1,140,175,176,-1,140,176,138,-1,138,176,177,-1,138,177,174,-1,136,174,178,-1,136,178,169,-1,169,178,179,-1,169,179,167,-1,167,179,180,-1,167,180,165,-1,165,180,181,-1,165,181,163,-1,163,181,182,-1,163,182,161,-1,161,182,183,-1,161,183,159,-1,159,183,184,-1,159,184,157,-1,157,184,185,-1,157,185,155,-1,155,185,186,-1,187,151,186,-1,186,151,153,-1,186,153,155,-1,187,188,151,-1,151,188,189,-1,151,189,148,-1,146,148,190,-1,190,148,189,-1,144,146,173,-1,173,146,190,-1,149,147,191,-1,191,147,192,-1,147,145,192,-1,192,145,193,-1,145,143,193,-1,193,143,194,-1,171,195,196,-1,171,196,137,-1,137,196,197,-1,137,197,139,-1,139,197,198,-1,139,198,141,-1,141,198,194,-1,141,194,143,-1,164,199,200,-1,164,200,166,-1,166,200,201,-1,166,201,168,-1,168,201,202,-1,168,202,170,-1,170,202,195,-1,170,195,171,-1,156,203,204,-1,156,204,158,-1,158,204,205,-1,158,205,160,-1,160,205,206,-1,160,206,162,-1,162,206,199,-1,162,199,164,-1,149,191,207,-1,149,207,150,-1,150,207,208,-1,150,208,152,-1,152,208,209,-1,152,209,154,-1,154,209,203,-1,154,203,156,-1,
        ]
    }
}
Shape{
    appearance Appearance {
        material  Material 	{
            diffuseColor 0.25098039215686274 0.25098039215686274 0.25098039215686274
            specularColor 0.12549019607843137 0.12549019607843137 0.12549019607843137
            ambientIntensity 0.251
            transparency 0.0
            shininess 0.5
        }
    }
    geometry IndexedFaceSet {
        ccw TRUE
        solid FALSE
        coord DEF co Coordinate {
            point [
                4.998 2.5984 1.5675, 4.998 2.6156 1.5795, 4.998 2.5441 1.7603, 4.998 2.5006 1.7603, 4.998 2.5006 1.5546, 4.998 2.5409 1.7603, 4.998 2.5394 1.5546, 4.998 2.5763 1.559, 4.998 2.6187 1.5824, 4.998 2.6312 1.5977, 4.998 2.6407 1.6173, 4.998 2.6472 1.66, 4.998 2.618 1.7352, 4.998 2.6008 1.747, 4.998 2.6433 1.6934, 4.998 2.6357 1.7129, 4.998 2.6254 1.7279, 4.998 2.6461 1.6413, 4.998 2.5781 1.7558
            ]
        }
        coordIndex [
            0,1,2,-1,3,4,5,-1,5,4,6,-1,5,6,2,-1,2,6,7,-1,2,7,0,-1,1,8,2,-1,2,8,9,-1,2,9,10,-1,11,12,13,-1,14,15,11,-1,11,15,16,-1,11,16,12,-1,10,17,2,-1,2,17,11,-1,2,11,18,-1,18,11,13,-1,
        ]
    }
}
Shape{
    appearance Appearance {
        material  Material 	{
            diffuseColor 0.7529411764705882 0.7529411764705882 0.7529411764705882
            specularColor 0.3764705882352941 0.3764705882352941 0.3764705882352941
            ambientIntensity 0.7529
            transparency 0.0
            shininess 0.5
        }
    }
    geometry IndexedFaceSet {
        ccw TRUE
        solid FALSE
        coord DEF co Coordinate {
            point [
                5.002 2.7729 1.6273, 5.002 2.762 1.5971, 5.002 2.8625 1.6273, 5.002 2.8731 1.5971, 5.002 2.8128 1.7382, 5.002 2.7999 1.791, 5.002 2.6983 1.5241, 5.002 2.7363 1.5241, 5.002 2.8151 1.7462, 5.002 2.8172 1.7569, 5.002 2.8368 1.791, 5.002 2.818 1.7569, 5.002 2.8201 1.7456, 5.002 2.8222 1.7382, 5.002 2.9384 1.5241, 5.002 2.9003 1.5241, 4.998 2.8368 1.791, 4.998 2.9384 1.5241, 4.998 2.7999 1.791, 4.998 2.6983 1.5241, 4.998 2.7752 1.7261, 4.998 2.7363 1.5241, 4.998 2.762 1.5971, 4.998 2.8731 1.5971, 4.998 2.7752 1.5971, 4.998 2.9003 1.5241, 4.998 2.7729 1.6273, 4.998 2.8625 1.6273, 4.998 2.8222 1.7382, 4.998 2.818 1.7569, 4.998 2.8201 1.7456, 4.998 2.8172 1.7569, 4.998 2.8128 1.7382, 4.998 2.8151 1.7462
            ]
        }
        coordIndex [
            0,1,2,-1,2,1,3,-1,4,5,0,-1,0,5,6,-1,0,6,1,-1,1,6,7,-1,4,8,5,-1,5,8,9,-1,5,9,10,-1,10,9,11,-1,10,11,12,-1,12,13,10,-1,10,13,2,-1,10,2,14,-1,14,2,3,-1,14,3,15,-1,10,14,16,-1,16,14,17,-1,5,10,18,-1,18,10,16,-1,19,6,20,-1,20,6,5,-1,20,5,18,-1,7,6,21,-1,21,6,19,-1,1,7,22,-1,22,7,21,-1,23,3,24,-1,24,3,1,-1,24,1,22,-1,15,3,25,-1,25,3,23,-1,14,15,17,-1,17,15,25,-1,0,2,26,-1,26,2,27,-1,2,13,27,-1,27,13,28,-1,11,29,30,-1,11,30,12,-1,12,30,28,-1,12,28,13,-1,11,9,29,-1,29,9,31,-1,4,32,33,-1,4,33,8,-1,8,33,31,-1,8,31,9,-1,4,0,32,-1,32,0,26,-1,
        ]
    }
}
Shape{
    appearance Appearance {
        material  Material 	{
            diffuseColor 0.25098039215686274 0.25098039215686274 0.25098039215686274
            specularColor 0.12549019607843137 0.12549019607843137 0.12549019607843137
            ambientIntensity 0.251
            transparency 0.0
            shininess 0.5
        }
    }
    geometry IndexedFaceSet {
        ccw TRUE
        solid FALSE
        coord DEF co Coordinate {
            point [
                4.998 2.818 1.7569, 4.998 2.8172 1.7569, 4.998 2.8201 1.7456, 4.998 2.8151 1.7462, 4.998 2.8222 1.7382, 4.998 2.8128 1.7382, 4.998 2.8625 1.6273, 4.998 2.7729 1.6273
            ]
        }
        coordIndex [
            0,1,2,-1,2,1,3,-1,2,3,4,-1,4,3,5,-1,4,5,6,-1,6,5,7,-1,
        ]
    }
}
Shape{
    appearance Appearance {
        material  Material 	{
            diffuseColor 0.7529411764705882 0.7529411764705882 0.7529411764705882
            specularColor 0.3764705882352941 0.3764705882352941 0.3764705882352941
            ambientIntensity 0.7529
            transparency 0.0
            shininess 0.5
        }
    }
    geometry IndexedFaceSet {
        ccw TRUE
        solid FALSE
        coord DEF co Coordinate {
            point [
                5.002 2.0108 1.1311, 5.002 2.0108 1.1007, 4.998 2.0108 1.1311, 4.998 2.0108 1.1007, 5.002 1.9017 1.1311, 4.998 1.9017 1.1311, 5.002 1.9017 1.2209, 4.998 1.9017 1.2209, 5.002 1.9972 1.2209, 4.998 1.9972 1.2209, 5.002 1.9972 1.2515, 4.998 1.9972 1.2515, 5.002 1.9017 1.2515, 4.998 1.9017 1.2515, 5.002 1.9017 1.3369, 4.998 1.9017 1.3369, 5.002 2.0047 1.3369, 4.998 2.0047 1.3369, 5.002 2.0047 1.3676, 4.998 2.0047 1.3676, 5.002 1.8673 1.3676, 4.998 1.8673 1.3676, 5.002 1.8673 1.1007, 4.998 1.8673 1.1007, 5.002 2.1617 1.1302, 5.002 2.1625 1.1302, 5.002 2.1604 1.1609, 5.002 2.1625 1.1007, 5.002 2.196 1.1007, 5.002 2.196 1.2234, 5.002 2.1625 1.1759, 5.002 2.0675 1.2011, 5.002 2.0569 1.1923, 5.002 2.0816 1.1737, 5.002 2.1625 1.2219, 5.002 2.1614 1.2367, 5.002 2.1936 1.2476, 5.002 2.1579 1.2486, 5.002 2.1885 1.2632, 5.002 2.154 1.2555, 5.002 2.1818 1.2742, 5.002 2.1489 1.2608, 5.002 2.1729 1.2829, 5.002 2.143 1.2647, 5.002 2.1619 1.2893, 5.002 2.1353 1.2674, 5.002 2.1481 1.2937, 5.002 2.1239 1.2686, 5.002 2.1271 1.2957, 5.002 2.1016 1.2659, 5.002 2.0932 1.2916, 5.002 2.0808 1.2582, 5.002 2.0684 1.282, 5.002 2.0614 1.2455, 5.002 2.0614 1.278, 5.002 2.1555 1.149, 5.002 2.1482 1.1392, 5.002 2.1535 1.1185, 5.002 2.144 1.1351, 5.002 2.1425 1.1082, 5.002 2.1346 1.1287, 5.002 2.1353 1.1037, 5.002 2.1244 1.125, 5.002 2.122 1.0985, 5.002 2.1119 1.1236, 5.002 2.1033 1.0962, 5.002 2.1006 1.1249, 5.002 2.0833 1.0985, 5.002 2.0931 1.1277, 5.002 2.0704 1.1034, 5.002 2.0864 1.1322, 5.002 2.0592 1.1112, 5.002 2.0836 1.1351, 5.002 2.0787 1.1674, 5.002 2.0501 1.1828, 5.002 2.077 1.1598, 5.002 2.0856 1.1786, 5.002 2.0885 1.1811, 5.002 2.0823 1.2083, 5.002 2.0955 1.1848, 5.002 2.1061 1.214, 5.002 2.1179 1.1904, 5.002 2.1625 1.1964, 5.002 2.1625 1.1781, 5.002 2.0453 1.1712, 5.002 2.043 1.157, 5.002 2.0767 1.1545, 5.002 2.0428 1.1517, 5.002 2.0776 1.1468, 5.002 2.0445 1.1365, 5.002 2.0798 1.1407, 5.002 2.0485 1.1252, 5.002 2.0555 1.1149, 4.998 2.1271 1.2957, 4.998 2.0932 1.2916, 4.998 2.0684 1.282, 4.998 2.0614 1.278, 4.998 2.0614 1.2455, 4.998 2.0808 1.2582, 4.998 2.1016 1.2659, 4.998 2.1239 1.2686, 4.998 2.1353 1.2674, 4.998 2.143 1.2647, 4.998 2.1489 1.2608, 4.998 2.154 1.2555, 4.998 2.1579 1.2486, 4.998 2.1614 1.2367, 4.998 2.1625 1.2219, 4.998 2.1061 1.214, 4.998 2.0823 1.2083, 4.998 2.0675 1.2011, 4.998 2.0569 1.1923, 4.998 2.0501 1.1828, 4.998 2.0453 1.1712, 4.998 2.043 1.157, 4.998 2.0428 1.1517, 4.998 2.0445 1.1365, 4.998 2.0485 1.1252, 4.998 2.0555 1.1149, 4.998 2.0592 1.1112, 4.998 2.1033 1.0962, 4.998 2.0839 1.0985, 4.998 2.0833 1.0985, 4.998 2.0704 1.1034, 4.998 2.1218 1.0985, 4.998 2.122 1.0985, 4.998 2.1353 1.1037, 4.998 2.1425 1.1082, 4.998 2.1535 1.1185, 4.998 2.1617 1.1302, 4.998 2.1625 1.1302, 4.998 2.1625 1.1007, 4.998 2.196 1.1007, 4.998 2.196 1.2234, 4.998 2.1936 1.2476, 4.998 2.1885 1.2632, 4.998 2.1818 1.2742, 4.998 2.1729 1.2829, 4.998 2.1619 1.2893, 4.998 2.1481 1.2937, 4.998 2.0856 1.1786, 4.998 2.0885 1.1811, 4.998 2.0955 1.1848, 4.998 2.1179 1.1904, 4.998 2.0767 1.1545, 4.998 2.077 1.1598, 4.998 2.0787 1.1674, 4.998 2.0816 1.1737, 4.998 2.0864 1.1322, 4.998 2.0836 1.1351, 4.998 2.0798 1.1407, 4.998 2.0776 1.1468, 4.998 2.1119 1.1236, 4.998 2.1006 1.1249, 4.998 2.0931 1.1277, 4.998 2.1482 1.1392, 4.998 2.144 1.1351, 4.998 2.1346 1.1287, 4.998 2.1244 1.125, 4.998 2.1625 1.1781, 4.998 2.1625 1.1759, 4.998 2.1604 1.1609, 4.998 2.1555 1.149, 4.998 2.1625 1.1964
            ]
        }
        coordIndex [
            0,1,2,-1,2,1,3,-1,4,0,5,-1,5,0,2,-1,6,4,7,-1,7,4,5,-1,8,6,9,-1,9,6,7,-1,10,8,11,-1,11,8,9,-1,12,10,13,-1,13,10,11,-1,14,12,15,-1,15,12,13,-1,16,14,17,-1,17,14,15,-1,18,16,19,-1,19,16,17,-1,20,18,21,-1,21,18,19,-1,22,20,23,-1,23,20,21,-1,1,22,3,-1,3,22,23,-1,22,1,0,-1,0,4,22,-1,22,4,6,-1,22,6,20,-1,16,18,14,-1,14,18,20,-1,14,20,12,-1,12,20,6,-1,12,6,10,-1,10,6,8,-1,24,25,26,-1,27,28,25,-1,25,28,29,-1,25,29,26,-1,26,29,30,-1,31,32,33,-1,34,29,35,-1,35,29,36,-1,35,36,37,-1,37,36,38,-1,37,38,39,-1,39,38,40,-1,39,40,41,-1,41,40,42,-1,41,42,43,-1,43,42,44,-1,43,44,45,-1,45,44,46,-1,45,46,47,-1,47,46,48,-1,47,48,49,-1,49,48,50,-1,49,50,51,-1,51,50,52,-1,51,52,53,-1,53,52,54,-1,26,55,24,-1,24,55,56,-1,24,56,57,-1,57,56,58,-1,57,58,59,-1,59,58,60,-1,59,60,61,-1,61,60,62,-1,61,62,63,-1,63,62,64,-1,63,64,65,-1,65,64,66,-1,65,66,67,-1,67,66,68,-1,67,68,69,-1,69,68,70,-1,69,70,71,-1,71,70,72,-1,33,32,73,-1,73,32,74,-1,73,74,75,-1,33,76,31,-1,31,76,77,-1,31,77,78,-1,78,77,79,-1,78,79,80,-1,80,79,81,-1,80,81,34,-1,34,81,82,-1,34,82,29,-1,29,82,83,-1,29,83,30,-1,74,84,75,-1,75,84,85,-1,75,85,86,-1,86,85,87,-1,86,87,88,-1,88,87,89,-1,88,89,90,-1,90,89,91,-1,90,91,72,-1,72,91,92,-1,72,92,71,-1,48,93,94,-1,48,94,50,-1,50,94,95,-1,50,95,52,-1,52,95,96,-1,52,96,54,-1,53,54,97,-1,97,54,96,-1,53,97,98,-1,53,98,51,-1,51,98,99,-1,51,99,49,-1,49,99,100,-1,49,100,47,-1,47,100,101,-1,47,101,45,-1,45,101,102,-1,45,102,43,-1,43,102,103,-1,43,103,41,-1,41,103,104,-1,41,104,39,-1,39,104,105,-1,39,105,37,-1,37,105,106,-1,37,106,35,-1,35,106,107,-1,35,107,34,-1,80,34,108,-1,108,34,107,-1,80,108,109,-1,80,109,78,-1,78,109,110,-1,78,110,31,-1,31,110,111,-1,31,111,32,-1,32,111,112,-1,32,112,74,-1,74,112,113,-1,74,113,84,-1,84,113,114,-1,84,114,85,-1,85,114,115,-1,85,115,87,-1,87,115,116,-1,87,116,89,-1,89,116,117,-1,89,117,91,-1,91,117,118,-1,91,118,92,-1,92,118,119,-1,92,119,71,-1,120,65,121,-1,121,65,67,-1,121,67,122,-1,122,67,69,-1,122,69,123,-1,123,69,71,-1,123,71,119,-1,120,124,65,-1,65,124,63,-1,124,125,63,-1,63,125,126,-1,63,126,61,-1,61,126,127,-1,61,127,59,-1,59,127,128,-1,59,128,57,-1,57,128,129,-1,57,129,24,-1,25,24,130,-1,130,24,129,-1,27,25,131,-1,131,25,130,-1,28,27,132,-1,132,27,131,-1,29,28,133,-1,133,28,132,-1,29,133,134,-1,29,134,36,-1,36,134,135,-1,36,135,38,-1,38,135,136,-1,38,136,40,-1,40,136,137,-1,40,137,42,-1,42,137,138,-1,42,138,44,-1,44,138,139,-1,44,139,46,-1,46,139,93,-1,46,93,48,-1,76,140,141,-1,76,141,77,-1,77,141,142,-1,77,142,79,-1,79,142,143,-1,79,143,81,-1,86,144,145,-1,86,145,75,-1,75,145,146,-1,75,146,73,-1,73,146,147,-1,73,147,33,-1,33,147,140,-1,33,140,76,-1,70,148,149,-1,70,149,72,-1,72,149,150,-1,72,150,90,-1,90,150,151,-1,90,151,88,-1,88,151,144,-1,88,144,86,-1,64,152,153,-1,64,153,66,-1,66,153,154,-1,66,154,68,-1,68,154,148,-1,68,148,70,-1,56,155,156,-1,56,156,58,-1,58,156,157,-1,58,157,60,-1,60,157,158,-1,60,158,62,-1,62,158,152,-1,62,152,64,-1,83,159,160,-1,83,160,30,-1,30,160,161,-1,30,161,26,-1,26,161,162,-1,26,162,55,-1,55,162,155,-1,55,155,56,-1,83,82,159,-1,159,82,163,-1,82,81,163,-1,163,81,143,-1,
        ]
    }
}
Shape{
    appearance Appearance {
        material  Material 	{
            diffuseColor 0.25098039215686274 0.25098039215686274 0.25098039215686274
            specularColor 0.12549019607843137 0.12549019607843137 0.12549019607843137
            ambientIntensity 0.251
            transparency 0.0
            shininess 0.5
        }
    }
    geometry IndexedFaceSet {
        ccw TRUE
        solid FALSE
        coord DEF co Coordinate {
            point [
                4.998 2.1625 1.1759, 4.998 2.1625 1.1781, 4.998 2.0856 1.1786, 4.998 2.1625 1.1964, 4.998 2.1179 1.1904, 4.998 2.0955 1.1848, 4.998 2.0885 1.1811, 4.998 2.1604 1.1609, 4.998 2.0816 1.1737, 4.998 2.1555 1.149, 4.998 2.0836 1.1351, 4.998 2.0864 1.1322, 4.998 2.144 1.1351, 4.998 2.0798 1.1407, 4.998 2.1346 1.1287, 4.998 2.1244 1.125, 4.998 2.1119 1.1236, 4.998 2.0787 1.1674, 4.998 2.077 1.1598, 4.998 2.1482 1.1392, 4.998 2.0767 1.1545, 4.998 2.0776 1.1468, 4.998 2.0931 1.1277, 4.998 2.1006 1.1249
            ]
        }
        coordIndex [
            0,1,2,-1,1,3,4,-1,4,5,1,-1,1,5,6,-1,1,6,2,-1,0,2,7,-1,7,2,8,-1,7,8,9,-1,10,11,12,-1,10,12,13,-1,14,12,15,-1,15,12,16,-1,8,17,9,-1,9,17,18,-1,9,18,19,-1,19,18,20,-1,19,20,12,-1,12,20,21,-1,12,21,13,-1,11,22,12,-1,12,22,23,-1,12,23,16,-1,
        ]
    }
}
Shape{
    appearance Appearance {
        material  Material 	{
            diffuseColor 0.7529411764705882 0.7529411764705882 0.7529411764705882
            specularColor 0.3764705882352941 0.3764705882352941 0.3764705882352941
            ambientIntensity 0.7529
            transparency 0.0
            shininess 0.5
        }
    }
    geometry IndexedFaceSet {
        ccw TRUE
        solid FALSE
        coord DEF co Coordinate {
            point [
                4.998 2.2413 1.1419, 5.002 2.2413 1.1419, 5.002 2.255 1.1335, 5.002 2.2963 1.1235, 4.998 2.2963 1.1235, 4.998 2.276 1.1258, 5.002 2.276 1.1258, 4.998 2.2567 1.1329, 4.998 2.255 1.1335, 5.002 2.2413 1.1074, 4.998 2.2413 1.1074, 5.002 2.2613 1.1, 4.998 2.2567 1.1017, 4.998 2.293 1.0962, 5.002 2.293 1.0962, 4.998 2.274 1.0985, 4.998 2.2613 1.1, 5.002 2.323 1.0997, 4.998 2.3121 1.0985, 4.998 2.323 1.0997, 4.998 2.3406 1.1065, 5.002 2.3406 1.1065, 4.998 2.3485 1.1114, 5.002 2.3485 1.1114, 4.998 2.3581 1.1197, 5.002 2.3581 1.1197, 4.998 2.3643 1.1285, 5.002 2.3643 1.1285, 4.998 2.3684 1.1391, 5.002 2.3684 1.1391, 4.998 2.37 1.1526, 5.002 2.37 1.1526, 4.998 2.3686 1.165, 5.002 2.3686 1.165, 4.998 2.3651 1.1749, 5.002 2.3651 1.1749, 4.998 2.3588 1.1841, 5.002 2.3588 1.1841, 4.998 2.3509 1.1912, 5.002 2.3509 1.1912, 4.998 2.3287 1.2035, 5.002 2.3287 1.2035, 4.998 2.3157 1.2088, 5.002 2.3157 1.2088, 4.998 2.295 1.2178, 5.002 2.295 1.2178, 4.998 2.2832 1.2252, 5.002 2.2832 1.2252, 4.998 2.28 1.2287, 5.002 2.28 1.2287, 4.998 2.2776 1.2333, 5.002 2.2776 1.2333, 4.998 2.2762 1.2385, 5.002 2.2762 1.2385, 4.998 2.2759 1.2429, 5.002 2.2759 1.2429, 4.998 2.2765 1.2482, 5.002 2.2765 1.2482, 4.998 2.2782 1.2527, 5.002 2.2782 1.2527, 4.998 2.2811 1.257, 5.002 2.2811 1.257, 4.998 2.2861 1.2615, 5.002 2.2861 1.2615, 4.998 2.2936 1.2654, 5.002 2.2936 1.2654, 4.998 2.3025 1.2678, 5.002 2.3025 1.2678, 4.998 2.3124 1.2686, 5.002 2.3124 1.2686, 4.998 2.3335 1.2663, 5.002 2.3335 1.2663, 4.998 2.3525 1.2595, 5.002 2.3525 1.2595, 4.998 2.3609 1.2548, 5.002 2.3609 1.2548, 5.002 2.3609 1.2872, 4.998 2.3609 1.2872, 4.998 2.3392 1.2936, 5.002 2.3392 1.2936, 4.998 2.3157 1.2957, 5.002 2.3157 1.2957, 4.998 2.2927 1.2934, 5.002 2.2927 1.2934, 4.998 2.274 1.2871, 5.002 2.274 1.2871, 4.998 2.2629 1.2806, 5.002 2.2629 1.2806, 5.002 2.253 1.2716, 4.998 2.2567 1.275, 4.998 2.253 1.2716, 4.998 2.2468 1.2626, 5.002 2.2468 1.2626, 4.998 2.2428 1.2518, 5.002 2.2428 1.2518, 4.998 2.2415 1.2399, 5.002 2.2415 1.2399, 4.998 2.2429 1.2269, 5.002 2.2429 1.2269, 4.998 2.2466 1.2167, 5.002 2.2466 1.2167, 4.998 2.251 1.2097, 5.002 2.251 1.2097, 4.998 2.2921 1.1845, 5.002 2.2921 1.1845, 5.002 2.2722 1.1936, 4.998 2.2564 1.204, 5.002 2.2564 1.204, 4.998 2.2567 1.2038, 4.998 2.2722 1.1936, 4.998 2.3141 1.1753, 5.002 2.3141 1.1753, 4.998 2.3271 1.1674, 5.002 2.3271 1.1674, 4.998 2.3313 1.1631, 5.002 2.3313 1.1631, 4.998 2.3339 1.1587, 5.002 2.3339 1.1587, 4.998 2.3354 1.1535, 5.002 2.3354 1.1535, 4.998 2.3357 1.1493, 5.002 2.3357 1.1493, 4.998 2.335 1.1429, 5.002 2.335 1.1429, 4.998 2.3333 1.1382, 5.002 2.3333 1.1382, 4.998 2.3304 1.1338, 5.002 2.3304 1.1338, 4.998 2.3266 1.1304, 5.002 2.3266 1.1304, 4.998 2.3235 1.1286, 5.002 2.3235 1.1286, 4.998 2.3149 1.1254, 5.002 2.3149 1.1254, 4.998 2.2977 1.1235, 5.002 2.2977 1.1235, 5.002 2.5357 1.2913, 5.002 2.5704 1.2913, 4.998 2.5357 1.2913, 4.998 2.5704 1.2913, 5.002 2.4837 1.1478, 4.998 2.4837 1.1478, 4.998 2.4811 1.1389, 5.002 2.4811 1.1389, 4.998 2.4796 1.1324, 5.002 2.4796 1.1324, 5.002 2.4787 1.1324, 4.998 2.4787 1.1324, 5.002 2.4746 1.1481, 4.998 2.4746 1.1481, 4.998 2.4248 1.2913, 5.002 2.4248 1.2913, 4.998 2.4409 1.2449, 5.002 2.3874 1.2913, 4.998 2.3874 1.2913, 4.998 2.4622 1.1011, 5.002 2.4622 1.1011, 4.998 2.4409 1.1552, 4.998 2.4475 1.0665, 5.002 2.4475 1.0665, 4.998 2.4611 1.0985, 4.998 2.4409 1.0544, 5.002 2.4409 1.0543, 4.998 2.4409 1.0543, 4.998 2.4346 1.0474, 5.002 2.4346 1.0474, 4.998 2.429 1.0435, 5.002 2.429 1.0435, 4.998 2.4218 1.0406, 5.002 2.4218 1.0406, 4.998 2.4133 1.0396, 5.002 2.4133 1.0396, 4.998 2.4011 1.0412, 5.002 2.4011 1.0412, 4.998 2.3943 1.0434, 5.002 2.3943 1.0434, 5.002 2.3943 1.0137, 4.998 2.3943 1.0137, 4.998 2.4085 1.0112, 5.002 2.4085 1.0112, 4.998 2.4159 1.0109, 5.002 2.4159 1.0109, 4.998 2.4294 1.0125, 5.002 2.4294 1.0125, 4.998 2.4409 1.0169, 5.002 2.4426 1.0175, 4.998 2.4426 1.0175, 4.998 2.4542 1.0257, 5.002 2.4542 1.0257, 4.998 2.4565 1.0278, 5.002 2.4565 1.0278, 4.998 2.4688 1.0425, 5.002 2.4688 1.0425, 4.998 2.4839 1.0719, 5.002 2.4839 1.0719, 4.998 2.4944 1.0985, 5.002 2.75 1.1311, 5.002 2.75 1.1007, 4.998 2.75 1.1311, 4.998 2.75 1.1007, 4.998 2.6409 1.1311, 5.002 2.6409 1.1311, 4.998 2.6909 1.1311, 5.002 2.6409 1.2209, 4.998 2.6409 1.2209, 4.998 2.7363 1.2209, 5.002 2.7363 1.2209, 4.998 2.6909 1.2209, 5.002 2.7363 1.2515, 4.998 2.7363 1.2515, 4.998 2.6409 1.2515, 5.002 2.6409 1.2515, 4.998 2.6909 1.2515, 5.002 2.6409 1.3369, 4.998 2.6409 1.3369, 4.998 2.7439 1.3369, 5.002 2.7439 1.3369, 4.998 2.6909 1.3369, 5.002 2.7439 1.3676, 4.998 2.7439 1.3676, 4.998 2.6064 1.3676, 5.002 2.6064 1.3676, 4.998 2.6909 1.3676, 5.002 2.6064 1.1007, 4.998 2.6064 1.1007, 4.998 2.6909 1.1007, 5.002 2.9774 1.1381, 5.002 2.9498 1.1561, 5.002 2.9495 1.1181, 5.002 2.9326 1.1441, 5.002 2.9191 1.1062, 5.002 2.9106 1.1356, 5.002 2.8738 1.1007, 5.002 2.8736 1.1311, 5.002 2.8004 1.1007, 5.002 2.8348 1.1311, 5.002 2.8004 1.3676, 5.002 2.8348 1.3369, 5.002 2.8765 1.3676, 5.002 2.8752 1.3369, 5.002 2.8784 1.3369, 5.002 2.9173 1.3631, 5.002 2.9124 1.3324, 5.002 2.9495 1.3513, 5.002 2.935 1.3236, 5.002 2.9774 1.3323, 5.002 2.9522 1.3118, 5.002 2.9868 1.3231, 5.002 2.9596 1.3045, 5.002 3.0034 1.2998, 5.002 2.97 1.2895, 5.002 3.0132 1.2743, 5.002 2.9775 1.27, 5.002 3.0177 1.2376, 5.002 2.9815 1.2366, 5.002 3.0169 1.2206, 5.002 2.9804 1.2179, 5.002 3.0104 1.1893, 5.002 2.9749 1.1939, 5.002 2.9973 1.1617, 5.002 2.9655 1.1743, 5.002 2.9529 1.159, 4.998 2.8738 1.1007, 4.998 2.8004 1.1007, 4.998 2.9191 1.1062, 4.998 2.9495 1.1181, 4.998 2.9774 1.1381, 4.998 2.9973 1.1617, 4.998 3.0104 1.1893, 4.998 3.0169 1.2206, 4.998 3.0177 1.2376, 4.998 3.0132 1.2743, 4.998 3.0034 1.2998, 4.998 2.9868 1.3231, 4.998 2.9774 1.3323, 4.998 2.9495 1.3513, 4.998 2.9173 1.3631, 4.998 2.8765 1.3676, 4.998 2.8004 1.3676, 4.998 2.8752 1.3369, 4.998 2.8348 1.3369, 4.998 2.8348 1.1311, 4.998 2.8736 1.1311, 4.998 2.9529 1.159, 4.998 2.9498 1.1561, 4.998 2.9326 1.1441, 4.998 2.9106 1.1356, 4.998 2.9815 1.2366, 4.998 2.9804 1.2179, 4.998 2.9749 1.1939, 4.998 2.9655 1.1743, 4.998 2.9522 1.3118, 4.998 2.9596 1.3045, 4.998 2.97 1.2895, 4.998 2.9775 1.27, 4.998 2.8784 1.3369, 4.998 2.9124 1.3324, 4.998 2.935 1.3236
            ]
        }
        coordIndex [
            0,1,2,-1,3,4,5,-1,3,5,6,-1,6,5,7,-1,6,7,2,-1,2,7,8,-1,2,8,0,-1,9,1,10,-1,10,1,0,-1,9,10,11,-1,11,10,12,-1,13,14,15,-1,15,14,11,-1,15,11,16,-1,16,11,12,-1,14,13,17,-1,17,13,18,-1,18,19,17,-1,17,19,20,-1,17,20,21,-1,21,20,22,-1,21,22,23,-1,23,22,24,-1,23,24,25,-1,25,24,26,-1,25,26,27,-1,27,26,28,-1,27,28,29,-1,29,28,30,-1,29,30,31,-1,31,30,32,-1,31,32,33,-1,33,32,34,-1,33,34,35,-1,35,34,36,-1,35,36,37,-1,37,36,38,-1,37,38,39,-1,39,38,40,-1,39,40,41,-1,41,40,42,-1,41,42,43,-1,43,42,44,-1,43,44,45,-1,45,44,46,-1,45,46,47,-1,47,46,48,-1,47,48,49,-1,49,48,50,-1,49,50,51,-1,51,50,52,-1,51,52,53,-1,53,52,54,-1,53,54,55,-1,55,54,56,-1,55,56,57,-1,57,56,58,-1,57,58,59,-1,59,58,60,-1,59,60,61,-1,61,60,62,-1,61,62,63,-1,63,62,64,-1,63,64,65,-1,65,64,66,-1,65,66,67,-1,67,66,68,-1,67,68,69,-1,69,68,70,-1,69,70,71,-1,71,70,72,-1,71,72,73,-1,73,72,74,-1,73,74,75,-1,76,75,77,-1,77,75,74,-1,76,77,78,-1,76,78,79,-1,79,78,80,-1,79,80,81,-1,81,80,82,-1,81,82,83,-1,83,82,84,-1,83,84,85,-1,85,84,86,-1,85,86,87,-1,87,86,88,-1,88,86,89,-1,89,90,88,-1,88,90,91,-1,88,91,92,-1,92,91,93,-1,92,93,94,-1,94,93,95,-1,94,95,96,-1,96,95,97,-1,96,97,98,-1,98,97,99,-1,98,99,100,-1,100,99,101,-1,100,101,102,-1,103,104,105,-1,102,101,106,-1,102,106,107,-1,107,106,108,-1,107,108,105,-1,105,108,109,-1,105,109,103,-1,104,103,110,-1,104,110,111,-1,111,110,112,-1,111,112,113,-1,113,112,114,-1,113,114,115,-1,115,114,116,-1,115,116,117,-1,117,116,118,-1,117,118,119,-1,119,118,120,-1,119,120,121,-1,121,120,122,-1,121,122,123,-1,123,122,124,-1,123,124,125,-1,125,124,126,-1,125,126,127,-1,127,126,128,-1,127,128,129,-1,129,128,130,-1,129,130,131,-1,131,130,132,-1,131,132,133,-1,133,132,134,-1,133,134,135,-1,135,134,4,-1,135,4,3,-1,61,63,85,-1,85,63,83,-1,111,43,104,-1,104,43,45,-1,21,23,127,-1,127,23,25,-1,127,25,125,-1,125,25,27,-1,125,27,123,-1,123,27,29,-1,123,29,121,-1,121,29,31,-1,121,31,119,-1,119,31,33,-1,119,33,117,-1,117,33,35,-1,117,35,115,-1,115,35,37,-1,115,37,113,-1,113,37,39,-1,113,39,111,-1,111,39,41,-1,111,41,43,-1,14,3,11,-1,11,3,6,-1,11,6,9,-1,9,6,2,-1,9,2,1,-1,63,65,83,-1,83,65,67,-1,83,67,81,-1,81,67,69,-1,81,69,79,-1,79,69,71,-1,79,71,76,-1,76,71,73,-1,76,73,75,-1,127,129,21,-1,21,129,131,-1,21,131,17,-1,17,131,133,-1,17,133,14,-1,14,133,135,-1,14,135,3,-1,85,87,61,-1,61,87,88,-1,61,88,59,-1,59,88,92,-1,59,92,57,-1,57,92,94,-1,57,94,55,-1,55,94,96,-1,55,96,53,-1,53,96,98,-1,53,98,51,-1,51,98,100,-1,51,100,49,-1,49,100,102,-1,49,102,47,-1,47,102,107,-1,47,107,45,-1,45,107,105,-1,45,105,104,-1,136,137,138,-1,138,137,139,-1,140,136,141,-1,141,136,138,-1,140,141,142,-1,140,142,143,-1,143,142,144,-1,143,144,145,-1,146,145,147,-1,147,145,144,-1,148,146,149,-1,149,146,147,-1,150,151,152,-1,152,151,148,-1,152,148,149,-1,153,151,154,-1,154,151,150,-1,155,156,157,-1,157,156,153,-1,157,153,154,-1,158,159,160,-1,160,159,156,-1,160,156,155,-1,158,161,159,-1,159,161,162,-1,161,163,162,-1,162,163,164,-1,162,164,165,-1,165,164,166,-1,165,166,167,-1,167,166,168,-1,167,168,169,-1,169,168,170,-1,169,170,171,-1,171,170,172,-1,171,172,173,-1,173,172,174,-1,173,174,175,-1,176,175,177,-1,177,175,174,-1,176,177,178,-1,176,178,179,-1,179,178,180,-1,179,180,181,-1,181,180,182,-1,181,182,183,-1,183,182,184,-1,183,184,185,-1,184,186,185,-1,185,186,187,-1,185,187,188,-1,188,187,189,-1,188,189,190,-1,190,189,191,-1,190,191,192,-1,192,191,193,-1,192,193,194,-1,139,137,195,-1,195,137,194,-1,195,194,193,-1,143,145,194,-1,137,136,194,-1,194,136,140,-1,194,140,143,-1,151,153,148,-1,148,153,156,-1,148,156,146,-1,175,176,173,-1,173,176,179,-1,173,179,171,-1,171,179,181,-1,171,181,169,-1,169,181,183,-1,169,183,167,-1,167,183,185,-1,167,185,165,-1,145,146,194,-1,194,146,156,-1,194,156,192,-1,156,159,192,-1,192,159,162,-1,192,162,190,-1,190,162,165,-1,190,165,188,-1,188,165,185,-1,196,197,198,-1,198,197,199,-1,200,201,202,-1,202,201,196,-1,202,196,198,-1,203,201,204,-1,204,201,200,-1,205,206,207,-1,207,206,203,-1,207,203,204,-1,208,206,209,-1,209,206,205,-1,210,211,212,-1,212,211,208,-1,212,208,209,-1,213,211,214,-1,214,211,210,-1,215,216,217,-1,217,216,213,-1,217,213,214,-1,218,216,219,-1,219,216,215,-1,220,221,222,-1,222,221,218,-1,222,218,219,-1,223,221,224,-1,224,221,220,-1,199,197,225,-1,225,197,223,-1,225,223,224,-1,197,196,223,-1,223,196,201,-1,206,208,203,-1,203,208,211,-1,216,218,213,-1,213,218,221,-1,213,221,211,-1,211,221,223,-1,211,223,203,-1,203,223,201,-1,226,227,228,-1,228,227,229,-1,228,229,230,-1,230,229,231,-1,230,231,232,-1,232,231,233,-1,232,233,234,-1,234,233,235,-1,234,235,236,-1,236,235,237,-1,236,237,238,-1,237,239,238,-1,238,239,240,-1,238,240,241,-1,241,240,242,-1,241,242,243,-1,243,242,244,-1,243,244,245,-1,245,244,246,-1,245,246,247,-1,247,246,248,-1,247,248,249,-1,249,248,250,-1,249,250,251,-1,251,250,252,-1,251,252,253,-1,253,252,254,-1,253,254,255,-1,255,254,256,-1,255,256,257,-1,257,256,258,-1,257,258,259,-1,259,258,260,-1,259,260,226,-1,226,260,261,-1,226,261,227,-1,232,234,262,-1,262,234,263,-1,232,262,264,-1,232,264,230,-1,230,264,265,-1,230,265,228,-1,228,265,266,-1,228,266,226,-1,226,266,267,-1,226,267,259,-1,259,267,268,-1,259,268,257,-1,257,268,269,-1,257,269,255,-1,255,269,270,-1,255,270,253,-1,253,270,271,-1,253,271,251,-1,251,271,272,-1,251,272,249,-1,249,272,273,-1,249,273,247,-1,247,273,274,-1,247,274,245,-1,245,274,275,-1,245,275,243,-1,243,275,276,-1,243,276,241,-1,241,276,277,-1,241,277,238,-1,236,238,278,-1,278,238,277,-1,234,236,263,-1,263,236,278,-1,239,237,279,-1,279,237,280,-1,237,235,280,-1,280,235,281,-1,235,233,281,-1,281,233,282,-1,261,283,284,-1,261,284,227,-1,227,284,285,-1,227,285,229,-1,229,285,286,-1,229,286,231,-1,231,286,282,-1,231,282,233,-1,254,287,288,-1,254,288,256,-1,256,288,289,-1,256,289,258,-1,258,289,290,-1,258,290,260,-1,260,290,283,-1,260,283,261,-1,246,291,292,-1,246,292,248,-1,248,292,293,-1,248,293,250,-1,250,293,294,-1,250,294,252,-1,252,294,287,-1,252,287,254,-1,239,279,295,-1,239,295,240,-1,240,295,296,-1,240,296,242,-1,242,296,297,-1,242,297,244,-1,244,297,291,-1,244,291,246,-1,
        ]
    }
}
Shape{
    appearance Appearance {
        material  Material 	{
            diffuseColor 0.25098039215686274 0.25098039215686274 0.25098039215686274
            specularColor 0.12549019607843137 0.12549019607843137 0.12549019607843137
            ambientIntensity 0.251
            transparency 0.0
            shininess 0.5
        }
    }
    geometry IndexedFaceSet {
        ccw TRUE
        solid FALSE
        coord DEF co Coordinate {
            point [
                4.998 2.9326 1.1441, 4.998 2.9498 1.1561, 4.998 2.8784 1.3369, 4.998 2.8348 1.3369, 4.998 2.8348 1.1311, 4.998 2.8752 1.3369, 4.998 2.8736 1.1311, 4.998 2.9106 1.1356, 4.998 2.9529 1.159, 4.998 2.9655 1.1743, 4.998 2.9749 1.1939, 4.998 2.9815 1.2366, 4.998 2.9522 1.3118, 4.998 2.935 1.3236, 4.998 2.9775 1.27, 4.998 2.97 1.2895, 4.998 2.9596 1.3045, 4.998 2.9804 1.2179, 4.998 2.9124 1.3324
            ]
        }
        coordIndex [
            0,1,2,-1,3,4,5,-1,5,4,6,-1,5,6,2,-1,2,6,7,-1,2,7,0,-1,1,8,2,-1,2,8,9,-1,2,9,10,-1,11,12,13,-1,14,15,11,-1,11,15,16,-1,11,16,12,-1,10,17,2,-1,2,17,11,-1,2,11,18,-1,18,11,13,-1,
        ]
    }
}
Shape{
    appearance Appearance {
        material  Material 	{
            diffuseColor 0.7529411764705882 0.7529411764705882 0.7529411764705882
            specularColor 0.3764705882352941 0.3764705882352941 0.3764705882352941
            ambientIntensity 0.7529
            transparency 0.0
            shininess 0.5
        }
    }
    geometry IndexedFaceSet {
        ccw TRUE
        solid FALSE
        coord DEF co Coordinate {
            point [
                5.002 3.1071 1.2039, 5.002 3.0962 1.1737, 5.002 3.1967 1.2039, 5.002 3.2074 1.1737, 5.002 3.147 1.3148, 5.002 3.1341 1.3676, 5.002 3.0325 1.1007, 5.002 3.0706 1.1007, 5.002 3.1494 1.3228, 5.002 3.1514 1.3335, 5.002 3.171 1.3676, 5.002 3.1522 1.3335, 5.002 3.1544 1.3222, 5.002 3.1564 1.3148, 5.002 3.2726 1.1007, 5.002 3.2346 1.1007, 4.998 3.171 1.3676, 4.998 3.2726 1.1007, 4.998 3.1341 1.3676, 4.998 3.0325 1.1007, 4.998 3.0706 1.1007, 4.998 3.0962 1.1737, 4.998 3.2074 1.1737, 4.998 3.2346 1.1007, 4.998 3.1071 1.2039, 4.998 3.1967 1.2039, 4.998 3.1564 1.3148, 4.998 3.1522 1.3335, 4.998 3.1544 1.3222, 4.998 3.1514 1.3335, 4.998 3.147 1.3148, 4.998 3.1494 1.3228
            ]
        }
        coordIndex [
            0,1,2,-1,2,1,3,-1,4,5,0,-1,0,5,6,-1,0,6,1,-1,1,6,7,-1,4,8,5,-1,5,8,9,-1,5,9,10,-1,10,9,11,-1,10,11,12,-1,12,13,10,-1,10,13,2,-1,10,2,14,-1,14,2,3,-1,14,3,15,-1,10,14,16,-1,16,14,17,-1,5,10,18,-1,18,10,16,-1,6,5,19,-1,19,5,18,-1,7,6,20,-1,20,6,19,-1,1,7,21,-1,21,7,20,-1,3,1,22,-1,22,1,21,-1,15,3,23,-1,23,3,22,-1,14,15,17,-1,17,15,23,-1,0,2,24,-1,24,2,25,-1,2,13,25,-1,25,13,26,-1,11,27,28,-1,11,28,12,-1,12,28,26,-1,12,26,13,-1,11,9,27,-1,27,9,29,-1,4,30,31,-1,4,31,8,-1,8,31,29,-1,8,29,9,-1,4,0,30,-1,30,0,24,-1,
        ]
    }
}
Shape{
    appearance Appearance {
        material  Material 	{
            diffuseColor 0.25098039215686274 0.25098039215686274 0.25098039215686274
            specularColor 0.12549019607843137 0.12549019607843137 0.12549019607843137
            ambientIntensity 0.251
            transparency 0.0
            shininess 0.5
        }
    }
    geometry IndexedFaceSet {
        ccw TRUE
        solid FALSE
        coord DEF co Coordinate {
            point [
                4.998 3.1522 1.3335, 4.998 3.1514 1.3335, 4.998 3.1544 1.3222, 4.998 3.1494 1.3228, 4.998 3.1564 1.3148, 4.998 3.147 1.3148, 4.998 3.1967 1.2039, 4.998 3.1071 1.2039
            ]
        }
        coordIndex [
            0,1,2,-1,2,1,3,-1,2,3,4,-1,4,3,5,-1,4,5,6,-1,6,5,7,-1,
        ]
    }
}
Shape{
    appearance Appearance {
        material  Material 	{
            diffuseColor 0.7529411764705882 0.7529411764705882 0.7529411764705882
            specularColor 0.3764705882352941 0.3764705882352941 0.3764705882352941
            ambientIntensity 0.7529
            transparency 0.0
            shininess 0.5
        }
    }
    geometry IndexedFaceSet {
        ccw TRUE
        solid FALSE
        coord DEF co Coordinate {
            point [
                5.002 0.6885 1.0629, 5.002 0.7168 1.0281, 5.002 0.6714 1.2307, 5.002 0.6385 1.5605, 5.002 0.6808 1.583, 5.002 0.6707 1.6997, 5.002 1.005 1.0555, 5.002 1.0274 1.0978, 5.002 1.0385 1.1446, 5.002 0.7891 1.7051, 5.002 0.8479 1.5666, 5.002 0.8769 1.6266, 5.002 0.6301 1.2562, 5.002 0.645 1.1109, 5.002 0.6695 1.1036, 5.002 0.7454 1.7089, 5.002 1.3052 1.3237, 5.002 1.2464 1.4243, 5.002 1.0395 1.1833, 5.002 0.9921 1.2915, 5.002 1.0395 1.1643, 5.002 0.938 0.9965, 5.002 0.9758 1.0228, 5.002 0.7986 1.1073, 5.002 0.8137 1.0968, 5.002 0.7539 1.0001, 5.002 0.8313 1.0903, 5.002 0.916 1.1914, 5.002 0.921 1.1741, 5.002 0.9216 1.1557, 5.002 0.9175 1.1373, 5.002 0.909 1.1208, 5.002 1.3678 1.5116, 5.002 1.383 1.5116, 5.002 1.4608 1.614, 5.002 1.4191 1.5071, 5.002 1.4702 1.6109, 5.002 1.4522 1.4944, 5.002 1.5267 1.5829, 5.002 1.5781 1.5393, 5.002 0.828 1.7504, 5.002 0.9194 1.6775, 5.002 0.8726 1.7886, 5.002 0.9703 1.7147, 5.002 0.9278 1.8219, 5.002 0.7276 1.594, 5.002 0.7473 1.5951, 5.002 0.7672 1.7077, 5.002 0.7917 1.5896, 5.002 0.8343 1.574, 5.002 0.7743 1.1543, 5.002 0.7784 1.1367, 5.002 0.7865 1.1211, 5.002 0.7977 0.9817, 5.002 0.8425 0.9747, 5.002 0.8479 1.0884, 5.002 0.8498 0.9745, 5.002 0.8658 1.0906, 5.002 0.8957 0.9802, 5.002 0.8823 1.0969, 5.002 0.8969 1.107, 5.002 1.5785 1.1852, 5.002 1.49 1.2605, 5.002 1.5268 1.1415, 5.002 1.4619 1.2376, 5.002 1.4689 1.1131, 5.002 1.4284 1.2221, 5.002 1.4058 1.0998, 5.002 1.3944 1.2155, 5.002 1.2938 1.0998, 5.002 1.309 1.2155, 5.002 1.2831 1.1015, 5.002 1.4816 1.4738, 5.002 1.5036 1.4493, 5.002 1.6168 1.4853, 5.002 1.5212 1.4166, 5.002 1.64 1.4274, 5.002 1.5301 1.3801, 5.002 1.6487 1.3655, 5.002 1.531 1.3636, 5.002 1.64 1.2977, 5.002 1.5265 1.3266, 5.002 1.6161 1.2376, 5.002 1.5134 1.2928, 5.002 1.4925 1.2632, 5.002 1.3583 1.764, 5.002 1.2842 1.6767, 5.002 1.4247 1.6859, 5.002 1.327 1.6255, 5.002 1.3562 1.5644, 5.002 0.5632 1.4512, 5.002 0.4385 1.4198, 5.002 0.5575 1.4053, 5.002 0.438 1.4015, 5.002 0.5598 1.3761, 5.002 0.4472 1.3272, 5.002 0.5734 1.3297, 5.002 0.4743 1.2566, 5.002 0.596 1.2911, 5.002 0.5177 1.1947, 5.002 0.5765 1.1445, 5.002 0.7746 1.1728, 5.002 0.7795 1.1909, 5.002 0.6924 1.2715, 5.002 0.7888 1.207, 5.002 0.7238 1.3074, 5.002 0.7986 1.2175, 5.002 0.7626 1.3344, 5.002 0.8135 1.2279, 5.002 0.8045 1.3504, 5.002 0.8301 1.2342, 5.002 0.8498 1.356, 5.002 0.8479 1.2364, 5.002 0.8729 1.3546, 5.002 0.861 1.2352, 5.002 0.9187 1.3432, 5.002 0.8788 1.2296, 5.002 0.959 1.3216, 5.002 0.8945 1.2198, 5.002 0.9072 1.2066, 5.002 1.0159 1.8533, 5.002 1.0323 1.7398, 5.002 1.1003 1.8626, 5.002 1.1022 1.7488, 5.002 1.1915 1.8514, 5.002 1.1665 1.7409, 5.002 1.2855 1.8146, 5.002 1.226 1.7181, 5.002 1.2793 1.6811, 5.002 0.6004 1.6724, 5.002 0.54 1.63, 5.002 0.6058 1.5313, 5.002 0.5272 1.6178, 5.002 0.5795 1.4935, 5.002 0.4816 1.5594, 5.002 0.4513 1.4911, 5.002 1.2995 1.2173, 5.002 1.2539 1.1197, 5.002 1.2583 1.1152, 5.002 1.3052 1.216, 5.002 1.2706 1.1065, 5.002 1.2388 1.1586, 5.002 1.2406 1.1445, 5.002 1.2456 1.1316, 5.002 1.2829 1.2156, 5.002 1.2699 1.2104, 5.002 1.2393 1.1661, 5.002 1.2582 1.2021, 5.002 1.2504 1.1935, 5.002 1.2431 1.1805, 5.002 1.2976 1.2174, 4.998 1.6487 1.3655, 4.998 1.64 1.4274, 4.998 1.6335 1.4436, 4.998 1.6168 1.4853, 4.998 1.5781 1.5393, 4.998 1.5267 1.5829, 4.998 1.4702 1.6109, 4.998 1.4608 1.614, 4.998 1.4247 1.6859, 4.998 1.3583 1.764, 4.998 1.3162 1.7933, 4.998 1.2855 1.8146, 4.998 1.1915 1.8514, 4.998 1.1003 1.8626, 4.998 1.0159 1.8533, 4.998 0.9278 1.8219, 4.998 0.8803 1.7933, 4.998 0.8726 1.7886, 4.998 0.828 1.7504, 4.998 0.7891 1.7051, 4.998 0.7672 1.7077, 4.998 0.7454 1.7089, 4.998 0.6707 1.6997, 4.998 0.6004 1.6724, 4.998 0.54 1.63, 4.998 0.5272 1.6178, 4.998 0.438 1.4015, 4.998 0.4816 1.5594, 4.998 0.4513 1.4911, 4.998 0.4428 1.4436, 4.998 0.4385 1.4198, 4.998 0.4472 1.3272, 4.998 0.4743 1.2566, 4.998 0.5177 1.1947, 4.998 0.5765 1.1445, 4.998 0.645 1.1109, 4.998 0.6695 1.1036, 4.998 0.6719 1.0985, 4.998 0.6885 1.0629, 4.998 0.7168 1.0281, 4.998 0.7539 1.0001, 4.998 0.7713 0.9927, 4.998 0.7977 0.9817, 4.998 0.8425 0.9747, 4.998 0.8498 0.9745, 4.998 1.0395 1.1643, 4.998 0.8957 0.9802, 4.998 0.9284 0.9927, 4.998 0.938 0.9965, 4.998 0.9758 1.0228, 4.998 1.005 1.0555, 4.998 1.0274 1.0978, 4.998 1.0276 1.0985, 4.998 1.0385 1.1446, 4.998 1.0395 1.1833, 4.998 1.3052 1.3237, 4.998 1.2464 1.4243, 4.998 0.9921 1.2915, 4.998 0.959 1.3216, 4.998 0.9187 1.3432, 4.998 0.8729 1.3546, 4.998 0.8498 1.356, 4.998 0.8045 1.3504, 4.998 0.7626 1.3344, 4.998 0.7238 1.3074, 4.998 0.6924 1.2715, 4.998 0.6714 1.2307, 4.998 0.6301 1.2562, 4.998 0.596 1.2911, 4.998 0.5734 1.3297, 4.998 0.5598 1.3761, 4.998 0.5575 1.4053, 4.998 0.5623 1.4436, 4.998 0.5632 1.4512, 4.998 0.5795 1.4935, 4.998 0.6058 1.5313, 4.998 0.6385 1.5605, 4.998 0.6808 1.583, 4.998 0.7276 1.594, 4.998 0.7473 1.5951, 4.998 0.7917 1.5896, 4.998 0.8343 1.574, 4.998 0.8479 1.5666, 4.998 0.8769 1.6266, 4.998 0.9194 1.6775, 4.998 0.9703 1.7147, 4.998 1.0323 1.7398, 4.998 1.1022 1.7488, 4.998 1.1665 1.7409, 4.998 1.226 1.7181, 4.998 1.2793 1.6811, 4.998 1.2842 1.6767, 4.998 1.327 1.6255, 4.998 1.3562 1.5644, 4.998 1.3678 1.5116, 4.998 1.383 1.5116, 4.998 1.4191 1.5071, 4.998 1.4522 1.4944, 4.998 1.4816 1.4738, 4.998 1.5036 1.4493, 4.998 1.5066 1.4436, 4.998 1.5212 1.4166, 4.998 1.5301 1.3801, 4.998 1.531 1.3636, 4.998 1.5265 1.3266, 4.998 1.5134 1.2928, 4.998 1.4925 1.2632, 4.998 1.49 1.2605, 4.998 1.4619 1.2376, 4.998 1.4284 1.2221, 4.998 1.3944 1.2155, 4.998 1.309 1.2155, 4.998 1.3052 1.216, 4.998 1.2995 1.2173, 4.998 1.2976 1.2174, 4.998 1.2829 1.2156, 4.998 1.2699 1.2104, 4.998 1.2582 1.2021, 4.998 1.2504 1.1935, 4.998 1.2431 1.1805, 4.998 1.2393 1.1661, 4.998 1.2388 1.1586, 4.998 1.2406 1.1445, 4.998 1.2456 1.1316, 4.998 1.2539 1.1197, 4.998 1.2583 1.1152, 4.998 1.2706 1.1065, 4.998 1.2831 1.1015, 4.998 1.2938 1.0998, 4.998 1.4058 1.0998, 4.998 1.4689 1.1131, 4.998 1.5268 1.1415, 4.998 1.5785 1.1852, 4.998 1.6161 1.2376, 4.998 1.64 1.2977, 4.998 0.8479 1.2364, 4.998 0.861 1.2352, 4.998 0.8788 1.2296, 4.998 0.8945 1.2198, 4.998 0.9072 1.2066, 4.998 0.916 1.1914, 4.998 0.921 1.1741, 4.998 0.9216 1.1557, 4.998 0.9175 1.1373, 4.998 0.909 1.1208, 4.998 0.8969 1.107, 4.998 0.8823 1.0969, 4.998 0.8658 1.0906, 4.998 0.8479 1.0884, 4.998 0.8313 1.0903, 4.998 0.8137 1.0968, 4.998 0.7986 1.1073, 4.998 0.7865 1.1211, 4.998 0.7784 1.1367, 4.998 0.7743 1.1543, 4.998 0.7746 1.1728, 4.998 0.7795 1.1909, 4.998 0.7888 1.207, 4.998 0.7986 1.2175, 4.998 0.8135 1.2279, 4.998 0.8301 1.2342
            ]
        }
        coordIndex [
            0,1,2,-1,3,4,5,-1,6,7,8,-1,9,10,11,-1,12,13,2,-1,2,13,14,-1,2,14,0,-1,5,4,15,-1,16,17,18,-1,18,17,19,-1,18,19,20,-1,20,19,21,-1,20,21,8,-1,8,21,22,-1,8,22,6,-1,23,1,24,-1,24,1,25,-1,24,25,26,-1,27,28,19,-1,19,28,29,-1,19,29,21,-1,21,29,30,-1,21,30,31,-1,32,33,34,-1,34,33,35,-1,34,35,36,-1,36,35,37,-1,36,37,38,-1,38,37,39,-1,9,11,40,-1,40,11,41,-1,40,41,42,-1,42,41,43,-1,42,43,44,-1,4,45,15,-1,15,45,46,-1,15,46,47,-1,47,46,48,-1,47,48,9,-1,9,48,49,-1,9,49,10,-1,50,2,51,-1,51,2,1,-1,51,1,52,-1,52,1,23,-1,25,53,26,-1,26,53,54,-1,26,54,55,-1,55,54,56,-1,55,56,57,-1,57,56,58,-1,57,58,59,-1,59,58,21,-1,59,21,60,-1,60,21,31,-1,61,62,63,-1,63,62,64,-1,63,64,65,-1,65,64,66,-1,65,66,67,-1,67,66,68,-1,67,68,69,-1,69,68,70,-1,69,70,71,-1,37,72,39,-1,39,72,73,-1,39,73,74,-1,74,73,75,-1,74,75,76,-1,76,75,77,-1,76,77,78,-1,78,77,79,-1,78,79,80,-1,80,79,81,-1,80,81,82,-1,82,81,83,-1,82,83,61,-1,61,83,84,-1,61,84,62,-1,85,86,87,-1,87,86,88,-1,87,88,34,-1,34,88,89,-1,34,89,32,-1,90,91,92,-1,92,91,93,-1,92,93,94,-1,94,93,95,-1,94,95,96,-1,96,95,97,-1,96,97,98,-1,98,97,99,-1,98,99,12,-1,12,99,100,-1,12,100,13,-1,50,101,2,-1,2,101,102,-1,2,102,103,-1,103,102,104,-1,103,104,105,-1,105,104,106,-1,105,106,107,-1,107,106,108,-1,107,108,109,-1,109,108,110,-1,109,110,111,-1,111,110,112,-1,111,112,113,-1,113,112,114,-1,113,114,115,-1,115,114,116,-1,115,116,117,-1,117,116,118,-1,117,118,19,-1,19,118,119,-1,19,119,27,-1,44,43,120,-1,120,43,121,-1,120,121,122,-1,122,121,123,-1,122,123,124,-1,124,123,125,-1,124,125,126,-1,126,125,127,-1,126,127,85,-1,85,127,128,-1,85,128,86,-1,5,129,3,-1,3,129,130,-1,3,130,131,-1,131,130,132,-1,131,132,133,-1,133,132,134,-1,133,134,90,-1,90,134,135,-1,90,135,91,-1,136,137,138,-1,70,139,71,-1,71,139,136,-1,71,136,140,-1,140,136,138,-1,141,142,136,-1,136,142,143,-1,136,143,137,-1,144,145,146,-1,145,147,146,-1,146,147,148,-1,146,148,149,-1,141,136,146,-1,146,136,150,-1,146,150,144,-1,78,151,152,-1,78,152,76,-1,76,152,153,-1,76,153,74,-1,153,154,74,-1,74,154,155,-1,74,155,39,-1,39,155,156,-1,39,156,38,-1,38,156,157,-1,38,157,36,-1,36,157,158,-1,36,158,34,-1,34,158,159,-1,34,159,87,-1,87,159,160,-1,87,160,85,-1,126,85,161,-1,161,85,160,-1,161,162,126,-1,126,162,163,-1,126,163,124,-1,124,163,164,-1,124,164,122,-1,122,164,165,-1,122,165,120,-1,120,165,166,-1,120,166,44,-1,44,166,42,-1,42,166,167,-1,42,167,168,-1,42,168,169,-1,42,169,40,-1,40,169,170,-1,40,170,9,-1,9,170,171,-1,9,171,47,-1,47,171,172,-1,47,172,15,-1,15,172,173,-1,15,173,5,-1,5,173,174,-1,5,174,129,-1,129,174,175,-1,129,175,130,-1,130,175,176,-1,130,176,132,-1,177,93,91,-1,132,176,178,-1,132,178,134,-1,134,178,179,-1,134,179,135,-1,135,179,180,-1,135,180,91,-1,91,180,181,-1,91,181,177,-1,93,177,182,-1,93,182,95,-1,95,182,183,-1,95,183,97,-1,97,183,184,-1,97,184,99,-1,99,184,185,-1,99,185,100,-1,100,185,186,-1,100,186,13,-1,13,186,187,-1,13,187,14,-1,14,187,188,-1,14,188,0,-1,188,189,0,-1,0,189,190,-1,0,190,1,-1,1,190,191,-1,1,191,25,-1,25,191,192,-1,25,192,53,-1,192,193,53,-1,53,193,194,-1,53,194,54,-1,54,194,195,-1,54,195,56,-1,196,20,8,-1,56,195,197,-1,198,21,197,-1,197,21,58,-1,197,58,56,-1,198,199,21,-1,21,199,200,-1,21,200,22,-1,22,200,201,-1,22,201,6,-1,6,201,202,-1,6,202,7,-1,7,202,203,-1,7,203,8,-1,8,203,204,-1,8,204,196,-1,18,20,205,-1,205,20,196,-1,16,18,206,-1,206,18,205,-1,17,16,207,-1,207,16,206,-1,19,17,208,-1,208,17,207,-1,19,208,209,-1,19,209,117,-1,117,209,210,-1,117,210,115,-1,115,210,211,-1,115,211,113,-1,113,211,212,-1,113,212,111,-1,111,212,213,-1,111,213,109,-1,109,213,214,-1,109,214,107,-1,107,214,215,-1,107,215,105,-1,105,215,216,-1,105,216,103,-1,103,216,217,-1,103,217,2,-1,2,217,218,-1,2,218,12,-1,12,218,219,-1,12,219,98,-1,98,219,220,-1,98,220,96,-1,96,220,221,-1,96,221,94,-1,94,221,222,-1,94,222,92,-1,92,222,90,-1,90,222,223,-1,223,224,90,-1,90,224,225,-1,90,225,133,-1,133,225,226,-1,133,226,131,-1,131,226,227,-1,131,227,3,-1,3,227,228,-1,3,228,4,-1,4,228,229,-1,4,229,45,-1,45,229,230,-1,45,230,46,-1,46,230,231,-1,46,231,48,-1,48,231,232,-1,48,232,49,-1,49,232,233,-1,49,233,10,-1,10,233,234,-1,10,234,11,-1,11,234,235,-1,11,235,41,-1,41,235,236,-1,41,236,43,-1,43,236,237,-1,43,237,121,-1,121,237,238,-1,121,238,123,-1,123,238,239,-1,123,239,125,-1,125,239,240,-1,125,240,127,-1,127,240,241,-1,127,241,128,-1,128,241,242,-1,128,242,86,-1,86,242,243,-1,86,243,88,-1,88,243,244,-1,88,244,89,-1,89,244,245,-1,89,245,32,-1,33,32,246,-1,246,32,245,-1,33,246,247,-1,33,247,35,-1,35,247,248,-1,35,248,37,-1,37,248,249,-1,37,249,72,-1,72,249,250,-1,72,250,73,-1,73,250,251,-1,73,251,75,-1,251,252,75,-1,75,252,253,-1,75,253,77,-1,77,253,254,-1,77,254,79,-1,79,254,255,-1,79,255,81,-1,81,255,256,-1,81,256,83,-1,83,256,257,-1,83,257,84,-1,84,257,258,-1,84,258,62,-1,62,258,259,-1,62,259,64,-1,64,259,260,-1,64,260,66,-1,66,260,261,-1,66,261,68,-1,70,68,262,-1,262,68,261,-1,70,262,263,-1,70,263,139,-1,139,263,264,-1,139,264,136,-1,136,264,265,-1,136,265,150,-1,150,265,266,-1,150,266,144,-1,144,266,267,-1,144,267,145,-1,145,267,268,-1,145,268,147,-1,147,268,269,-1,147,269,148,-1,148,269,270,-1,148,270,149,-1,149,270,271,-1,149,271,146,-1,146,271,272,-1,146,272,141,-1,141,272,273,-1,141,273,142,-1,142,273,274,-1,142,274,143,-1,143,274,275,-1,143,275,137,-1,137,275,276,-1,137,276,138,-1,138,276,277,-1,138,277,140,-1,140,277,278,-1,140,278,71,-1,71,278,279,-1,71,279,69,-1,67,69,280,-1,280,69,279,-1,67,280,281,-1,67,281,65,-1,65,281,282,-1,65,282,63,-1,63,282,283,-1,63,283,61,-1,61,283,284,-1,61,284,82,-1,82,284,285,-1,82,285,80,-1,80,285,151,-1,80,151,78,-1,112,286,287,-1,112,287,114,-1,114,287,288,-1,114,288,116,-1,116,288,289,-1,116,289,118,-1,118,289,290,-1,118,290,119,-1,119,290,291,-1,119,291,27,-1,27,291,292,-1,27,292,28,-1,28,292,293,-1,28,293,29,-1,29,293,294,-1,29,294,30,-1,30,294,295,-1,30,295,31,-1,31,295,296,-1,31,296,60,-1,60,296,297,-1,60,297,59,-1,59,297,298,-1,59,298,57,-1,57,298,299,-1,57,299,55,-1,55,299,300,-1,55,300,26,-1,26,300,301,-1,26,301,24,-1,24,301,302,-1,24,302,23,-1,23,302,303,-1,23,303,52,-1,52,303,304,-1,52,304,51,-1,51,304,305,-1,51,305,50,-1,50,305,306,-1,50,306,101,-1,101,306,307,-1,101,307,102,-1,102,307,308,-1,102,308,104,-1,104,308,309,-1,104,309,106,-1,106,309,310,-1,106,310,108,-1,108,310,311,-1,108,311,110,-1,110,311,286,-1,110,286,112,-1,
        ]
    }
}
Shape{
    appearance Appearance {
        material  Material 	{
            diffuseColor 0.25098039215686274 0.25098039215686274 0.25098039215686274
            specularColor 0.12549019607843137 0.12549019607843137 0.12549019607843137
            ambientIntensity 0.251
            transparency 0.0
            shininess 0.5
        }
    }
    geometry IndexedFaceSet {
        ccw TRUE
        solid FALSE
        coord DEF co Coordinate {
            point [
                4.998 0.8479 1.0884, 4.998 0.7986 1.2175, 4.998 0.7888 1.207, 4.998 0.8479 1.2364, 4.998 0.861 1.2352, 4.998 0.8658 1.0906, 4.998 0.8301 1.2342, 4.998 0.8135 1.2279, 4.998 0.8969 1.107, 4.998 0.9072 1.2066, 4.998 0.8945 1.2198, 4.998 0.7784 1.1367, 4.998 0.7865 1.1211, 4.998 0.7986 1.1073, 4.998 0.8823 1.0969, 4.998 0.8788 1.2296, 4.998 0.8137 1.0968, 4.998 0.8313 1.0903, 4.998 0.7795 1.1909, 4.998 0.7746 1.1728, 4.998 0.7743 1.1543, 4.998 0.9175 1.1373, 4.998 0.9216 1.1557, 4.998 0.909 1.1208, 4.998 0.921 1.1741, 4.998 0.916 1.1914
            ]
        }
        coordIndex [
            0,1,2,-1,3,0,4,-1,4,0,5,-1,3,6,0,-1,0,6,7,-1,0,7,1,-1,8,9,10,-1,11,12,2,-1,2,12,13,-1,5,14,4,-1,4,14,8,-1,4,8,15,-1,15,8,10,-1,13,16,2,-1,2,16,17,-1,2,17,0,-1,18,19,2,-1,2,19,20,-1,2,20,11,-1,21,22,23,-1,23,22,24,-1,23,24,8,-1,8,24,25,-1,8,25,9,-1,
        ]
    }
}