#VRML V2.0 utf8
# 3D model generated by easyeda2kicad.py (https://github.com/uPesy/easyeda2kicad.py)

Shape{
    appearance Appearance {
        material  Material 	{
            diffuseColor 0.8509803921568627 0.8509803921568627 0.8509803921568627
            specularColor 0.4235294117647059 0.4235294117647059 0.4235294117647059
            ambientIntensity 0.851
            transparency 0.0
            shininess 0.5
        }
    }
    geometry IndexedFaceSet {
        ccw TRUE
        solid FALSE
        coord DEF co Coordinate {
            point [
                -0.1575 -1.4329 -1.1119, -0.1575 -1.3148 -1.1119, -0.0835 -1.4329 -1.1859, -0.0835 -1.3148 -1.1859, -0.059 -1.3148 -1.2046, -0.059 -1.4329 -1.2046, -0.0306 -1.3148 -1.2164, -0.0306 -1.4329 -1.2164, 0.0 -1.3148 -1.2205, 0.0 -1.4329 -1.2205, 0.0835 -1.4329 -1.1859, 0.0835 -1.3148 -1.1859, 0.1575 -1.4329 -1.1119, 0.1575 -1.3148 -1.1119, 0.2953 -1.4329 0.1846, 0.2953 -1.4329 1.2008, 0.1575 -1.4329 0.1846, -0.2953 -1.4329 1.2008, -0.1575 -1.4329 0.1846, -0.2953 -1.4329 0.1846, 0.0306 -1.4329 -1.2164, 0.0591 -1.4329 -1.2046, 0.2953 -1.3148 1.2008, 0.2953 -1.3148 0.1846, 0.1575 -1.3148 0.1846, 0.0573 -1.3148 0.5334, 0.0557 -1.3148 0.5356, -0.021 -1.3148 0.5557, -0.0394 -1.3148 0.5481, -0.2953 -1.3148 1.2008, -0.0779 -1.3148 0.4865, -0.1575 -1.3148 0.1846, -0.0769 -1.3148 0.494, -0.076 -1.3148 0.5003, -0.0405 -1.3148 0.5472, -0.0557 -1.3148 0.5356, -0.0573 -1.3148 0.5334, 0.0405 -1.3148 0.5472, 0.0394 -1.3148 0.5481, 0.021 -1.3148 0.5557, 0.0204 -1.3148 0.5559, 0.0 -1.3148 0.5586, -0.0204 -1.3148 0.5559, 0.0704 -1.3148 0.514, 0.0684 -1.3148 0.5188, 0.0682 -1.3148 0.5192, -0.0682 -1.3148 0.5192, -0.0684 -1.3148 0.5188, -0.0703 -1.3148 0.514, -0.2953 -1.3148 0.1846, -0.0749 -1.3148 0.5031, -0.0682 -1.3148 -0.78, -0.0573 -1.3148 -0.7941, -0.0557 -1.3148 -0.7963, -0.0405 -1.3148 -0.8079, -0.0787 -1.3148 0.4799, -0.0787 -1.3148 -0.7406, -0.0779 -1.3148 -0.7472, -0.0769 -1.3148 -0.7547, -0.076 -1.3148 -0.761, -0.0749 -1.3148 -0.7638, -0.0703 -1.3148 -0.7748, -0.0684 -1.3148 -0.7795, -0.0394 -1.3148 -0.8088, -0.021 -1.3148 -0.8164, -0.0204 -1.3148 -0.8167, 0.0 -1.3148 -0.8193, 0.0306 -1.3148 -1.2164, 0.0404 -1.3148 -0.8076, 0.0491 -1.3148 -0.8022, 0.0573 -1.3148 -0.794, 0.0616 -1.3148 -0.7897, 0.0769 -1.3148 0.494, 0.0761 -1.3148 0.5003, 0.0749 -1.3148 0.5031, 0.0591 -1.3148 -1.2046, 0.0175 -1.3148 -0.8174, 0.0209 -1.3148 -0.8162, 0.0342 -1.3148 -0.8115, 0.0768 -1.3148 -0.7581, 0.0747 -1.3148 -0.7642, 0.071 -1.3148 -0.7748, 0.0676 -1.3148 -0.7802, 0.0705 -1.3148 -0.7754, 0.0788 -1.3148 -0.7406, 0.0788 -1.3148 0.4799, 0.0779 -1.3148 0.4865, 0.0772 -1.3148 -0.7543, 0.078 -1.3148 -0.7471, 0.2953 -1.236 1.3976, -0.2953 -1.236 1.3976, -0.2953 -1.2798 1.3927, 0.2953 -1.2798 1.3927, -0.2953 -1.3214 1.3781, 0.2953 -1.3214 1.3781, -0.2953 -1.3588 1.3547, 0.2953 -1.3588 1.3547, -0.2953 -1.3899 1.3235, 0.2953 -1.3899 1.3235, -0.2953 -1.4134 1.2862, 0.2953 -1.4134 1.2862, -0.2953 -1.4279 1.2446, 0.2953 -1.4279 1.2446, -0.0705 -1.3014 -0.7613, -0.0705 -1.2973 -0.7513, -0.0705 -1.3079 -0.7699, -0.0575 -1.296 -0.7816, -0.0575 -1.3079 -0.7909, -0.021 -1.2973 -0.8088, -0.0406 -1.3014 -0.8019, 0.0 -1.2959 -0.8112, -0.0705 -1.2959 -0.7406, -0.0702 -1.2955 -0.7406, -0.0575 -1.2812 -0.7556, -0.0575 -1.2792 -0.7406, -0.0572 -1.279 -0.7406, -0.0406 -1.2688 -0.7588, -0.0406 -1.2869 -0.7906, -0.021 -1.2812 -0.7962, -0.0575 -1.2869 -0.7696, -0.0406 -1.2758 -0.7759, -0.021 -1.2688 -0.7798, -0.021 -1.2611 -0.7609, -0.0406 -1.2665 -0.7406, -0.0404 -1.2664 -0.7406, -0.021 -1.2584 -0.7406, -0.0209 -1.2584 -0.7406, 0.0 -1.2792 -0.7981, 0.0 -1.2665 -0.7812, 0.0 -1.2584 -0.7616, 0.0 -1.2557 -0.7406, -0.0705 -1.2959 0.4799, -0.0702 -1.2955 0.4799, -0.0575 -1.2792 0.4799, -0.0572 -1.279 0.4799, -0.0406 -1.2665 0.4799, -0.0404 -1.2664 0.4799, -0.021 -1.2584 0.4799, -0.0209 -1.2584 0.4799, 0.0 -1.2557 0.4799, 0.0706 -1.3014 0.5006, 0.0706 -1.2973 0.4906, 0.0706 -1.3079 0.5092, 0.0575 -1.296 0.5209, 0.0575 -1.3079 0.5302, 0.021 -1.2973 0.5481, 0.0406 -1.3014 0.5412, 0.0 -1.2959 0.5504, 0.0706 -1.2959 0.4799, 0.0703 -1.2955 0.4799, 0.0575 -1.2812 0.4949, 0.0575 -1.2792 0.4799, 0.0572 -1.279 0.4799, 0.0406 -1.2688 0.4981, 0.0406 -1.2869 0.5298, 0.021 -1.2812 0.5355, 0.0575 -1.2869 0.5088, 0.0406 -1.2758 0.5152, 0.021 -1.2688 0.5191, 0.021 -1.2611 0.5002, 0.0406 -1.2665 0.4799, 0.0404 -1.2664 0.4799, 0.021 -1.2584 0.4799, 0.0209 -1.2584 0.4799, 0.0 -1.2792 0.5374, 0.0 -1.2665 0.5205, 0.0 -1.2584 0.5009, 0.2953 -1.3128 1.2183, -0.2953 -1.3128 1.2183, 0.2953 -1.307 1.235, -0.2953 -1.307 1.235, 0.2953 -1.2976 1.2499, -0.2953 -1.2976 1.2499, 0.2953 -1.2851 1.2624, -0.2953 -1.2851 1.2624, 0.2953 -1.2702 1.2717, -0.2953 -1.2702 1.2717, 0.2953 -1.2535 1.2776, -0.2953 -1.2535 1.2776, 0.2953 -1.236 1.2795, -0.2953 -1.236 1.2795, -0.2953 -1.0982 1.3976, 0.2953 -1.0982 1.3976, 0.2953 -1.0982 1.2795, -0.2953 -1.0982 1.2795, 0.0706 -1.2959 -0.7406, 0.0703 -1.2955 -0.7406, 0.0575 -1.2792 -0.7406, 0.0572 -1.279 -0.7406, 0.0406 -1.2665 -0.7406, 0.0404 -1.2664 -0.7406, 0.021 -1.2584 -0.7406, 0.0209 -1.2584 -0.7406, 0.021 -1.2973 -0.8088, 0.0406 -1.3014 -0.8019, 0.0575 -1.3079 -0.7909, 0.0575 -1.296 -0.7816, 0.0706 -1.3079 -0.7699, 0.0706 -1.3014 -0.7613, 0.0706 -1.2973 -0.7513, 0.021 -1.2611 -0.7609, 0.021 -1.2688 -0.7798, 0.021 -1.2812 -0.7962, 0.0406 -1.2688 -0.7588, 0.0406 -1.2758 -0.7759, 0.0406 -1.2869 -0.7906, 0.0575 -1.2869 -0.7696, 0.0575 -1.2812 -0.7556, -0.0705 -1.3079 0.5092, -0.021 -1.2973 0.5481, -0.0406 -1.3014 0.5412, -0.0575 -1.3079 0.5302, -0.0575 -1.296 0.5209, -0.0705 -1.3014 0.5006, -0.0705 -1.2973 0.4906, -0.021 -1.2812 0.5355, -0.021 -1.2688 0.5191, -0.021 -1.2611 0.5002, -0.0406 -1.2688 0.4981, -0.0406 -1.2758 0.5152, -0.0406 -1.2869 0.5298, -0.0575 -1.2869 0.5088, -0.0575 -1.2812 0.4949, 1.061 -1.3148 0.4974, 1.0615 -1.3148 0.4936, 1.0548 -1.3014 0.5006, 1.0548 -1.2973 0.4906, 1.0623 -1.3148 0.4864, 1.063 -1.3148 0.4799, 1.0589 -1.3148 0.5034, 1.0418 -1.296 0.5209, 1.0518 -1.3148 0.5194, 1.0548 -1.3079 0.5092, 1.0548 -1.3148 0.5147, 1.0552 -1.3148 0.514, 1.0249 -1.3014 0.5412, 1.0334 -1.3148 0.5414, 1.0418 -1.3079 0.5302, 1.0415 -1.3148 0.5333, 1.0458 -1.3148 0.529, 1.0018 -1.3148 0.5566, 1.0052 -1.3148 0.5555, 1.0053 -1.2973 0.5481, 1.0184 -1.3148 0.5508, 1.0246 -1.3148 0.5469, 0.9843 -1.2959 0.5504, 0.9843 -1.3148 0.5586, 1.0548 -1.2959 0.4799, 1.0545 -1.2955 0.4799, 1.0418 -1.2812 0.4949, 1.0418 -1.2792 0.4799, 1.0415 -1.279 0.4799, 1.0249 -1.2688 0.4981, 1.0249 -1.2869 0.5298, 1.0053 -1.2812 0.5355, 1.0418 -1.2869 0.5088, 1.0249 -1.2758 0.5152, 1.0053 -1.2688 0.5191, 1.0053 -1.2611 0.5002, 1.0249 -1.2665 0.4799, 1.0246 -1.2664 0.4799, 1.0053 -1.2584 0.4799, 1.0051 -1.2584 0.4799, 0.9843 -1.2792 0.5374, 0.9843 -1.2665 0.5205, 0.9843 -1.2584 0.5009, 0.9843 -1.2557 0.4799, 0.9843 -1.2557 -0.7406, 1.063 -1.3148 -0.7406, 1.0548 -1.2959 -0.7406, 1.0545 -1.2955 -0.7406, 1.0418 -1.2792 -0.7406, 1.0415 -1.279 -0.7406, 1.0249 -1.2665 -0.7406, 1.0246 -1.2664 -0.7406, 1.0053 -1.2584 -0.7406, 1.0051 -1.2584 -0.7406, 0.9075 -1.3148 -0.7581, 0.9071 -1.3148 -0.7543, 0.9137 -1.3014 -0.7613, 0.9137 -1.2973 -0.7513, 0.9063 -1.3148 -0.7471, 0.9055 -1.3148 -0.7406, 0.9096 -1.3148 -0.7642, 0.9268 -1.296 -0.7816, 0.9167 -1.3148 -0.7802, 0.9137 -1.3079 -0.7699, 0.9137 -1.3148 -0.7754, 0.9133 -1.3148 -0.7748, 0.9437 -1.3014 -0.8019, 0.9352 -1.3148 -0.8022, 0.9268 -1.3079 -0.7909, 0.927 -1.3148 -0.794, 0.9227 -1.3148 -0.7897, 0.9667 -1.3148 -0.8174, 0.9634 -1.3148 -0.8162, 0.9633 -1.2973 -0.8088, 0.9501 -1.3148 -0.8115, 0.9439 -1.3148 -0.8076, 0.9843 -1.2959 -0.8112, 0.9843 -1.3148 -0.8193, 0.9137 -1.2959 -0.7406, 0.914 -1.2955 -0.7406, 0.9268 -1.2812 -0.7556, 0.9268 -1.2792 -0.7406, 0.9271 -1.279 -0.7406, 0.9437 -1.2688 -0.7588, 0.9437 -1.2869 -0.7906, 0.9633 -1.2812 -0.7962, 0.9268 -1.2869 -0.7696, 0.9437 -1.2758 -0.7759, 0.9633 -1.2688 -0.7798, 0.9633 -1.2611 -0.7609, 0.9437 -1.2665 -0.7406, 0.9439 -1.2664 -0.7406, 0.9633 -1.2584 -0.7406, 0.9634 -1.2584 -0.7406, 0.9843 -1.2792 -0.7981, 0.9843 -1.2665 -0.7812, 0.9843 -1.2584 -0.7616, 0.9055 -1.3148 0.4799, 0.9137 -1.2959 0.4799, 0.914 -1.2955 0.4799, 0.9268 -1.2792 0.4799, 0.9271 -1.279 0.4799, 0.9437 -1.2665 0.4799, 0.9439 -1.2664 0.4799, 0.9633 -1.2584 0.4799, 0.9634 -1.2584 0.4799, 0.9007 -1.4329 -1.1859, 0.8268 -1.4329 -1.1119, 0.9007 -1.3148 -1.1859, 0.8268 -1.3148 -1.1119, 0.8268 -1.4329 0.1846, 0.8268 -1.3148 0.1846, 0.689 -1.4329 0.1846, 0.689 -1.3148 0.1846, 1.2795 -1.4329 0.1846, 1.1417 -1.4329 0.1846, 1.2795 -1.3148 0.1846, 1.1417 -1.3148 0.1846, 1.1417 -1.3148 -1.1119, 1.1417 -1.4329 -1.1119, 1.0678 -1.4329 -1.1859, 1.0678 -1.3148 -1.1859, 0.9843 -1.4329 -1.2205, 0.9843 -1.3148 -1.2205, 1.0148 -1.3148 -1.2164, 1.0148 -1.4329 -1.2164, 1.0433 -1.3148 -1.2046, 1.0433 -1.4329 -1.2046, 0.9252 -1.3148 -1.2046, 0.9252 -1.4329 -1.2046, 0.9537 -1.3148 -1.2164, 0.9537 -1.4329 -1.2164, 1.2795 -1.4329 1.2008, 1.2795 -1.3148 1.2008, 0.9437 -1.3148 0.5472, 0.9286 -1.3148 0.5356, 0.689 -1.3148 1.2008, 0.9269 -1.3148 0.5334, 0.9639 -1.3148 0.5559, 1.0248 -1.3148 -0.8079, 1.0399 -1.3148 -0.7963, 1.0416 -1.3148 -0.7941, 0.9633 -1.3148 0.5557, 0.9449 -1.3148 0.5481, 1.0525 -1.3148 -0.78, 1.0526 -1.3148 -0.7795, 1.0546 -1.3148 -0.7748, 1.0591 -1.3148 -0.7638, 1.0603 -1.3148 -0.761, 1.0611 -1.3148 -0.7547, 0.9161 -1.3148 0.5192, 0.9159 -1.3148 0.5188, 0.9139 -1.3148 0.514, 0.9094 -1.3148 0.5031, 0.9082 -1.3148 0.5003, 1.0621 -1.3148 -0.7472, 1.0046 -1.3148 -0.8167, 1.0052 -1.3148 -0.8164, 1.0236 -1.3148 -0.8088, 0.9074 -1.3148 0.494, 0.9064 -1.3148 0.4865, 0.689 -1.4329 1.2008, 1.2795 -1.236 1.2795, 1.2795 -1.236 1.3976, 1.2795 -1.2535 1.2776, 1.2795 -1.2798 1.3927, 1.2795 -1.2702 1.2717, 1.2795 -1.3214 1.3781, 1.2795 -1.2851 1.2624, 1.2795 -1.3588 1.3547, 1.2795 -1.2976 1.2499, 1.2795 -1.3899 1.3235, 1.2795 -1.307 1.235, 1.2795 -1.4134 1.2862, 1.2795 -1.3128 1.2183, 1.2795 -1.4279 1.2446, 0.689 -1.3128 1.2183, 0.689 -1.307 1.235, 0.689 -1.2976 1.2499, 0.689 -1.2851 1.2624, 0.689 -1.2702 1.2717, 0.689 -1.2535 1.2776, 0.689 -1.236 1.2795, 0.689 -1.4279 1.2446, 0.689 -1.4134 1.2862, 0.689 -1.3899 1.3235, 0.689 -1.3588 1.3547, 0.689 -1.3214 1.3781, 0.689 -1.2798 1.3927, 0.689 -1.236 1.3976, 1.2795 -1.0982 1.2795, 0.689 -1.0982 1.2795, 1.2795 -1.0982 1.3976, 0.689 -1.0982 1.3976, 0.9137 -1.3079 0.5092, 0.9633 -1.2973 0.5481, 0.9437 -1.3014 0.5412, 0.9268 -1.3079 0.5302, 0.9268 -1.296 0.5209, 0.9137 -1.3014 0.5006, 0.9137 -1.2973 0.4906, 0.9633 -1.2812 0.5355, 0.9633 -1.2688 0.5191, 0.9633 -1.2611 0.5002, 0.9437 -1.2688 0.4981, 0.9437 -1.2758 0.5152, 0.9437 -1.2869 0.5298, 0.9268 -1.2869 0.5088, 0.9268 -1.2812 0.4949, 1.0548 -1.3079 -0.7699, 1.0053 -1.2973 -0.8088, 1.0249 -1.3014 -0.8019, 1.0418 -1.3079 -0.7909, 1.0418 -1.296 -0.7816, 1.0548 -1.3014 -0.7613, 1.0548 -1.2973 -0.7513, 1.0053 -1.2611 -0.7609, 1.0053 -1.2688 -0.7798, 1.0053 -1.2812 -0.7962, 1.0249 -1.2688 -0.7588, 1.0249 -1.2758 -0.7759, 1.0249 -1.2869 -0.7906, 1.0418 -1.2869 -0.7696, 1.0418 -1.2812 -0.7556, 1.7913 1.3821 -1.3872, 1.9327 1.3821 -1.4567, 1.9386 1.2802 -1.4447, 1.7973 1.2802 -1.3752, 1.9559 1.1852 -1.4094, 1.8146 1.1852 -1.3399, 1.9835 1.1037 -1.3532, 1.8422 1.1037 -1.2837, 2.0195 1.0411 -1.28, 1.8782 1.0411 -1.2106, 2.0614 1.0018 -1.1948, 1.9201 1.0018 -1.1253, 2.1063 0.9884 -1.1034, 1.965 0.9884 -1.0339, 2.0585 0.9884 -0.7078, 2.0585 1.7758 -0.7078, 2.0705 0.9884 -0.7204, 2.0705 1.7758 -0.7204, 2.0795 0.9884 -0.7353, 2.0795 1.7758 -0.7353, 2.0849 0.9884 -0.7519, 2.0849 1.7758 -0.7519, 2.0866 0.9884 -0.7692, 2.0866 1.7758 -0.7692, 2.0845 0.9884 -0.7865, 2.0845 1.7758 -0.7865, 2.0786 0.9884 -0.8029, 2.0786 1.7758 -0.8029, 1.965 1.7758 -1.0339, 1.9264 1.7659 -1.1125, 1.8897 1.7368 -1.1872, 1.8567 1.6899 -1.2542, 1.8292 1.6276 -1.3101, 1.8085 1.5529 -1.3522, 1.7957 1.4697 -1.3784, 2.1063 1.7758 -1.1034, 2.0677 1.7659 -1.182, 2.031 1.7368 -1.2567, 1.9981 1.6899 -1.3237, 1.9706 1.6276 -1.3796, 1.9499 1.5529 -1.4217, 1.937 1.4697 -1.4478, 2.2199 1.7758 -0.8723, 2.2199 0.9884 -0.8723, 2.2376 1.7758 -0.8232, 2.2376 0.9884 -0.8232, 2.2441 1.7758 -0.7714, 2.2441 0.9884 -0.7714, 2.239 1.7758 -0.7194, 2.239 0.9884 -0.7194, 2.2226 1.7758 -0.6698, 2.2226 0.9884 -0.6698, 2.1958 1.7758 -0.625, 2.1958 0.9884 -0.625, 2.1597 1.7758 -0.5872, 2.1597 0.9884 -0.5872, 1.8279 1.7758 -0.5143, 1.8279 0.9884 -0.5143, 1.9291 0.9884 -0.3937, 1.9291 1.7758 -0.3937, 1.7717 -0.0352 0.9449, 1.7717 0.201 0.9449, 1.9291 -0.0352 0.9449, 1.9291 0.201 0.9449, 1.9291 0.201 0.1181, 1.7717 0.201 0.1181, 1.7717 0.2797 0.0394, 1.9291 0.2797 0.0394, 1.9291 0.2593 0.0421, 1.7717 0.2593 0.0421, 1.9291 0.2404 0.0499, 1.7717 0.2404 0.0499, 1.9291 0.224 0.0624, 1.7717 0.224 0.0624, 1.9291 0.2115 0.0787, 1.7717 0.2115 0.0787, 1.9291 0.2037 0.0977, 1.7717 0.2037 0.0977, 1.9291 0.5159 0.0394, 1.7717 0.5159 0.0394, 1.7717 0.5947 0.1181, 1.9291 0.5947 0.1181, 1.9291 0.592 0.0977, 1.7717 0.592 0.0977, 1.9291 0.5841 0.0787, 1.7717 0.5841 0.0787, 1.9291 0.5716 0.0624, 1.7717 0.5716 0.0624, 1.9291 0.5553 0.0499, 1.7717 0.5553 0.0499, 1.9291 0.5363 0.0421, 1.7717 0.5363 0.0421, 1.7717 0.5947 0.2362, 1.9291 0.5947 0.2362, 1.9291 0.9884 0.2362, 1.7717 0.9884 0.2362, 1.7717 0.9884 -0.3937, 1.7754 0.9884 -0.4278, 1.7864 0.9884 -0.4603, 1.8042 0.9884 -0.4896, 1.7717 1.7758 -0.3937, 1.7754 1.7758 -0.4278, 1.7864 1.7758 -0.4603, 1.8042 1.7758 -0.4896, 1.7717 1.7758 0.2362, 1.9291 1.7758 0.2362, 1.7717 2.1695 0.2362, 1.9291 2.1695 0.2362, 1.9291 2.1695 0.1181, 1.7717 2.1695 0.1181, 1.7717 2.2482 0.0394, 1.9291 2.2482 0.0394, 1.9291 2.2278 0.0421, 1.7717 2.2278 0.0421, 1.9291 2.2089 0.0499, 1.7717 2.2089 0.0499, 1.9291 2.1926 0.0624, 1.7717 2.1926 0.0624, 1.9291 2.18 0.0787, 1.7717 2.18 0.0787, 1.9291 2.1722 0.0977, 1.7717 2.1722 0.0977, 1.9291 2.4844 0.0394, 1.7717 2.4844 0.0394, 1.7717 2.5632 0.1181, 1.9291 2.5632 0.1181, 1.9291 2.5605 0.0977, 1.7717 2.5605 0.0977, 1.9291 2.5526 0.0787, 1.7717 2.5526 0.0787, 1.9291 2.5401 0.0624, 1.7717 2.5401 0.0624, 1.9291 2.5238 0.0499, 1.7717 2.5238 0.0499, 1.9291 2.5048 0.0421, 1.7717 2.5048 0.0421, 1.7717 2.5632 0.9449, 1.9291 2.5632 0.9449, 1.9291 2.7994 0.9449, 1.7717 2.7994 0.9449, 1.7717 2.8198 0.9476, 1.9291 2.8198 0.9476, 1.7717 2.8388 0.9554, 1.9291 2.8388 0.9554, 1.7717 2.8551 0.9679, 1.9291 2.8551 0.9679, 1.7717 2.8676 0.9843, 1.9291 2.8676 0.9843, 1.7717 2.8755 1.0032, 1.9291 2.8755 1.0032, 1.7717 2.8781 1.0236, 1.9291 2.8781 1.0236, 1.9291 2.8781 2.5197, 1.9291 -0.114 2.5197, 1.9291 -0.114 1.0236, 1.9291 -0.1113 1.0032, 1.9291 -0.0556 0.9476, 1.9291 -0.1034 0.9843, 1.9291 -0.0909 0.9679, 1.9291 -0.0746 0.9554, 1.7717 -0.114 1.0236, 1.7717 -0.1113 1.0032, 1.7717 -0.1034 0.9843, 1.7717 -0.0909 0.9679, 1.7717 -0.0746 0.9554, 1.7717 -0.0556 0.9476, 1.7717 -0.114 2.5197, 1.7717 2.8781 2.5197, 1.7323 0.1213 2.5591, 1.7323 2.8781 2.5591, 1.7425 2.8781 2.5577, 1.7323 -0.114 2.5591, 1.7425 -0.114 2.5577, 1.752 -0.114 2.5538, 1.752 2.8781 2.5538, 1.7601 -0.114 2.5475, 1.7601 2.8781 2.5475, 1.7664 -0.114 2.5394, 1.7664 2.8781 2.5394, 1.7703 -0.114 2.5299, 1.7703 2.8781 2.5299, 1.0416 0.7807 3.0315, 1.2323 0.8015 3.0315, 1.1302 0.9707 3.0315, 1.3111 1.0123 3.0315, 1.1845 1.1732 3.0315, 1.354 1.2331 3.0315, 1.2028 1.3821 3.0315, 1.3601 1.458 3.0315, 1.1845 1.5909 3.0315, 1.3291 1.6808 3.0315, 1.1302 1.7935 3.0315, 1.2618 1.8955 3.0315, 1.0416 1.9835 3.0315, 1.16 2.0962 3.0315, 0.9214 2.1552 3.0315, 1.0267 2.2774 3.0315, 0.7731 2.3035 3.0315, 0.8653 2.4342 3.0315, 0.6014 2.4237 3.0315, 0.6803 2.5622 3.0315, 0.4114 2.5123 3.0315, 0.4768 2.6581 3.0315, 0.2089 2.5666 3.0315, 0.2603 2.7192 3.0315, 0.0 2.5848 3.0315, 0.0367 2.7438 3.0315, -0.2088 2.5666 3.0315, -0.188 2.7313 3.0315, -0.4114 2.5123 3.0315, -0.4075 2.6819 3.0315, -0.6014 2.4237 3.0315, -0.6159 2.5971 3.0315, -0.7731 2.3035 3.0315, -0.8074 2.4792 3.0315, -0.9214 2.1552 3.0315, -0.977 2.3313 3.0315, -1.0416 1.9835 3.0315, -1.1199 2.1576 3.0315, -1.2323 1.9626 3.0315, -1.1302 1.7935 3.0315, -1.311 1.7519 3.0315, -1.1845 1.5909 3.0315, -1.354 1.5311 3.0315, -1.2027 1.3821 3.0315, -1.3601 1.3062 3.0315, -1.1845 1.1732 3.0315, -1.329 1.0833 3.0315, -1.1302 0.9707 3.0315, -1.2617 0.8687 3.0315, -1.0416 0.7807 3.0315, -1.16 0.668 3.0315, -0.9214 0.609 3.0315, -1.0267 0.4868 3.0315, -0.7731 0.4607 3.0315, -0.8653 0.33 3.0315, -0.6014 0.3405 3.0315, -0.6803 0.2019 3.0315, -0.4114 0.2519 3.0315, -0.4768 0.1061 3.0315, -0.2088 0.1976 3.0315, -0.2603 0.045 3.0315, 0.0 0.1793 3.0315, -0.0366 0.0204 3.0315, 0.2089 0.1976 3.0315, 0.188 0.0329 3.0315, 0.4114 0.2519 3.0315, 0.4075 0.0823 3.0315, 0.6014 0.3405 3.0315, 0.6159 0.1671 3.0315, 0.7731 0.4607 3.0315, 0.8075 0.285 3.0315, 0.9214 0.609 3.0315, 0.977 0.4329 3.0315, 1.1199 0.6066 3.0315, 0.0 -0.7833 2.7165, 0.3937 -0.7833 2.7165, 0.0 0.0224 2.7165, 0.3937 -0.7045 2.7165, 1.1199 0.6066 2.7165, 1.6929 -0.114 2.7165, 1.2323 0.8015 2.7165, 1.7323 -0.114 2.7165, 1.2205 -0.7045 2.7165, 1.3428 -0.6884 2.7165, 1.2677 -0.5947 2.7165, 1.3484 -0.5613 2.7165, 1.4567 -0.6412 2.7165, 1.4177 -0.5081 2.7165, 1.5545 -0.5662 2.7165, 1.4709 -0.4388 2.7165, 1.6296 -0.4683 2.7165, 1.5044 -0.3581 2.7165, 1.6768 -0.3544 2.7165, 1.5158 -0.2715 2.7165, 1.6929 -0.2321 2.7165, 1.5044 -0.1848 2.7165, 1.4709 -0.1041 2.7165, 1.1811 0.0632 2.7165, 1.2677 0.0518 2.7165, 1.3484 0.0184 2.7165, 1.4177 -0.0348 2.7165, 1.1811 -0.6061 2.7165, 1.0945 -0.5947 2.7165, 1.0138 -0.5613 2.7165, 0.9445 -0.5081 2.7165, 0.8913 -0.4388 2.7165, 0.8579 -0.3581 2.7165, 0.8465 -0.2715 2.7165, 0.8579 -0.1848 2.7165, 1.0945 0.0518 2.7165, 0.977 0.4329 2.7165, 1.0138 0.0184 2.7165, 0.8075 0.285 2.7165, 0.9445 -0.0348 2.7165, 0.6159 0.1671 2.7165, 0.8913 -0.1041 2.7165, 0.4075 0.0823 2.7165, 0.188 0.0329 2.7165, -1.7323 -0.114 2.7165, -1.6929 -0.114 2.7165, -1.0267 0.4868 2.7165, -1.16 0.668 2.7165, -1.2617 0.8687 2.7165, -1.7323 1.3821 2.7165, -1.329 1.0833 2.7165, -1.3601 1.3062 2.7165, -1.4709 -0.1041 2.7165, -1.4177 -0.0348 2.7165, -0.8464 -0.2715 2.7165, -0.8578 -0.3581 2.7165, -0.3937 -0.7045 2.7165, -0.8913 -0.4388 2.7165, -0.9445 -0.5081 2.7165, -1.0138 -0.5613 2.7165, -1.2205 -0.7045 2.7165, -1.3484 0.0184 2.7165, -1.2677 0.0518 2.7165, -0.3937 -0.7833 2.7165, -0.0366 0.0204 2.7165, -0.8578 -0.1848 2.7165, -0.2603 0.045 2.7165, -0.8913 -0.1041 2.7165, -0.4768 0.1061 2.7165, -0.9445 -0.0348 2.7165, -0.6803 0.2019 2.7165, -1.0138 0.0184 2.7165, -0.8653 0.33 2.7165, -1.0945 0.0518 2.7165, -1.1811 0.0632 2.7165, -1.0945 -0.5947 2.7165, -1.1811 -0.6061 2.7165, -1.3427 -0.6884 2.7165, -1.2677 -0.5947 2.7165, -1.4567 -0.6412 2.7165, -1.3484 -0.5613 2.7165, -1.5545 -0.5662 2.7165, -1.4177 -0.5081 2.7165, -1.6296 -0.4683 2.7165, -1.4709 -0.4388 2.7165, -1.6768 -0.3544 2.7165, -1.5043 -0.3581 2.7165, -1.6929 -0.2321 2.7165, -1.5157 -0.2715 2.7165, -1.5043 -0.1848 2.7165, 0.0 3.5474 2.7165, -0.3937 3.5474 2.7165, 0.0 2.7418 2.7165, -0.3937 3.4687 2.7165, -1.1199 2.1576 2.7165, -1.6929 2.8781 2.7165, -1.2323 1.9626 2.7165, -1.7323 2.8781 2.7165, -0.8578 3.1222 2.7165, -0.8464 3.0356 2.7165, -0.8578 2.949 2.7165, -1.4709 2.8683 2.7165, -1.5043 2.949 2.7165, -1.0138 3.3254 2.7165, -0.9445 3.2723 2.7165, -0.8913 3.203 2.7165, -1.358 1.3821 2.7165, -1.354 1.5311 2.7165, -1.311 1.7519 2.7165, -1.6929 2.9963 2.7165, -1.5157 3.0356 2.7165, -1.6768 3.1185 2.7165, -1.5043 3.1222 2.7165, -1.6296 3.2325 2.7165, -1.4709 3.203 2.7165, -1.5545 3.3303 2.7165, -1.4177 3.2723 2.7165, -1.4567 3.4054 2.7165, -1.3484 3.3254 2.7165, -1.3427 3.4526 2.7165, -1.2677 3.3589 2.7165, -1.2205 3.4687 2.7165, -1.1811 3.3703 2.7165, -1.0945 3.3589 2.7165, -1.1811 2.701 2.7165, -1.0945 2.7124 2.7165, -0.977 2.3313 2.7165, -1.0138 2.7458 2.7165, -0.8074 2.4792 2.7165, -0.9445 2.799 2.7165, -0.6159 2.5971 2.7165, -0.8913 2.8683 2.7165, -0.4075 2.6819 2.7165, -0.188 2.7313 2.7165, -1.2677 2.7124 2.7165, -1.3484 2.7458 2.7165, -1.4177 2.799 2.7165, 1.3601 1.458 2.7165, 1.3581 1.3821 2.7165, 1.7323 1.3821 2.7165, 1.354 1.2331 2.7165, 1.3111 1.0123 2.7165, 1.7323 2.8781 2.7165, 1.6929 2.8781 2.7165, 1.0267 2.2774 2.7165, 1.16 2.0962 2.7165, 1.2618 1.8955 2.7165, 1.3291 1.6808 2.7165, 1.4709 2.8683 2.7165, 1.4177 2.799 2.7165, 0.8579 3.1222 2.7165, 0.8913 3.203 2.7165, 0.3937 3.4687 2.7165, 0.8465 3.0356 2.7165, 0.9445 3.2723 2.7165, 1.0138 3.3254 2.7165, 1.2205 3.4687 2.7165, 0.3937 3.5474 2.7165, 0.0367 2.7438 2.7165, 0.8579 2.949 2.7165, 0.2603 2.7192 2.7165, 0.8913 2.8683 2.7165, 0.4768 2.6581 2.7165, 0.9445 2.799 2.7165, 0.6803 2.5622 2.7165, 1.0138 2.7458 2.7165, 0.8653 2.4342 2.7165, 1.0945 2.7124 2.7165, 1.1811 2.701 2.7165, 1.2677 2.7124 2.7165, 1.3484 2.7458 2.7165, 1.0945 3.3589 2.7165, 1.1811 3.3703 2.7165, 1.3428 3.4526 2.7165, 1.2677 3.3589 2.7165, 1.4567 3.4054 2.7165, 1.3484 3.3254 2.7165, 1.5545 3.3303 2.7165, 1.4177 3.2723 2.7165, 1.6296 3.2325 2.7165, 1.4709 3.203 2.7165, 1.6768 3.1185 2.7165, 1.5044 3.1222 2.7165, 1.6929 2.9963 2.7165, 1.5158 3.0356 2.7165, 1.5044 2.949 2.7165, 1.9224 -0.114 2.5706, 1.9028 -0.114 2.6181, 1.8715 -0.114 2.6589, 1.8307 -0.114 2.6902, 1.7832 -0.114 2.7098, 1.6929 -0.114 2.5591, 1.7832 2.8781 2.7098, 1.8307 2.8781 2.6902, 1.8715 2.8781 2.6589, 1.9028 2.8781 2.6181, 1.9224 2.8781 2.5706, 1.6929 2.8781 2.5591, 1.6929 2.9963 2.5591, 1.2205 3.4687 2.5591, 1.3428 3.4526 2.5591, 1.4567 3.4054 2.5591, 1.5545 3.3303 2.5591, 1.6296 3.2325 2.5591, 1.6768 3.1185 2.5591, 0.3937 3.4687 2.5591, 0.3937 3.5474 2.5591, -0.3937 3.5474 2.5591, 0.0 3.5474 2.5591, -0.3937 3.4687 2.5591, -1.2205 3.4687 2.5591, -1.6929 2.9963 2.5591, -1.6768 3.1185 2.5591, -1.6296 3.2325 2.5591, -1.5545 3.3303 2.5591, -1.4567 3.4054 2.5591, -1.3427 3.4526 2.5591, -1.6929 2.8781 2.5591, -1.6929 -0.2321 2.5591, -1.6929 -0.114 2.5591, -1.2205 -0.7045 2.5591, -1.3427 -0.6884 2.5591, -1.4567 -0.6412 2.5591, -1.5545 -0.5662 2.5591, -1.6296 -0.4683 2.5591, -1.6768 -0.3544 2.5591, -0.3937 -0.7045 2.5591, -0.3937 -0.7833 2.5591, 0.3937 -0.7833 2.5591, 0.0 -0.7833 2.5591, 0.3937 -0.7045 2.5591, 1.2205 -0.7045 2.5591, 1.6929 -0.2321 2.5591, 1.6768 -0.3544 2.5591, 1.6296 -0.4683 2.5591, 1.5545 -0.5662 2.5591, 1.4567 -0.6412 2.5591, 1.3428 -0.6884 2.5591, -0.8464 3.0356 2.5591, -0.8578 3.1222 2.5591, -0.8913 3.203 2.5591, -0.9445 3.2723 2.5591, -1.0138 3.3254 2.5591, -1.0945 3.3589 2.5591, -1.1811 3.3703 2.5591, -1.2677 3.3589 2.5591, -1.3484 3.3254 2.5591, -1.4177 3.2723 2.5591, -1.4709 3.203 2.5591, -1.5043 3.1222 2.5591, -1.5157 3.0356 2.5591, 1.5158 3.0356 2.5591, 1.5044 3.1222 2.5591, 1.4709 3.203 2.5591, 1.4177 3.2723 2.5591, 1.3484 3.3254 2.5591, 1.2677 3.3589 2.5591, 1.1811 3.3703 2.5591, 1.0945 3.3589 2.5591, 1.0138 3.3254 2.5591, 0.9445 3.2723 2.5591, 0.8913 3.203 2.5591, 0.8579 3.1222 2.5591, 0.8465 3.0356 2.5591, -0.8464 -0.2715 2.5591, -0.8578 -0.1848 2.5591, -0.8913 -0.1041 2.5591, -0.9445 -0.0348 2.5591, -1.0138 0.0184 2.5591, -1.0945 0.0518 2.5591, -1.1811 0.0632 2.5591, -1.2677 0.0518 2.5591, -1.3484 0.0184 2.5591, -1.4177 -0.0348 2.5591, -1.4709 -0.1041 2.5591, -1.5043 -0.1848 2.5591, -1.5157 -0.2715 2.5591, 1.5158 -0.2715 2.5591, 1.5044 -0.1848 2.5591, 1.4709 -0.1041 2.5591, 1.4177 -0.0348 2.5591, 1.3484 0.0184 2.5591, 1.2677 0.0518 2.5591, 1.1811 0.0632 2.5591, 1.0945 0.0518 2.5591, 1.0138 0.0184 2.5591, 0.9445 -0.0348 2.5591, 0.8913 -0.1041 2.5591, 0.8579 -0.1848 2.5591, 0.8465 -0.2715 2.5591, 1.2028 1.3821 2.5591, 1.1845 1.5909 2.5591, 1.1302 1.7935 2.5591, 1.0416 1.9835 2.5591, 0.9214 2.1552 2.5591, 0.7731 2.3035 2.5591, 0.6014 2.4237 2.5591, 0.4114 2.5123 2.5591, 0.2089 2.5666 2.5591, 0.0 2.5848 2.5591, -0.2088 2.5666 2.5591, -0.4114 2.5123 2.5591, -0.6014 2.4237 2.5591, -0.7731 2.3035 2.5591, -0.9214 2.1552 2.5591, -1.0416 1.9835 2.5591, -1.1302 1.7935 2.5591, -1.1845 1.5909 2.5591, -1.2027 1.3821 2.5591, 0.0 0.1213 2.5591, -1.5043 -0.3581 2.5591, -1.4709 -0.4388 2.5591, -1.4177 -0.5081 2.5591, -1.3484 -0.5613 2.5591, -1.2677 -0.5947 2.5591, -1.1811 -0.6061 2.5591, -1.0945 -0.5947 2.5591, -1.0138 -0.5613 2.5591, -0.9445 -0.5081 2.5591, -0.8913 -0.4388 2.5591, -0.8578 -0.3581 2.5591, -1.7323 -0.114 2.5591, -1.7323 0.1213 2.5591, 0.8579 -0.3581 2.5591, 0.8913 -0.4388 2.5591, 0.9445 -0.5081 2.5591, 1.0138 -0.5613 2.5591, 1.0945 -0.5947 2.5591, 1.1811 -0.6061 2.5591, 1.2677 -0.5947 2.5591, 1.3484 -0.5613 2.5591, 1.4177 -0.5081 2.5591, 1.4709 -0.4388 2.5591, 1.5044 -0.3581 2.5591, 0.4114 0.2519 2.5591, 0.6014 0.3405 2.5591, 0.2089 0.1976 2.5591, 1.0416 0.7807 2.5591, 1.1302 0.9707 2.5591, 0.8579 2.949 2.5591, 0.8913 2.8683 2.5591, 1.1811 2.701 2.5591, 1.2677 2.7124 2.5591, 0.7731 0.4607 2.5591, 0.9214 0.609 2.5591, 1.1845 1.1732 2.5591, 0.9445 2.799 2.5591, 1.0138 2.7458 2.5591, 1.0945 2.7124 2.5591, 1.3484 2.7458 2.5591, 1.4177 2.799 2.5591, 1.4709 2.8683 2.5591, 1.5044 2.949 2.5591, -0.6014 0.3405 2.5591, -0.4114 0.2519 2.5591, -0.2088 0.1976 2.5591, 0.0 0.1793 2.5591, -1.1302 0.9707 2.5591, -1.0416 0.7807 2.5591, -1.7323 2.8781 2.5591, -1.1845 1.1732 2.5591, -0.9214 0.609 2.5591, -0.7731 0.4607 2.5591, -1.4709 2.8683 2.5591, -1.4177 2.799 2.5591, -1.3484 2.7458 2.5591, -1.2677 2.7124 2.5591, -1.1811 2.701 2.5591, -1.0945 2.7124 2.5591, -1.0138 2.7458 2.5591, -0.9445 2.799 2.5591, -0.8913 2.8683 2.5591, -0.8578 2.949 2.5591, -1.5043 2.949 2.5591, -2.0866 0.9884 -0.7681, -2.0866 1.7758 -0.7681, -2.0847 0.9884 -0.7511, -2.0847 1.7758 -0.7511, -2.0792 0.9884 -0.7349, -2.0792 1.7758 -0.7349, -2.0703 0.9884 -0.7202, -2.0703 1.7758 -0.7202, -2.0585 0.9884 -0.7078, -2.0585 1.7758 -0.7078, -2.0785 0.9884 -0.8029, -2.0785 1.7758 -0.8029, -2.0846 0.9884 -0.786, -2.0846 1.7758 -0.786, -1.8782 1.0411 -1.2106, -1.8422 1.1037 -1.2837, -1.92 1.7624 -1.1253, -1.8146 1.1852 -1.3399, -1.7972 1.2802 -1.3752, -1.965 1.7758 -1.0339, -1.965 0.9884 -1.0339, -1.92 1.0018 -1.1253, -1.7913 1.3821 -1.3872, -1.7972 1.484 -1.3752, -1.8782 1.723 -1.2106, -1.8146 1.5789 -1.3399, -1.8422 1.6605 -1.2837, -2.1063 0.9884 -1.1034, -2.0614 1.0018 -1.1948, -2.0195 1.0411 -1.28, -1.9835 1.1037 -1.3532, -1.9559 1.1852 -1.4094, -1.9386 1.2802 -1.4447, -1.9327 1.3821 -1.4567, -1.9386 1.484 -1.4447, -1.9559 1.5789 -1.4094, -1.9835 1.6605 -1.3532, -2.0195 1.723 -1.28, -2.0614 1.7624 -1.1948, -2.1063 1.7758 -1.1034, -2.2199 0.9884 -0.8723, -2.2199 1.7758 -0.8723, -2.2441 0.9884 -0.7681, -2.2441 1.7758 -0.7681, -2.2379 1.7758 -0.8216, -2.2379 0.9884 -0.8216, -2.1597 0.9884 -0.5872, -2.1597 1.7758 -0.5872, -2.1953 1.7758 -0.6243, -2.1953 0.9884 -0.6243, -2.222 1.7758 -0.6683, -2.222 0.9884 -0.6683, -2.2385 1.7758 -0.717, -2.2385 0.9884 -0.717, -1.8279 0.9884 -0.5143, -1.8279 1.7758 -0.5143, -1.9291 0.9884 -0.3937, -1.9291 1.7758 -0.3937, -1.7716 2.7994 0.9449, -1.7716 2.5632 0.9449, -1.9291 2.7994 0.9449, -1.9291 2.5632 0.9449, -1.9291 2.5632 0.1181, -1.7716 2.5632 0.1181, -1.7716 2.4844 0.0394, -1.9291 2.4844 0.0394, -1.9291 2.5048 0.0421, -1.7716 2.5048 0.0421, -1.9291 2.5238 0.0499, -1.7716 2.5238 0.0499, -1.9291 2.5401 0.0624, -1.7716 2.5401 0.0624, -1.9291 2.5526 0.0787, -1.7716 2.5526 0.0787, -1.9291 2.5605 0.0977, -1.7716 2.5605 0.0977, -1.7716 2.2482 0.0394, -1.9291 2.2482 0.0394, -1.7716 2.1695 0.1181, -1.9291 2.1695 0.1181, -1.9291 2.1722 0.0977, -1.7716 2.1722 0.0977, -1.9291 2.18 0.0787, -1.7716 2.18 0.0787, -1.9291 2.1926 0.0624, -1.7716 2.1926 0.0624, -1.9291 2.2089 0.0499, -1.7716 2.2089 0.0499, -1.9291 2.2278 0.0421, -1.7716 2.2278 0.0421, -1.7716 2.1695 0.2362, -1.9291 2.1695 0.2362, -1.9291 1.7758 0.2362, -1.7716 1.7758 0.2362, -1.7716 1.7758 -0.3937, -1.7754 1.7758 -0.4278, -1.7864 1.7758 -0.4603, -1.8042 1.7758 -0.4896, -1.7716 0.9884 -0.3937, -1.7754 0.9884 -0.4278, -1.7864 0.9884 -0.4603, -1.8042 0.9884 -0.4896, -1.7716 0.9884 0.2362, -1.9291 0.9884 0.2362, -1.7716 0.5947 0.2362, -1.9291 0.5947 0.2362, -1.9291 0.5947 0.1181, -1.7716 0.5947 0.1181, -1.7716 0.5159 0.0394, -1.9291 0.5159 0.0394, -1.9291 0.5363 0.0421, -1.7716 0.5363 0.0421, -1.9291 0.5553 0.0499, -1.7716 0.5553 0.0499, -1.9291 0.5716 0.0624, -1.7716 0.5716 0.0624, -1.9291 0.5841 0.0787, -1.7716 0.5841 0.0787, -1.9291 0.592 0.0977, -1.7716 0.592 0.0977, -1.7716 0.2797 0.0394, -1.9291 0.2797 0.0394, -1.7716 0.201 0.1181, -1.9291 0.201 0.1181, -1.9291 0.2037 0.0977, -1.7716 0.2037 0.0977, -1.9291 0.2115 0.0787, -1.7716 0.2115 0.0787, -1.9291 0.224 0.0624, -1.7716 0.224 0.0624, -1.9291 0.2404 0.0499, -1.7716 0.2404 0.0499, -1.9291 0.2593 0.0421, -1.7716 0.2593 0.0421, -1.7716 0.201 0.9449, -1.9291 0.201 0.9449, -1.9291 -0.0352 0.9449, -1.7716 -0.0352 0.9449, -1.7716 -0.114 1.0236, -1.9291 -0.114 1.0236, -1.9291 -0.112 1.0061, -1.7716 -0.112 1.0061, -1.9291 -0.1062 0.9895, -1.7716 -0.1062 0.9895, -1.9291 -0.0968 0.9745, -1.7716 -0.0968 0.9745, -1.9291 -0.0843 0.9621, -1.7716 -0.0843 0.9621, -1.9291 -0.0694 0.9527, -1.7716 -0.0694 0.9527, -1.9291 -0.0528 0.9469, -1.7716 -0.0528 0.9469, -1.7832 2.8781 2.7098, -1.7832 -0.114 2.7098, -1.8307 2.8781 2.6902, -1.8307 -0.114 2.6902, -1.8715 2.8781 2.6589, -1.8715 -0.114 2.6589, -1.9028 2.8781 2.6181, -1.9028 -0.114 2.6181, -1.9224 2.8781 2.5706, -1.9224 -0.114 2.5706, -1.9291 2.8781 2.5197, -1.9291 -0.114 2.5197, -1.9291 2.8198 0.9476, -1.9291 2.8781 1.0236, -1.9291 2.8755 1.0032, -1.9291 2.8676 0.9843, -1.9291 2.8551 0.9679, -1.9291 2.8388 0.9554, -1.7716 2.8198 0.9476, -1.7716 2.8388 0.9554, -1.7716 2.8551 0.9679, -1.7716 2.8676 0.9843, -1.7716 2.8755 1.0032, -1.7716 2.8781 1.0236, -1.7716 2.8781 2.5197, -1.7703 2.8781 2.5299, -1.7664 2.8781 2.5394, -1.7601 2.8781 2.5475, -1.752 2.8781 2.5538, -1.7425 2.8781 2.5577, -1.7716 -0.114 2.5197, -1.7425 -0.114 2.5577, -1.752 -0.114 2.5538, -1.7601 -0.114 2.5475, -1.7664 -0.114 2.5394, -1.7703 -0.114 2.5299, -0.9075 -1.3148 0.4974, -0.907 -1.3148 0.4936, -0.9137 -1.3014 0.5006, -0.9137 -1.2973 0.4906, -0.9062 -1.3148 0.4864, -0.9055 -1.3148 0.4799, -0.9096 -1.3148 0.5034, -0.9267 -1.296 0.5209, -0.9167 -1.3148 0.5194, -0.9137 -1.3079 0.5092, -0.9137 -1.3148 0.5147, -0.9133 -1.3148 0.514, -0.9436 -1.3014 0.5412, -0.9351 -1.3148 0.5414, -0.9267 -1.3079 0.5302, -0.927 -1.3148 0.5333, -0.9227 -1.3148 0.529, -0.9667 -1.3148 0.5566, -0.9633 -1.3148 0.5555, -0.9632 -1.2973 0.5481, -0.9501 -1.3148 0.5508, -0.9439 -1.3148 0.5469, -0.9842 -1.2959 0.5504, -0.9842 -1.3148 0.5586, -0.9137 -1.2959 0.4799, -0.914 -1.2955 0.4799, -0.9267 -1.2812 0.4949, -0.9267 -1.2792 0.4799, -0.927 -1.279 0.4799, -0.9436 -1.2688 0.4981, -0.9436 -1.2869 0.5298, -0.9632 -1.2812 0.5355, -0.9267 -1.2869 0.5088, -0.9436 -1.2758 0.5152, -0.9632 -1.2688 0.5191, -0.9632 -1.2611 0.5002, -0.9436 -1.2665 0.4799, -0.9439 -1.2664 0.4799, -0.9632 -1.2584 0.4799, -0.9634 -1.2584 0.4799, -0.9842 -1.2792 0.5374, -0.9842 -1.2665 0.5205, -0.9842 -1.2584 0.5009, -0.9842 -1.2557 0.4799, -0.9842 -1.2557 -0.7406, -0.9055 -1.3148 -0.7406, -0.9137 -1.2959 -0.7406, -0.914 -1.2955 -0.7406, -0.9267 -1.2792 -0.7406, -0.927 -1.279 -0.7406, -0.9436 -1.2665 -0.7406, -0.9439 -1.2664 -0.7406, -0.9632 -1.2584 -0.7406, -0.9634 -1.2584 -0.7406, -1.061 -1.3148 -0.7581, -1.0614 -1.3148 -0.7543, -1.0548 -1.3014 -0.7613, -1.0548 -1.2973 -0.7513, -1.0622 -1.3148 -0.7471, -1.063 -1.3148 -0.7406, -1.0589 -1.3148 -0.7642, -1.0417 -1.296 -0.7816, -1.0518 -1.3148 -0.7802, -1.0548 -1.3079 -0.7699, -1.0548 -1.3148 -0.7754, -1.0552 -1.3148 -0.7748, -1.0248 -1.3014 -0.8019, -1.0333 -1.3148 -0.8022, -1.0417 -1.3079 -0.7909, -1.0415 -1.3148 -0.794, -1.0458 -1.3148 -0.7897, -1.0018 -1.3148 -0.8174, -1.0051 -1.3148 -0.8162, -1.0052 -1.2973 -0.8088, -1.0184 -1.3148 -0.8115, -1.0246 -1.3148 -0.8076, -0.9842 -1.2959 -0.8112, -0.9842 -1.3148 -0.8193, -1.0548 -1.2959 -0.7406, -1.0545 -1.2955 -0.7406, -1.0417 -1.2812 -0.7556, -1.0417 -1.2792 -0.7406, -1.0414 -1.279 -0.7406, -1.0248 -1.2688 -0.7588, -1.0248 -1.2869 -0.7906, -1.0052 -1.2812 -0.7962, -1.0417 -1.2869 -0.7696, -1.0248 -1.2758 -0.7759, -1.0052 -1.2688 -0.7798, -1.0052 -1.2611 -0.7609, -1.0248 -1.2665 -0.7406, -1.0246 -1.2664 -0.7406, -1.0052 -1.2584 -0.7406, -1.0051 -1.2584 -0.7406, -0.9842 -1.2792 -0.7981, -0.9842 -1.2665 -0.7812, -0.9842 -1.2584 -0.7616, -1.063 -1.3148 0.4799, -1.0548 -1.2959 0.4799, -1.0545 -1.2955 0.4799, -1.0417 -1.2792 0.4799, -1.0414 -1.279 0.4799, -1.0248 -1.2665 0.4799, -1.0246 -1.2664 0.4799, -1.0052 -1.2584 0.4799, -1.0051 -1.2584 0.4799, -1.0678 -1.3148 -1.1859, -1.0678 -1.4329 -1.1859, -1.1417 -1.3148 -1.1119, -1.1417 -1.4329 -1.1119, -1.1417 -1.4329 0.1846, -1.1417 -1.3148 0.1846, -1.2795 -1.4329 0.1846, -1.2795 -1.3148 0.1846, -0.689 -1.4329 0.1846, -0.8268 -1.4329 0.1846, -0.689 -1.3148 0.1846, -0.8268 -1.3148 0.1846, -0.8268 -1.3148 -1.1119, -0.8268 -1.4329 -1.1119, -0.9007 -1.3148 -1.1859, -0.9007 -1.4329 -1.1859, -0.9842 -1.4329 -1.2205, -0.9842 -1.3148 -1.2205, -0.9537 -1.3148 -1.2164, -0.9537 -1.4329 -1.2164, -0.9252 -1.3148 -1.2046, -0.9252 -1.4329 -1.2046, -1.0433 -1.3148 -1.2046, -1.0433 -1.4329 -1.2046, -1.0148 -1.3148 -1.2164, -1.0148 -1.4329 -1.2164, -0.689 -1.4329 1.2008, -0.689 -1.3148 1.2008, -1.0621 -1.3148 0.4865, -1.0611 -1.3148 0.494, -1.0603 -1.3148 0.5003, -1.2795 -1.3148 1.2008, -1.0046 -1.3148 0.5559, -1.0248 -1.3148 0.5472, -1.0399 -1.3148 0.5356, -1.0416 -1.3148 0.5334, -0.9449 -1.3148 -0.8088, -0.9633 -1.3148 -0.8164, -0.9639 -1.3148 -0.8167, -0.9437 -1.3148 -0.8079, -0.9286 -1.3148 -0.7963, -0.9269 -1.3148 -0.7941, -1.0052 -1.3148 0.5557, -1.0236 -1.3148 0.5481, -0.9161 -1.3148 -0.78, -0.9159 -1.3148 -0.7795, -0.9139 -1.3148 -0.7748, -1.0524 -1.3148 0.5192, -1.0526 -1.3148 0.5188, -1.0546 -1.3148 0.514, -1.0591 -1.3148 0.5031, -0.9094 -1.3148 -0.7638, -0.9082 -1.3148 -0.761, -0.9074 -1.3148 -0.7547, -0.9064 -1.3148 -0.7472, -1.2795 -1.4329 1.2008, -0.689 -1.236 1.2795, -0.689 -1.236 1.3976, -0.689 -1.2535 1.2776, -0.689 -1.2798 1.3927, -0.689 -1.2702 1.2717, -0.689 -1.3214 1.3781, -0.689 -1.2851 1.2624, -0.689 -1.3588 1.3547, -0.689 -1.2976 1.2499, -0.689 -1.3899 1.3235, -0.689 -1.307 1.235, -0.689 -1.4134 1.2862, -0.689 -1.3128 1.2183, -0.689 -1.4279 1.2446, -1.2795 -1.3128 1.2183, -1.2795 -1.307 1.235, -1.2795 -1.2976 1.2499, -1.2795 -1.2851 1.2624, -1.2795 -1.2702 1.2717, -1.2795 -1.2535 1.2776, -1.2795 -1.236 1.2795, -1.2795 -1.4279 1.2446, -1.2795 -1.4134 1.2862, -1.2795 -1.3899 1.3235, -1.2795 -1.3588 1.3547, -1.2795 -1.3214 1.3781, -1.2795 -1.2798 1.3927, -1.2795 -1.236 1.3976, -0.689 -1.0982 1.2795, -1.2795 -1.0982 1.2795, -0.689 -1.0982 1.3976, -1.2795 -1.0982 1.3976, -1.0548 -1.3079 0.5092, -1.0052 -1.2973 0.5481, -1.0248 -1.3014 0.5412, -1.0417 -1.3079 0.5302, -1.0417 -1.296 0.5209, -1.0548 -1.3014 0.5006, -1.0548 -1.2973 0.4906, -1.0052 -1.2812 0.5355, -1.0052 -1.2688 0.5191, -1.0052 -1.2611 0.5002, -1.0248 -1.2688 0.4981, -1.0248 -1.2758 0.5152, -1.0248 -1.2869 0.5298, -1.0417 -1.2869 0.5088, -1.0417 -1.2812 0.4949, -0.9137 -1.3079 -0.7699, -0.9632 -1.2973 -0.8088, -0.9436 -1.3014 -0.8019, -0.9267 -1.3079 -0.7909, -0.9267 -1.296 -0.7816, -0.9137 -1.3014 -0.7613, -0.9137 -1.2973 -0.7513, -0.9632 -1.2611 -0.7609, -0.9632 -1.2688 -0.7798, -0.9632 -1.2812 -0.7962, -0.9436 -1.2688 -0.7588, -0.9436 -1.2758 -0.7759, -0.9436 -1.2869 -0.7906, -0.9267 -1.2869 -0.7696, -0.9267 -1.2812 -0.7556
            ]
        }
        coordIndex [
            0,1,2,-1,2,1,3,-1,2,3,4,-1,2,4,5,-1,5,4,6,-1,5,6,7,-1,7,6,8,-1,7,8,9,-1,10,11,12,-1,12,11,13,-1,14,15,16,-1,16,15,17,-1,16,17,18,-1,18,17,19,-1,18,0,2,-1,18,9,20,-1,2,5,18,-1,18,5,7,-1,18,7,9,-1,12,16,10,-1,10,16,18,-1,10,18,21,-1,21,18,20,-1,22,23,24,-1,25,26,22,-1,27,28,29,-1,30,31,32,-1,32,31,33,-1,28,34,29,-1,29,34,35,-1,29,35,36,-1,26,37,22,-1,22,37,38,-1,22,38,39,-1,39,40,22,-1,22,40,41,-1,22,41,29,-1,29,41,42,-1,29,42,27,-1,43,44,22,-1,22,44,45,-1,22,45,25,-1,36,46,29,-1,29,46,47,-1,29,47,48,-1,31,49,33,-1,33,49,29,-1,33,29,50,-1,50,29,48,-1,51,52,1,-1,1,52,53,-1,1,53,54,-1,30,55,31,-1,31,55,56,-1,31,56,1,-1,1,56,57,-1,57,58,1,-1,1,58,59,-1,1,59,60,-1,60,61,1,-1,1,61,62,-1,1,62,51,-1,54,63,1,-1,1,63,64,-1,1,64,3,-1,3,64,65,-1,3,65,4,-1,4,65,66,-1,67,8,66,-1,66,8,6,-1,66,6,4,-1,68,69,13,-1,13,69,70,-1,13,70,71,-1,72,73,22,-1,22,73,74,-1,22,74,43,-1,67,66,75,-1,75,66,76,-1,75,76,11,-1,11,76,77,-1,11,77,13,-1,13,77,78,-1,13,78,68,-1,79,13,80,-1,80,13,81,-1,71,82,13,-1,13,82,83,-1,13,83,81,-1,13,84,24,-1,24,84,85,-1,24,85,22,-1,22,85,86,-1,22,86,72,-1,79,87,13,-1,13,87,88,-1,13,88,84,-1,89,90,91,-1,89,91,92,-1,92,91,93,-1,92,93,94,-1,94,93,95,-1,94,95,96,-1,96,95,97,-1,96,97,98,-1,98,97,99,-1,98,99,100,-1,100,99,101,-1,100,101,102,-1,102,101,17,-1,102,17,15,-1,29,49,17,-1,17,49,19,-1,31,18,49,-1,49,18,19,-1,0,18,1,-1,1,18,31,-1,13,24,12,-1,12,24,16,-1,23,14,24,-1,24,14,16,-1,15,14,22,-1,22,14,23,-1,59,58,103,-1,104,57,56,-1,59,103,60,-1,61,105,62,-1,62,105,106,-1,107,52,51,-1,65,64,108,-1,108,64,63,-1,108,63,109,-1,109,63,54,-1,109,54,107,-1,107,54,53,-1,107,53,52,-1,110,66,65,-1,56,111,104,-1,104,111,112,-1,104,112,113,-1,112,114,113,-1,113,114,115,-1,113,115,116,-1,51,62,107,-1,107,62,106,-1,107,106,109,-1,109,106,117,-1,109,117,108,-1,108,117,118,-1,61,60,105,-1,105,60,103,-1,105,103,106,-1,106,103,119,-1,106,119,117,-1,117,119,120,-1,117,120,118,-1,118,120,121,-1,58,57,103,-1,103,57,104,-1,103,104,119,-1,119,104,113,-1,119,113,120,-1,120,113,116,-1,120,116,121,-1,121,116,122,-1,115,123,116,-1,116,123,124,-1,116,124,122,-1,122,124,125,-1,122,125,126,-1,65,108,110,-1,110,108,118,-1,110,118,127,-1,127,118,121,-1,127,121,128,-1,128,121,122,-1,128,122,129,-1,129,122,126,-1,129,126,130,-1,56,55,111,-1,111,55,131,-1,111,131,112,-1,112,131,132,-1,112,132,114,-1,114,132,133,-1,114,133,115,-1,115,133,134,-1,115,134,123,-1,123,134,135,-1,123,135,124,-1,124,135,136,-1,124,136,125,-1,125,136,137,-1,125,137,126,-1,137,138,126,-1,126,138,139,-1,126,139,130,-1,73,72,140,-1,141,86,85,-1,73,140,74,-1,43,142,44,-1,44,142,143,-1,144,25,45,-1,40,39,145,-1,145,39,38,-1,145,38,146,-1,146,38,37,-1,146,37,144,-1,144,37,26,-1,144,26,25,-1,147,41,40,-1,85,148,141,-1,141,148,149,-1,141,149,150,-1,149,151,150,-1,150,151,152,-1,150,152,153,-1,45,44,144,-1,144,44,143,-1,144,143,146,-1,146,143,154,-1,146,154,145,-1,145,154,155,-1,43,74,142,-1,142,74,140,-1,142,140,143,-1,143,140,156,-1,143,156,154,-1,154,156,157,-1,154,157,155,-1,155,157,158,-1,72,86,140,-1,140,86,141,-1,140,141,156,-1,156,141,150,-1,156,150,157,-1,157,150,153,-1,157,153,158,-1,158,153,159,-1,152,160,153,-1,153,160,161,-1,153,161,159,-1,159,161,162,-1,159,162,163,-1,40,145,147,-1,147,145,155,-1,147,155,164,-1,164,155,158,-1,164,158,165,-1,165,158,159,-1,165,159,166,-1,166,159,163,-1,166,163,139,-1,22,29,167,-1,167,29,168,-1,167,168,169,-1,169,168,170,-1,169,170,171,-1,171,170,172,-1,171,172,173,-1,173,172,174,-1,173,174,175,-1,175,174,176,-1,175,176,177,-1,177,176,178,-1,177,178,179,-1,179,178,180,-1,29,17,168,-1,168,17,101,-1,168,101,170,-1,170,101,99,-1,170,99,172,-1,172,99,97,-1,172,97,174,-1,174,97,95,-1,174,95,176,-1,176,95,93,-1,176,93,178,-1,178,93,91,-1,178,91,180,-1,180,91,90,-1,179,89,177,-1,177,89,92,-1,177,92,175,-1,175,92,94,-1,175,94,173,-1,173,94,96,-1,173,96,171,-1,171,96,98,-1,171,98,169,-1,169,98,100,-1,169,100,167,-1,167,100,102,-1,167,102,22,-1,22,102,15,-1,181,90,182,-1,182,90,89,-1,179,180,183,-1,183,180,184,-1,180,90,184,-1,184,90,181,-1,89,179,182,-1,182,179,183,-1,130,139,163,-1,85,84,148,-1,148,84,185,-1,148,185,149,-1,149,185,186,-1,149,186,151,-1,151,186,187,-1,151,187,152,-1,152,187,188,-1,152,188,160,-1,160,188,189,-1,160,189,161,-1,161,189,190,-1,161,190,162,-1,162,190,191,-1,162,191,163,-1,163,191,192,-1,163,192,130,-1,9,8,67,-1,9,67,20,-1,20,67,75,-1,20,75,21,-1,21,75,11,-1,21,11,10,-1,182,183,181,-1,181,183,184,-1,193,77,76,-1,69,68,194,-1,194,68,78,-1,71,70,195,-1,195,70,69,-1,71,195,82,-1,82,195,196,-1,82,196,83,-1,83,197,81,-1,81,197,80,-1,80,197,79,-1,79,197,198,-1,79,198,87,-1,87,198,199,-1,87,199,88,-1,88,199,185,-1,88,185,84,-1,130,200,129,-1,129,200,201,-1,129,201,128,-1,128,201,202,-1,128,202,127,-1,127,202,193,-1,127,193,110,-1,110,193,76,-1,110,76,66,-1,130,192,200,-1,200,192,191,-1,200,191,190,-1,190,203,200,-1,200,203,204,-1,200,204,201,-1,201,204,205,-1,201,205,202,-1,202,205,194,-1,202,194,193,-1,193,194,78,-1,193,78,77,-1,69,194,195,-1,195,194,205,-1,195,205,196,-1,196,205,204,-1,196,204,206,-1,206,204,203,-1,206,203,207,-1,190,189,203,-1,203,189,188,-1,203,188,207,-1,207,188,187,-1,207,187,186,-1,83,196,197,-1,197,196,206,-1,197,206,198,-1,198,206,207,-1,198,207,199,-1,199,207,186,-1,199,186,185,-1,48,208,50,-1,42,41,147,-1,209,27,42,-1,35,34,210,-1,210,34,28,-1,46,36,211,-1,211,36,35,-1,46,211,47,-1,47,211,212,-1,47,212,48,-1,50,208,33,-1,33,208,213,-1,33,213,32,-1,32,213,214,-1,32,214,30,-1,30,214,131,-1,30,131,55,-1,42,147,209,-1,209,147,164,-1,209,164,215,-1,215,164,165,-1,215,165,216,-1,216,165,166,-1,216,166,217,-1,166,139,138,-1,166,138,217,-1,217,138,137,-1,217,137,136,-1,136,218,217,-1,217,218,219,-1,217,219,216,-1,216,219,220,-1,216,220,215,-1,215,220,210,-1,215,210,209,-1,209,210,28,-1,209,28,27,-1,35,210,211,-1,211,210,220,-1,211,220,212,-1,212,220,219,-1,212,219,221,-1,221,219,218,-1,221,218,222,-1,136,135,218,-1,218,135,134,-1,218,134,222,-1,222,134,133,-1,222,133,132,-1,48,212,208,-1,208,212,221,-1,208,221,213,-1,213,221,222,-1,213,222,214,-1,214,222,132,-1,214,132,131,-1,223,224,225,-1,226,227,228,-1,223,225,229,-1,230,231,232,-1,232,231,233,-1,232,233,234,-1,235,236,237,-1,237,236,238,-1,237,238,239,-1,240,241,242,-1,242,241,243,-1,242,243,235,-1,235,243,244,-1,235,244,236,-1,245,246,240,-1,228,247,226,-1,226,247,248,-1,226,248,249,-1,248,250,249,-1,249,250,251,-1,249,251,252,-1,239,231,237,-1,237,231,230,-1,237,230,235,-1,235,230,253,-1,235,253,242,-1,242,253,254,-1,234,229,232,-1,232,229,225,-1,232,225,230,-1,230,225,255,-1,230,255,253,-1,253,255,256,-1,253,256,254,-1,254,256,257,-1,224,227,225,-1,225,227,226,-1,225,226,255,-1,255,226,249,-1,255,249,256,-1,256,249,252,-1,256,252,257,-1,257,252,258,-1,251,259,252,-1,252,259,260,-1,252,260,258,-1,258,260,261,-1,258,261,262,-1,240,242,245,-1,245,242,254,-1,245,254,263,-1,263,254,257,-1,263,257,264,-1,264,257,258,-1,264,258,265,-1,265,258,262,-1,265,262,266,-1,267,266,262,-1,228,268,247,-1,247,268,269,-1,247,269,248,-1,248,269,270,-1,248,270,250,-1,250,270,271,-1,250,271,251,-1,251,271,272,-1,251,272,259,-1,259,272,273,-1,259,273,260,-1,260,273,274,-1,260,274,261,-1,261,274,275,-1,261,275,262,-1,262,275,276,-1,262,276,267,-1,277,278,279,-1,280,281,282,-1,277,279,283,-1,284,285,286,-1,286,285,287,-1,286,287,288,-1,289,290,291,-1,291,290,292,-1,291,292,293,-1,294,295,296,-1,296,295,297,-1,296,297,289,-1,289,297,298,-1,289,298,290,-1,299,300,294,-1,282,301,280,-1,280,301,302,-1,280,302,303,-1,302,304,303,-1,303,304,305,-1,303,305,306,-1,293,285,291,-1,291,285,284,-1,291,284,289,-1,289,284,307,-1,289,307,296,-1,296,307,308,-1,288,283,286,-1,286,283,279,-1,286,279,284,-1,284,279,309,-1,284,309,307,-1,307,309,310,-1,307,310,308,-1,308,310,311,-1,278,281,279,-1,279,281,280,-1,279,280,309,-1,309,280,303,-1,309,303,310,-1,310,303,306,-1,310,306,311,-1,311,306,312,-1,305,313,306,-1,306,313,314,-1,306,314,312,-1,312,314,315,-1,312,315,316,-1,294,296,299,-1,299,296,308,-1,299,308,317,-1,317,308,311,-1,317,311,318,-1,318,311,312,-1,318,312,319,-1,319,312,316,-1,319,316,267,-1,282,320,301,-1,301,320,321,-1,301,321,302,-1,302,321,322,-1,302,322,304,-1,304,322,323,-1,304,323,305,-1,305,323,324,-1,305,324,313,-1,313,324,325,-1,313,325,314,-1,314,325,326,-1,314,326,315,-1,315,326,327,-1,315,327,316,-1,327,328,316,-1,316,328,266,-1,316,266,267,-1,329,330,331,-1,331,330,332,-1,330,333,332,-1,332,333,334,-1,333,335,334,-1,334,335,336,-1,337,338,339,-1,339,338,340,-1,341,340,342,-1,342,340,338,-1,342,343,341,-1,341,343,344,-1,345,346,347,-1,345,347,348,-1,348,347,349,-1,348,349,350,-1,350,349,344,-1,350,344,343,-1,329,331,351,-1,329,351,352,-1,352,351,353,-1,352,353,354,-1,354,353,346,-1,354,346,345,-1,355,337,356,-1,356,337,339,-1,356,339,340,-1,356,239,238,-1,238,236,356,-1,356,236,244,-1,356,244,243,-1,347,346,300,-1,357,358,359,-1,359,358,360,-1,243,241,356,-1,356,241,240,-1,356,240,359,-1,359,240,246,-1,359,246,361,-1,362,363,341,-1,341,363,364,-1,361,365,359,-1,359,365,366,-1,359,366,357,-1,224,223,356,-1,356,223,229,-1,356,229,234,-1,364,367,341,-1,341,367,368,-1,341,368,369,-1,369,370,341,-1,341,370,371,-1,341,371,372,-1,360,373,359,-1,359,373,374,-1,359,374,375,-1,375,376,359,-1,359,376,377,-1,359,377,336,-1,372,378,341,-1,341,378,268,-1,341,268,340,-1,340,268,228,-1,340,228,356,-1,356,228,227,-1,356,227,224,-1,234,233,356,-1,356,233,231,-1,356,231,239,-1,347,300,349,-1,349,300,379,-1,349,379,344,-1,344,379,380,-1,344,380,341,-1,341,380,381,-1,341,381,362,-1,293,292,332,-1,332,292,290,-1,332,290,298,-1,278,277,332,-1,332,277,283,-1,332,283,288,-1,298,297,332,-1,332,297,295,-1,332,295,331,-1,331,295,294,-1,331,294,351,-1,351,294,300,-1,351,300,353,-1,353,300,346,-1,336,377,334,-1,334,377,382,-1,334,382,383,-1,288,287,332,-1,332,287,285,-1,332,285,293,-1,383,320,334,-1,334,320,282,-1,334,282,332,-1,332,282,281,-1,332,281,278,-1,359,336,384,-1,384,336,335,-1,337,355,338,-1,338,355,384,-1,338,384,333,-1,333,384,335,-1,348,350,338,-1,338,350,343,-1,338,343,342,-1,333,330,338,-1,338,330,329,-1,338,329,352,-1,352,354,338,-1,338,354,345,-1,338,345,348,-1,385,386,387,-1,387,386,388,-1,387,388,389,-1,389,388,390,-1,389,390,391,-1,391,390,392,-1,391,392,393,-1,393,392,394,-1,393,394,395,-1,395,394,396,-1,395,396,397,-1,397,396,398,-1,397,398,356,-1,356,398,355,-1,356,359,397,-1,397,359,399,-1,397,399,395,-1,395,399,400,-1,395,400,393,-1,393,400,401,-1,393,401,391,-1,391,401,402,-1,391,402,389,-1,389,402,403,-1,389,403,387,-1,387,403,404,-1,387,404,385,-1,385,404,405,-1,359,384,399,-1,399,384,406,-1,399,406,400,-1,400,406,407,-1,400,407,401,-1,401,407,408,-1,401,408,402,-1,402,408,409,-1,402,409,403,-1,403,409,410,-1,403,410,404,-1,404,410,411,-1,404,411,405,-1,405,411,412,-1,413,385,414,-1,414,385,405,-1,386,385,415,-1,415,385,413,-1,386,412,411,-1,386,411,388,-1,388,411,410,-1,388,410,390,-1,390,410,409,-1,390,409,392,-1,392,409,408,-1,392,408,394,-1,394,408,407,-1,394,407,396,-1,396,407,406,-1,396,406,398,-1,398,406,384,-1,398,384,355,-1,405,412,414,-1,414,412,416,-1,412,386,416,-1,416,386,415,-1,416,415,414,-1,414,415,413,-1,375,417,376,-1,361,246,245,-1,418,365,361,-1,358,357,419,-1,419,357,366,-1,373,360,420,-1,420,360,358,-1,373,420,374,-1,374,420,421,-1,374,421,375,-1,376,417,377,-1,377,417,422,-1,377,422,382,-1,382,422,423,-1,382,423,383,-1,383,423,321,-1,383,321,320,-1,361,245,418,-1,418,245,263,-1,418,263,424,-1,424,263,264,-1,424,264,425,-1,425,264,265,-1,425,265,426,-1,265,266,328,-1,265,328,426,-1,426,328,327,-1,426,327,326,-1,326,427,426,-1,426,427,428,-1,426,428,425,-1,425,428,429,-1,425,429,424,-1,424,429,419,-1,424,419,418,-1,418,419,366,-1,418,366,365,-1,358,419,420,-1,420,419,429,-1,420,429,421,-1,421,429,428,-1,421,428,430,-1,430,428,427,-1,430,427,431,-1,326,325,427,-1,427,325,324,-1,427,324,431,-1,431,324,323,-1,431,323,322,-1,375,421,417,-1,417,421,430,-1,417,430,422,-1,422,430,431,-1,422,431,423,-1,423,431,322,-1,423,322,321,-1,369,432,370,-1,433,380,379,-1,363,362,434,-1,434,362,381,-1,367,364,435,-1,435,364,363,-1,367,435,368,-1,368,435,436,-1,368,436,369,-1,370,432,371,-1,371,432,437,-1,371,437,372,-1,372,437,438,-1,372,438,378,-1,378,438,269,-1,378,269,268,-1,267,439,319,-1,319,439,440,-1,319,440,318,-1,318,440,441,-1,318,441,317,-1,317,441,433,-1,317,433,299,-1,299,433,379,-1,299,379,300,-1,267,276,439,-1,439,276,275,-1,439,275,274,-1,274,442,439,-1,439,442,443,-1,439,443,440,-1,440,443,444,-1,440,444,441,-1,441,444,434,-1,441,434,433,-1,433,434,381,-1,433,381,380,-1,363,434,435,-1,435,434,444,-1,435,444,436,-1,436,444,443,-1,436,443,445,-1,445,443,442,-1,445,442,446,-1,274,273,442,-1,442,273,272,-1,442,272,446,-1,446,272,271,-1,446,271,270,-1,369,436,432,-1,432,436,445,-1,432,445,437,-1,437,445,446,-1,437,446,438,-1,438,446,270,-1,438,270,269,-1,447,448,449,-1,447,449,450,-1,450,449,451,-1,450,451,452,-1,452,451,453,-1,452,453,454,-1,454,453,455,-1,454,455,456,-1,456,455,457,-1,456,457,458,-1,458,457,459,-1,458,459,460,-1,461,462,463,-1,463,462,464,-1,463,464,465,-1,465,464,466,-1,465,466,467,-1,467,466,468,-1,467,468,469,-1,469,468,470,-1,469,470,471,-1,471,470,472,-1,471,472,473,-1,473,472,474,-1,473,474,460,-1,460,474,475,-1,475,476,460,-1,460,476,477,-1,460,477,478,-1,478,479,460,-1,460,479,480,-1,460,480,481,-1,454,456,452,-1,452,456,450,-1,481,447,460,-1,460,447,450,-1,460,450,458,-1,458,450,456,-1,475,482,483,-1,475,483,476,-1,476,483,484,-1,476,484,477,-1,477,484,485,-1,477,485,478,-1,478,485,486,-1,478,486,479,-1,479,486,487,-1,479,487,480,-1,480,487,488,-1,480,488,481,-1,481,488,448,-1,481,448,447,-1,489,490,482,-1,482,490,459,-1,482,459,483,-1,448,488,459,-1,459,488,487,-1,459,487,486,-1,486,485,459,-1,459,485,484,-1,459,484,483,-1,455,453,451,-1,459,457,448,-1,448,457,455,-1,448,455,449,-1,449,455,451,-1,490,489,491,-1,490,491,492,-1,492,491,493,-1,492,493,494,-1,494,493,495,-1,494,495,496,-1,496,495,497,-1,496,497,498,-1,498,497,499,-1,498,499,500,-1,500,499,501,-1,500,501,502,-1,503,462,504,-1,504,462,461,-1,505,502,506,-1,506,502,501,-1,507,508,509,-1,509,508,510,-1,511,510,512,-1,512,510,508,-1,513,514,515,-1,513,515,516,-1,516,515,517,-1,516,517,518,-1,518,517,519,-1,518,519,520,-1,520,519,521,-1,520,521,522,-1,522,521,523,-1,522,523,524,-1,524,523,511,-1,524,511,512,-1,525,514,526,-1,526,514,513,-1,527,528,529,-1,527,529,530,-1,530,529,531,-1,530,531,532,-1,532,531,533,-1,532,533,534,-1,534,533,535,-1,534,535,536,-1,536,535,537,-1,536,537,538,-1,538,537,525,-1,538,525,526,-1,527,539,528,-1,528,539,540,-1,541,540,542,-1,542,540,539,-1,505,541,542,-1,542,543,505,-1,505,543,544,-1,505,544,545,-1,460,459,473,-1,473,459,490,-1,473,490,471,-1,471,490,492,-1,471,492,469,-1,469,492,494,-1,469,494,467,-1,467,494,496,-1,467,496,465,-1,465,496,498,-1,465,498,463,-1,463,498,500,-1,463,500,461,-1,461,500,502,-1,461,502,504,-1,504,502,505,-1,504,505,546,-1,546,505,545,-1,543,547,548,-1,543,548,544,-1,544,548,549,-1,544,549,545,-1,545,549,550,-1,545,550,546,-1,546,550,503,-1,546,503,504,-1,550,549,506,-1,551,552,547,-1,547,552,506,-1,547,506,548,-1,548,506,549,-1,482,475,489,-1,489,475,474,-1,489,474,491,-1,491,474,472,-1,491,472,493,-1,493,472,470,-1,493,470,495,-1,495,470,468,-1,495,468,497,-1,497,468,466,-1,497,466,499,-1,499,466,464,-1,499,464,501,-1,501,464,462,-1,501,462,506,-1,506,462,503,-1,506,503,550,-1,553,554,551,-1,551,554,552,-1,555,554,556,-1,556,554,553,-1,557,558,559,-1,557,559,560,-1,560,559,561,-1,560,561,562,-1,562,561,563,-1,562,563,564,-1,564,563,565,-1,564,565,566,-1,566,565,567,-1,566,567,568,-1,568,567,555,-1,568,555,556,-1,569,558,570,-1,570,558,557,-1,571,572,573,-1,571,573,574,-1,574,573,575,-1,574,575,576,-1,576,575,577,-1,576,577,578,-1,578,577,579,-1,578,579,580,-1,580,579,581,-1,580,581,582,-1,582,581,569,-1,582,569,570,-1,571,583,572,-1,572,583,584,-1,585,584,586,-1,586,584,583,-1,585,586,587,-1,585,587,588,-1,588,587,589,-1,588,589,590,-1,590,589,591,-1,590,591,592,-1,592,591,593,-1,592,593,594,-1,594,593,595,-1,594,595,596,-1,596,595,597,-1,596,597,598,-1,540,599,510,-1,510,599,600,-1,510,600,601,-1,515,514,511,-1,511,514,525,-1,511,525,510,-1,510,525,528,-1,510,528,540,-1,505,506,541,-1,541,506,552,-1,602,603,601,-1,601,603,509,-1,601,509,510,-1,602,604,603,-1,603,604,605,-1,603,605,606,-1,521,519,517,-1,599,584,585,-1,515,511,517,-1,517,511,523,-1,517,523,521,-1,535,533,537,-1,537,533,531,-1,537,531,525,-1,525,531,529,-1,525,529,528,-1,540,541,599,-1,599,541,552,-1,599,552,584,-1,584,552,554,-1,584,554,569,-1,569,554,555,-1,569,555,558,-1,581,573,569,-1,569,573,572,-1,569,572,584,-1,581,579,573,-1,573,579,577,-1,573,577,575,-1,588,596,585,-1,585,596,598,-1,585,598,599,-1,588,590,596,-1,596,590,592,-1,596,592,594,-1,565,563,567,-1,567,563,561,-1,567,561,555,-1,555,561,559,-1,555,559,558,-1,601,607,608,-1,601,608,602,-1,602,608,609,-1,602,609,604,-1,604,609,610,-1,604,610,605,-1,605,610,611,-1,605,611,606,-1,606,611,612,-1,606,612,603,-1,603,612,507,-1,603,507,509,-1,608,607,507,-1,556,553,583,-1,613,614,607,-1,607,614,508,-1,607,508,507,-1,611,610,609,-1,553,551,508,-1,553,508,583,-1,583,508,614,-1,583,614,586,-1,586,614,597,-1,586,597,595,-1,608,507,609,-1,609,507,612,-1,609,612,611,-1,595,593,586,-1,586,593,591,-1,586,591,587,-1,587,591,589,-1,566,560,564,-1,564,560,562,-1,566,568,560,-1,560,568,556,-1,560,556,557,-1,557,556,583,-1,557,583,571,-1,574,582,571,-1,571,582,570,-1,571,570,557,-1,574,576,582,-1,582,576,578,-1,582,578,580,-1,547,543,551,-1,551,543,542,-1,551,542,508,-1,508,542,539,-1,508,539,513,-1,513,539,527,-1,516,524,513,-1,513,524,512,-1,513,512,508,-1,530,538,527,-1,527,538,526,-1,527,526,513,-1,516,518,524,-1,524,518,520,-1,524,520,522,-1,532,534,530,-1,530,534,536,-1,530,536,538,-1,615,616,617,-1,618,615,619,-1,619,615,617,-1,619,617,620,-1,620,617,621,-1,620,621,622,-1,622,621,623,-1,622,623,624,-1,624,623,625,-1,624,625,626,-1,626,625,627,-1,626,627,613,-1,613,627,614,-1,628,629,630,-1,630,629,631,-1,630,631,632,-1,632,631,633,-1,632,633,634,-1,634,633,635,-1,634,635,636,-1,636,635,637,-1,636,637,638,-1,638,637,639,-1,638,639,640,-1,640,639,641,-1,640,641,642,-1,642,641,643,-1,642,643,644,-1,644,643,645,-1,644,645,646,-1,646,645,647,-1,646,647,648,-1,648,647,649,-1,648,649,650,-1,650,649,651,-1,650,651,652,-1,652,651,653,-1,652,653,654,-1,654,653,655,-1,654,655,656,-1,656,655,657,-1,656,657,658,-1,658,657,659,-1,658,659,660,-1,660,659,661,-1,660,661,662,-1,662,661,663,-1,662,663,664,-1,663,665,664,-1,664,665,666,-1,664,666,667,-1,667,666,668,-1,667,668,669,-1,669,668,670,-1,669,670,671,-1,671,670,672,-1,671,672,673,-1,673,672,674,-1,673,674,675,-1,675,674,676,-1,675,676,677,-1,677,676,678,-1,677,678,679,-1,679,678,680,-1,679,680,681,-1,681,680,682,-1,681,682,683,-1,683,682,684,-1,683,684,685,-1,685,684,686,-1,685,686,687,-1,687,686,688,-1,687,688,689,-1,689,688,690,-1,689,690,691,-1,691,690,692,-1,691,692,693,-1,693,692,694,-1,693,694,695,-1,695,694,696,-1,695,696,697,-1,697,696,698,-1,697,698,699,-1,699,698,700,-1,699,700,628,-1,628,700,701,-1,628,701,629,-1,702,703,704,-1,704,703,705,-1,706,707,708,-1,708,707,709,-1,710,711,712,-1,712,711,713,-1,713,711,714,-1,713,714,715,-1,715,714,716,-1,715,716,717,-1,717,716,718,-1,717,718,719,-1,719,718,720,-1,719,720,721,-1,721,720,722,-1,721,722,723,-1,723,722,707,-1,723,707,724,-1,725,726,706,-1,706,726,727,-1,706,727,707,-1,707,727,728,-1,707,728,724,-1,712,729,710,-1,710,729,730,-1,710,730,705,-1,705,730,731,-1,705,731,732,-1,732,733,705,-1,705,733,734,-1,705,734,704,-1,704,734,735,-1,704,735,736,-1,725,706,737,-1,737,706,738,-1,737,738,739,-1,739,738,740,-1,739,740,741,-1,741,740,742,-1,741,742,743,-1,743,742,744,-1,743,744,736,-1,736,744,745,-1,736,745,704,-1,746,747,748,-1,748,749,746,-1,746,749,750,-1,746,750,751,-1,751,750,752,-1,751,752,753,-1,754,755,747,-1,756,757,758,-1,758,757,759,-1,759,760,758,-1,758,760,761,-1,758,761,762,-1,747,755,748,-1,748,755,763,-1,748,763,764,-1,765,702,758,-1,758,702,704,-1,758,704,756,-1,756,704,766,-1,756,766,767,-1,767,766,768,-1,767,768,769,-1,769,768,770,-1,769,770,771,-1,771,770,772,-1,771,772,773,-1,773,772,774,-1,773,774,775,-1,775,774,748,-1,775,748,776,-1,776,748,764,-1,761,777,762,-1,762,777,778,-1,762,778,779,-1,779,778,780,-1,779,780,781,-1,781,780,782,-1,781,782,783,-1,783,782,784,-1,783,784,785,-1,785,784,786,-1,785,786,787,-1,787,786,788,-1,787,788,789,-1,789,788,790,-1,789,790,747,-1,747,790,791,-1,747,791,754,-1,792,793,794,-1,794,793,795,-1,796,797,798,-1,798,797,799,-1,795,800,794,-1,794,800,801,-1,794,801,802,-1,797,803,804,-1,805,806,795,-1,795,806,807,-1,795,807,800,-1,753,808,751,-1,751,808,809,-1,751,809,799,-1,799,809,810,-1,799,810,798,-1,797,804,811,-1,811,804,812,-1,811,812,813,-1,813,812,814,-1,813,814,815,-1,815,814,816,-1,815,816,817,-1,817,816,818,-1,817,818,819,-1,819,818,820,-1,819,820,821,-1,821,820,822,-1,821,822,823,-1,823,822,824,-1,823,824,795,-1,795,824,825,-1,795,825,805,-1,826,796,827,-1,827,796,828,-1,827,828,829,-1,829,828,830,-1,829,830,831,-1,831,830,832,-1,831,832,833,-1,833,832,834,-1,833,834,802,-1,802,834,835,-1,802,835,794,-1,826,836,796,-1,796,836,837,-1,796,837,797,-1,797,837,838,-1,797,838,803,-1,839,840,841,-1,841,840,842,-1,841,842,709,-1,709,842,843,-1,709,843,708,-1,844,845,846,-1,846,847,844,-1,844,847,848,-1,844,848,841,-1,841,848,849,-1,841,849,839,-1,850,851,845,-1,852,853,854,-1,852,854,855,-1,853,856,854,-1,854,856,857,-1,854,857,858,-1,859,792,854,-1,854,792,794,-1,854,794,855,-1,855,794,860,-1,855,860,861,-1,861,860,862,-1,861,862,863,-1,863,862,864,-1,863,864,865,-1,865,864,866,-1,865,866,867,-1,867,866,868,-1,867,868,869,-1,869,868,846,-1,869,846,870,-1,870,846,871,-1,845,851,846,-1,846,851,872,-1,846,872,871,-1,857,873,858,-1,858,873,874,-1,858,874,875,-1,875,874,876,-1,875,876,877,-1,877,876,878,-1,877,878,879,-1,879,878,880,-1,879,880,881,-1,881,880,882,-1,881,882,883,-1,883,882,884,-1,883,884,885,-1,885,884,886,-1,885,886,845,-1,845,886,887,-1,845,887,850,-1,842,633,631,-1,842,631,843,-1,843,631,629,-1,843,629,708,-1,708,629,701,-1,708,701,706,-1,706,701,700,-1,706,700,738,-1,738,700,698,-1,738,698,740,-1,740,698,696,-1,740,696,742,-1,742,696,694,-1,742,694,744,-1,744,694,692,-1,744,692,745,-1,745,692,704,-1,704,692,690,-1,704,690,766,-1,766,690,688,-1,766,688,768,-1,768,688,686,-1,768,686,770,-1,770,686,684,-1,770,684,772,-1,772,684,682,-1,772,682,774,-1,774,682,680,-1,774,680,748,-1,748,680,678,-1,748,678,749,-1,749,678,676,-1,749,676,750,-1,750,676,674,-1,750,674,752,-1,752,674,672,-1,752,672,753,-1,753,672,808,-1,808,672,670,-1,808,670,809,-1,809,670,668,-1,809,668,810,-1,810,668,666,-1,810,666,798,-1,798,666,665,-1,798,665,796,-1,796,665,663,-1,796,663,828,-1,828,663,661,-1,828,661,830,-1,830,661,659,-1,830,659,832,-1,832,659,657,-1,832,657,834,-1,834,657,655,-1,834,655,835,-1,835,655,794,-1,794,655,653,-1,794,653,860,-1,860,653,651,-1,860,651,862,-1,862,651,649,-1,862,649,864,-1,864,649,647,-1,864,647,866,-1,866,647,645,-1,866,645,868,-1,868,645,643,-1,868,643,846,-1,846,643,641,-1,846,641,847,-1,847,641,639,-1,847,639,848,-1,848,639,637,-1,848,637,849,-1,849,637,635,-1,849,635,839,-1,839,635,840,-1,840,635,633,-1,840,633,842,-1,607,601,613,-1,613,601,600,-1,613,600,626,-1,626,600,888,-1,626,888,624,-1,624,888,889,-1,624,889,622,-1,622,889,890,-1,622,890,620,-1,620,890,891,-1,620,891,619,-1,619,891,892,-1,619,892,618,-1,618,892,709,-1,618,709,893,-1,893,709,707,-1,841,709,892,-1,894,891,895,-1,895,891,890,-1,895,890,896,-1,896,890,889,-1,896,889,897,-1,897,889,888,-1,897,888,898,-1,898,888,600,-1,898,600,599,-1,844,841,894,-1,894,841,892,-1,894,892,891,-1,899,845,616,-1,616,845,844,-1,616,844,617,-1,617,844,894,-1,617,894,621,-1,621,894,895,-1,621,895,623,-1,623,895,896,-1,623,896,625,-1,625,896,897,-1,625,897,627,-1,627,897,898,-1,627,898,614,-1,614,898,599,-1,614,599,597,-1,597,599,598,-1,885,845,900,-1,900,845,899,-1,901,858,875,-1,901,875,902,-1,902,875,877,-1,902,877,903,-1,903,877,879,-1,903,879,904,-1,904,879,881,-1,904,881,905,-1,905,881,883,-1,905,883,906,-1,906,883,885,-1,906,885,900,-1,901,907,858,-1,858,907,854,-1,907,908,854,-1,854,908,859,-1,909,793,910,-1,910,793,792,-1,910,792,908,-1,908,792,859,-1,909,911,793,-1,793,911,795,-1,823,795,912,-1,912,795,911,-1,913,811,813,-1,913,813,914,-1,914,813,815,-1,914,815,915,-1,915,815,817,-1,915,817,916,-1,916,817,819,-1,916,819,917,-1,917,819,821,-1,917,821,918,-1,918,821,823,-1,918,823,912,-1,913,919,811,-1,811,919,797,-1,789,747,920,-1,920,747,921,-1,922,762,779,-1,922,779,923,-1,923,779,781,-1,923,781,924,-1,924,781,783,-1,924,783,925,-1,925,783,785,-1,925,785,926,-1,926,785,787,-1,926,787,927,-1,927,787,789,-1,927,789,920,-1,922,928,762,-1,762,928,758,-1,928,929,758,-1,758,929,765,-1,930,703,931,-1,931,703,702,-1,931,702,929,-1,929,702,765,-1,930,932,703,-1,703,932,705,-1,710,705,933,-1,933,705,932,-1,934,722,720,-1,934,720,935,-1,935,720,718,-1,935,718,936,-1,936,718,716,-1,936,716,937,-1,937,716,714,-1,937,714,938,-1,938,714,711,-1,938,711,939,-1,939,711,710,-1,939,710,933,-1,934,893,722,-1,722,893,707,-1,940,801,941,-1,941,801,800,-1,941,800,942,-1,942,800,807,-1,942,807,943,-1,943,807,806,-1,943,806,944,-1,944,806,805,-1,944,805,945,-1,945,805,825,-1,945,825,946,-1,946,825,824,-1,946,824,947,-1,947,824,822,-1,947,822,948,-1,948,822,820,-1,948,820,949,-1,949,820,818,-1,949,818,950,-1,950,818,816,-1,950,816,951,-1,951,816,814,-1,951,814,952,-1,952,814,812,-1,953,886,954,-1,954,886,884,-1,954,884,955,-1,955,884,882,-1,955,882,956,-1,956,882,880,-1,956,880,957,-1,957,880,878,-1,957,878,958,-1,958,878,876,-1,958,876,959,-1,959,876,874,-1,959,874,960,-1,960,874,873,-1,960,873,961,-1,961,873,857,-1,961,857,962,-1,962,857,856,-1,962,856,963,-1,963,856,853,-1,963,853,964,-1,964,853,852,-1,964,852,965,-1,965,852,855,-1,966,756,967,-1,967,756,767,-1,967,767,968,-1,968,767,769,-1,968,769,969,-1,969,769,771,-1,969,771,970,-1,970,771,773,-1,970,773,971,-1,971,773,775,-1,971,775,972,-1,972,775,776,-1,972,776,973,-1,973,776,764,-1,973,764,974,-1,974,764,763,-1,974,763,975,-1,975,763,755,-1,975,755,976,-1,976,755,754,-1,976,754,977,-1,977,754,791,-1,977,791,978,-1,978,791,790,-1,979,721,980,-1,980,721,723,-1,980,723,981,-1,981,723,724,-1,981,724,982,-1,982,724,728,-1,982,728,983,-1,983,728,727,-1,983,727,984,-1,984,727,726,-1,984,726,985,-1,985,726,725,-1,985,725,986,-1,986,725,737,-1,986,737,987,-1,987,737,739,-1,987,739,988,-1,988,739,741,-1,988,741,989,-1,989,741,743,-1,989,743,990,-1,990,743,736,-1,990,736,991,-1,991,736,735,-1,992,634,993,-1,993,634,636,-1,993,636,994,-1,994,636,638,-1,994,638,995,-1,995,638,640,-1,995,640,996,-1,996,640,642,-1,996,642,997,-1,997,642,644,-1,997,644,998,-1,998,644,646,-1,998,646,999,-1,999,646,648,-1,999,648,1000,-1,1000,648,650,-1,1000,650,1001,-1,1001,650,652,-1,1001,652,1002,-1,1002,652,654,-1,1002,654,1003,-1,1003,654,656,-1,1003,656,1004,-1,1004,656,658,-1,1004,658,1005,-1,1005,658,660,-1,1005,660,1006,-1,1006,660,662,-1,1006,662,1007,-1,1007,662,664,-1,1007,664,1008,-1,1008,664,667,-1,1008,667,1009,-1,1009,667,669,-1,1009,669,1010,-1,1010,669,671,-1,921,973,974,-1,929,928,1011,-1,921,974,920,-1,920,974,975,-1,920,975,976,-1,976,977,920,-1,920,977,978,-1,920,978,927,-1,927,978,1012,-1,927,1012,926,-1,926,1012,1013,-1,926,1013,925,-1,925,1013,1014,-1,925,1014,924,-1,924,1014,1015,-1,924,1015,923,-1,923,1015,1016,-1,923,1016,922,-1,1016,1017,922,-1,922,1017,1018,-1,922,1018,928,-1,928,1018,1019,-1,928,1019,1020,-1,1020,1021,928,-1,928,1021,1022,-1,928,1022,1011,-1,1011,1022,966,-1,1011,966,967,-1,967,968,1011,-1,1011,968,969,-1,1011,969,970,-1,921,1023,973,-1,973,1023,1024,-1,973,1024,972,-1,972,1024,1011,-1,972,1011,971,-1,971,1011,970,-1,929,1011,931,-1,931,1011,932,-1,931,932,930,-1,985,986,1011,-1,618,893,615,-1,615,893,984,-1,615,984,985,-1,986,987,1011,-1,1011,987,988,-1,1011,988,989,-1,989,990,1011,-1,1011,990,991,-1,1011,991,932,-1,932,991,1025,-1,932,1025,1026,-1,1026,1027,932,-1,932,1027,1028,-1,932,1028,933,-1,1028,1029,933,-1,933,1029,1030,-1,933,1030,939,-1,939,1030,1031,-1,939,1031,938,-1,938,1031,1032,-1,938,1032,937,-1,937,1032,1033,-1,937,1033,936,-1,936,1033,1034,-1,936,1034,935,-1,935,1034,1035,-1,935,1035,934,-1,934,1035,979,-1,934,979,893,-1,893,979,980,-1,893,980,981,-1,981,982,893,-1,893,982,983,-1,893,983,984,-1,908,907,1001,-1,1036,1037,615,-1,961,962,907,-1,985,1011,615,-1,615,1011,1038,-1,615,1038,1036,-1,962,963,907,-1,907,963,964,-1,907,964,1001,-1,615,1039,1040,-1,964,965,1001,-1,1001,965,1041,-1,1001,1041,1000,-1,1000,1041,1042,-1,1000,1042,999,-1,996,1043,1044,-1,1037,1045,615,-1,615,1045,1046,-1,615,1046,1039,-1,993,616,992,-1,992,616,615,-1,992,615,1047,-1,1047,615,1040,-1,999,1042,998,-1,998,1042,1048,-1,998,1048,997,-1,997,1048,1049,-1,997,1049,996,-1,996,1049,1050,-1,996,1050,1043,-1,1051,1052,899,-1,1044,1051,996,-1,996,1051,899,-1,996,899,995,-1,995,899,616,-1,995,616,994,-1,994,616,993,-1,1052,1053,899,-1,899,1053,1054,-1,899,1054,900,-1,900,1054,953,-1,900,953,906,-1,906,953,954,-1,906,954,905,-1,905,954,955,-1,905,955,904,-1,904,955,956,-1,904,956,903,-1,903,956,957,-1,903,957,902,-1,902,957,958,-1,902,958,901,-1,901,958,959,-1,901,959,907,-1,907,959,960,-1,907,960,961,-1,908,1001,910,-1,910,1001,911,-1,910,911,909,-1,1055,1056,1024,-1,1024,1056,1057,-1,1024,1057,1011,-1,1011,1057,1058,-1,1011,1058,1038,-1,1059,1060,1024,-1,919,1006,1061,-1,1061,1006,1007,-1,1061,1007,1008,-1,1008,1009,1061,-1,1061,1009,1010,-1,1061,1010,1024,-1,1024,1010,1062,-1,1024,1062,1059,-1,1060,1063,1024,-1,1024,1063,1064,-1,1024,1064,1055,-1,1065,1066,919,-1,919,1066,1067,-1,919,1067,1006,-1,1006,1067,1068,-1,1068,1069,1006,-1,1006,1069,1070,-1,1006,1070,1005,-1,1005,1070,1071,-1,1005,1071,1004,-1,1004,1071,1072,-1,1004,1072,1003,-1,1003,1072,1073,-1,1003,1073,1002,-1,1002,1073,1001,-1,1073,1074,1001,-1,1001,1074,940,-1,1001,940,911,-1,911,940,941,-1,911,941,942,-1,942,943,911,-1,911,943,944,-1,911,944,912,-1,944,945,912,-1,912,945,946,-1,912,946,918,-1,918,946,947,-1,918,947,917,-1,917,947,948,-1,917,948,916,-1,916,948,949,-1,916,949,915,-1,915,949,950,-1,915,950,914,-1,914,950,951,-1,914,951,913,-1,913,951,952,-1,913,952,919,-1,919,952,1075,-1,919,1075,1065,-1,1076,1077,1078,-1,1078,1077,1079,-1,1078,1079,1080,-1,1080,1079,1081,-1,1080,1081,1082,-1,1082,1081,1083,-1,1082,1083,1084,-1,1084,1083,1085,-1,1086,1087,1088,-1,1088,1087,1089,-1,1088,1089,1076,-1,1076,1089,1077,-1,1090,1091,1092,-1,1092,1091,1093,-1,1092,1093,1094,-1,1087,1086,1095,-1,1095,1086,1096,-1,1095,1096,1092,-1,1092,1096,1097,-1,1092,1097,1090,-1,1094,1098,1092,-1,1092,1098,1099,-1,1092,1099,1100,-1,1100,1099,1101,-1,1100,1101,1102,-1,1096,1103,1104,-1,1096,1104,1097,-1,1097,1104,1105,-1,1097,1105,1090,-1,1090,1105,1106,-1,1090,1106,1091,-1,1091,1106,1107,-1,1091,1107,1093,-1,1093,1107,1108,-1,1093,1108,1094,-1,1094,1108,1109,-1,1094,1109,1098,-1,1098,1109,1110,-1,1098,1110,1099,-1,1099,1110,1111,-1,1099,1111,1101,-1,1101,1111,1112,-1,1101,1112,1102,-1,1102,1112,1113,-1,1102,1113,1100,-1,1100,1113,1114,-1,1100,1114,1092,-1,1092,1114,1115,-1,1092,1115,1095,-1,1116,1117,1103,-1,1103,1117,1115,-1,1113,1112,1111,-1,1115,1114,1103,-1,1103,1114,1113,-1,1103,1113,1104,-1,1104,1113,1105,-1,1111,1110,1113,-1,1113,1110,1109,-1,1113,1109,1108,-1,1108,1107,1113,-1,1113,1107,1106,-1,1113,1106,1105,-1,1118,1119,1120,-1,1118,1120,1121,-1,1121,1120,1117,-1,1121,1117,1116,-1,1122,1123,1124,-1,1122,1124,1125,-1,1125,1124,1126,-1,1125,1126,1127,-1,1127,1126,1128,-1,1127,1128,1129,-1,1129,1128,1119,-1,1129,1119,1118,-1,1130,1084,1131,-1,1131,1084,1085,-1,1122,1132,1123,-1,1123,1132,1133,-1,1134,1135,1136,-1,1136,1135,1137,-1,1138,1137,1139,-1,1139,1137,1135,-1,1140,1141,1142,-1,1140,1142,1143,-1,1143,1142,1144,-1,1143,1144,1145,-1,1145,1144,1146,-1,1145,1146,1147,-1,1147,1146,1148,-1,1147,1148,1149,-1,1149,1148,1150,-1,1149,1150,1151,-1,1151,1150,1138,-1,1151,1138,1139,-1,1140,1152,1141,-1,1141,1152,1153,-1,1154,1155,1156,-1,1154,1156,1157,-1,1157,1156,1158,-1,1157,1158,1159,-1,1159,1158,1160,-1,1159,1160,1161,-1,1161,1160,1162,-1,1161,1162,1163,-1,1163,1162,1164,-1,1163,1164,1165,-1,1165,1164,1153,-1,1165,1153,1152,-1,1154,1166,1155,-1,1155,1166,1167,-1,1168,1167,1169,-1,1169,1167,1166,-1,1133,1168,1169,-1,1169,1170,1133,-1,1133,1170,1171,-1,1133,1171,1172,-1,1095,1115,1087,-1,1087,1115,1117,-1,1087,1117,1089,-1,1089,1117,1120,-1,1089,1120,1077,-1,1077,1120,1119,-1,1077,1119,1079,-1,1079,1119,1128,-1,1079,1128,1081,-1,1081,1128,1126,-1,1081,1126,1083,-1,1083,1126,1124,-1,1083,1124,1085,-1,1085,1124,1123,-1,1085,1123,1131,-1,1131,1123,1133,-1,1131,1133,1173,-1,1173,1133,1172,-1,1170,1174,1175,-1,1170,1175,1171,-1,1171,1175,1176,-1,1171,1176,1172,-1,1172,1176,1177,-1,1172,1177,1173,-1,1173,1177,1130,-1,1173,1130,1131,-1,1177,1176,1132,-1,1178,1179,1174,-1,1174,1179,1132,-1,1174,1132,1175,-1,1175,1132,1176,-1,1103,1096,1116,-1,1116,1096,1086,-1,1116,1086,1121,-1,1121,1086,1088,-1,1121,1088,1118,-1,1118,1088,1076,-1,1118,1076,1129,-1,1129,1076,1078,-1,1129,1078,1127,-1,1127,1078,1080,-1,1127,1080,1125,-1,1125,1080,1082,-1,1125,1082,1122,-1,1122,1082,1084,-1,1122,1084,1132,-1,1132,1084,1130,-1,1132,1130,1177,-1,1180,1181,1178,-1,1178,1181,1179,-1,1182,1181,1183,-1,1183,1181,1180,-1,1184,1185,1186,-1,1184,1186,1187,-1,1187,1186,1188,-1,1187,1188,1189,-1,1189,1188,1190,-1,1189,1190,1191,-1,1191,1190,1192,-1,1191,1192,1193,-1,1193,1192,1194,-1,1193,1194,1195,-1,1195,1194,1182,-1,1195,1182,1183,-1,1184,1196,1185,-1,1185,1196,1197,-1,1198,1199,1200,-1,1198,1200,1201,-1,1201,1200,1202,-1,1201,1202,1203,-1,1203,1202,1204,-1,1203,1204,1205,-1,1205,1204,1206,-1,1205,1206,1207,-1,1207,1206,1208,-1,1207,1208,1209,-1,1209,1208,1197,-1,1209,1197,1196,-1,1198,1210,1199,-1,1199,1210,1211,-1,1212,1211,1213,-1,1213,1211,1210,-1,1214,1215,1216,-1,1214,1216,1217,-1,1217,1216,1218,-1,1217,1218,1219,-1,1219,1218,1220,-1,1219,1220,1221,-1,1221,1220,1222,-1,1221,1222,1223,-1,1223,1222,1224,-1,1223,1224,1225,-1,1225,1224,1226,-1,1225,1226,1227,-1,1227,1226,1212,-1,1227,1212,1213,-1,751,799,1228,-1,1229,1230,1231,-1,1231,1230,1232,-1,1231,1232,1233,-1,1233,1232,1234,-1,1233,1234,1235,-1,1235,1234,1236,-1,1235,1236,1237,-1,1237,1236,1238,-1,1237,1238,1239,-1,746,751,1229,-1,1229,751,1228,-1,1229,1228,1230,-1,1155,1167,1137,-1,1239,1238,1215,-1,1215,1238,1211,-1,1215,1211,1212,-1,1240,1136,1241,-1,1153,1137,1138,-1,1241,1136,1238,-1,1238,1136,1137,-1,1238,1137,1211,-1,1211,1137,1167,-1,1211,1167,1168,-1,1212,1226,1215,-1,1215,1226,1224,-1,1215,1224,1222,-1,1222,1220,1215,-1,1215,1220,1218,-1,1215,1218,1216,-1,1241,1242,1243,-1,1160,1158,1156,-1,1243,1244,1241,-1,1241,1244,1245,-1,1241,1245,1240,-1,1150,1142,1138,-1,1138,1142,1141,-1,1138,1141,1153,-1,1133,1132,1168,-1,1168,1132,1179,-1,1168,1179,1211,-1,1211,1179,1181,-1,1211,1181,1199,-1,1199,1181,1182,-1,1137,1153,1155,-1,1155,1153,1164,-1,1155,1164,1156,-1,1156,1164,1162,-1,1156,1162,1160,-1,1148,1146,1150,-1,1150,1146,1144,-1,1150,1144,1142,-1,1194,1186,1182,-1,1182,1186,1185,-1,1182,1185,1199,-1,1202,1208,1204,-1,1204,1208,1206,-1,1185,1197,1199,-1,1199,1197,1208,-1,1199,1208,1200,-1,1200,1208,1202,-1,1194,1192,1186,-1,1186,1192,1190,-1,1186,1190,1188,-1,1134,1136,1240,-1,1134,1240,1246,-1,1246,1240,1245,-1,1246,1245,1247,-1,1247,1245,1244,-1,1247,1244,1248,-1,1248,1244,1243,-1,1248,1243,1249,-1,1249,1243,1242,-1,1249,1242,1250,-1,1250,1242,1241,-1,1250,1241,1251,-1,1251,1241,1252,-1,1252,1241,1238,-1,1252,1238,1253,-1,1253,1238,1236,-1,1253,1236,1254,-1,1254,1236,1234,-1,1254,1234,1255,-1,1255,1234,1232,-1,1255,1232,1256,-1,1256,1232,1230,-1,1256,1230,1257,-1,1257,1230,1228,-1,1257,1228,1061,-1,1061,1228,799,-1,1061,799,919,-1,919,799,797,-1,1250,1251,1134,-1,1252,1258,1251,-1,1251,1258,1135,-1,1251,1135,1134,-1,1247,1248,1249,-1,1214,1213,1258,-1,1258,1213,1210,-1,1258,1210,1135,-1,1196,1184,1198,-1,1198,1184,1210,-1,1178,1174,1170,-1,1250,1134,1249,-1,1249,1134,1246,-1,1249,1246,1247,-1,1214,1217,1213,-1,1213,1217,1219,-1,1213,1219,1221,-1,1221,1223,1213,-1,1213,1223,1225,-1,1213,1225,1227,-1,1170,1169,1178,-1,1178,1169,1135,-1,1178,1135,1180,-1,1180,1135,1210,-1,1180,1210,1183,-1,1183,1210,1184,-1,1183,1184,1195,-1,1195,1184,1187,-1,1187,1189,1195,-1,1195,1189,1191,-1,1195,1191,1193,-1,1203,1205,1201,-1,1201,1205,1207,-1,1201,1207,1198,-1,1198,1207,1209,-1,1198,1209,1196,-1,1165,1152,1154,-1,1154,1152,1140,-1,1154,1140,1166,-1,1169,1166,1135,-1,1135,1166,1140,-1,1135,1140,1139,-1,1139,1140,1143,-1,1139,1143,1145,-1,1159,1161,1163,-1,1147,1149,1145,-1,1145,1149,1151,-1,1145,1151,1139,-1,1165,1154,1163,-1,1163,1154,1157,-1,1163,1157,1159,-1,921,747,1023,-1,1023,747,746,-1,1023,746,1259,-1,1259,746,1229,-1,1259,1229,1260,-1,1260,1229,1231,-1,1260,1231,1261,-1,1261,1231,1233,-1,1261,1233,1262,-1,1262,1233,1235,-1,1262,1235,1263,-1,1263,1235,1237,-1,1263,1237,1258,-1,1258,1237,1239,-1,1258,1239,1214,-1,1214,1239,1215,-1,1024,1023,1259,-1,1061,1024,1257,-1,1257,1024,1259,-1,1257,1259,1256,-1,1256,1259,1260,-1,1256,1260,1255,-1,1255,1260,1261,-1,1255,1261,1254,-1,1254,1261,1262,-1,1254,1262,1253,-1,1253,1262,1263,-1,1253,1263,1252,-1,1252,1263,1258,-1,1010,671,1062,-1,1062,671,673,-1,1062,673,1059,-1,1059,673,675,-1,1059,675,1060,-1,1060,675,677,-1,1060,677,1063,-1,1063,677,679,-1,1063,679,1064,-1,1064,679,681,-1,1064,681,1055,-1,1055,681,683,-1,1055,683,1056,-1,1056,683,685,-1,1056,685,1057,-1,1057,685,687,-1,1057,687,1058,-1,1058,687,689,-1,1058,689,1038,-1,1038,689,691,-1,1038,691,1036,-1,1036,691,693,-1,1036,693,1037,-1,1037,693,695,-1,1037,695,1045,-1,1045,695,697,-1,1045,697,1046,-1,1046,697,699,-1,1046,699,1039,-1,1039,699,628,-1,1039,628,1040,-1,1040,628,630,-1,1040,630,1047,-1,1047,630,632,-1,1047,632,992,-1,992,632,634,-1,991,735,1025,-1,1025,735,734,-1,1025,734,1026,-1,1026,734,733,-1,1026,733,1027,-1,1027,733,732,-1,1027,732,1028,-1,1028,732,731,-1,1028,731,1029,-1,1029,731,730,-1,1029,730,1030,-1,1030,730,729,-1,1030,729,1031,-1,1031,729,712,-1,1031,712,1032,-1,1032,712,713,-1,1032,713,1033,-1,1033,713,715,-1,1033,715,1034,-1,1034,715,717,-1,1034,717,1035,-1,1035,717,719,-1,1035,719,979,-1,979,719,721,-1,978,790,1012,-1,1012,790,788,-1,1012,788,1013,-1,1013,788,786,-1,1013,786,1014,-1,1014,786,784,-1,1014,784,1015,-1,1015,784,782,-1,1015,782,1016,-1,1016,782,780,-1,1016,780,1017,-1,1017,780,778,-1,1017,778,1018,-1,1018,778,777,-1,1018,777,1019,-1,1019,777,761,-1,1019,761,1020,-1,1020,761,760,-1,1020,760,1021,-1,1021,760,759,-1,1021,759,1022,-1,1022,759,757,-1,1022,757,966,-1,966,757,756,-1,965,855,1041,-1,1041,855,861,-1,1041,861,1042,-1,1042,861,863,-1,1042,863,1048,-1,1048,863,865,-1,1048,865,1049,-1,1049,865,867,-1,1049,867,1050,-1,1050,867,869,-1,1050,869,1043,-1,1043,869,870,-1,1043,870,1044,-1,1044,870,871,-1,1044,871,1051,-1,1051,871,872,-1,1051,872,1052,-1,1052,872,851,-1,1052,851,1053,-1,1053,851,850,-1,1053,850,1054,-1,1054,850,887,-1,1054,887,953,-1,953,887,886,-1,952,812,1075,-1,1075,812,804,-1,1075,804,1065,-1,1065,804,803,-1,1065,803,1066,-1,1066,803,838,-1,1066,838,1067,-1,1067,838,837,-1,1067,837,1068,-1,1068,837,836,-1,1068,836,1069,-1,1069,836,826,-1,1069,826,1070,-1,1070,826,827,-1,1070,827,1071,-1,1071,827,829,-1,1071,829,1072,-1,1072,829,831,-1,1072,831,1073,-1,1073,831,833,-1,1073,833,1074,-1,1074,833,802,-1,1074,802,940,-1,940,802,801,-1,1264,1265,1266,-1,1267,1268,1269,-1,1264,1266,1270,-1,1271,1272,1273,-1,1273,1272,1274,-1,1273,1274,1275,-1,1276,1277,1278,-1,1278,1277,1279,-1,1278,1279,1280,-1,1281,1282,1283,-1,1283,1282,1284,-1,1283,1284,1276,-1,1276,1284,1285,-1,1276,1285,1277,-1,1286,1287,1281,-1,1269,1288,1267,-1,1267,1288,1289,-1,1267,1289,1290,-1,1289,1291,1290,-1,1290,1291,1292,-1,1290,1292,1293,-1,1280,1272,1278,-1,1278,1272,1271,-1,1278,1271,1276,-1,1276,1271,1294,-1,1276,1294,1283,-1,1283,1294,1295,-1,1275,1270,1273,-1,1273,1270,1266,-1,1273,1266,1271,-1,1271,1266,1296,-1,1271,1296,1294,-1,1294,1296,1297,-1,1294,1297,1295,-1,1295,1297,1298,-1,1265,1268,1266,-1,1266,1268,1267,-1,1266,1267,1296,-1,1296,1267,1290,-1,1296,1290,1297,-1,1297,1290,1293,-1,1297,1293,1298,-1,1298,1293,1299,-1,1292,1300,1293,-1,1293,1300,1301,-1,1293,1301,1299,-1,1299,1301,1302,-1,1299,1302,1303,-1,1281,1283,1286,-1,1286,1283,1295,-1,1286,1295,1304,-1,1304,1295,1298,-1,1304,1298,1305,-1,1305,1298,1299,-1,1305,1299,1306,-1,1306,1299,1303,-1,1306,1303,1307,-1,1308,1307,1303,-1,1269,1309,1288,-1,1288,1309,1310,-1,1288,1310,1289,-1,1289,1310,1311,-1,1289,1311,1291,-1,1291,1311,1312,-1,1291,1312,1292,-1,1292,1312,1313,-1,1292,1313,1300,-1,1300,1313,1314,-1,1300,1314,1301,-1,1301,1314,1315,-1,1301,1315,1302,-1,1302,1315,1316,-1,1302,1316,1303,-1,1303,1316,1317,-1,1303,1317,1308,-1,1318,1319,1320,-1,1321,1322,1323,-1,1318,1320,1324,-1,1325,1326,1327,-1,1327,1326,1328,-1,1327,1328,1329,-1,1330,1331,1332,-1,1332,1331,1333,-1,1332,1333,1334,-1,1335,1336,1337,-1,1337,1336,1338,-1,1337,1338,1330,-1,1330,1338,1339,-1,1330,1339,1331,-1,1340,1341,1335,-1,1323,1342,1321,-1,1321,1342,1343,-1,1321,1343,1344,-1,1343,1345,1344,-1,1344,1345,1346,-1,1344,1346,1347,-1,1334,1326,1332,-1,1332,1326,1325,-1,1332,1325,1330,-1,1330,1325,1348,-1,1330,1348,1337,-1,1337,1348,1349,-1,1329,1324,1327,-1,1327,1324,1320,-1,1327,1320,1325,-1,1325,1320,1350,-1,1325,1350,1348,-1,1348,1350,1351,-1,1348,1351,1349,-1,1349,1351,1352,-1,1319,1322,1320,-1,1320,1322,1321,-1,1320,1321,1350,-1,1350,1321,1344,-1,1350,1344,1351,-1,1351,1344,1347,-1,1351,1347,1352,-1,1352,1347,1353,-1,1346,1354,1347,-1,1347,1354,1355,-1,1347,1355,1353,-1,1353,1355,1356,-1,1353,1356,1357,-1,1335,1337,1340,-1,1340,1337,1349,-1,1340,1349,1358,-1,1358,1349,1352,-1,1358,1352,1359,-1,1359,1352,1353,-1,1359,1353,1360,-1,1360,1353,1357,-1,1360,1357,1308,-1,1323,1361,1342,-1,1342,1361,1362,-1,1342,1362,1343,-1,1343,1362,1363,-1,1343,1363,1345,-1,1345,1363,1364,-1,1345,1364,1346,-1,1346,1364,1365,-1,1346,1365,1354,-1,1354,1365,1366,-1,1354,1366,1355,-1,1355,1366,1367,-1,1355,1367,1356,-1,1356,1367,1368,-1,1356,1368,1357,-1,1368,1369,1357,-1,1357,1369,1307,-1,1357,1307,1308,-1,1370,1371,1372,-1,1372,1371,1373,-1,1373,1374,1372,-1,1372,1374,1375,-1,1374,1376,1375,-1,1375,1376,1377,-1,1378,1379,1380,-1,1380,1379,1381,-1,1382,1381,1383,-1,1383,1381,1379,-1,1382,1383,1384,-1,1384,1383,1385,-1,1386,1387,1388,-1,1386,1388,1389,-1,1389,1388,1390,-1,1389,1390,1391,-1,1391,1390,1384,-1,1391,1384,1385,-1,1371,1370,1392,-1,1371,1392,1393,-1,1393,1392,1394,-1,1393,1394,1395,-1,1395,1394,1387,-1,1395,1387,1386,-1,1396,1378,1397,-1,1397,1378,1380,-1,1397,1380,1381,-1,1388,1387,1341,-1,1398,1375,1399,-1,1399,1375,1400,-1,1401,1287,1402,-1,1403,1404,1401,-1,1401,1404,1405,-1,1406,1382,1407,-1,1407,1382,1384,-1,1407,1384,1408,-1,1406,1409,1382,-1,1382,1409,1410,-1,1382,1410,1411,-1,1402,1412,1401,-1,1401,1412,1413,-1,1401,1413,1403,-1,1411,1414,1382,-1,1382,1414,1415,-1,1382,1415,1416,-1,1287,1401,1281,-1,1281,1401,1397,-1,1281,1397,1282,-1,1405,1417,1401,-1,1401,1417,1418,-1,1401,1418,1419,-1,1375,1377,1400,-1,1400,1377,1401,-1,1400,1401,1420,-1,1420,1401,1419,-1,1408,1384,1341,-1,1341,1384,1390,-1,1341,1390,1388,-1,1265,1264,1397,-1,1397,1264,1270,-1,1334,1333,1372,-1,1372,1333,1331,-1,1372,1331,1339,-1,1416,1421,1382,-1,1382,1421,1422,-1,1382,1422,1423,-1,1270,1275,1397,-1,1397,1275,1274,-1,1397,1274,1272,-1,1272,1280,1397,-1,1397,1280,1279,-1,1397,1279,1277,-1,1277,1285,1397,-1,1397,1285,1284,-1,1397,1284,1282,-1,1423,1424,1382,-1,1382,1424,1309,-1,1382,1309,1381,-1,1381,1309,1269,-1,1381,1269,1397,-1,1397,1269,1268,-1,1397,1268,1265,-1,1319,1318,1372,-1,1372,1318,1324,-1,1372,1324,1329,-1,1339,1338,1372,-1,1372,1338,1336,-1,1372,1336,1370,-1,1370,1336,1335,-1,1370,1335,1392,-1,1392,1335,1341,-1,1392,1341,1394,-1,1394,1341,1387,-1,1398,1361,1375,-1,1375,1361,1323,-1,1375,1323,1372,-1,1372,1323,1322,-1,1372,1322,1319,-1,1329,1328,1372,-1,1372,1328,1326,-1,1372,1326,1334,-1,1401,1377,1425,-1,1425,1377,1376,-1,1385,1383,1379,-1,1378,1396,1379,-1,1379,1396,1425,-1,1373,1379,1374,-1,1374,1379,1425,-1,1374,1425,1376,-1,1385,1379,1391,-1,1373,1371,1379,-1,1379,1371,1393,-1,1379,1393,1395,-1,1395,1386,1379,-1,1379,1386,1389,-1,1379,1389,1391,-1,1426,1427,1428,-1,1428,1427,1429,-1,1428,1429,1430,-1,1430,1429,1431,-1,1430,1431,1432,-1,1432,1431,1433,-1,1432,1433,1434,-1,1434,1433,1435,-1,1434,1435,1436,-1,1436,1435,1437,-1,1436,1437,1438,-1,1438,1437,1439,-1,1438,1439,1397,-1,1397,1439,1396,-1,1397,1401,1438,-1,1438,1401,1440,-1,1438,1440,1436,-1,1436,1440,1441,-1,1436,1441,1434,-1,1434,1441,1442,-1,1434,1442,1432,-1,1432,1442,1443,-1,1432,1443,1430,-1,1430,1443,1444,-1,1430,1444,1428,-1,1428,1444,1445,-1,1428,1445,1426,-1,1426,1445,1446,-1,1401,1425,1440,-1,1440,1425,1447,-1,1440,1447,1441,-1,1441,1447,1448,-1,1441,1448,1442,-1,1442,1448,1449,-1,1442,1449,1443,-1,1443,1449,1450,-1,1443,1450,1444,-1,1444,1450,1451,-1,1444,1451,1445,-1,1445,1451,1452,-1,1445,1452,1446,-1,1446,1452,1453,-1,1454,1426,1455,-1,1455,1426,1446,-1,1427,1426,1456,-1,1456,1426,1454,-1,1427,1453,1452,-1,1427,1452,1429,-1,1429,1452,1451,-1,1429,1451,1431,-1,1431,1451,1450,-1,1431,1450,1433,-1,1433,1450,1449,-1,1433,1449,1435,-1,1435,1449,1448,-1,1435,1448,1437,-1,1437,1448,1447,-1,1437,1447,1439,-1,1439,1447,1425,-1,1439,1425,1396,-1,1446,1453,1455,-1,1455,1453,1457,-1,1453,1427,1457,-1,1457,1427,1456,-1,1457,1456,1455,-1,1455,1456,1454,-1,1419,1458,1420,-1,1402,1287,1286,-1,1459,1412,1402,-1,1404,1403,1460,-1,1460,1403,1413,-1,1417,1405,1461,-1,1461,1405,1404,-1,1417,1461,1418,-1,1418,1461,1462,-1,1418,1462,1419,-1,1420,1458,1400,-1,1400,1458,1463,-1,1400,1463,1399,-1,1399,1463,1464,-1,1399,1464,1398,-1,1398,1464,1362,-1,1398,1362,1361,-1,1402,1286,1459,-1,1459,1286,1304,-1,1459,1304,1465,-1,1465,1304,1305,-1,1465,1305,1466,-1,1466,1305,1306,-1,1466,1306,1467,-1,1306,1307,1369,-1,1306,1369,1467,-1,1467,1369,1368,-1,1467,1368,1367,-1,1367,1468,1467,-1,1467,1468,1469,-1,1467,1469,1466,-1,1466,1469,1470,-1,1466,1470,1465,-1,1465,1470,1460,-1,1465,1460,1459,-1,1459,1460,1413,-1,1459,1413,1412,-1,1404,1460,1461,-1,1461,1460,1470,-1,1461,1470,1462,-1,1462,1470,1469,-1,1462,1469,1471,-1,1471,1469,1468,-1,1471,1468,1472,-1,1367,1366,1468,-1,1468,1366,1365,-1,1468,1365,1472,-1,1472,1365,1364,-1,1472,1364,1363,-1,1419,1462,1458,-1,1458,1462,1471,-1,1458,1471,1463,-1,1463,1471,1472,-1,1463,1472,1464,-1,1464,1472,1363,-1,1464,1363,1362,-1,1416,1473,1421,-1,1474,1407,1408,-1,1410,1409,1475,-1,1475,1409,1406,-1,1414,1411,1476,-1,1476,1411,1410,-1,1414,1476,1415,-1,1415,1476,1477,-1,1415,1477,1416,-1,1421,1473,1422,-1,1422,1473,1478,-1,1422,1478,1423,-1,1423,1478,1479,-1,1423,1479,1424,-1,1424,1479,1310,-1,1424,1310,1309,-1,1308,1480,1360,-1,1360,1480,1481,-1,1360,1481,1359,-1,1359,1481,1482,-1,1359,1482,1358,-1,1358,1482,1474,-1,1358,1474,1340,-1,1340,1474,1408,-1,1340,1408,1341,-1,1308,1317,1480,-1,1480,1317,1316,-1,1480,1316,1315,-1,1315,1483,1480,-1,1480,1483,1484,-1,1480,1484,1481,-1,1481,1484,1485,-1,1481,1485,1482,-1,1482,1485,1475,-1,1482,1475,1474,-1,1474,1475,1406,-1,1474,1406,1407,-1,1410,1475,1476,-1,1476,1475,1485,-1,1476,1485,1477,-1,1477,1485,1484,-1,1477,1484,1486,-1,1486,1484,1483,-1,1486,1483,1487,-1,1315,1314,1483,-1,1483,1314,1313,-1,1483,1313,1487,-1,1487,1313,1312,-1,1487,1312,1311,-1,1416,1477,1473,-1,1473,1477,1486,-1,1473,1486,1478,-1,1478,1486,1487,-1,1478,1487,1479,-1,1479,1487,1311,-1,1479,1311,1310,-1,
        ]
    }
}
Shape{
    appearance Appearance {
        material  Material 	{
            diffuseColor 0.2235294117647059 0.2235294117647059 0.2235294117647059
            specularColor 0.11372549019607843 0.11372549019607843 0.11372549019607843
            ambientIntensity 0.2235
            transparency 0.0
            shininess 0.5
        }
    }
    geometry IndexedFaceSet {
        ccw TRUE
        solid FALSE
        coord DEF co Coordinate {
            point [
                0.0387 3.5474 1.6254, 0.0832 3.5474 1.6254, 0.0832 3.5474 1.6025, 0.8859 3.5474 2.5591, 1.2599 3.5474 2.5591, 1.2599 3.5474 1.7192, -0.0903 3.5474 1.4886, -0.0948 3.5474 1.499, -0.0894 3.5474 1.5131, 0.0325 3.5474 1.6444, 0.034 3.5474 1.6483, 0.034 3.5474 1.6254, 0.0718 3.5474 1.7071, 0.0718 3.5474 1.7068, 0.0387 3.5474 1.7068, 0.3788 3.5474 1.5778, 0.3095 3.5474 1.5778, 0.3064 3.5474 1.5794, 0.3667 3.5474 1.7171, 0.3611 3.5474 1.7192, 0.8859 3.5474 1.7192, 0.1849 3.5474 1.6456, 0.1696 3.5474 1.6324, 0.1162 3.5474 1.7068, 0.1162 3.5474 1.6254, 0.2349 3.5474 1.7002, 0.2163 3.5474 1.6783, 0.2045 3.5474 1.655, 0.2018 3.5474 1.6541, 0.1162 3.5474 1.7192, 0.2602 3.5474 1.7174, 0.2446 3.5474 1.7068, 0.5906 3.5474 2.5591, 0.5906 3.5474 2.4409, 0.1162 3.5474 2.4409, 0.2887 3.5474 1.7277, 0.2651 3.5474 1.7192, 0.3403 3.5474 1.727, 0.3121 3.5474 1.7303, 0.8859 3.5474 1.7068, 0.3828 3.5474 1.7068, 0.3806 3.5474 1.7086, 0.4414 3.5474 1.6823, 0.4189 3.5474 1.685, 0.3941 3.5474 1.6972, 0.4124 3.5474 1.6845, 0.4058 3.5474 1.6837, 0.4846 3.5474 1.6581, 0.4807 3.5474 1.6617, 0.4625 3.5474 1.6743, 0.8859 3.5474 1.6254, 0.8859 3.5474 1.6025, 0.5109 3.5474 1.6025, 0.5076 3.5474 1.6201, 0.5053 3.5474 1.6254, 0.4984 3.5474 1.6406, 0.5092 3.5474 1.571, 0.51 3.5474 1.5778, 0.8859 3.5474 1.5778, 0.5101 3.5474 1.5794, 0.8859 3.5474 1.5794, 0.5118 3.5474 1.5934, 0.5116 3.5474 1.5987, 0.2626 3.5474 1.5343, 0.2587 3.5474 1.5358, 0.2518 3.5474 1.5682, 0.4707 3.5474 1.5159, 0.4883 3.5474 1.5312, 0.8859 3.5474 0.7953, 0.2661 3.5474 1.5318, 0.2543 3.5474 1.5363, 0.2537 3.5474 1.5363, 0.252 3.5474 1.5359, 0.2589 3.5474 1.5016, 0.3357 3.5474 1.5007, 0.2557 3.5474 1.501, 0.2221 3.5474 1.5008, 0.2721 3.5474 1.5188, 0.2719 3.5474 1.5211, 0.3318 3.5474 1.5266, 0.2707 3.5474 1.5254, 0.2685 3.5474 1.5293, 0.5011 3.5474 1.5497, 0.2626 3.5474 1.5031, 0.2663 3.5474 1.5057, 0.2676 3.5474 1.5071, 0.2701 3.5474 1.5107, 0.2716 3.5474 1.5146, 0.3322 3.5474 1.5147, 0.3318 3.5474 1.5209, 0.1701 3.5474 1.5261, 0.1856 3.5474 1.5131, 0.1162 3.5474 0.7953, 0.4189 3.5474 1.4729, 0.4298 3.5474 1.4816, 0.438 3.5474 1.4923, 0.1957 3.5474 1.5497, 0.1894 3.5474 1.5585, 0.1854 3.5474 1.5687, 0.2573 3.5474 1.5778, 0.1587 3.5474 1.5418, 0.3426 3.5474 1.4881, 0.2031 3.5474 1.5047, 0.3523 3.5474 1.4777, 0.3639 3.5474 1.4702, 0.3767 3.5474 1.4657, 0.443 3.5474 1.5035, 0.4502 3.5474 1.5057, 0.2509 3.5474 1.5357, 0.2253 3.5474 1.5356, 0.2152 3.5474 1.5374, 0.2051 3.5474 1.5419, 0.1966 3.5474 1.5487, 0.3892 3.5474 1.4644, 0.3926 3.5474 1.4645, 0.406 3.5474 1.467, 0.1842 3.5474 1.5778, 0.184 3.5474 1.5794, 0.2582 3.5474 1.5794, 0.184 3.5474 1.5797, 0.4736 3.5474 1.5794, 0.4752 3.5474 1.5847, 0.2692 3.5474 1.5985, 0.4759 3.5474 1.5943, 0.4749 3.5474 1.6025, 0.1842 3.5474 1.5848, 0.1868 3.5474 1.5957, 0.1905 3.5474 1.6025, 0.3667 3.5474 1.5744, 0.3548 3.5474 1.5677, 0.3458 3.5474 1.5592, 0.4349 3.5474 1.555, 0.4252 3.5474 1.5654, 0.4731 3.5474 1.5778, 0.4133 3.5474 1.5732, 0.4007 3.5474 1.5776, 0.3981 3.5474 1.5778, 0.3883 3.5474 1.5788, 0.3803 3.5474 1.5782, 0.471 3.5474 1.5708, 0.4635 3.5474 1.5585, 0.4415 3.5474 1.5433, 0.4531 3.5474 1.5483, 0.4421 3.5474 1.5417, 0.4698 3.5474 1.6194, 0.4744 3.5474 1.6067, 0.2326 3.5474 1.6244, 0.228 3.5474 1.6244, 0.1921 3.5474 1.6056, 0.1985 3.5474 1.6128, 0.2073 3.5474 1.6191, 0.2172 3.5474 1.623, 0.2448 3.5474 1.659, 0.2576 3.5474 1.6744, 0.3885 3.5474 1.642, 0.2587 3.5474 1.6754, 0.2746 3.5474 1.6866, 0.3796 3.5474 1.66, 0.4658 3.5474 1.6254, 0.3939 3.5474 1.645, 0.2328 3.5474 1.6254, 0.2361 3.5474 1.6406, 0.4067 3.5474 1.6494, 0.4186 3.5474 1.6508, 0.4248 3.5474 1.6505, 0.3667 3.5474 1.6752, 0.2924 3.5474 1.6936, 0.3515 3.5474 1.6862, 0.3118 3.5474 1.6961, 0.3328 3.5474 1.6936, 0.4389 3.5474 1.6472, 0.4516 3.5474 1.6404, 0.4621 3.5474 1.6309, 0.1514 3.5474 1.5598, 0.1162 3.5474 1.5778, 0.149 3.5474 1.5778, 0.1162 3.5474 1.5794, 0.1487 3.5474 1.5794, 0.1162 3.5474 1.6025, 0.1512 3.5474 1.5987, 0.1487 3.5474 1.58, 0.1646 3.5474 1.6254, 0.158 3.5474 1.6161, 0.1527 3.5474 1.6025, -0.3185 3.5474 1.5192, -0.2852 3.5474 1.5194, -0.3265 3.5474 1.4972, -0.2773 3.5474 1.4975, -0.338 3.5474 1.4971, -1.2598 3.5474 0.7953, -0.308 3.5474 1.5774, -1.2598 3.5474 1.5778, -0.297 3.5474 1.5775, -0.1887 3.5474 0.7953, -0.2659 3.5474 1.4976, -0.2403 3.5474 1.5027, -0.231 3.5474 1.4993, -0.2183 3.5474 1.498, -0.1963 3.5474 1.4981, -0.2324 3.5474 1.5765, -0.242 3.5474 1.5728, -0.2579 3.5474 1.5568, -0.2607 3.5474 1.5489, -0.2552 3.5474 1.5156, -0.2495 3.5474 1.509, -0.2482 3.5474 1.5078, -0.2499 3.5474 1.5672, -0.2531 3.5474 1.5639, -0.2618 3.5474 1.5387, -0.2614 3.5474 1.533, -0.2593 3.5474 1.5238, -0.1968 3.5474 1.5778, -0.1968 3.5474 1.5782, -0.1887 3.5474 1.5794, -0.2197 3.5474 1.578, -0.2213 3.5474 1.5778, -1.2598 3.5474 1.5794, -0.1645 3.5474 1.5075, -0.1812 3.5474 1.5074, -0.1773 3.5474 1.5343, -0.1887 3.5474 1.5778, -0.1812 3.5474 1.4982, -0.1645 3.5474 1.5436, -0.1774 3.5474 1.5435, -0.1798 3.5474 1.5691, -0.1799 3.5474 1.5783, -0.1799 3.5474 1.5778, -0.1645 3.5474 1.5344, -0.1487 3.5474 1.5345, -0.1485 3.5474 1.5076, -0.1645 3.5474 1.5692, -0.1489 3.5474 1.5693, -0.1487 3.5474 1.5437, -0.1645 3.5474 1.5794, -0.1645 3.5474 1.5784, -0.1387 3.5474 1.5786, -0.1329 3.5474 1.5794, -0.1387 3.5474 1.5778, -0.1645 3.5474 0.7953, -0.1645 3.5474 1.4983, -0.1329 3.5474 0.7953, -0.1381 3.5474 1.4985, -0.1329 3.5474 1.5778, 0.0267 3.5474 1.5271, 0.0251 3.5474 1.5431, 0.0287 3.5474 1.5242, 0.0301 3.5474 1.5207, -0.0336 3.5474 0.7953, -0.0336 3.5474 1.4995, 0.034 3.5474 0.7953, -0.0286 3.5474 1.5013, -0.0286 3.5474 1.5117, -0.0325 3.5474 1.5092, -0.0336 3.5474 1.5088, -0.0336 3.5474 1.5301, -0.0333 3.5474 1.5303, -0.0317 3.5474 1.532, 0.0235 3.5474 1.5297, 0.0192 3.5474 1.5318, 0.0187 3.5474 1.5472, 0.0118 3.5474 1.5336, 0.0029 3.5474 1.5495, 0.0063 3.5474 1.5499, 0.0124 3.5474 1.5493, 0.0 3.5474 1.5026, 0.0036 3.5474 1.5002, -0.0049 3.5474 1.4995, 0.0077 3.5474 1.4988, 0.0189 3.5474 1.499, 0.0227 3.5474 1.5005, 0.0129 3.5474 1.4983, -0.005 3.5474 1.5083, -0.0047 3.5474 1.5083, -0.0031 3.5474 1.506, -0.0052 3.5474 1.5358, -0.0049 3.5474 1.5403, -0.0039 3.5474 1.5438, -0.0027 3.5474 1.5459, 0.0261 3.5474 1.5028, 0.0272 3.5474 1.504, 0.0292 3.5474 1.5071, 0.0304 3.5474 1.5105, 0.0309 3.5474 1.515, 0.034 3.5474 1.5778, 0.0308 3.5474 1.5164, 0.0223 3.5474 1.5544, 0.0148 3.5474 1.5571, -0.0152 3.5474 1.5362, -0.015 3.5474 1.4994, -0.0304 3.5474 1.5341, -0.0293 3.5474 1.5372, -0.0145 3.5474 1.5437, -0.0289 3.5474 1.5411, -0.0293 3.5474 1.5446, 0.025 3.5474 1.5529, -0.005 3.5474 1.5561, -0.0083 3.5474 1.5542, -0.0305 3.5474 1.5479, -0.011 3.5474 1.5516, -0.013 3.5474 1.5483, -0.0012 3.5474 1.5475, 0.0006 3.5474 1.5487, 0.0053 3.5474 1.558, -0.0008 3.5474 1.5574, -0.064 3.5474 1.5241, -0.0658 3.5474 1.5213, -0.0648 3.5474 1.5453, -0.0669 3.5474 1.5183, -0.0673 3.5474 1.5146, -0.0354 3.5474 1.5532, -0.0384 3.5474 1.555, -0.0336 3.5474 1.5778, -0.0324 3.5474 1.5506, -0.0336 3.5474 1.5516, -0.0439 3.5474 1.5569, -0.0513 3.5474 1.5576, -0.07 3.5474 1.5778, -0.0568 3.5474 1.5572, -0.0648 3.5474 1.555, -0.07 3.5474 0.7953, -0.0668 3.5474 1.5106, -0.0655 3.5474 1.5074, -0.0636 3.5474 1.5048, -0.0607 3.5474 1.5023, -0.0578 3.5474 1.5005, -0.0523 3.5474 1.4987, -0.0441 3.5474 1.4978, -0.0357 3.5474 1.4988, -0.0503 3.5474 1.5495, -0.0473 3.5474 1.5493, -0.0393 3.5474 1.5419, -0.0446 3.5474 1.5486, -0.0423 3.5474 1.5474, -0.0393 3.5474 1.5406, -0.0397 3.5474 1.539, -0.0404 3.5474 1.5376, -0.0414 3.5474 1.5366, -0.0449 3.5474 1.5343, -0.0568 3.5474 1.5487, -0.0511 3.5474 1.5316, -0.0625 3.5474 1.5466, -0.055 3.5474 1.53, -0.0616 3.5474 1.5262, -0.0408 3.5474 1.5461, -0.0399 3.5474 1.5448, -0.0394 3.5474 1.5435, -0.0388 3.5474 1.5068, -0.044 3.5474 1.5243, -0.038 3.5474 1.5271, -0.0451 3.5474 1.506, -0.0455 3.5474 1.506, -0.0505 3.5474 1.5215, -0.0507 3.5474 1.5066, -0.057 3.5474 1.5137, -0.0569 3.5474 1.5149, -0.0533 3.5474 1.5075, -0.0542 3.5474 1.508, -0.0554 3.5474 1.5091, -0.0562 3.5474 1.5103, -0.0568 3.5474 1.5118, -0.0564 3.5474 1.5165, -0.0557 3.5474 1.5178, -0.0544 3.5474 1.5191, -0.1887 3.5474 1.7068, -0.1976 3.5474 1.7052, -0.2087 3.5474 1.7051, -0.1665 3.5474 1.6254, -0.1666 3.5474 1.6254, -0.1645 3.5474 1.6254, -0.1887 3.5474 1.6824, -0.178 3.5474 1.6254, -0.178 3.5474 1.6253, -0.1887 3.5474 1.6025, -0.1645 3.5474 1.6025, -0.1887 3.5474 1.6254, -0.1887 3.5474 1.6471, -0.1858 3.5474 1.6471, -0.2192 3.5474 1.6469, -0.227 3.5474 1.6254, -0.2272 3.5474 1.6249, -0.2386 3.5474 1.6248, -1.2598 3.5474 1.6025, -0.2384 3.5474 1.6254, -1.2598 3.5474 1.6254, -1.2598 3.5474 1.7068, -0.1329 3.5474 1.6254, -0.1317 3.5474 1.627, -0.1189 3.5474 1.6257, -0.1203 3.5474 1.7058, -0.1329 3.5474 1.7068, -0.0894 3.5474 1.7068, -0.0894 3.5474 1.6254, -0.0969 3.5474 1.6259, -0.0975 3.5474 1.7059, -0.1599 3.5474 1.6515, -0.1558 3.5474 1.6433, -0.162 3.5474 1.6608, -0.1505 3.5474 1.6949, -0.1538 3.5474 1.6916, -0.1645 3.5474 1.7068, -0.141 3.5474 1.6304, -0.1329 3.5474 1.6275, -0.1329 3.5474 1.7042, -0.1331 3.5474 1.7042, -0.1426 3.5474 1.7005, -0.1501 3.5474 1.6367, -0.1488 3.5474 1.6356, -0.1586 3.5474 1.6845, -0.1613 3.5474 1.6767, -0.1624 3.5474 1.6664, -0.07 3.5474 1.7068, -0.07 3.5474 1.7061, -0.0805 3.5474 1.706, -0.07 3.5474 1.6713, -0.078 3.5474 1.6712, -0.0805 3.5474 1.6968, -0.0779 3.5474 1.6621, -0.07 3.5474 1.6621, -0.0493 3.5474 1.6623, -0.07 3.5474 1.6352, -0.0491 3.5474 1.6353, -0.07 3.5474 1.6969, -0.0496 3.5474 1.697, -0.0494 3.5474 1.6714, -0.0387 3.5474 1.6263, -0.0336 3.5474 1.6254, -0.07 3.5474 1.6254, -0.0393 3.5474 1.7063, -0.0336 3.5474 1.7068, -0.0819 3.5474 1.6351, -0.0818 3.5474 1.626, -0.07 3.5474 1.626, 0.0723 3.5474 1.6362, 0.0405 3.5474 1.636, 0.0405 3.5474 1.6268, 0.0827 3.5474 1.6271, 0.0832 3.5474 1.7068, 0.0822 3.5474 1.7068, 0.0822 3.5474 1.7072, 0.0832 3.5474 1.7192, 0.0387 3.5474 1.7192, 0.0832 3.5474 2.4409, 0.0387 3.5474 2.4409, 0.034 3.5474 2.4409, 0.034 3.5474 1.7192, -0.0336 3.5474 2.4409, -0.0336 3.5474 1.7192, -0.07 3.5474 2.4409, -0.07 3.5474 1.7192, -0.0894 3.5474 2.4409, -0.0894 3.5474 1.7192, -0.1329 3.5474 2.4409, -0.1329 3.5474 1.7192, -0.1645 3.5474 2.4409, -0.1645 3.5474 1.7192, -0.1887 3.5474 2.4409, -0.1887 3.5474 1.7192, -0.5905 3.5474 2.4409, -1.2598 3.5474 1.7192, -0.5905 3.5474 2.5591, -1.2598 3.5474 2.5591, -0.0159 3.5474 1.7068, -0.0233 3.5474 1.7045, -0.0232 3.5474 1.6937, -0.0228 3.5474 1.6396, -0.0227 3.5474 1.6297, -0.014 3.5474 1.6265, -0.0054 3.5474 1.6345, -0.0146 3.5474 1.636, 0.0261 3.5474 1.6651, 0.0261 3.5474 1.6659, 0.0186 3.5474 1.6887, 0.0224 3.5474 1.6831, 0.025 3.5474 1.676, -0.0138 3.5474 1.6975, -0.0043 3.5474 1.6986, -0.0008 3.5474 1.6985, 0.0061 3.5474 1.6971, 0.0249 3.5474 1.6553, 0.0225 3.5474 1.6487, 0.0184 3.5474 1.643, 0.0112 3.5474 1.6374, 0.0054 3.5474 1.6353, -0.0021 3.5474 1.6344, -0.0219 3.5474 1.6944, 0.0124 3.5474 1.6941, 0.0175 3.5474 1.6899, 0.0165 3.5474 1.641, -0.005 3.5474 1.7079, -0.0154 3.5474 1.7069, -0.0043 3.5474 1.7079, 0.0059 3.5474 1.7068, 0.0157 3.5474 1.7034, 0.0073 3.5474 1.7066, 0.034 3.5474 1.7068, 0.0308 3.5474 1.6892, 0.0252 3.5474 1.6964, 0.0232 3.5474 1.6982, 0.0348 3.5474 1.6804, 0.034 3.5474 1.6822, 0.0356 3.5474 1.6529, 0.037 3.5474 1.6653, 0.0368 3.5474 1.6701, 0.0134 3.5474 1.6274, 0.0209 3.5474 1.6312, 0.0269 3.5474 1.6363, 0.0279 3.5474 1.6374, -0.0027 3.5474 1.6254, -0.0005 3.5474 1.6252, -0.0336 3.5474 1.6025, 0.034 3.5474 1.6025, 0.0032 3.5474 1.6254, 0.0048 3.5474 1.6255, 0.0405 3.5474 1.5089, 0.0406 3.5474 1.4998, 0.0387 3.5474 1.5778, 0.0728 3.5474 1.5709, 0.073 3.5474 1.5453, 0.0419 3.5474 1.5707, 0.0444 3.5474 1.5451, 0.0731 3.5474 1.5361, 0.0732 3.5474 1.5092, 0.0444 3.5474 1.5359, 0.0419 3.5474 1.5778, 0.0387 3.5474 1.5794, 0.0418 3.5474 1.5794, 0.0418 3.5474 1.5799, 0.0387 3.5474 1.6025, 0.0831 3.5474 1.5802, 0.0832 3.5474 1.5636, 0.0837 3.5474 1.5001, 0.0832 3.5474 1.5001, 0.0832 3.5474 0.7953, 0.0387 3.5474 0.7953, -0.0894 3.5474 1.5403, -0.0986 3.5474 1.513, -0.1014 3.5474 1.5129, -0.0894 3.5474 1.5778, -0.1173 3.5474 1.5559, -0.1277 3.5474 1.5558, -0.1013 3.5474 1.4902, -0.0967 3.5474 1.4813, -0.093 3.5474 1.477, -0.0894 3.5474 0.7953, -0.0998 3.5474 1.5083, -0.1001 3.5474 1.5083, -0.1006 3.5474 1.5103, -0.0728 3.5474 1.5562, -0.084 3.5474 1.5561, -0.0923 3.5474 1.4763, -0.0894 3.5474 1.4743, -0.0888 3.5474 1.4739, -0.0743 3.5474 1.4818, -0.0764 3.5474 1.4811, -0.0848 3.5474 1.4724, -0.0807 3.5474 1.472, -0.0743 3.5474 1.4729, -0.0785 3.5474 1.4721, -0.0846 3.5474 1.4817, -0.0865 3.5474 1.4829, -0.0824 3.5474 1.4809, -0.08 3.5474 1.4806, -0.0884 3.5474 1.485, -0.0894 3.5474 1.4868, -0.07 3.5474 1.6025, -0.0894 3.5474 1.6025, -0.1329 3.5474 1.6025, 0.0831 3.5474 1.5778, 0.0832 3.5474 1.5778, 0.0831 3.5474 1.5794, 0.0832 3.5474 1.5794, 0.034 3.5474 1.5794, -0.0336 3.5474 1.5794, -0.07 3.5474 1.5794, -0.0894 3.5474 1.5794, 1.2599 3.5474 1.7068, 1.2599 3.5474 1.6254, 1.2599 3.5474 1.6025, 1.2599 3.5474 1.5794, 1.2599 3.5474 1.5778, 1.2599 3.5474 0.7953, -0.8464 -0.2715 2.5591, -0.8464 -0.2715 2.7165, -0.8578 -0.3581 2.7165, -0.8578 -0.3581 2.5591, -0.8913 -0.4388 2.7165, -0.8913 -0.4388 2.5591, -0.9445 -0.5081 2.7165, -0.9445 -0.5081 2.5591, -1.0138 -0.5613 2.7165, -1.0138 -0.5613 2.5591, -1.0945 -0.5947 2.7165, -1.0945 -0.5947 2.5591, -1.1811 -0.6061 2.7165, -1.1811 -0.6061 2.5591, -1.2677 -0.5947 2.7165, -1.2677 -0.5947 2.5591, -1.3484 -0.5613 2.7165, -1.3484 -0.5613 2.5591, -1.4177 -0.5081 2.7165, -1.4177 -0.5081 2.5591, -1.4709 -0.4388 2.7165, -1.4709 -0.4388 2.5591, -1.5043 -0.3581 2.7165, -1.5043 -0.3581 2.5591, -1.5157 -0.2715 2.7165, -1.5157 -0.2715 2.5591, -1.1033 -0.2923 3.0021, -1.1006 -0.2715 3.0021, -1.1811 -0.2715 3.0118, -1.1114 -0.3117 3.0021, -1.1242 -0.3284 3.0021, -1.1408 -0.3412 3.0021, -1.1603 -0.3492 3.0021, -1.1811 -0.352 3.0021, -1.2019 -0.3492 3.0021, -1.2213 -0.3412 3.0021, -1.238 -0.3284 3.0021, -1.2508 -0.3117 3.0021, -1.2588 -0.2923 3.0021, -1.2616 -0.2715 3.0021, -1.3374 -0.2715 2.9734, -1.3321 -0.3119 2.9734, -1.4042 -0.2715 2.9274, -1.3966 -0.3292 2.9274, -1.4581 -0.2715 2.8669, -1.4487 -0.3432 2.8669, -1.496 -0.2715 2.7952, -1.4853 -0.353 2.7952, -1.4538 -0.4289 2.7952, -1.4038 -0.4942 2.7952, -1.3386 -0.5442 2.7952, -1.2626 -0.5757 2.7952, -1.1811 -0.5864 2.7952, -1.0996 -0.5757 2.7952, -1.0236 -0.5442 2.7952, -0.9584 -0.4942 2.7952, -0.9083 -0.4289 2.7952, -0.8769 -0.353 2.7952, -0.8661 -0.2715 2.7952, -1.421 -0.41 2.8669, -1.377 -0.4674 2.8669, -1.3196 -0.5114 2.8669, -1.2528 -0.5391 2.8669, -1.1811 -0.5485 2.8669, -1.1094 -0.5391 2.8669, -1.0426 -0.5114 2.8669, -0.9852 -0.4674 2.8669, -0.9412 -0.41 2.8669, -0.9135 -0.3432 2.8669, -0.904 -0.2715 2.8669, -1.3743 -0.383 2.9274, -1.3389 -0.4292 2.9274, -1.2927 -0.4647 2.9274, -1.2388 -0.487 2.9274, -1.1811 -0.4946 2.9274, -1.1233 -0.487 2.9274, -1.0695 -0.4647 2.9274, -1.0233 -0.4292 2.9274, -0.9878 -0.383 2.9274, -0.9655 -0.3292 2.9274, -0.9579 -0.2715 2.9274, -1.3165 -0.3496 2.9734, -1.2916 -0.382 2.9734, -1.2593 -0.4068 2.9734, -1.2216 -0.4225 2.9734, -1.1811 -0.4278 2.9734, -1.1406 -0.4225 2.9734, -1.1029 -0.4068 2.9734, -1.0705 -0.382 2.9734, -1.0457 -0.3496 2.9734, -1.0301 -0.3119 2.9734, -1.0248 -0.2715 2.9734, -1.2588 -0.2506 3.0021, -1.2508 -0.2312 3.0021, -1.238 -0.2145 3.0021, -1.2213 -0.2017 3.0021, -1.2019 -0.1937 3.0021, -1.1811 -0.191 3.0021, -1.1603 -0.1937 3.0021, -1.1408 -0.2017 3.0021, -1.1242 -0.2145 3.0021, -1.1114 -0.2312 3.0021, -1.1033 -0.2506 3.0021, -1.0301 -0.231 2.9734, -0.9655 -0.2137 2.9274, -0.9135 -0.1997 2.8669, -0.8769 -0.1899 2.7952, -0.8578 -0.1848 2.7165, -0.8913 -0.1041 2.7165, -0.9083 -0.114 2.7952, -0.9445 -0.0348 2.7165, -0.9584 -0.0488 2.7952, -1.0138 0.0184 2.7165, -1.0236 0.0013 2.7952, -1.0945 0.0518 2.7165, -1.0996 0.0328 2.7952, -1.1811 0.0632 2.7165, -1.1811 0.0435 2.7952, -1.2677 0.0518 2.7165, -1.2626 0.0328 2.7952, -1.3484 0.0184 2.7165, -1.3386 0.0013 2.7952, -1.4177 -0.0348 2.7165, -1.4038 -0.0488 2.7952, -1.4709 -0.1041 2.7165, -1.4538 -0.114 2.7952, -1.5043 -0.1848 2.7165, -1.4853 -0.1899 2.7952, -0.9412 -0.1329 2.8669, -0.9852 -0.0755 2.8669, -1.0426 -0.0315 2.8669, -1.1094 -0.0038 2.8669, -1.1811 0.0056 2.8669, -1.2528 -0.0038 2.8669, -1.3196 -0.0315 2.8669, -1.377 -0.0755 2.8669, -1.421 -0.1329 2.8669, -1.4487 -0.1997 2.8669, -0.9878 -0.1599 2.9274, -1.0233 -0.1137 2.9274, -1.0695 -0.0782 2.9274, -1.1233 -0.0559 2.9274, -1.1811 -0.0483 2.9274, -1.2388 -0.0559 2.9274, -1.2927 -0.0782 2.9274, -1.3389 -0.1137 2.9274, -1.3743 -0.1599 2.9274, -1.3966 -0.2137 2.9274, -1.0457 -0.1933 2.9734, -1.0705 -0.1609 2.9734, -1.1029 -0.1361 2.9734, -1.1406 -0.1204 2.9734, -1.1811 -0.1151 2.9734, -1.2216 -0.1204 2.9734, -1.2593 -0.1361 2.9734, -1.2916 -0.1609 2.9734, -1.3165 -0.1933 2.9734, -1.3321 -0.231 2.9734, 1.1034 -0.2506 3.0021, 1.1006 -0.2715 3.0021, 1.1811 -0.2715 3.0118, 1.1114 -0.2312 3.0021, 1.1242 -0.2145 3.0021, 1.1409 -0.2017 3.0021, 1.1603 -0.1937 3.0021, 1.1811 -0.191 3.0021, 1.2019 -0.1937 3.0021, 1.2214 -0.2017 3.0021, 1.238 -0.2145 3.0021, 1.2508 -0.2312 3.0021, 1.2589 -0.2506 3.0021, 1.2616 -0.2715 3.0021, 1.3375 -0.2715 2.9734, 1.3321 -0.231 2.9734, 1.4043 -0.2715 2.9274, 1.3967 -0.2137 2.9274, 1.4582 -0.2715 2.8669, 1.4487 -0.1997 2.8669, 1.4961 -0.2715 2.7952, 1.4853 -0.1899 2.7952, 1.5158 -0.2715 2.7165, 1.5044 -0.1848 2.7165, 1.4709 -0.1041 2.7165, 1.4539 -0.114 2.7952, 1.4177 -0.0348 2.7165, 1.4038 -0.0488 2.7952, 1.3484 0.0184 2.7165, 1.3386 0.0013 2.7952, 1.2677 0.0518 2.7165, 1.2626 0.0328 2.7952, 1.1811 0.0632 2.7165, 1.1811 0.0435 2.7952, 1.0945 0.0518 2.7165, 1.0996 0.0328 2.7952, 1.0138 0.0184 2.7165, 1.0236 0.0013 2.7952, 0.9445 -0.0348 2.7165, 0.9584 -0.0488 2.7952, 0.8913 -0.1041 2.7165, 0.9084 -0.114 2.7952, 0.8579 -0.1848 2.7165, 0.8769 -0.1899 2.7952, 0.8465 -0.2715 2.7165, 0.8662 -0.2715 2.7952, 1.4211 -0.1329 2.8669, 1.377 -0.0755 2.8669, 1.3196 -0.0315 2.8669, 1.2528 -0.0038 2.8669, 1.1811 0.0056 2.8669, 1.1094 -0.0038 2.8669, 1.0426 -0.0315 2.8669, 0.9852 -0.0755 2.8669, 0.9412 -0.1329 2.8669, 0.9135 -0.1997 2.8669, 0.9041 -0.2715 2.8669, 1.3744 -0.1599 2.9274, 1.3389 -0.1137 2.9274, 1.2927 -0.0782 2.9274, 1.2389 -0.0559 2.9274, 1.1811 -0.0483 2.9274, 1.1234 -0.0559 2.9274, 1.0695 -0.0782 2.9274, 1.0233 -0.1137 2.9274, 0.9879 -0.1599 2.9274, 0.9656 -0.2137 2.9274, 0.958 -0.2715 2.9274, 1.3165 -0.1933 2.9734, 1.2917 -0.1609 2.9734, 1.2593 -0.1361 2.9734, 1.2216 -0.1204 2.9734, 1.1811 -0.1151 2.9734, 1.1406 -0.1204 2.9734, 1.1029 -0.1361 2.9734, 1.0706 -0.1609 2.9734, 1.0457 -0.1933 2.9734, 1.0301 -0.231 2.9734, 1.0248 -0.2715 2.9734, 1.2589 -0.2923 3.0021, 1.2508 -0.3117 3.0021, 1.238 -0.3284 3.0021, 1.2214 -0.3412 3.0021, 1.2019 -0.3492 3.0021, 1.1811 -0.352 3.0021, 1.1603 -0.3492 3.0021, 1.1409 -0.3412 3.0021, 1.1242 -0.3284 3.0021, 1.1114 -0.3117 3.0021, 1.1034 -0.2923 3.0021, 1.0301 -0.3119 2.9734, 0.9656 -0.3292 2.9274, 0.9135 -0.3432 2.8669, 0.8769 -0.353 2.7952, 0.8579 -0.3581 2.7165, 0.8913 -0.4388 2.7165, 0.9084 -0.4289 2.7952, 0.9445 -0.5081 2.7165, 0.9584 -0.4942 2.7952, 1.0138 -0.5613 2.7165, 1.0236 -0.5442 2.7952, 1.0945 -0.5947 2.7165, 1.0996 -0.5757 2.7952, 1.1811 -0.6061 2.7165, 1.1811 -0.5864 2.7952, 1.2677 -0.5947 2.7165, 1.2626 -0.5757 2.7952, 1.3484 -0.5613 2.7165, 1.3386 -0.5442 2.7952, 1.4177 -0.5081 2.7165, 1.4038 -0.4942 2.7952, 1.4709 -0.4388 2.7165, 1.4539 -0.4289 2.7952, 1.5044 -0.3581 2.7165, 1.4853 -0.353 2.7952, 0.9412 -0.41 2.8669, 0.9852 -0.4674 2.8669, 1.0426 -0.5114 2.8669, 1.1094 -0.5391 2.8669, 1.1811 -0.5485 2.8669, 1.2528 -0.5391 2.8669, 1.3196 -0.5114 2.8669, 1.377 -0.4674 2.8669, 1.4211 -0.41 2.8669, 1.4487 -0.3432 2.8669, 0.9879 -0.383 2.9274, 1.0233 -0.4292 2.9274, 1.0695 -0.4647 2.9274, 1.1234 -0.487 2.9274, 1.1811 -0.4946 2.9274, 1.2389 -0.487 2.9274, 1.2927 -0.4647 2.9274, 1.3389 -0.4292 2.9274, 1.3744 -0.383 2.9274, 1.3967 -0.3292 2.9274, 1.0457 -0.3496 2.9734, 1.0706 -0.382 2.9734, 1.1029 -0.4068 2.9734, 1.1406 -0.4225 2.9734, 1.1811 -0.4278 2.9734, 1.2216 -0.4225 2.9734, 1.2593 -0.4068 2.9734, 1.2917 -0.382 2.9734, 1.3165 -0.3496 2.9734, 1.3321 -0.3119 2.9734, 1.5158 -0.2715 2.5591, 1.5044 -0.3581 2.5591, 1.4709 -0.4388 2.5591, 1.4177 -0.5081 2.5591, 1.3484 -0.5613 2.5591, 1.2677 -0.5947 2.5591, 1.1811 -0.6061 2.5591, 1.0945 -0.5947 2.5591, 1.0138 -0.5613 2.5591, 0.9445 -0.5081 2.5591, 0.8913 -0.4388 2.5591, 0.8579 -0.3581 2.5591, 0.8465 -0.2715 2.5591, -0.8464 3.0356 2.5591, -0.8464 3.0356 2.7165, -0.8578 2.949 2.7165, -0.8578 2.949 2.5591, -0.8913 2.8683 2.7165, -0.8913 2.8683 2.5591, -0.9445 2.799 2.7165, -0.9445 2.799 2.5591, -1.0138 2.7458 2.7165, -1.0138 2.7458 2.5591, -1.0945 2.7124 2.7165, -1.0945 2.7124 2.5591, -1.1811 2.701 2.7165, -1.1811 2.701 2.5591, -1.2677 2.7124 2.7165, -1.2677 2.7124 2.5591, -1.3484 2.7458 2.7165, -1.3484 2.7458 2.5591, -1.4177 2.799 2.7165, -1.4177 2.799 2.5591, -1.4709 2.8683 2.7165, -1.4709 2.8683 2.5591, -1.5043 2.949 2.7165, -1.5043 2.949 2.5591, -1.5157 3.0356 2.7165, -1.5157 3.0356 2.5591, -1.1033 3.0148 3.0021, -1.1006 3.0356 3.0021, -1.1811 3.0356 3.0118, -1.1114 2.9954 3.0021, -1.1242 2.9787 3.0021, -1.1408 2.9659 3.0021, -1.1603 2.9579 3.0021, -1.1811 2.9551 3.0021, -1.2019 2.9579 3.0021, -1.2213 2.9659 3.0021, -1.238 2.9787 3.0021, -1.2508 2.9954 3.0021, -1.2588 3.0148 3.0021, -1.2616 3.0356 3.0021, -1.3374 3.0356 2.9734, -1.3321 2.9952 2.9734, -1.4042 3.0356 2.9274, -1.3966 2.9779 2.9274, -1.4581 3.0356 2.8669, -1.4487 2.9639 2.8669, -1.496 3.0356 2.7952, -1.4853 2.9541 2.7952, -1.4538 2.8782 2.7952, -1.4038 2.8129 2.7952, -1.3386 2.7629 2.7952, -1.2626 2.7314 2.7952, -1.1811 2.7207 2.7952, -1.0996 2.7314 2.7952, -1.0236 2.7629 2.7952, -0.9584 2.8129 2.7952, -0.9083 2.8782 2.7952, -0.8769 2.9541 2.7952, -0.8661 3.0356 2.7952, -1.421 2.8971 2.8669, -1.377 2.8397 2.8669, -1.3196 2.7957 2.8669, -1.2528 2.768 2.8669, -1.1811 2.7586 2.8669, -1.1094 2.768 2.8669, -1.0426 2.7957 2.8669, -0.9852 2.8397 2.8669, -0.9412 2.8971 2.8669, -0.9135 2.9639 2.8669, -0.904 3.0356 2.8669, -1.3743 2.9241 2.9274, -1.3389 2.8778 2.9274, -1.2927 2.8424 2.9274, -1.2388 2.8201 2.9274, -1.1811 2.8125 2.9274, -1.1233 2.8201 2.9274, -1.0695 2.8424 2.9274, -1.0233 2.8778 2.9274, -0.9878 2.9241 2.9274, -0.9655 2.9779 2.9274, -0.9579 3.0356 2.9274, -1.3165 2.9575 2.9734, -1.2916 2.9251 2.9734, -1.2593 2.9002 2.9734, -1.2216 2.8846 2.9734, -1.1811 2.8793 2.9734, -1.1406 2.8846 2.9734, -1.1029 2.9002 2.9734, -1.0705 2.9251 2.9734, -1.0457 2.9575 2.9734, -1.0301 2.9952 2.9734, -1.0248 3.0356 2.9734, -1.2588 3.0565 3.0021, -1.2508 3.0759 3.0021, -1.238 3.0925 3.0021, -1.2213 3.1053 3.0021, -1.2019 3.1134 3.0021, -1.1811 3.1161 3.0021, -1.1603 3.1134 3.0021, -1.1408 3.1053 3.0021, -1.1242 3.0925 3.0021, -1.1114 3.0759 3.0021, -1.1033 3.0565 3.0021, -1.0301 3.0761 2.9734, -0.9655 3.0934 2.9274, -0.9135 3.1073 2.8669, -0.8769 3.1171 2.7952, -0.8578 3.1222 2.7165, -0.8913 3.203 2.7165, -0.9083 3.1931 2.7952, -0.9445 3.2723 2.7165, -0.9584 3.2583 2.7952, -1.0138 3.3254 2.7165, -1.0236 3.3084 2.7952, -1.0945 3.3589 2.7165, -1.0996 3.3399 2.7952, -1.1811 3.3703 2.7165, -1.1811 3.3506 2.7952, -1.2677 3.3589 2.7165, -1.2626 3.3399 2.7952, -1.3484 3.3254 2.7165, -1.3386 3.3084 2.7952, -1.4177 3.2723 2.7165, -1.4038 3.2583 2.7952, -1.4709 3.203 2.7165, -1.4538 3.1931 2.7952, -1.5043 3.1222 2.7165, -1.4853 3.1171 2.7952, -0.9412 3.1742 2.8669, -0.9852 3.2315 2.8669, -1.0426 3.2756 2.8669, -1.1094 3.3032 2.8669, -1.1811 3.3127 2.8669, -1.2528 3.3032 2.8669, -1.3196 3.2756 2.8669, -1.377 3.2315 2.8669, -1.421 3.1742 2.8669, -1.4487 3.1073 2.8669, -0.9878 3.1472 2.9274, -1.0233 3.1934 2.9274, -1.0695 3.2289 2.9274, -1.1233 3.2512 2.9274, -1.1811 3.2588 2.9274, -1.2388 3.2512 2.9274, -1.2927 3.2289 2.9274, -1.3389 3.1934 2.9274, -1.3743 3.1472 2.9274, -1.3966 3.0934 2.9274, -1.0457 3.1138 2.9734, -1.0705 3.1462 2.9734, -1.1029 3.171 2.9734, -1.1406 3.1866 2.9734, -1.1811 3.192 2.9734, -1.2216 3.1866 2.9734, -1.2593 3.171 2.9734, -1.2916 3.1462 2.9734, -1.3165 3.1138 2.9734, -1.3321 3.0761 2.9734, 1.5158 3.0356 2.5591, 1.5158 3.0356 2.7165, 1.5044 2.949 2.7165, 1.5044 2.949 2.5591, 1.4709 2.8683 2.7165, 1.4709 2.8683 2.5591, 1.4177 2.799 2.7165, 1.4177 2.799 2.5591, 1.3484 2.7458 2.7165, 1.3484 2.7458 2.5591, 1.2677 2.7124 2.7165, 1.2677 2.7124 2.5591, 1.1811 2.701 2.7165, 1.1811 2.701 2.5591, 1.0945 2.7124 2.7165, 1.0945 2.7124 2.5591, 1.0138 2.7458 2.7165, 1.0138 2.7458 2.5591, 0.9445 2.799 2.7165, 0.9445 2.799 2.5591, 0.8913 2.8683 2.7165, 0.8913 2.8683 2.5591, 0.8579 2.949 2.7165, 0.8579 2.949 2.5591, 0.8465 3.0356 2.7165, 0.8465 3.0356 2.5591, 1.2589 3.0148 3.0021, 1.2616 3.0356 3.0021, 1.1811 3.0356 3.0118, 1.2508 2.9954 3.0021, 1.238 2.9787 3.0021, 1.2214 2.9659 3.0021, 1.2019 2.9579 3.0021, 1.1811 2.9551 3.0021, 1.1603 2.9579 3.0021, 1.1409 2.9659 3.0021, 1.1242 2.9787 3.0021, 1.1114 2.9954 3.0021, 1.1034 3.0148 3.0021, 1.1006 3.0356 3.0021, 1.0248 3.0356 2.9734, 1.0301 2.9952 2.9734, 0.958 3.0356 2.9274, 0.9656 2.9779 2.9274, 0.9041 3.0356 2.8669, 0.9135 2.9639 2.8669, 0.8662 3.0356 2.7952, 0.8769 2.9541 2.7952, 0.9084 2.8782 2.7952, 0.9584 2.8129 2.7952, 1.0236 2.7629 2.7952, 1.0996 2.7314 2.7952, 1.1811 2.7207 2.7952, 1.2626 2.7314 2.7952, 1.3386 2.7629 2.7952, 1.4038 2.8129 2.7952, 1.4539 2.8782 2.7952, 1.4853 2.9541 2.7952, 1.4961 3.0356 2.7952, 0.9412 2.8971 2.8669, 0.9852 2.8397 2.8669, 1.0426 2.7957 2.8669, 1.1094 2.768 2.8669, 1.1811 2.7586 2.8669, 1.2528 2.768 2.8669, 1.3196 2.7957 2.8669, 1.377 2.8397 2.8669, 1.4211 2.8971 2.8669, 1.4487 2.9639 2.8669, 1.4582 3.0356 2.8669, 0.9879 2.9241 2.9274, 1.0233 2.8778 2.9274, 1.0695 2.8424 2.9274, 1.1234 2.8201 2.9274, 1.1811 2.8125 2.9274, 1.2389 2.8201 2.9274, 1.2927 2.8424 2.9274, 1.3389 2.8778 2.9274, 1.3744 2.9241 2.9274, 1.3967 2.9779 2.9274, 1.4043 3.0356 2.9274, 1.0457 2.9575 2.9734, 1.0706 2.9251 2.9734, 1.1029 2.9002 2.9734, 1.1406 2.8846 2.9734, 1.1811 2.8793 2.9734, 1.2216 2.8846 2.9734, 1.2593 2.9002 2.9734, 1.2917 2.9251 2.9734, 1.3165 2.9575 2.9734, 1.3321 2.9952 2.9734, 1.3375 3.0356 2.9734, 1.1034 3.0565 3.0021, 1.1114 3.0759 3.0021, 1.1242 3.0925 3.0021, 1.1409 3.1053 3.0021, 1.1603 3.1134 3.0021, 1.1811 3.1161 3.0021, 1.2019 3.1134 3.0021, 1.2214 3.1053 3.0021, 1.238 3.0925 3.0021, 1.2508 3.0759 3.0021, 1.2589 3.0565 3.0021, 1.3321 3.0761 2.9734, 1.3967 3.0934 2.9274, 1.4487 3.1073 2.8669, 1.4853 3.1171 2.7952, 1.5044 3.1222 2.7165, 1.4709 3.203 2.7165, 1.4539 3.1931 2.7952, 1.4177 3.2723 2.7165, 1.4038 3.2583 2.7952, 1.3484 3.3254 2.7165, 1.3386 3.3084 2.7952, 1.2677 3.3589 2.7165, 1.2626 3.3399 2.7952, 1.1811 3.3703 2.7165, 1.1811 3.3506 2.7952, 1.0945 3.3589 2.7165, 1.0996 3.3399 2.7952, 1.0138 3.3254 2.7165, 1.0236 3.3084 2.7952, 0.9445 3.2723 2.7165, 0.9584 3.2583 2.7952, 0.8913 3.203 2.7165, 0.9084 3.1931 2.7952, 0.8579 3.1222 2.7165, 0.8769 3.1171 2.7952, 1.4211 3.1742 2.8669, 1.377 3.2315 2.8669, 1.3196 3.2756 2.8669, 1.2528 3.3032 2.8669, 1.1811 3.3127 2.8669, 1.1094 3.3032 2.8669, 1.0426 3.2756 2.8669, 0.9852 3.2315 2.8669, 0.9412 3.1742 2.8669, 0.9135 3.1073 2.8669, 1.3744 3.1472 2.9274, 1.3389 3.1934 2.9274, 1.2927 3.2289 2.9274, 1.2389 3.2512 2.9274, 1.1811 3.2588 2.9274, 1.1234 3.2512 2.9274, 1.0695 3.2289 2.9274, 1.0233 3.1934 2.9274, 0.9879 3.1472 2.9274, 0.9656 3.0934 2.9274, 1.3165 3.1138 2.9734, 1.2917 3.1462 2.9734, 1.2593 3.171 2.9734, 1.2216 3.1866 2.9734, 1.1811 3.192 2.9734, 1.1406 3.1866 2.9734, 1.1029 3.171 2.9734, 1.0706 3.1462 2.9734, 1.0457 3.1138 2.9734, 1.0301 3.0761 2.9734, -1.1811 -0.2715 0.4016, -1.3516 -0.173 0.2047, -1.3203 -0.1323 0.2047, -1.3712 -0.2205 0.2047, -1.3779 -0.2715 0.2047, -1.232 -0.0813 0.2047, -1.1811 -0.0746 0.2047, -1.2795 -0.101 0.2047, -1.0827 -0.101 0.2047, -1.0419 -0.1323 0.2047, -1.1301 -0.0813 0.2047, -0.9909 -0.2205 0.2047, -0.9842 -0.2715 0.2047, -1.0106 -0.173 0.2047, -1.0106 -0.3699 0.2047, -1.0419 -0.4107 0.2047, -0.9909 -0.3224 0.2047, -1.1301 -0.4616 0.2047, -1.1811 -0.4683 0.2047, -1.0827 -0.4419 0.2047, -1.2795 -0.4419 0.2047, -1.3203 -0.4107 0.2047, -1.232 -0.4616 0.2047, -1.3712 -0.3224 0.2047, -1.3516 -0.3699 0.2047, 1.1811 -0.2715 0.4016, 1.3516 -0.3699 0.2047, 1.3203 -0.4107 0.2047, 1.3713 -0.3224 0.2047, 1.378 -0.2715 0.2047, 1.2321 -0.4616 0.2047, 1.1811 -0.4683 0.2047, 1.2795 -0.4419 0.2047, 1.0827 -0.4419 0.2047, 1.0419 -0.4107 0.2047, 1.1302 -0.4616 0.2047, 0.991 -0.3224 0.2047, 0.9843 -0.2715 0.2047, 1.0106 -0.3699 0.2047, 1.0106 -0.173 0.2047, 1.0419 -0.1323 0.2047, 0.991 -0.2205 0.2047, 1.1302 -0.0813 0.2047, 1.1811 -0.0746 0.2047, 1.0827 -0.101 0.2047, 1.2795 -0.101 0.2047, 1.3203 -0.1323 0.2047, 1.2321 -0.0813 0.2047, 1.3713 -0.2205 0.2047, 1.3516 -0.173 0.2047, 1.1811 3.0356 0.4016, 1.3516 2.9372 0.2047, 1.3203 2.8964 0.2047, 1.3713 2.9847 0.2047, 1.378 3.0356 0.2047, 1.2321 2.8455 0.2047, 1.1811 2.8388 0.2047, 1.2795 2.8652 0.2047, 1.0827 2.8652 0.2047, 1.0419 2.8964 0.2047, 1.1302 2.8455 0.2047, 0.991 2.9847 0.2047, 0.9843 3.0356 0.2047, 1.0106 2.9372 0.2047, 1.0106 3.1341 0.2047, 1.0419 3.1748 0.2047, 0.991 3.0866 0.2047, 1.1302 3.2258 0.2047, 1.1811 3.2325 0.2047, 1.0827 3.2061 0.2047, 1.2795 3.2061 0.2047, 1.3203 3.1748 0.2047, 1.2321 3.2258 0.2047, 1.3713 3.0866 0.2047, 1.3516 3.1341 0.2047, -1.1811 3.0356 0.4016, -1.3516 3.1341 0.2047, -1.3203 3.1748 0.2047, -1.3712 3.0866 0.2047, -1.3779 3.0356 0.2047, -1.232 3.2258 0.2047, -1.1811 3.2325 0.2047, -1.2795 3.2061 0.2047, -1.0827 3.2061 0.2047, -1.0419 3.1748 0.2047, -1.1301 3.2258 0.2047, -0.9909 3.0866 0.2047, -0.9842 3.0356 0.2047, -1.0106 3.1341 0.2047, -1.0106 2.9372 0.2047, -1.0419 2.8964 0.2047, -0.9909 2.9847 0.2047, -1.1301 2.8455 0.2047, -1.1811 2.8388 0.2047, -1.0827 2.8652 0.2047, -1.2795 2.8652 0.2047, -1.3203 2.8964 0.2047, -1.232 2.8455 0.2047, -1.3712 2.9847 0.2047, -1.3516 2.9372 0.2047, -1.3481 -0.1044 0.2047, -1.2992 -0.0669 0.2047, -1.2422 -0.0433 0.2047, -1.1811 -0.0352 0.2047, -1.12 -0.0433 0.2047, -1.063 -0.0669 0.2047, -1.0141 -0.1044 0.2047, -0.9765 -0.1533 0.2047, -0.9529 -0.2103 0.2047, -0.9449 -0.2715 0.2047, -0.9529 -0.3326 0.2047, -0.9765 -0.3896 0.2047, -1.0141 -0.4385 0.2047, -1.063 -0.476 0.2047, -1.12 -0.4996 0.2047, -1.1811 -0.5077 0.2047, -1.2422 -0.4996 0.2047, -1.2992 -0.476 0.2047, -1.3481 -0.4385 0.2047, -1.3857 -0.3896 0.2047, -1.4093 -0.3326 0.2047, -1.4173 -0.2715 0.2047, -1.4093 -0.2103 0.2047, -1.3857 -0.1533 0.2047, 0.0444 -0.4371 0.0787, 0.0 -0.443 0.0787, 0.0 -0.0999 0.0787, -0.0444 -0.4371 0.0787, 0.0444 -0.1058 0.0787, 0.0858 -0.1229 0.0787, 0.1715 -0.2715 0.0787, -0.1213 -0.3927 0.0787, -0.1213 -0.1502 0.0787, -0.0857 -0.1229 0.0787, 0.1657 -0.3158 0.0787, 0.1485 -0.3572 0.0787, 0.1213 -0.3927 0.0787, 0.0858 -0.42 0.0787, -0.1715 -0.2715 0.0787, -0.1657 -0.3158 0.0787, -0.1485 -0.3572 0.0787, -0.0857 -0.42 0.0787, -0.0444 -0.1058 0.0787, 0.1213 -0.1502 0.0787, 0.1485 -0.1857 0.0787, 0.1657 -0.2271 0.0787, -0.1657 -0.2271 0.0787, -0.1485 -0.1857 0.0787, 1.063 -0.0669 0.2047, 1.12 -0.0433 0.2047, 1.1811 -0.0352 0.2047, 1.2423 -0.0433 0.2047, 1.2992 -0.0669 0.2047, 1.3481 -0.1044 0.2047, 1.3857 -0.1533 0.2047, 1.4093 -0.2103 0.2047, 1.4173 -0.2715 0.2047, 1.4093 -0.3326 0.2047, 1.3857 -0.3896 0.2047, 1.3481 -0.4385 0.2047, 1.2992 -0.476 0.2047, 1.2423 -0.4996 0.2047, 1.1811 -0.5077 0.2047, 1.12 -0.4996 0.2047, 1.063 -0.476 0.2047, 1.0141 -0.4385 0.2047, 0.9765 -0.3896 0.2047, 0.9529 -0.3326 0.2047, 0.9449 -0.2715 0.2047, 0.9529 -0.2103 0.2047, 0.9765 -0.1533 0.2047, 1.0141 -0.1044 0.2047, 1.1811 2.7994 0.2047, 1.12 2.8075 0.2047, 1.063 2.8311 0.2047, 1.0141 2.8686 0.2047, 0.9765 2.9175 0.2047, 0.9529 2.9745 0.2047, 0.9449 3.0356 0.2047, 0.9529 3.0968 0.2047, 0.9765 3.1537 0.2047, 1.0141 3.2027 0.2047, 1.063 3.2402 0.2047, 1.12 3.2638 0.2047, 1.1811 3.2719 0.2047, 1.2423 3.2638 0.2047, 1.2992 3.2402 0.2047, 1.3481 3.2027 0.2047, 1.3857 3.1537 0.2047, 1.4093 3.0968 0.2047, 1.4173 3.0356 0.2047, 1.4093 2.9745 0.2047, 1.3857 2.9175 0.2047, 1.3481 2.8686 0.2047, 1.2992 2.8311 0.2047, 1.2423 2.8075 0.2047, -0.0444 3.2013 0.0787, 0.0 3.2071 0.0787, 0.0 2.8641 0.0787, 0.0444 3.2013 0.0787, 0.0858 3.1842 0.0787, 0.0444 2.87 0.0787, -0.0857 2.8871 0.0787, -0.1213 2.9144 0.0787, -0.0857 3.1842 0.0787, -0.0444 2.87 0.0787, 0.1213 3.1569 0.0787, 0.1485 3.1214 0.0787, 0.1657 3.08 0.0787, 0.1657 2.9912 0.0787, 0.1485 2.9499 0.0787, 0.1213 2.9144 0.0787, -0.1485 3.1214 0.0787, -0.1657 2.9912 0.0787, -0.1657 3.08 0.0787, -0.1715 3.0356 0.0787, -0.1485 2.9499 0.0787, -0.1213 3.1569 0.0787, 0.1715 3.0356 0.0787, 0.0858 2.8871 0.0787, -1.0141 3.2027 0.2047, -0.9765 3.1537 0.2047, -0.9529 3.0968 0.2047, -0.9449 3.0356 0.2047, -0.9529 2.9745 0.2047, -0.9765 2.9175 0.2047, -1.0141 2.8686 0.2047, -1.063 2.8311 0.2047, -1.12 2.8075 0.2047, -1.1811 2.7994 0.2047, -1.2422 2.8075 0.2047, -1.2992 2.8311 0.2047, -1.3481 2.8686 0.2047, -1.3857 2.9175 0.2047, -1.4093 2.9745 0.2047, -1.4173 3.0356 0.2047, -1.4093 3.0968 0.2047, -1.3857 3.1537 0.2047, -1.3481 3.2027 0.2047, -1.2992 3.2402 0.2047, -1.2422 3.2638 0.2047, -1.1811 3.2719 0.2047, -1.12 3.2638 0.2047, -1.063 3.2402 0.2047, 0.1555 1.3821 0.4331, 0.1502 1.3418 0.4331, -0.1502 1.4223 0.4331, 0.1347 1.3043 0.4331, 0.11 1.2721 0.4331, 0.0778 1.2474 0.4331, -0.0402 1.2319 0.4331, -0.0777 1.2474 0.4331, -0.11 1.2721 0.4331, -0.11 1.492 0.4331, -0.0777 1.5168 0.4331, 0.1502 1.4223 0.4331, -0.1347 1.4598 0.4331, 0.0403 1.2319 0.4331, 0.0 1.2266 0.4331, -0.1347 1.3043 0.4331, -0.1502 1.3418 0.4331, -0.1555 1.3821 0.4331, -0.0402 1.5323 0.4331, 0.0 1.5376 0.4331, 0.0403 1.5323 0.4331, 0.0778 1.5168 0.4331, 0.11 1.492 0.4331, 0.1347 1.4598 0.4331, -1.4961 -0.2715 0.5591, -1.4853 -0.1899 0.5591, -1.4539 -0.114 0.5591, -1.4038 -0.0487 0.5591, -1.3386 0.0013 0.5591, -1.2626 0.0328 0.5591, -1.1811 0.0435 0.5591, -1.0996 0.0328 0.5591, -1.0236 0.0013 0.5591, -0.9584 -0.0487 0.5591, -0.9083 -0.114 0.5591, -0.8769 -0.1899 0.5591, -0.8661 -0.2715 0.5591, -0.8769 -0.353 0.5591, -0.9083 -0.4289 0.5591, -0.9584 -0.4942 0.5591, -1.0236 -0.5442 0.5591, -1.0996 -0.5757 0.5591, -1.1811 -0.5864 0.5591, -1.2626 -0.5757 0.5591, -1.3386 -0.5442 0.5591, -1.4038 -0.4942 0.5591, -1.4539 -0.4289 0.5591, -1.4853 -0.353 0.5591, -0.2559 -0.2715 0.3937, -0.2472 -0.2052 0.3937, -0.2216 -0.1435 0.3937, -0.1809 -0.0905 0.3937, -0.1279 -0.0498 0.3937, -0.0662 -0.0243 0.3937, 0.0 -0.0156 0.3937, 0.0662 -0.0243 0.3937, 0.128 -0.0498 0.3937, 0.181 -0.0905 0.3937, 0.2216 -0.1435 0.3937, 0.2472 -0.2052 0.3937, 0.2559 -0.2715 0.3937, 0.2472 -0.3377 0.3937, 0.2216 -0.3994 0.3937, 0.181 -0.4524 0.3937, 0.128 -0.4931 0.3937, 0.0662 -0.5186 0.3937, 0.0 -0.5274 0.3937, -0.0662 -0.5186 0.3937, -0.1279 -0.4931 0.3937, -0.1809 -0.4524 0.3937, -0.2216 -0.3994 0.3937, -0.2472 -0.3377 0.3937, 1.5039 -0.2715 0.5591, 1.4929 -0.355 0.5591, 1.4607 -0.4329 0.5591, 1.4094 -0.4997 0.5591, 1.3425 -0.551 0.5591, 1.2647 -0.5833 0.5591, 1.1811 -0.5943 0.5591, 1.0976 -0.5833 0.5591, 1.0197 -0.551 0.5591, 0.9528 -0.4997 0.5591, 0.9015 -0.4329 0.5591, 0.8693 -0.355 0.5591, 0.8583 -0.2715 0.5591, 0.8693 -0.1879 0.5591, 0.9015 -0.11 0.5591, 0.9528 -0.0432 0.5591, 1.0197 0.0081 0.5591, 1.0976 0.0404 0.5591, 1.1811 0.0514 0.5591, 1.2647 0.0404 0.5591, 1.3425 0.0081 0.5591, 1.4094 -0.0432 0.5591, 1.4607 -0.11 0.5591, 1.4929 -0.1879 0.5591, 1.4961 3.0356 0.5591, 1.4853 2.9541 0.5591, 1.4539 2.8781 0.5591, 1.4038 2.8129 0.5591, 1.3386 2.7629 0.5591, 1.2626 2.7314 0.5591, 1.1811 2.7207 0.5591, 1.0996 2.7314 0.5591, 1.0236 2.7629 0.5591, 0.9584 2.8129 0.5591, 0.9083 2.8781 0.5591, 0.8769 2.9541 0.5591, 0.8662 3.0356 0.5591, 0.8769 3.1171 0.5591, 0.9083 3.1931 0.5591, 0.9584 3.2583 0.5591, 1.0236 3.3084 0.5591, 1.0996 3.3399 0.5591, 1.1811 3.3506 0.5591, 1.2626 3.3399 0.5591, 1.3386 3.3084 0.5591, 1.4038 3.2583 0.5591, 1.4539 3.1931 0.5591, 1.4853 3.1171 0.5591, 0.2559 3.0356 0.3937, 0.2472 2.9694 0.3937, 0.2216 2.9077 0.3937, 0.181 2.8547 0.3937, 0.128 2.814 0.3937, 0.0662 2.7884 0.3937, 0.0 2.7797 0.3937, -0.0662 2.7884 0.3937, -0.1279 2.814 0.3937, -0.1809 2.8547 0.3937, -0.2216 2.9077 0.3937, -0.2472 2.9694 0.3937, -0.2559 3.0356 0.3937, -0.2472 3.1019 0.3937, -0.2216 3.1636 0.3937, -0.1809 3.2166 0.3937, -0.1279 3.2573 0.3937, -0.0662 3.2828 0.3937, 0.0 3.2915 0.3937, 0.0662 3.2828 0.3937, 0.128 3.2573 0.3937, 0.181 3.2166 0.3937, 0.2216 3.1636 0.3937, 0.2472 3.1019 0.3937, -1.5039 3.0356 0.5591, -1.4929 3.1192 0.5591, -1.4607 3.197 0.5591, -1.4094 3.2639 0.5591, -1.3425 3.3152 0.5591, -1.2646 3.3475 0.5591, -1.1811 3.3585 0.5591, -1.0975 3.3475 0.5591, -1.0197 3.3152 0.5591, -0.9528 3.2639 0.5591, -0.9015 3.197 0.5591, -0.8693 3.1192 0.5591, -0.8583 3.0356 0.5591, -0.8693 2.9521 0.5591, -0.9015 2.8742 0.5591, -0.9528 2.8074 0.5591, -1.0197 2.756 0.5591, -1.0975 2.7238 0.5591, -1.1811 2.7128 0.5591, -1.2646 2.7238 0.5591, -1.3425 2.756 0.5591, -1.4094 2.8074 0.5591, -1.4607 2.8742 0.5591, -1.4929 2.9521 0.5591, -0.2342 1.3821 0.5118, -0.2263 1.4427 0.5118, -0.2029 1.4992 0.5118, -0.1656 1.5477 0.5118, -0.1171 1.585 0.5118, -0.0606 1.6084 0.5118, 0.0 1.6163 0.5118, 0.0606 1.6084 0.5118, 0.1171 1.585 0.5118, 0.1657 1.5477 0.5118, 0.2029 1.4992 0.5118, 0.2263 1.4427 0.5118, 0.2343 1.3821 0.5118, 0.2263 1.3215 0.5118, 0.2029 1.265 0.5118, 0.1657 1.2164 0.5118, 0.1171 1.1792 0.5118, 0.0606 1.1558 0.5118, 0.0 1.1478 0.5118, -0.0606 1.1558 0.5118, -0.1171 1.1792 0.5118, -0.1656 1.2164 0.5118, -0.2029 1.265 0.5118, -0.2263 1.3215 0.5118, -0.8661 -0.2715 0.7953, -0.8769 -0.1899 0.7953, -0.9083 -0.114 0.7953, -0.9584 -0.0487 0.7953, -1.0236 0.0013 0.7953, -1.0996 0.0328 0.7953, -1.1811 0.0435 0.7953, -1.2626 0.0328 0.7953, -1.3386 0.0013 0.7953, -1.4038 -0.0487 0.7953, -1.4539 -0.114 0.7953, -1.4853 -0.1899 0.7953, -1.4961 -0.2715 0.7953, -1.4853 -0.353 0.7953, -1.4539 -0.4289 0.7953, -1.4038 -0.4942 0.7953, -1.3386 -0.5442 0.7953, -1.308 -0.5569 0.7953, -1.2626 -0.5757 0.7953, -1.1811 -0.5864 0.7953, -1.0996 -0.5757 0.7953, -1.0542 -0.5569 0.7953, -1.0236 -0.5442 0.7953, -0.9584 -0.4942 0.7953, -0.9083 -0.4289 0.7953, -0.8769 -0.353 0.7953, 0.2559 -0.2715 0.7953, 0.2472 -0.2052 0.7953, 0.2451 -0.2001 0.7953, 0.2216 -0.1435 0.7953, 0.181 -0.0905 0.7953, 0.128 -0.0498 0.7953, 0.0662 -0.0243 0.7953, 0.0 -0.0156 0.7953, -0.0662 -0.0243 0.7953, -0.1279 -0.0498 0.7953, -0.1809 -0.0905 0.7953, -0.2216 -0.1435 0.7953, -0.2451 -0.2001 0.7953, -0.2472 -0.2052 0.7953, -0.2559 -0.2715 0.7953, -0.2472 -0.3377 0.7953, -0.2451 -0.3428 0.7953, -0.2216 -0.3994 0.7953, -0.1809 -0.4524 0.7953, -0.1279 -0.4931 0.7953, -0.0662 -0.5186 0.7953, 0.0 -0.5274 0.7953, 0.0662 -0.5186 0.7953, 0.128 -0.4931 0.7953, 0.181 -0.4524 0.7953, 0.2216 -0.3994 0.7953, 0.2451 -0.3428 0.7953, 0.2472 -0.3377 0.7953, 1.5039 -0.2715 0.7953, 1.5 -0.3014 0.7953, 1.4929 -0.355 0.7953, 1.4607 -0.4329 0.7953, 1.4094 -0.4997 0.7953, 1.3425 -0.551 0.7953, 1.3284 -0.5569 0.7953, 1.2647 -0.5833 0.7953, 1.211 -0.5904 0.7953, 1.1811 -0.5943 0.7953, 1.1512 -0.5904 0.7953, 1.0976 -0.5833 0.7953, 1.0338 -0.5569 0.7953, 1.0197 -0.551 0.7953, 0.9528 -0.4997 0.7953, 0.9015 -0.4329 0.7953, 0.8693 -0.355 0.7953, 0.8583 -0.2715 0.7953, 1.5 -0.2416 0.7953, 1.4929 -0.1879 0.7953, 1.4607 -0.11 0.7953, 1.4094 -0.0432 0.7953, 1.3425 0.0081 0.7953, 1.2647 0.0404 0.7953, 1.1811 0.0514 0.7953, 1.0976 0.0404 0.7953, 1.0197 0.0081 0.7953, 0.9528 -0.0432 0.7953, 0.9015 -0.11 0.7953, 0.8693 -0.1879 0.7953, 0.8662 3.0356 0.7953, 0.8769 2.9541 0.7953, 0.9083 2.8781 0.7953, 0.9584 2.8129 0.7953, 1.0236 2.7629 0.7953, 1.0996 2.7314 0.7953, 1.1811 2.7207 0.7953, 1.2626 2.7314 0.7953, 1.3386 2.7629 0.7953, 1.4038 2.8129 0.7953, 1.4539 2.8781 0.7953, 1.4853 2.9541 0.7953, 1.4961 3.0356 0.7953, 1.4853 3.1171 0.7953, 1.4539 3.1931 0.7953, 1.4038 3.2583 0.7953, 1.3386 3.3084 0.7953, 1.2626 3.3399 0.7953, 1.1811 3.3506 0.7953, 1.0996 3.3399 0.7953, 1.0236 3.3084 0.7953, 0.9584 3.2583 0.7953, 0.9083 3.1931 0.7953, 0.8769 3.1171 0.7953, -0.2559 3.0356 0.7953, -0.2472 2.9694 0.7953, -0.2451 2.9643 0.7953, -0.2216 2.9077 0.7953, -0.1809 2.8547 0.7953, -0.1279 2.814 0.7953, -0.0662 2.7884 0.7953, 0.0 2.7797 0.7953, 0.0662 2.7884 0.7953, 0.128 2.814 0.7953, 0.181 2.8547 0.7953, 0.2216 2.9077 0.7953, 0.2451 2.9643 0.7953, 0.2472 2.9694 0.7953, 0.2559 3.0356 0.7953, 0.2472 3.1019 0.7953, 0.2451 3.1069 0.7953, 0.2216 3.1636 0.7953, 0.181 3.2166 0.7953, 0.128 3.2573 0.7953, 0.0662 3.2828 0.7953, 0.0 3.2915 0.7953, -0.0662 3.2828 0.7953, -0.1279 3.2573 0.7953, -0.1809 3.2166 0.7953, -0.2216 3.1636 0.7953, -0.2451 3.1069 0.7953, -0.2472 3.1019 0.7953, -1.5039 3.0356 0.7953, -1.4929 3.1192 0.7953, -1.4607 3.197 0.7953, -1.4094 3.2639 0.7953, -1.3425 3.3152 0.7953, -1.2646 3.3475 0.7953, -1.211 3.3545 0.7953, -1.1811 3.3585 0.7953, -1.1512 3.3545 0.7953, -0.8583 3.0356 0.7953, -0.8622 3.0655 0.7953, -0.8693 3.1192 0.7953, -0.9015 3.197 0.7953, -0.9528 3.2639 0.7953, -1.0197 3.3152 0.7953, -1.0975 3.3475 0.7953, -0.8622 3.0057 0.7953, -0.8693 2.9521 0.7953, -0.9015 2.8742 0.7953, -0.9528 2.8074 0.7953, -1.0197 2.756 0.7953, -1.0975 2.7238 0.7953, -1.1512 2.7167 0.7953, -1.1811 2.7128 0.7953, -1.211 2.7167 0.7953, -1.2646 2.7238 0.7953, -1.3425 2.756 0.7953, -1.4094 2.8074 0.7953, -1.4607 2.8742 0.7953, -1.4929 2.9521 0.7953, -0.2342 1.3821 0.7953, -0.2263 1.4427 0.7953, -0.2029 1.4992 0.7953, -0.1656 1.5477 0.7953, -0.1171 1.585 0.7953, -0.0606 1.6084 0.7953, 0.0 1.6163 0.7953, 0.0606 1.6084 0.7953, 0.1171 1.585 0.7953, 0.1657 1.5477 0.7953, 0.2029 1.4992 0.7953, 0.2263 1.4427 0.7953, 0.2343 1.3821 0.7953, 0.2263 1.3215 0.7953, 0.2029 1.265 0.7953, 0.1657 1.2164 0.7953, 0.1171 1.1792 0.7953, 0.0606 1.1558 0.7953, 0.0 1.1478 0.7953, -0.0606 1.1558 0.7953, -0.1171 1.1792 0.7953, -0.1656 1.2164 0.7953, -0.2029 1.265 0.7953, -0.2263 1.3215 0.7953, 0.5906 3.4293 2.5591, 0.5906 3.4293 2.4409, 0.0 3.4293 2.5591, -0.5905 3.4293 2.4409, -0.5905 3.4293 2.5591, 1.7323 2.7167 0.7953, 1.7323 3.075 0.7953, 1.7323 3.075 2.4803, 1.7323 -0.7045 2.4803, 1.7323 -0.7045 0.7953, 1.7323 -0.5904 0.7953, 1.7323 -0.5569 0.7953, 1.7323 0.5996 0.7953, 1.7323 2.1646 0.7953, 1.6918 -0.8746 2.5209, 1.6536 0.1213 2.5591, 1.6755 -0.9082 2.5371, 1.6536 -0.9407 2.5591, 1.7193 3.1798 2.4933, 1.7006 3.2451 2.512, 1.6832 3.2788 2.5294, 1.6536 3.3362 2.5591, 1.7076 -0.8419 2.5051, 1.7212 -0.7918 2.4914, 1.7262 -0.7737 2.4864, 1.7322 3.0848 2.4804, 1.7238 3.1641 2.4888, 1.7204 3.1801 0.7953, 1.6855 3.28 0.7953, 1.6387 3.3545 0.7953, 1.6292 3.3696 2.5591, 1.4648 3.5007 2.5591, 1.365 3.5356 0.7953, 1.365 3.5356 2.5591, 1.6292 3.3696 0.7953, 1.5544 3.4444 0.7953, 1.5544 3.4444 2.5591, 1.5 3.4786 0.7953, 1.4648 3.5007 0.7953, -1.6609 3.3247 2.5517, -1.6535 3.3362 2.5591, -1.5939 3.4091 2.5591, -1.669 3.3112 0.7953, -1.6678 3.3106 2.5448, -1.6357 3.3545 0.7953, -1.5939 3.4091 0.7953, -1.7162 3.1973 0.7953, -1.7323 3.075 0.7953, -1.7323 3.075 2.4803, -1.7249 3.1579 2.4876, -1.7143 3.1968 2.4982, -1.7027 3.2395 2.5099, -1.4961 3.4841 2.5591, -1.4961 3.4841 0.7953, -1.3821 3.5313 2.5591, -1.3821 3.5313 0.7953, -1.7323 2.7167 0.7953, -1.7323 2.1646 0.7953, -1.7323 -0.7045 2.4803, -1.7323 0.5996 0.7953, -1.7323 -0.5569 0.7953, -1.7323 -0.5904 0.7953, -1.7323 -0.7045 0.7953, -1.6535 0.1213 2.5591, -1.7181 -0.8062 2.4945, -1.6983 -0.8644 2.5142, -1.6774 -0.9001 2.5352, -1.6535 -0.9407 2.5591, -1.7315 -0.7298 2.4811, -1.7214 -0.7964 2.4912, -1.7189 -0.8064 0.7953, -1.6795 -0.9014 0.7953, -1.617 -0.9829 0.7953, -1.617 -0.9829 2.5591, -1.5354 -1.0455 0.7953, -1.5354 -1.0455 2.5591, -1.4405 -1.0848 0.7953, -1.4405 -1.0848 2.5591, -1.3386 -1.0982 0.7953, -1.3386 -1.0982 2.5591, 0.7874 -0.547 1.9685, 0.7874 -1.0982 1.9685, 0.7874 -0.547 2.5591, 0.7874 -1.0982 2.5591, 1.6464 -0.95 2.5591, 1.6933 -0.8753 0.7953, 1.6464 -0.95 0.7953, 1.7224 -0.7921 0.7953, 1.5841 -1.0123 2.5591, 1.5841 -1.0123 0.7953, 1.5094 -1.0592 2.5591, 1.5094 -1.0592 0.7953, 1.5 -1.0625 0.7953, 1.4262 -1.0884 2.5591, 1.4262 -1.0884 0.7953, 1.3386 -1.0982 2.5591, 1.3386 -1.0982 0.7953, 0.8071 -1.0982 0.9646, 0.1772 -1.0982 0.9646, 0.1879 -1.0167 0.9646, 0.2194 -0.9407 0.9646, 0.2694 -0.8755 0.9646, 0.7964 -1.0167 0.9646, 0.7649 -0.9407 0.9646, 0.3347 -0.8255 0.9646, 0.6496 -0.8255 0.9646, 0.7148 -0.8755 0.9646, 0.4106 -0.794 0.9646, 0.4921 -0.7833 0.9646, 0.5737 -0.794 0.9646, 0.1772 -1.0982 0.7953, 0.1879 -1.0167 0.7953, 0.2194 -0.9407 0.7953, 0.2451 -0.9072 0.7953, 0.2694 -0.8755 0.7953, 0.3347 -0.8255 0.7953, 0.4106 -0.794 0.7953, 0.4921 -0.7833 0.7953, 0.5571 -0.7918 0.7953, 0.5737 -0.794 0.7953, 0.6496 -0.8255 0.7953, 0.7148 -0.8755 0.7953, 0.7649 -0.9407 0.7953, 0.7964 -1.0167 0.7953, 0.8071 -1.0982 0.7953, -0.2451 0.5996 0.7953, -0.8622 3.3545 0.7953, -0.1772 -1.0982 0.7953, -0.1879 -1.0167 0.7953, 0.2451 -0.5904 0.7953, 0.5571 -0.5904 0.7953, 1.5 -0.5904 0.7953, 1.5 3.3545 0.7953, 0.5571 3.5474 0.7953, -0.8622 -1.0982 0.7953, -0.8622 -0.5904 0.7953, -0.5571 -0.5904 0.7953, -0.5571 -0.7918 0.7953, -0.5736 -0.794 0.7953, -0.6496 -0.8255 0.7953, -0.7148 -0.8755 0.7953, -0.7649 -0.9407 0.7953, -0.7963 -1.0167 0.7953, -0.8071 -1.0982 0.7953, -0.2194 -0.9407 0.7953, -0.2451 -0.5904 0.7953, -0.2451 -0.9072 0.7953, -0.2694 -0.8755 0.7953, -0.3346 -0.8255 0.7953, -0.4106 -0.794 0.7953, -0.4921 -0.7833 0.7953, -0.5571 2.7167 0.7953, -0.5571 3.3545 0.7953, -0.8622 2.1646 0.7953, -0.8622 2.7167 0.7953, 0.2451 3.3545 0.7953, 0.5571 3.3545 0.7953, 0.5571 2.7167 0.7953, 0.2451 2.7167 0.7953, -0.2451 2.7167 0.7953, -0.2451 3.3545 0.7953, 1.5 -0.5569 0.7953, 0.5571 0.5996 0.7953, 1.5 0.5996 0.7953, 0.5571 -0.5569 0.7953, -0.5571 0.5996 0.7953, -0.5571 -0.5569 0.7953, -0.2451 -0.5569 0.7953, 0.2451 0.5996 0.7953, 0.2451 -0.5569 0.7953, -0.8622 -0.5569 0.7953, -0.8622 0.5996 0.7953, 1.5 2.7167 0.7953, 0.2451 3.5474 0.7953, -0.2451 3.5474 0.7953, -0.5571 3.5474 0.7953, -0.8622 3.5474 0.7953, -0.5571 2.1646 0.7953, -0.2451 2.1646 0.7953, 0.2451 2.1646 0.7953, 0.5571 2.1646 0.7953, 1.5 2.1646 0.7953, -0.8071 -1.0982 0.9646, -0.7963 -1.0167 0.9646, -0.7649 -0.9407 0.9646, -0.7148 -0.8755 0.9646, -0.6496 -0.8255 0.9646, -0.5736 -0.794 0.9646, -0.4921 -0.7833 0.9646, -0.4106 -0.794 0.9646, -0.3346 -0.8255 0.9646, -0.2694 -0.8755 0.9646, -0.2194 -0.9407 0.9646, -0.1879 -1.0167 0.9646, -0.1772 -1.0982 0.9646, -0.7874 -0.547 2.5591, -0.7874 -0.547 1.9685, 0.0 -0.547 2.5591, -0.7874 -1.0982 1.9685, -0.7874 -1.0982 2.5591, 1.1797 1.1474 2.5591, 1.1112 0.9218 2.5591, 0.0 2.5848 2.5591, 0.2347 2.5617 2.5591, 0.4603 2.4933 2.5591, 0.9445 3.2723 2.5591, 0.8913 3.203 2.5591, 0.8579 3.1222 2.5591, 1.0001 2.0503 2.5591, 0.8505 2.2326 2.5591, 0.6682 2.3821 2.5591, 1.0138 3.3254 2.5591, 1.0945 3.3589 2.5591, 1.1811 3.3703 2.5591, 1.2677 3.3589 2.5591, 1.3484 3.3254 2.5591, 1.4177 3.2723 2.5591, 1.4709 3.203 2.5591, 1.5044 3.1222 2.5591, 1.0001 0.7139 2.5591, 0.8505 0.5316 2.5591, 0.6682 0.382 2.5591, 1.1112 1.8424 2.5591, 1.1797 1.6167 2.5591, 1.2028 1.3821 2.5591, 0.4603 0.2709 2.5591, 0.2347 0.2024 2.5591, 0.0 0.1213 2.5591, 1.0138 0.0184 2.5591, 0.9445 -0.0348 2.5591, 0.8913 -0.1041 2.5591, 1.5044 -0.1848 2.5591, 0.8579 -0.1848 2.5591, 1.3484 0.0184 2.5591, 1.4177 -0.0348 2.5591, 1.4709 -0.1041 2.5591, 1.0945 0.0518 2.5591, 1.1811 0.0632 2.5591, 1.2677 0.0518 2.5591, -0.8578 -0.1848 2.5591, -1.5043 -0.1848 2.5591, -1.4709 -0.1041 2.5591, -1.4177 -0.0348 2.5591, -1.3484 0.0184 2.5591, -1.0138 0.0184 2.5591, -0.9445 -0.0348 2.5591, -0.8913 -0.1041 2.5591, -1.2677 0.0518 2.5591, -1.1811 0.0632 2.5591, -1.0945 0.0518 2.5591, -1.1811 3.3703 2.5591, -1.0945 3.3589 2.5591, -1.0138 3.3254 2.5591, -0.9445 3.2723 2.5591, -0.8913 3.203 2.5591, -0.2346 2.5617 2.5591, -0.8578 3.1222 2.5591, -1.2677 3.3589 2.5591, -1.3484 3.3254 2.5591, -1.4177 3.2723 2.5591, -1.4709 3.203 2.5591, -1.5043 3.1222 2.5591, -1.1112 1.8424 2.5591, -1.0 2.0503 2.5591, -0.8505 2.2326 2.5591, -0.6682 2.3821 2.5591, -0.4603 2.4933 2.5591, -1.0 0.7139 2.5591, -0.8505 0.5316 2.5591, -0.6682 0.382 2.5591, -1.1112 0.9218 2.5591, -1.1796 1.1474 2.5591, -1.2027 1.3821 2.5591, 0.0 0.1793 2.5591, -0.2346 0.2024 2.5591, -0.4603 0.2709 2.5591, -1.1796 1.6167 2.5591, 1.2028 1.3821 3.0709, 1.1797 1.1474 3.0709, 1.1112 0.9218 3.0709, 1.0001 0.7139 3.0709, 0.8505 0.5316 3.0709, 0.6682 0.382 3.0709, 0.4603 0.2709 3.0709, 0.2347 0.2024 3.0709, 0.0 0.1793 3.0709, -0.2346 0.2024 3.0709, -0.4603 0.2709 3.0709, -0.6682 0.382 3.0709, -0.8505 0.5316 3.0709, -1.0 0.7139 3.0709, -1.1112 0.9218 3.0709, -1.1796 1.1474 3.0709, -1.2027 1.3821 3.0709, -1.1909 1.3821 3.1496, -1.1681 1.1497 3.1496, -1.1003 0.9263 3.1496, -0.9902 0.7204 3.1496, -0.8421 0.54 3.1496, -0.6616 0.3919 3.1496, -0.4557 0.2818 3.1496, -0.2323 0.214 3.1496, 0.0 0.1911 3.1496, 0.2324 0.214 3.1496, 0.4558 0.2818 3.1496, 0.6617 0.3919 3.1496, 0.8421 0.54 3.1496, 0.9902 0.7204 3.1496, 1.1003 0.9263 3.1496, 1.1681 1.1497 3.1496, 1.191 1.3821 3.1496, 1.1797 1.6167 3.0709, 1.1681 1.6144 3.1496, 1.1112 1.8424 3.0709, 1.1003 1.8378 3.1496, 1.0001 2.0503 3.0709, 0.9902 2.0437 3.1496, 0.8505 2.2326 3.0709, 0.8421 2.2242 3.1496, 0.6682 2.3821 3.0709, 0.6617 2.3723 3.1496, 0.4603 2.4933 3.0709, 0.4558 2.4824 3.1496, 0.2347 2.5617 3.0709, 0.2324 2.5501 3.1496, 0.0 2.5848 3.0709, 0.0 2.573 3.1496, -0.2346 2.5617 3.0709, -0.2323 2.5501 3.1496, -0.4603 2.4933 3.0709, -0.4557 2.4824 3.1496, -0.6682 2.3821 3.0709, -0.6616 2.3723 3.1496, -0.8505 2.2326 3.0709, -0.8421 2.2242 3.1496, -1.0 2.0503 3.0709, -0.9902 2.0437 3.1496, -1.1112 1.8424 3.0709, -1.1003 1.8378 3.1496, -1.1796 1.6167 3.0709, -1.1681 1.6144 3.1496, -0.9902 0.7204 5.1181, -1.0342 0.7915 5.1181, 0.8421 0.54 5.1181, 0.6617 0.3919 5.1181, 0.4558 0.2818 5.1181, 0.2324 0.214 5.1181, 0.0 0.1911 5.1181, -0.2323 0.214 5.1181, -0.4557 0.2818 5.1181, -0.6616 0.3919 5.1181, -0.8421 0.54 5.1181, 1.0342 0.7915 5.1181, 0.9902 0.7204 5.1181, 1.1903 1.4212 7.5591, 1.1609 1.6479 7.5591, 1.1653 1.6141 7.5591, 1.0887 1.8648 7.5591, 1.098 1.8371 7.5591, 0.9765 2.0639 7.5591, 0.9884 2.0427 7.5591, 0.8282 2.2379 7.5591, 0.8408 2.2231 7.5591, 0.6494 2.3804 7.5591, 0.6608 2.3713 7.5591, 0.4467 2.4861 7.5591, 0.4554 2.4816 7.5591, -0.2275 2.5511 7.5591, 0.0 2.573 7.5591, 0.2276 2.5511 7.5591, 0.2322 2.5497 7.5591, -0.2322 2.5497 7.5591, -0.4467 2.4861 7.5591, -0.4553 2.4816 7.5591, -0.6494 2.3804 7.5591, -0.6608 2.3713 7.5591, -0.8282 2.2379 7.5591, -0.8408 2.2231 7.5591, -0.9764 2.0639 7.5591, -0.9884 2.0427 7.5591, -1.0887 1.8648 7.5591, -1.0979 1.8371 7.5591, -1.1609 1.6479 7.5591, -1.1653 1.6141 7.5591, -1.1903 1.4212 7.5591, -1.1878 1.3823 7.5591, -1.1758 1.193 7.5591, -1.1647 1.1506 7.5591, -1.118 0.9719 7.5591, -1.0975 0.9276 7.5591, -1.0342 0.7915 7.5591, 1.0342 0.7915 7.5591, 1.0975 0.9276 7.5591, 1.1181 0.9719 7.5591, 1.1878 1.3823 7.5591, 1.1759 1.193 7.5591, 1.1648 1.1506 7.5591, 0.8008 1.7371 7.874, 0.7182 1.8836 7.874, -0.8649 1.243 7.874, -0.8315 1.1065 7.874, 0.8315 1.1065 7.874, 0.8649 1.243 7.874, 0.8755 1.4108 7.874, 0.8539 1.5776 7.874, 0.6092 2.0116 7.874, 0.4777 2.1164 7.874, 0.3286 2.1941 7.874, 0.1674 2.2419 7.874, 0.0 2.2581 7.874, -0.8755 1.4108 7.874, -0.1674 2.2419 7.874, -0.3286 2.1941 7.874, -0.8008 1.7371 7.874, -0.8539 1.5776 7.874, -0.4777 2.1164 7.874, -0.6092 2.0116 7.874, -0.7182 1.8836 7.874, -0.8598 1.0666 7.8341, -0.9503 0.9301 7.6977, 0.8614 1.0621 7.8296, 0.9504 0.9301 7.6977
            ]
        }
        coordIndex [
            0,1,2,-1,3,4,5,-1,6,7,8,-1,9,10,11,-1,12,13,14,-1,15,16,17,-1,18,19,20,-1,21,22,23,-1,23,22,24,-1,23,25,26,-1,26,27,23,-1,23,27,28,-1,23,28,21,-1,29,30,23,-1,23,30,31,-1,23,31,25,-1,32,3,33,-1,33,3,20,-1,34,35,29,-1,29,35,36,-1,29,36,30,-1,20,19,33,-1,33,19,37,-1,33,37,34,-1,34,37,38,-1,34,38,35,-1,39,40,20,-1,20,40,41,-1,20,41,18,-1,39,42,40,-1,40,42,43,-1,40,43,44,-1,44,43,45,-1,44,45,46,-1,47,48,39,-1,39,48,49,-1,39,49,42,-1,50,51,52,-1,52,53,50,-1,50,53,54,-1,50,54,39,-1,39,54,55,-1,39,55,47,-1,56,57,58,-1,58,57,59,-1,58,59,60,-1,60,59,61,-1,60,61,51,-1,51,61,62,-1,51,62,52,-1,63,64,65,-1,66,67,68,-1,63,65,69,-1,64,70,65,-1,65,70,71,-1,65,71,72,-1,73,74,75,-1,75,74,76,-1,77,78,79,-1,79,78,80,-1,79,80,65,-1,65,80,81,-1,65,81,69,-1,68,67,58,-1,58,67,82,-1,58,82,56,-1,73,83,74,-1,74,83,84,-1,74,84,85,-1,85,86,74,-1,74,86,87,-1,74,87,88,-1,88,87,77,-1,88,77,89,-1,89,77,79,-1,90,91,92,-1,93,94,68,-1,68,94,95,-1,96,97,65,-1,65,97,98,-1,65,98,99,-1,90,92,100,-1,74,101,76,-1,76,101,92,-1,76,92,102,-1,102,92,91,-1,101,103,92,-1,92,103,104,-1,92,104,105,-1,95,106,68,-1,68,106,107,-1,68,107,66,-1,72,108,65,-1,65,108,109,-1,65,109,110,-1,110,111,65,-1,65,111,112,-1,65,112,96,-1,105,113,92,-1,92,113,114,-1,92,114,68,-1,68,114,115,-1,68,115,93,-1,98,116,99,-1,99,116,117,-1,99,117,118,-1,118,117,119,-1,120,17,121,-1,121,17,122,-1,121,122,123,-1,123,122,124,-1,119,125,118,-1,118,125,126,-1,118,126,122,-1,122,126,127,-1,122,127,124,-1,15,128,16,-1,16,128,129,-1,16,129,130,-1,131,132,133,-1,133,132,134,-1,134,135,133,-1,133,135,136,-1,133,136,120,-1,120,136,137,-1,120,137,17,-1,17,137,138,-1,17,138,15,-1,133,139,131,-1,131,139,140,-1,131,140,141,-1,141,140,142,-1,141,142,143,-1,144,145,146,-1,145,124,146,-1,146,124,127,-1,146,127,147,-1,147,127,148,-1,148,149,147,-1,147,149,150,-1,147,150,151,-1,152,153,154,-1,153,155,154,-1,154,155,156,-1,154,156,157,-1,158,154,159,-1,144,146,158,-1,158,146,160,-1,158,160,154,-1,154,160,161,-1,154,161,152,-1,159,162,158,-1,158,162,163,-1,158,163,164,-1,157,156,165,-1,165,156,166,-1,165,166,167,-1,167,166,168,-1,167,168,169,-1,170,171,164,-1,164,171,172,-1,164,172,158,-1,100,92,173,-1,173,92,174,-1,173,174,175,-1,175,174,176,-1,175,176,177,-1,178,179,176,-1,176,179,180,-1,176,180,177,-1,22,181,24,-1,24,181,182,-1,24,182,178,-1,178,182,183,-1,178,183,179,-1,184,185,186,-1,186,185,187,-1,188,189,190,-1,190,189,191,-1,190,191,192,-1,188,186,189,-1,189,186,187,-1,189,187,193,-1,193,187,194,-1,193,194,195,-1,195,196,193,-1,193,196,197,-1,193,197,198,-1,192,199,200,-1,192,201,202,-1,203,204,194,-1,194,204,205,-1,194,205,195,-1,200,206,192,-1,192,206,207,-1,192,207,201,-1,202,208,192,-1,192,208,209,-1,192,209,194,-1,194,209,210,-1,194,210,203,-1,211,212,213,-1,213,212,214,-1,199,192,215,-1,215,192,191,-1,215,191,214,-1,214,191,216,-1,214,216,213,-1,217,218,219,-1,220,218,221,-1,222,223,224,-1,225,226,220,-1,220,226,224,-1,220,224,218,-1,218,224,223,-1,218,223,219,-1,219,227,217,-1,217,227,228,-1,217,228,229,-1,224,230,222,-1,222,230,231,-1,222,231,232,-1,198,211,220,-1,220,211,213,-1,220,213,225,-1,225,213,233,-1,225,233,234,-1,234,233,235,-1,235,233,236,-1,235,236,237,-1,198,220,193,-1,193,220,221,-1,193,221,238,-1,238,221,239,-1,238,239,240,-1,240,239,241,-1,240,241,242,-1,243,244,245,-1,245,244,246,-1,247,248,249,-1,249,248,250,-1,249,250,251,-1,252,253,254,-1,252,254,251,-1,251,254,255,-1,251,255,256,-1,243,257,244,-1,244,257,258,-1,244,258,259,-1,259,258,260,-1,261,262,260,-1,260,262,263,-1,260,263,259,-1,264,265,266,-1,266,265,267,-1,268,269,249,-1,268,249,270,-1,271,272,266,-1,266,272,273,-1,266,273,264,-1,274,275,260,-1,260,275,276,-1,260,276,277,-1,269,278,249,-1,249,278,279,-1,249,279,280,-1,280,281,249,-1,249,281,282,-1,249,282,283,-1,283,282,284,-1,283,284,246,-1,285,286,283,-1,256,287,251,-1,251,287,288,-1,251,288,249,-1,249,288,266,-1,249,266,270,-1,270,266,267,-1,256,289,287,-1,287,289,290,-1,287,290,291,-1,291,290,292,-1,291,292,293,-1,246,244,283,-1,283,244,294,-1,283,294,285,-1,295,296,297,-1,297,296,298,-1,297,298,293,-1,293,298,299,-1,293,299,291,-1,277,300,260,-1,260,300,301,-1,260,301,261,-1,286,302,283,-1,283,302,303,-1,283,303,295,-1,304,305,306,-1,306,305,307,-1,306,307,308,-1,309,310,311,-1,295,297,283,-1,283,297,312,-1,283,312,311,-1,311,312,313,-1,311,313,309,-1,310,314,311,-1,311,314,315,-1,311,315,316,-1,316,315,317,-1,316,317,318,-1,247,319,308,-1,308,319,316,-1,308,316,306,-1,306,316,318,-1,308,320,247,-1,247,320,321,-1,247,321,322,-1,322,323,247,-1,247,323,324,-1,247,324,325,-1,325,326,247,-1,247,326,327,-1,247,327,248,-1,328,329,330,-1,330,329,331,-1,330,331,332,-1,330,333,328,-1,328,333,334,-1,328,334,335,-1,335,336,328,-1,328,336,337,-1,328,337,338,-1,338,337,339,-1,338,339,340,-1,340,339,341,-1,340,341,306,-1,306,341,342,-1,306,342,304,-1,343,344,332,-1,332,344,345,-1,332,345,330,-1,346,347,253,-1,253,347,348,-1,253,348,254,-1,346,349,347,-1,347,349,350,-1,347,350,351,-1,351,350,352,-1,351,353,354,-1,352,355,351,-1,351,355,356,-1,351,356,357,-1,357,358,351,-1,351,358,359,-1,351,359,353,-1,354,360,351,-1,351,360,361,-1,351,361,362,-1,363,364,365,-1,366,367,368,-1,368,367,369,-1,370,371,372,-1,372,371,373,-1,372,374,370,-1,370,374,375,-1,370,375,376,-1,377,375,378,-1,378,375,374,-1,378,374,379,-1,379,374,372,-1,379,372,380,-1,380,372,381,-1,380,381,382,-1,382,381,383,-1,382,383,365,-1,365,383,384,-1,365,384,363,-1,385,386,387,-1,388,389,390,-1,385,387,391,-1,391,387,392,-1,391,392,390,-1,390,392,393,-1,390,393,388,-1,394,395,368,-1,394,368,396,-1,397,398,399,-1,368,400,385,-1,385,400,401,-1,385,401,386,-1,388,402,389,-1,389,402,403,-1,389,403,399,-1,399,403,404,-1,399,404,397,-1,395,405,368,-1,368,405,406,-1,368,406,400,-1,398,407,399,-1,399,407,408,-1,399,408,409,-1,364,363,369,-1,369,363,399,-1,369,399,368,-1,368,399,409,-1,368,409,396,-1,410,411,412,-1,413,414,415,-1,410,412,390,-1,390,412,415,-1,390,415,391,-1,391,415,414,-1,391,414,416,-1,417,418,419,-1,419,418,420,-1,415,421,413,-1,413,421,422,-1,413,422,423,-1,424,425,426,-1,411,410,427,-1,427,410,428,-1,427,428,424,-1,417,419,416,-1,416,419,429,-1,416,429,391,-1,391,429,430,-1,391,430,426,-1,426,430,431,-1,426,431,424,-1,13,432,14,-1,14,432,433,-1,14,433,0,-1,0,433,434,-1,0,434,1,-1,1,434,435,-1,1,435,436,-1,435,437,436,-1,436,437,438,-1,436,438,439,-1,439,438,440,-1,441,439,442,-1,442,439,440,-1,442,440,443,-1,443,440,444,-1,443,444,445,-1,445,444,446,-1,445,446,447,-1,447,446,448,-1,447,448,449,-1,449,448,450,-1,449,450,451,-1,451,450,452,-1,451,452,453,-1,453,452,454,-1,453,454,455,-1,455,454,456,-1,455,456,457,-1,457,456,458,-1,457,458,459,-1,459,458,460,-1,461,462,428,-1,428,462,463,-1,464,465,425,-1,425,465,466,-1,467,468,469,-1,469,468,464,-1,469,464,470,-1,471,472,464,-1,464,472,473,-1,464,473,470,-1,474,475,464,-1,464,475,476,-1,464,476,477,-1,478,479,480,-1,481,482,469,-1,469,482,483,-1,469,483,467,-1,424,428,425,-1,425,428,463,-1,425,463,464,-1,464,463,484,-1,464,484,474,-1,477,485,464,-1,464,485,486,-1,464,486,471,-1,478,480,469,-1,469,480,487,-1,469,487,481,-1,488,489,446,-1,488,446,490,-1,490,446,444,-1,490,444,491,-1,492,493,494,-1,495,496,494,-1,494,496,497,-1,494,497,492,-1,14,498,494,-1,494,498,499,-1,494,499,495,-1,10,500,0,-1,0,500,501,-1,0,501,14,-1,14,501,502,-1,14,502,498,-1,503,504,11,-1,504,505,11,-1,11,505,506,-1,11,506,9,-1,507,508,509,-1,509,508,510,-1,510,508,511,-1,510,511,11,-1,11,511,512,-1,11,512,503,-1,513,514,515,-1,516,517,518,-1,518,517,519,-1,520,521,522,-1,522,521,513,-1,522,513,519,-1,519,513,518,-1,518,513,515,-1,518,515,523,-1,523,515,524,-1,523,524,525,-1,525,524,526,-1,526,524,527,-1,526,527,528,-1,529,174,530,-1,530,174,92,-1,530,92,531,-1,531,92,532,-1,531,532,514,-1,514,532,533,-1,514,533,515,-1,534,535,536,-1,537,538,242,-1,242,538,539,-1,242,539,240,-1,240,539,540,-1,540,541,240,-1,240,541,542,-1,240,542,543,-1,544,545,535,-1,535,545,546,-1,535,546,536,-1,537,316,547,-1,536,538,534,-1,534,538,537,-1,534,537,548,-1,548,537,547,-1,542,549,543,-1,543,549,550,-1,543,550,551,-1,552,553,8,-1,551,554,543,-1,543,554,555,-1,543,555,319,-1,8,547,552,-1,552,547,316,-1,552,316,556,-1,556,316,319,-1,556,319,557,-1,557,319,555,-1,558,559,560,-1,560,559,561,-1,561,559,553,-1,553,559,562,-1,553,562,8,-1,8,562,563,-1,8,563,6,-1,489,461,446,-1,446,461,428,-1,446,428,448,-1,448,428,410,-1,448,410,450,-1,450,410,390,-1,450,390,452,-1,452,390,389,-1,452,389,454,-1,454,389,399,-1,454,399,456,-1,456,399,363,-1,456,363,458,-1,458,363,384,-1,438,12,440,-1,440,12,14,-1,440,14,444,-1,444,14,494,-1,444,494,491,-1,491,494,493,-1,466,507,425,-1,425,507,509,-1,425,509,426,-1,426,509,564,-1,426,564,391,-1,391,564,565,-1,391,565,385,-1,385,565,566,-1,385,566,368,-1,368,566,373,-1,368,373,366,-1,366,373,371,-1,529,567,568,-1,568,567,569,-1,568,569,570,-1,570,569,528,-1,570,528,2,-1,2,528,527,-1,2,527,0,-1,510,571,509,-1,509,571,572,-1,509,572,564,-1,564,572,573,-1,564,573,565,-1,565,573,574,-1,565,574,566,-1,566,574,236,-1,566,236,373,-1,373,236,233,-1,373,233,372,-1,372,233,213,-1,372,213,381,-1,381,213,216,-1,571,283,572,-1,572,283,311,-1,572,311,573,-1,573,311,316,-1,573,316,574,-1,574,316,537,-1,574,537,236,-1,236,537,242,-1,236,242,237,-1,237,242,241,-1,529,568,174,-1,174,568,570,-1,174,570,176,-1,176,570,2,-1,176,2,178,-1,178,2,1,-1,178,1,24,-1,24,1,436,-1,24,436,23,-1,23,436,439,-1,23,439,29,-1,29,439,441,-1,29,441,34,-1,10,0,11,-1,11,0,527,-1,11,527,510,-1,510,527,524,-1,510,524,571,-1,571,524,515,-1,571,515,283,-1,283,515,533,-1,283,533,249,-1,3,5,20,-1,20,5,575,-1,20,575,39,-1,39,575,576,-1,39,576,50,-1,50,576,577,-1,50,577,51,-1,51,577,578,-1,51,578,60,-1,60,578,579,-1,60,579,58,-1,58,579,580,-1,58,580,68,-1,581,582,583,-1,581,583,584,-1,584,583,585,-1,584,585,586,-1,586,585,587,-1,586,587,588,-1,588,587,589,-1,588,589,590,-1,590,589,591,-1,590,591,592,-1,592,591,593,-1,592,593,594,-1,594,593,595,-1,594,595,596,-1,596,595,597,-1,596,597,598,-1,598,597,599,-1,598,599,600,-1,600,599,601,-1,600,601,602,-1,602,601,603,-1,602,603,604,-1,604,603,605,-1,604,605,606,-1,607,608,609,-1,607,609,610,-1,611,610,609,-1,612,611,609,-1,613,612,609,-1,614,613,609,-1,615,614,609,-1,616,615,609,-1,617,616,609,-1,618,617,609,-1,619,618,609,-1,620,619,609,-1,620,621,622,-1,621,623,624,-1,623,625,626,-1,625,627,628,-1,627,605,603,-1,627,603,628,-1,628,603,601,-1,628,601,629,-1,629,601,599,-1,629,599,630,-1,630,599,597,-1,630,597,631,-1,631,597,595,-1,631,595,632,-1,632,595,593,-1,632,593,633,-1,633,593,591,-1,633,591,634,-1,634,591,589,-1,634,589,635,-1,635,589,587,-1,635,587,636,-1,636,587,585,-1,636,585,637,-1,637,585,583,-1,637,583,638,-1,638,583,582,-1,638,582,639,-1,625,628,626,-1,626,628,629,-1,626,629,640,-1,640,629,630,-1,640,630,641,-1,641,630,631,-1,641,631,642,-1,642,631,632,-1,642,632,643,-1,643,632,633,-1,643,633,644,-1,644,633,634,-1,644,634,645,-1,645,634,635,-1,645,635,646,-1,646,635,636,-1,646,636,647,-1,647,636,637,-1,647,637,648,-1,648,637,638,-1,648,638,649,-1,649,638,639,-1,649,639,650,-1,623,626,624,-1,624,626,640,-1,624,640,651,-1,651,640,641,-1,651,641,652,-1,652,641,642,-1,652,642,653,-1,653,642,643,-1,653,643,654,-1,654,643,644,-1,654,644,655,-1,655,644,645,-1,655,645,656,-1,656,645,646,-1,656,646,657,-1,657,646,647,-1,657,647,658,-1,658,647,648,-1,658,648,659,-1,659,648,649,-1,659,649,660,-1,660,649,650,-1,660,650,661,-1,621,624,622,-1,622,624,651,-1,622,651,662,-1,662,651,652,-1,662,652,663,-1,663,652,653,-1,663,653,664,-1,664,653,654,-1,664,654,665,-1,665,654,655,-1,665,655,666,-1,666,655,656,-1,666,656,667,-1,667,656,657,-1,667,657,668,-1,668,657,658,-1,668,658,669,-1,669,658,659,-1,669,659,670,-1,670,659,660,-1,670,660,671,-1,671,660,661,-1,671,661,672,-1,620,622,619,-1,619,622,662,-1,619,662,618,-1,618,662,663,-1,618,663,617,-1,617,663,664,-1,617,664,616,-1,616,664,665,-1,616,665,615,-1,615,665,666,-1,615,666,614,-1,614,666,667,-1,614,667,613,-1,613,667,668,-1,613,668,612,-1,612,668,669,-1,612,669,611,-1,611,669,670,-1,611,670,610,-1,610,670,671,-1,610,671,607,-1,607,671,672,-1,607,672,608,-1,673,620,609,-1,673,609,674,-1,675,674,609,-1,676,675,609,-1,677,676,609,-1,678,677,609,-1,679,678,609,-1,680,679,609,-1,681,680,609,-1,682,681,609,-1,683,682,609,-1,608,683,609,-1,608,672,684,-1,672,661,685,-1,661,650,686,-1,650,639,687,-1,639,582,688,-1,639,688,687,-1,687,688,689,-1,687,689,690,-1,690,689,691,-1,690,691,692,-1,692,691,693,-1,692,693,694,-1,694,693,695,-1,694,695,696,-1,696,695,697,-1,696,697,698,-1,698,697,699,-1,698,699,700,-1,700,699,701,-1,700,701,702,-1,702,701,703,-1,702,703,704,-1,704,703,705,-1,704,705,706,-1,706,705,707,-1,706,707,708,-1,708,707,605,-1,708,605,627,-1,650,687,686,-1,686,687,690,-1,686,690,709,-1,709,690,692,-1,709,692,710,-1,710,692,694,-1,710,694,711,-1,711,694,696,-1,711,696,712,-1,712,696,698,-1,712,698,713,-1,713,698,700,-1,713,700,714,-1,714,700,702,-1,714,702,715,-1,715,702,704,-1,715,704,716,-1,716,704,706,-1,716,706,717,-1,717,706,708,-1,717,708,718,-1,718,708,627,-1,718,627,625,-1,661,686,685,-1,685,686,709,-1,685,709,719,-1,719,709,710,-1,719,710,720,-1,720,710,711,-1,720,711,721,-1,721,711,712,-1,721,712,722,-1,722,712,713,-1,722,713,723,-1,723,713,714,-1,723,714,724,-1,724,714,715,-1,724,715,725,-1,725,715,716,-1,725,716,726,-1,726,716,717,-1,726,717,727,-1,727,717,718,-1,727,718,728,-1,728,718,625,-1,728,625,623,-1,672,685,684,-1,684,685,719,-1,684,719,729,-1,729,719,720,-1,729,720,730,-1,730,720,721,-1,730,721,731,-1,731,721,722,-1,731,722,732,-1,732,722,723,-1,732,723,733,-1,733,723,724,-1,733,724,734,-1,734,724,725,-1,734,725,735,-1,735,725,726,-1,735,726,736,-1,736,726,727,-1,736,727,737,-1,737,727,728,-1,737,728,738,-1,738,728,623,-1,738,623,621,-1,608,684,683,-1,683,684,729,-1,683,729,682,-1,682,729,730,-1,682,730,681,-1,681,730,731,-1,681,731,680,-1,680,731,732,-1,680,732,679,-1,679,732,733,-1,679,733,678,-1,678,733,734,-1,678,734,677,-1,677,734,735,-1,677,735,676,-1,676,735,736,-1,676,736,675,-1,675,736,737,-1,675,737,674,-1,674,737,738,-1,674,738,673,-1,673,738,621,-1,673,621,620,-1,739,740,741,-1,739,741,742,-1,743,742,741,-1,744,743,741,-1,745,744,741,-1,746,745,741,-1,747,746,741,-1,748,747,741,-1,749,748,741,-1,750,749,741,-1,751,750,741,-1,752,751,741,-1,752,753,754,-1,753,755,756,-1,755,757,758,-1,757,759,760,-1,759,761,762,-1,759,762,760,-1,760,762,763,-1,760,763,764,-1,764,763,765,-1,764,765,766,-1,766,765,767,-1,766,767,768,-1,768,767,769,-1,768,769,770,-1,770,769,771,-1,770,771,772,-1,772,771,773,-1,772,773,774,-1,774,773,775,-1,774,775,776,-1,776,775,777,-1,776,777,778,-1,778,777,779,-1,778,779,780,-1,780,779,781,-1,780,781,782,-1,782,781,783,-1,782,783,784,-1,757,760,758,-1,758,760,764,-1,758,764,785,-1,785,764,766,-1,785,766,786,-1,786,766,768,-1,786,768,787,-1,787,768,770,-1,787,770,788,-1,788,770,772,-1,788,772,789,-1,789,772,774,-1,789,774,790,-1,790,774,776,-1,790,776,791,-1,791,776,778,-1,791,778,792,-1,792,778,780,-1,792,780,793,-1,793,780,782,-1,793,782,794,-1,794,782,784,-1,794,784,795,-1,755,758,756,-1,756,758,785,-1,756,785,796,-1,796,785,786,-1,796,786,797,-1,797,786,787,-1,797,787,798,-1,798,787,788,-1,798,788,799,-1,799,788,789,-1,799,789,800,-1,800,789,790,-1,800,790,801,-1,801,790,791,-1,801,791,802,-1,802,791,792,-1,802,792,803,-1,803,792,793,-1,803,793,804,-1,804,793,794,-1,804,794,805,-1,805,794,795,-1,805,795,806,-1,753,756,754,-1,754,756,796,-1,754,796,807,-1,807,796,797,-1,807,797,808,-1,808,797,798,-1,808,798,809,-1,809,798,799,-1,809,799,810,-1,810,799,800,-1,810,800,811,-1,811,800,801,-1,811,801,812,-1,812,801,802,-1,812,802,813,-1,813,802,803,-1,813,803,814,-1,814,803,804,-1,814,804,815,-1,815,804,805,-1,815,805,816,-1,816,805,806,-1,816,806,817,-1,752,754,751,-1,751,754,807,-1,751,807,750,-1,750,807,808,-1,750,808,749,-1,749,808,809,-1,749,809,748,-1,748,809,810,-1,748,810,747,-1,747,810,811,-1,747,811,746,-1,746,811,812,-1,746,812,745,-1,745,812,813,-1,745,813,744,-1,744,813,814,-1,744,814,743,-1,743,814,815,-1,743,815,742,-1,742,815,816,-1,742,816,739,-1,739,816,817,-1,739,817,740,-1,818,752,741,-1,818,741,819,-1,820,819,741,-1,821,820,741,-1,822,821,741,-1,823,822,741,-1,824,823,741,-1,825,824,741,-1,826,825,741,-1,827,826,741,-1,828,827,741,-1,740,828,741,-1,740,817,829,-1,817,806,830,-1,806,795,831,-1,795,784,832,-1,784,783,833,-1,784,833,832,-1,832,833,834,-1,832,834,835,-1,835,834,836,-1,835,836,837,-1,837,836,838,-1,837,838,839,-1,839,838,840,-1,839,840,841,-1,841,840,842,-1,841,842,843,-1,843,842,844,-1,843,844,845,-1,845,844,846,-1,845,846,847,-1,847,846,848,-1,847,848,849,-1,849,848,850,-1,849,850,851,-1,851,850,852,-1,851,852,853,-1,853,852,761,-1,853,761,759,-1,795,832,831,-1,831,832,835,-1,831,835,854,-1,854,835,837,-1,854,837,855,-1,855,837,839,-1,855,839,856,-1,856,839,841,-1,856,841,857,-1,857,841,843,-1,857,843,858,-1,858,843,845,-1,858,845,859,-1,859,845,847,-1,859,847,860,-1,860,847,849,-1,860,849,861,-1,861,849,851,-1,861,851,862,-1,862,851,853,-1,862,853,863,-1,863,853,759,-1,863,759,757,-1,806,831,830,-1,830,831,854,-1,830,854,864,-1,864,854,855,-1,864,855,865,-1,865,855,856,-1,865,856,866,-1,866,856,857,-1,866,857,867,-1,867,857,858,-1,867,858,868,-1,868,858,859,-1,868,859,869,-1,869,859,860,-1,869,860,870,-1,870,860,861,-1,870,861,871,-1,871,861,862,-1,871,862,872,-1,872,862,863,-1,872,863,873,-1,873,863,757,-1,873,757,755,-1,817,830,829,-1,829,830,864,-1,829,864,874,-1,874,864,865,-1,874,865,875,-1,875,865,866,-1,875,866,876,-1,876,866,867,-1,876,867,877,-1,877,867,868,-1,877,868,878,-1,878,868,869,-1,878,869,879,-1,879,869,870,-1,879,870,880,-1,880,870,871,-1,880,871,881,-1,881,871,872,-1,881,872,882,-1,882,872,873,-1,882,873,883,-1,883,873,755,-1,883,755,753,-1,740,829,828,-1,828,829,874,-1,828,874,827,-1,827,874,875,-1,827,875,826,-1,826,875,876,-1,826,876,825,-1,825,876,877,-1,825,877,824,-1,824,877,878,-1,824,878,823,-1,823,878,879,-1,823,879,822,-1,822,879,880,-1,822,880,821,-1,821,880,881,-1,821,881,820,-1,820,881,882,-1,820,882,819,-1,819,882,883,-1,819,883,818,-1,818,883,753,-1,818,753,752,-1,884,761,852,-1,884,852,885,-1,885,852,850,-1,885,850,886,-1,886,850,848,-1,886,848,887,-1,887,848,846,-1,887,846,888,-1,888,846,844,-1,888,844,889,-1,889,844,842,-1,889,842,890,-1,890,842,840,-1,890,840,891,-1,891,840,838,-1,891,838,892,-1,892,838,836,-1,892,836,893,-1,893,836,834,-1,893,834,894,-1,894,834,833,-1,894,833,895,-1,895,833,783,-1,895,783,896,-1,897,898,899,-1,897,899,900,-1,900,899,901,-1,900,901,902,-1,902,901,903,-1,902,903,904,-1,904,903,905,-1,904,905,906,-1,906,905,907,-1,906,907,908,-1,908,907,909,-1,908,909,910,-1,910,909,911,-1,910,911,912,-1,912,911,913,-1,912,913,914,-1,914,913,915,-1,914,915,916,-1,916,915,917,-1,916,917,918,-1,918,917,919,-1,918,919,920,-1,920,919,921,-1,920,921,922,-1,923,924,925,-1,923,925,926,-1,927,926,925,-1,928,927,925,-1,929,928,925,-1,930,929,925,-1,931,930,925,-1,932,931,925,-1,933,932,925,-1,934,933,925,-1,935,934,925,-1,936,935,925,-1,936,937,938,-1,937,939,940,-1,939,941,942,-1,941,943,944,-1,943,921,919,-1,943,919,944,-1,944,919,917,-1,944,917,945,-1,945,917,915,-1,945,915,946,-1,946,915,913,-1,946,913,947,-1,947,913,911,-1,947,911,948,-1,948,911,909,-1,948,909,949,-1,949,909,907,-1,949,907,950,-1,950,907,905,-1,950,905,951,-1,951,905,903,-1,951,903,952,-1,952,903,901,-1,952,901,953,-1,953,901,899,-1,953,899,954,-1,954,899,898,-1,954,898,955,-1,941,944,942,-1,942,944,945,-1,942,945,956,-1,956,945,946,-1,956,946,957,-1,957,946,947,-1,957,947,958,-1,958,947,948,-1,958,948,959,-1,959,948,949,-1,959,949,960,-1,960,949,950,-1,960,950,961,-1,961,950,951,-1,961,951,962,-1,962,951,952,-1,962,952,963,-1,963,952,953,-1,963,953,964,-1,964,953,954,-1,964,954,965,-1,965,954,955,-1,965,955,966,-1,939,942,940,-1,940,942,956,-1,940,956,967,-1,967,956,957,-1,967,957,968,-1,968,957,958,-1,968,958,969,-1,969,958,959,-1,969,959,970,-1,970,959,960,-1,970,960,971,-1,971,960,961,-1,971,961,972,-1,972,961,962,-1,972,962,973,-1,973,962,963,-1,973,963,974,-1,974,963,964,-1,974,964,975,-1,975,964,965,-1,975,965,976,-1,976,965,966,-1,976,966,977,-1,937,940,938,-1,938,940,967,-1,938,967,978,-1,978,967,968,-1,978,968,979,-1,979,968,969,-1,979,969,980,-1,980,969,970,-1,980,970,981,-1,981,970,971,-1,981,971,982,-1,982,971,972,-1,982,972,983,-1,983,972,973,-1,983,973,984,-1,984,973,974,-1,984,974,985,-1,985,974,975,-1,985,975,986,-1,986,975,976,-1,986,976,987,-1,987,976,977,-1,987,977,988,-1,936,938,935,-1,935,938,978,-1,935,978,934,-1,934,978,979,-1,934,979,933,-1,933,979,980,-1,933,980,932,-1,932,980,981,-1,932,981,931,-1,931,981,982,-1,931,982,930,-1,930,982,983,-1,930,983,929,-1,929,983,984,-1,929,984,928,-1,928,984,985,-1,928,985,927,-1,927,985,986,-1,927,986,926,-1,926,986,987,-1,926,987,923,-1,923,987,988,-1,923,988,924,-1,989,936,925,-1,989,925,990,-1,991,990,925,-1,992,991,925,-1,993,992,925,-1,994,993,925,-1,995,994,925,-1,996,995,925,-1,997,996,925,-1,998,997,925,-1,999,998,925,-1,924,999,925,-1,924,988,1000,-1,988,977,1001,-1,977,966,1002,-1,966,955,1003,-1,955,898,1004,-1,955,1004,1003,-1,1003,1004,1005,-1,1003,1005,1006,-1,1006,1005,1007,-1,1006,1007,1008,-1,1008,1007,1009,-1,1008,1009,1010,-1,1010,1009,1011,-1,1010,1011,1012,-1,1012,1011,1013,-1,1012,1013,1014,-1,1014,1013,1015,-1,1014,1015,1016,-1,1016,1015,1017,-1,1016,1017,1018,-1,1018,1017,1019,-1,1018,1019,1020,-1,1020,1019,1021,-1,1020,1021,1022,-1,1022,1021,1023,-1,1022,1023,1024,-1,1024,1023,921,-1,1024,921,943,-1,966,1003,1002,-1,1002,1003,1006,-1,1002,1006,1025,-1,1025,1006,1008,-1,1025,1008,1026,-1,1026,1008,1010,-1,1026,1010,1027,-1,1027,1010,1012,-1,1027,1012,1028,-1,1028,1012,1014,-1,1028,1014,1029,-1,1029,1014,1016,-1,1029,1016,1030,-1,1030,1016,1018,-1,1030,1018,1031,-1,1031,1018,1020,-1,1031,1020,1032,-1,1032,1020,1022,-1,1032,1022,1033,-1,1033,1022,1024,-1,1033,1024,1034,-1,1034,1024,943,-1,1034,943,941,-1,977,1002,1001,-1,1001,1002,1025,-1,1001,1025,1035,-1,1035,1025,1026,-1,1035,1026,1036,-1,1036,1026,1027,-1,1036,1027,1037,-1,1037,1027,1028,-1,1037,1028,1038,-1,1038,1028,1029,-1,1038,1029,1039,-1,1039,1029,1030,-1,1039,1030,1040,-1,1040,1030,1031,-1,1040,1031,1041,-1,1041,1031,1032,-1,1041,1032,1042,-1,1042,1032,1033,-1,1042,1033,1043,-1,1043,1033,1034,-1,1043,1034,1044,-1,1044,1034,941,-1,1044,941,939,-1,988,1001,1000,-1,1000,1001,1035,-1,1000,1035,1045,-1,1045,1035,1036,-1,1045,1036,1046,-1,1046,1036,1037,-1,1046,1037,1047,-1,1047,1037,1038,-1,1047,1038,1048,-1,1048,1038,1039,-1,1048,1039,1049,-1,1049,1039,1040,-1,1049,1040,1050,-1,1050,1040,1041,-1,1050,1041,1051,-1,1051,1041,1042,-1,1051,1042,1052,-1,1052,1042,1043,-1,1052,1043,1053,-1,1053,1043,1044,-1,1053,1044,1054,-1,1054,1044,939,-1,1054,939,937,-1,924,1000,999,-1,999,1000,1045,-1,999,1045,998,-1,998,1045,1046,-1,998,1046,997,-1,997,1046,1047,-1,997,1047,996,-1,996,1047,1048,-1,996,1048,995,-1,995,1048,1049,-1,995,1049,994,-1,994,1049,1050,-1,994,1050,993,-1,993,1050,1051,-1,993,1051,992,-1,992,1051,1052,-1,992,1052,991,-1,991,1052,1053,-1,991,1053,990,-1,990,1053,1054,-1,990,1054,989,-1,989,1054,937,-1,989,937,936,-1,1055,1056,1057,-1,1055,1057,1058,-1,1058,1057,1059,-1,1058,1059,1060,-1,1060,1059,1061,-1,1060,1061,1062,-1,1062,1061,1063,-1,1062,1063,1064,-1,1064,1063,1065,-1,1064,1065,1066,-1,1066,1065,1067,-1,1066,1067,1068,-1,1068,1067,1069,-1,1068,1069,1070,-1,1070,1069,1071,-1,1070,1071,1072,-1,1072,1071,1073,-1,1072,1073,1074,-1,1074,1073,1075,-1,1074,1075,1076,-1,1076,1075,1077,-1,1076,1077,1078,-1,1078,1077,1079,-1,1078,1079,1080,-1,1081,1082,1083,-1,1081,1083,1084,-1,1085,1084,1083,-1,1086,1085,1083,-1,1087,1086,1083,-1,1088,1087,1083,-1,1089,1088,1083,-1,1090,1089,1083,-1,1091,1090,1083,-1,1092,1091,1083,-1,1093,1092,1083,-1,1094,1093,1083,-1,1094,1095,1096,-1,1095,1097,1098,-1,1097,1099,1100,-1,1099,1101,1102,-1,1101,1079,1077,-1,1101,1077,1102,-1,1102,1077,1075,-1,1102,1075,1103,-1,1103,1075,1073,-1,1103,1073,1104,-1,1104,1073,1071,-1,1104,1071,1105,-1,1105,1071,1069,-1,1105,1069,1106,-1,1106,1069,1067,-1,1106,1067,1107,-1,1107,1067,1065,-1,1107,1065,1108,-1,1108,1065,1063,-1,1108,1063,1109,-1,1109,1063,1061,-1,1109,1061,1110,-1,1110,1061,1059,-1,1110,1059,1111,-1,1111,1059,1057,-1,1111,1057,1112,-1,1112,1057,1056,-1,1112,1056,1113,-1,1099,1102,1100,-1,1100,1102,1103,-1,1100,1103,1114,-1,1114,1103,1104,-1,1114,1104,1115,-1,1115,1104,1105,-1,1115,1105,1116,-1,1116,1105,1106,-1,1116,1106,1117,-1,1117,1106,1107,-1,1117,1107,1118,-1,1118,1107,1108,-1,1118,1108,1119,-1,1119,1108,1109,-1,1119,1109,1120,-1,1120,1109,1110,-1,1120,1110,1121,-1,1121,1110,1111,-1,1121,1111,1122,-1,1122,1111,1112,-1,1122,1112,1123,-1,1123,1112,1113,-1,1123,1113,1124,-1,1097,1100,1098,-1,1098,1100,1114,-1,1098,1114,1125,-1,1125,1114,1115,-1,1125,1115,1126,-1,1126,1115,1116,-1,1126,1116,1127,-1,1127,1116,1117,-1,1127,1117,1128,-1,1128,1117,1118,-1,1128,1118,1129,-1,1129,1118,1119,-1,1129,1119,1130,-1,1130,1119,1120,-1,1130,1120,1131,-1,1131,1120,1121,-1,1131,1121,1132,-1,1132,1121,1122,-1,1132,1122,1133,-1,1133,1122,1123,-1,1133,1123,1134,-1,1134,1123,1124,-1,1134,1124,1135,-1,1095,1098,1096,-1,1096,1098,1125,-1,1096,1125,1136,-1,1136,1125,1126,-1,1136,1126,1137,-1,1137,1126,1127,-1,1137,1127,1138,-1,1138,1127,1128,-1,1138,1128,1139,-1,1139,1128,1129,-1,1139,1129,1140,-1,1140,1129,1130,-1,1140,1130,1141,-1,1141,1130,1131,-1,1141,1131,1142,-1,1142,1131,1132,-1,1142,1132,1143,-1,1143,1132,1133,-1,1143,1133,1144,-1,1144,1133,1134,-1,1144,1134,1145,-1,1145,1134,1135,-1,1145,1135,1146,-1,1094,1096,1093,-1,1093,1096,1136,-1,1093,1136,1092,-1,1092,1136,1137,-1,1092,1137,1091,-1,1091,1137,1138,-1,1091,1138,1090,-1,1090,1138,1139,-1,1090,1139,1089,-1,1089,1139,1140,-1,1089,1140,1088,-1,1088,1140,1141,-1,1088,1141,1087,-1,1087,1141,1142,-1,1087,1142,1086,-1,1086,1142,1143,-1,1086,1143,1085,-1,1085,1143,1144,-1,1085,1144,1084,-1,1084,1144,1145,-1,1084,1145,1081,-1,1081,1145,1146,-1,1081,1146,1082,-1,1147,1094,1083,-1,1147,1083,1148,-1,1149,1148,1083,-1,1150,1149,1083,-1,1151,1150,1083,-1,1152,1151,1083,-1,1153,1152,1083,-1,1154,1153,1083,-1,1155,1154,1083,-1,1156,1155,1083,-1,1157,1156,1083,-1,1082,1157,1083,-1,1082,1146,1158,-1,1146,1135,1159,-1,1135,1124,1160,-1,1124,1113,1161,-1,1113,1056,1162,-1,1113,1162,1161,-1,1161,1162,1163,-1,1161,1163,1164,-1,1164,1163,1165,-1,1164,1165,1166,-1,1166,1165,1167,-1,1166,1167,1168,-1,1168,1167,1169,-1,1168,1169,1170,-1,1170,1169,1171,-1,1170,1171,1172,-1,1172,1171,1173,-1,1172,1173,1174,-1,1174,1173,1175,-1,1174,1175,1176,-1,1176,1175,1177,-1,1176,1177,1178,-1,1178,1177,1179,-1,1178,1179,1180,-1,1180,1179,1181,-1,1180,1181,1182,-1,1182,1181,1079,-1,1182,1079,1101,-1,1124,1161,1160,-1,1160,1161,1164,-1,1160,1164,1183,-1,1183,1164,1166,-1,1183,1166,1184,-1,1184,1166,1168,-1,1184,1168,1185,-1,1185,1168,1170,-1,1185,1170,1186,-1,1186,1170,1172,-1,1186,1172,1187,-1,1187,1172,1174,-1,1187,1174,1188,-1,1188,1174,1176,-1,1188,1176,1189,-1,1189,1176,1178,-1,1189,1178,1190,-1,1190,1178,1180,-1,1190,1180,1191,-1,1191,1180,1182,-1,1191,1182,1192,-1,1192,1182,1101,-1,1192,1101,1099,-1,1135,1160,1159,-1,1159,1160,1183,-1,1159,1183,1193,-1,1193,1183,1184,-1,1193,1184,1194,-1,1194,1184,1185,-1,1194,1185,1195,-1,1195,1185,1186,-1,1195,1186,1196,-1,1196,1186,1187,-1,1196,1187,1197,-1,1197,1187,1188,-1,1197,1188,1198,-1,1198,1188,1189,-1,1198,1189,1199,-1,1199,1189,1190,-1,1199,1190,1200,-1,1200,1190,1191,-1,1200,1191,1201,-1,1201,1191,1192,-1,1201,1192,1202,-1,1202,1192,1099,-1,1202,1099,1097,-1,1146,1159,1158,-1,1158,1159,1193,-1,1158,1193,1203,-1,1203,1193,1194,-1,1203,1194,1204,-1,1204,1194,1195,-1,1204,1195,1205,-1,1205,1195,1196,-1,1205,1196,1206,-1,1206,1196,1197,-1,1206,1197,1207,-1,1207,1197,1198,-1,1207,1198,1208,-1,1208,1198,1199,-1,1208,1199,1209,-1,1209,1199,1200,-1,1209,1200,1210,-1,1210,1200,1201,-1,1210,1201,1211,-1,1211,1201,1202,-1,1211,1202,1212,-1,1212,1202,1097,-1,1212,1097,1095,-1,1082,1158,1157,-1,1157,1158,1203,-1,1157,1203,1156,-1,1156,1203,1204,-1,1156,1204,1155,-1,1155,1204,1205,-1,1155,1205,1154,-1,1154,1205,1206,-1,1154,1206,1153,-1,1153,1206,1207,-1,1153,1207,1152,-1,1152,1207,1208,-1,1152,1208,1151,-1,1151,1208,1209,-1,1151,1209,1150,-1,1150,1209,1210,-1,1150,1210,1149,-1,1149,1210,1211,-1,1149,1211,1148,-1,1148,1211,1212,-1,1148,1212,1147,-1,1147,1212,1095,-1,1147,1095,1094,-1,1213,1214,1215,-1,1216,1214,1213,-1,1217,1216,1213,-1,1213,1218,1219,-1,1220,1218,1213,-1,1215,1220,1213,-1,1213,1221,1222,-1,1223,1221,1213,-1,1219,1223,1213,-1,1213,1224,1225,-1,1226,1224,1213,-1,1222,1226,1213,-1,1213,1227,1228,-1,1229,1227,1213,-1,1225,1229,1213,-1,1213,1230,1231,-1,1232,1230,1213,-1,1228,1232,1213,-1,1213,1233,1234,-1,1235,1233,1213,-1,1231,1235,1213,-1,1213,1236,1217,-1,1237,1236,1213,-1,1234,1237,1213,-1,1238,1239,1240,-1,1241,1239,1238,-1,1242,1241,1238,-1,1238,1243,1244,-1,1245,1243,1238,-1,1240,1245,1238,-1,1238,1246,1247,-1,1248,1246,1238,-1,1244,1248,1238,-1,1238,1249,1250,-1,1251,1249,1238,-1,1247,1251,1238,-1,1238,1252,1253,-1,1254,1252,1238,-1,1250,1254,1238,-1,1238,1255,1256,-1,1257,1255,1238,-1,1253,1257,1238,-1,1238,1258,1259,-1,1260,1258,1238,-1,1256,1260,1238,-1,1238,1261,1242,-1,1262,1261,1238,-1,1259,1262,1238,-1,1263,1264,1265,-1,1266,1264,1263,-1,1267,1266,1263,-1,1263,1268,1269,-1,1270,1268,1263,-1,1265,1270,1263,-1,1263,1271,1272,-1,1273,1271,1263,-1,1269,1273,1263,-1,1263,1274,1275,-1,1276,1274,1263,-1,1272,1276,1263,-1,1263,1277,1278,-1,1279,1277,1263,-1,1275,1279,1263,-1,1263,1280,1281,-1,1282,1280,1263,-1,1278,1282,1263,-1,1263,1283,1284,-1,1285,1283,1263,-1,1281,1285,1263,-1,1263,1286,1267,-1,1287,1286,1263,-1,1284,1287,1263,-1,1288,1289,1290,-1,1291,1289,1288,-1,1292,1291,1288,-1,1288,1293,1294,-1,1295,1293,1288,-1,1290,1295,1288,-1,1288,1296,1297,-1,1298,1296,1288,-1,1294,1298,1288,-1,1288,1299,1300,-1,1301,1299,1288,-1,1297,1301,1288,-1,1288,1302,1303,-1,1304,1302,1288,-1,1300,1304,1288,-1,1288,1305,1306,-1,1307,1305,1288,-1,1303,1307,1288,-1,1288,1308,1309,-1,1310,1308,1288,-1,1306,1310,1288,-1,1288,1311,1292,-1,1312,1311,1288,-1,1309,1312,1288,-1,1215,1313,1220,-1,1220,1313,1314,-1,1220,1314,1218,-1,1218,1314,1315,-1,1218,1315,1219,-1,1219,1315,1316,-1,1219,1316,1223,-1,1223,1316,1317,-1,1223,1317,1221,-1,1221,1317,1318,-1,1221,1318,1222,-1,1222,1318,1319,-1,1222,1319,1226,-1,1226,1319,1320,-1,1226,1320,1224,-1,1224,1320,1321,-1,1224,1321,1225,-1,1225,1321,1322,-1,1225,1322,1229,-1,1229,1322,1323,-1,1229,1323,1227,-1,1227,1323,1324,-1,1227,1324,1228,-1,1228,1324,1325,-1,1228,1325,1232,-1,1232,1325,1326,-1,1232,1326,1230,-1,1230,1326,1327,-1,1230,1327,1231,-1,1231,1327,1328,-1,1231,1328,1235,-1,1235,1328,1329,-1,1235,1329,1233,-1,1233,1329,1330,-1,1233,1330,1234,-1,1234,1330,1331,-1,1234,1331,1237,-1,1237,1331,1332,-1,1237,1332,1236,-1,1236,1332,1333,-1,1236,1333,1217,-1,1217,1333,1334,-1,1217,1334,1216,-1,1216,1334,1335,-1,1216,1335,1214,-1,1214,1335,1336,-1,1214,1336,1215,-1,1215,1336,1313,-1,1337,1338,1339,-1,1339,1338,1340,-1,1341,1342,1343,-1,1344,1345,1346,-1,1341,1343,1339,-1,1339,1343,1347,-1,1339,1347,1348,-1,1348,1349,1339,-1,1339,1349,1350,-1,1339,1350,1337,-1,1351,1344,1352,-1,1352,1344,1353,-1,1340,1354,1339,-1,1339,1354,1344,-1,1339,1344,1355,-1,1355,1344,1346,-1,1342,1356,1343,-1,1343,1356,1357,-1,1343,1357,1358,-1,1351,1359,1344,-1,1344,1359,1360,-1,1344,1360,1345,-1,1257,1361,1255,-1,1255,1361,1362,-1,1255,1362,1256,-1,1256,1362,1363,-1,1256,1363,1260,-1,1260,1363,1364,-1,1260,1364,1258,-1,1258,1364,1365,-1,1258,1365,1259,-1,1259,1365,1366,-1,1259,1366,1262,-1,1262,1366,1367,-1,1262,1367,1261,-1,1261,1367,1368,-1,1261,1368,1242,-1,1242,1368,1369,-1,1242,1369,1241,-1,1241,1369,1370,-1,1241,1370,1239,-1,1239,1370,1371,-1,1239,1371,1240,-1,1240,1371,1372,-1,1240,1372,1245,-1,1245,1372,1373,-1,1245,1373,1243,-1,1243,1373,1374,-1,1243,1374,1244,-1,1244,1374,1375,-1,1244,1375,1248,-1,1248,1375,1376,-1,1248,1376,1246,-1,1246,1376,1377,-1,1246,1377,1247,-1,1247,1377,1378,-1,1247,1378,1251,-1,1251,1378,1379,-1,1251,1379,1249,-1,1249,1379,1380,-1,1249,1380,1250,-1,1250,1380,1381,-1,1250,1381,1254,-1,1254,1381,1382,-1,1254,1382,1252,-1,1252,1382,1383,-1,1252,1383,1253,-1,1253,1383,1384,-1,1253,1384,1257,-1,1257,1384,1361,-1,1269,1385,1273,-1,1273,1385,1386,-1,1273,1386,1271,-1,1271,1386,1387,-1,1271,1387,1272,-1,1272,1387,1388,-1,1272,1388,1276,-1,1276,1388,1389,-1,1276,1389,1274,-1,1274,1389,1390,-1,1274,1390,1275,-1,1275,1390,1391,-1,1275,1391,1279,-1,1279,1391,1392,-1,1279,1392,1277,-1,1277,1392,1393,-1,1277,1393,1278,-1,1278,1393,1394,-1,1278,1394,1282,-1,1282,1394,1395,-1,1282,1395,1280,-1,1280,1395,1396,-1,1280,1396,1281,-1,1281,1396,1397,-1,1281,1397,1285,-1,1285,1397,1398,-1,1285,1398,1283,-1,1283,1398,1399,-1,1283,1399,1284,-1,1284,1399,1400,-1,1284,1400,1287,-1,1287,1400,1401,-1,1287,1401,1286,-1,1286,1401,1402,-1,1286,1402,1267,-1,1267,1402,1403,-1,1267,1403,1266,-1,1266,1403,1404,-1,1266,1404,1264,-1,1264,1404,1405,-1,1264,1405,1265,-1,1265,1405,1406,-1,1265,1406,1270,-1,1270,1406,1407,-1,1270,1407,1268,-1,1268,1407,1408,-1,1268,1408,1269,-1,1269,1408,1385,-1,1409,1410,1411,-1,1410,1412,1411,-1,1411,1412,1413,-1,1411,1413,1414,-1,1415,1416,1417,-1,1409,1411,1417,-1,1417,1411,1418,-1,1417,1418,1415,-1,1413,1419,1414,-1,1414,1419,1420,-1,1414,1420,1421,-1,1422,1423,1424,-1,1425,1426,1427,-1,1427,1426,1428,-1,1416,1429,1417,-1,1417,1429,1426,-1,1417,1426,1430,-1,1430,1426,1425,-1,1421,1431,1414,-1,1414,1431,1422,-1,1414,1422,1432,-1,1432,1422,1424,-1,1297,1433,1301,-1,1301,1433,1434,-1,1301,1434,1299,-1,1299,1434,1435,-1,1299,1435,1300,-1,1300,1435,1436,-1,1300,1436,1304,-1,1304,1436,1437,-1,1304,1437,1302,-1,1302,1437,1438,-1,1302,1438,1303,-1,1303,1438,1439,-1,1303,1439,1307,-1,1307,1439,1440,-1,1307,1440,1305,-1,1305,1440,1441,-1,1305,1441,1306,-1,1306,1441,1442,-1,1306,1442,1310,-1,1310,1442,1443,-1,1310,1443,1308,-1,1308,1443,1444,-1,1308,1444,1309,-1,1309,1444,1445,-1,1309,1445,1312,-1,1312,1445,1446,-1,1312,1446,1311,-1,1311,1446,1447,-1,1311,1447,1292,-1,1292,1447,1448,-1,1292,1448,1291,-1,1291,1448,1449,-1,1291,1449,1289,-1,1289,1449,1450,-1,1289,1450,1290,-1,1290,1450,1451,-1,1290,1451,1295,-1,1295,1451,1452,-1,1295,1452,1293,-1,1293,1452,1453,-1,1293,1453,1294,-1,1294,1453,1454,-1,1294,1454,1298,-1,1298,1454,1455,-1,1298,1455,1296,-1,1296,1455,1456,-1,1296,1456,1297,-1,1297,1456,1433,-1,1457,1458,1459,-1,1458,1460,1459,-1,1459,1460,1461,-1,1459,1461,1462,-1,1463,1464,1459,-1,1459,1464,1465,-1,1466,1467,1468,-1,1457,1459,1468,-1,1468,1459,1469,-1,1468,1469,1466,-1,1462,1470,1459,-1,1459,1470,1471,-1,1459,1471,1463,-1,1465,1472,1459,-1,1459,1472,1473,-1,1459,1473,1474,-1,1467,1475,1468,-1,1468,1475,1476,-1,1468,1476,1477,-1,1477,1478,1468,-1,1468,1478,1479,-1,1468,1479,1480,-1,1334,1481,1482,-1,1334,1482,1335,-1,1335,1482,1483,-1,1335,1483,1336,-1,1336,1483,1484,-1,1336,1484,1313,-1,1313,1484,1485,-1,1313,1485,1314,-1,1314,1485,1486,-1,1314,1486,1315,-1,1315,1486,1487,-1,1315,1487,1316,-1,1316,1487,1488,-1,1316,1488,1317,-1,1317,1488,1489,-1,1317,1489,1318,-1,1318,1489,1490,-1,1318,1490,1319,-1,1319,1490,1491,-1,1319,1491,1320,-1,1320,1491,1492,-1,1320,1492,1321,-1,1321,1492,1493,-1,1321,1493,1322,-1,1322,1493,1494,-1,1322,1494,1323,-1,1323,1494,1495,-1,1323,1495,1324,-1,1324,1495,1496,-1,1324,1496,1325,-1,1325,1496,1497,-1,1325,1497,1326,-1,1326,1497,1498,-1,1326,1498,1327,-1,1327,1498,1499,-1,1327,1499,1328,-1,1328,1499,1500,-1,1328,1500,1329,-1,1329,1500,1501,-1,1329,1501,1330,-1,1330,1501,1502,-1,1330,1502,1331,-1,1331,1502,1503,-1,1331,1503,1332,-1,1332,1503,1504,-1,1332,1504,1333,-1,1333,1504,1481,-1,1333,1481,1334,-1,1351,1505,1506,-1,1351,1506,1359,-1,1359,1506,1507,-1,1359,1507,1360,-1,1360,1507,1508,-1,1360,1508,1345,-1,1345,1508,1509,-1,1345,1509,1346,-1,1346,1509,1510,-1,1346,1510,1355,-1,1355,1510,1511,-1,1355,1511,1339,-1,1339,1511,1512,-1,1339,1512,1341,-1,1341,1512,1513,-1,1341,1513,1342,-1,1342,1513,1514,-1,1342,1514,1356,-1,1356,1514,1515,-1,1356,1515,1357,-1,1357,1515,1516,-1,1357,1516,1358,-1,1358,1516,1517,-1,1358,1517,1343,-1,1343,1517,1518,-1,1343,1518,1347,-1,1347,1518,1519,-1,1347,1519,1348,-1,1348,1519,1520,-1,1348,1520,1349,-1,1349,1520,1521,-1,1349,1521,1350,-1,1350,1521,1522,-1,1350,1522,1337,-1,1337,1522,1523,-1,1337,1523,1338,-1,1338,1523,1524,-1,1338,1524,1340,-1,1340,1524,1525,-1,1340,1525,1354,-1,1354,1525,1526,-1,1354,1526,1344,-1,1344,1526,1527,-1,1344,1527,1353,-1,1353,1527,1528,-1,1353,1528,1352,-1,1352,1528,1505,-1,1352,1505,1351,-1,1369,1529,1530,-1,1369,1530,1370,-1,1370,1530,1531,-1,1370,1531,1371,-1,1371,1531,1532,-1,1371,1532,1372,-1,1372,1532,1533,-1,1372,1533,1373,-1,1373,1533,1534,-1,1373,1534,1374,-1,1374,1534,1535,-1,1374,1535,1375,-1,1375,1535,1536,-1,1375,1536,1376,-1,1376,1536,1537,-1,1376,1537,1377,-1,1377,1537,1538,-1,1377,1538,1378,-1,1378,1538,1539,-1,1378,1539,1379,-1,1379,1539,1540,-1,1379,1540,1380,-1,1380,1540,1541,-1,1380,1541,1381,-1,1381,1541,1542,-1,1381,1542,1382,-1,1382,1542,1543,-1,1382,1543,1383,-1,1383,1543,1544,-1,1383,1544,1384,-1,1384,1544,1545,-1,1384,1545,1361,-1,1361,1545,1546,-1,1361,1546,1362,-1,1362,1546,1547,-1,1362,1547,1363,-1,1363,1547,1548,-1,1363,1548,1364,-1,1364,1548,1549,-1,1364,1549,1365,-1,1365,1549,1550,-1,1365,1550,1366,-1,1366,1550,1551,-1,1366,1551,1367,-1,1367,1551,1552,-1,1367,1552,1368,-1,1368,1552,1529,-1,1368,1529,1369,-1,1403,1553,1554,-1,1403,1554,1404,-1,1404,1554,1555,-1,1404,1555,1405,-1,1405,1555,1556,-1,1405,1556,1406,-1,1406,1556,1557,-1,1406,1557,1407,-1,1407,1557,1558,-1,1407,1558,1408,-1,1408,1558,1559,-1,1408,1559,1385,-1,1385,1559,1560,-1,1385,1560,1386,-1,1386,1560,1561,-1,1386,1561,1387,-1,1387,1561,1562,-1,1387,1562,1388,-1,1388,1562,1563,-1,1388,1563,1389,-1,1389,1563,1564,-1,1389,1564,1390,-1,1390,1564,1565,-1,1390,1565,1391,-1,1391,1565,1566,-1,1391,1566,1392,-1,1392,1566,1567,-1,1392,1567,1393,-1,1393,1567,1568,-1,1393,1568,1394,-1,1394,1568,1569,-1,1394,1569,1395,-1,1395,1569,1570,-1,1395,1570,1396,-1,1396,1570,1571,-1,1396,1571,1397,-1,1397,1571,1572,-1,1397,1572,1398,-1,1398,1572,1573,-1,1398,1573,1399,-1,1399,1573,1574,-1,1399,1574,1400,-1,1400,1574,1575,-1,1400,1575,1401,-1,1401,1575,1576,-1,1401,1576,1402,-1,1402,1576,1553,-1,1402,1553,1403,-1,1431,1577,1578,-1,1431,1578,1422,-1,1422,1578,1579,-1,1422,1579,1423,-1,1423,1579,1580,-1,1423,1580,1424,-1,1424,1580,1581,-1,1424,1581,1432,-1,1432,1581,1582,-1,1432,1582,1414,-1,1414,1582,1583,-1,1414,1583,1411,-1,1411,1583,1584,-1,1411,1584,1418,-1,1418,1584,1585,-1,1418,1585,1415,-1,1415,1585,1586,-1,1415,1586,1416,-1,1416,1586,1587,-1,1416,1587,1429,-1,1429,1587,1588,-1,1429,1588,1426,-1,1426,1588,1589,-1,1426,1589,1428,-1,1428,1589,1590,-1,1428,1590,1427,-1,1427,1590,1591,-1,1427,1591,1425,-1,1425,1591,1592,-1,1425,1592,1430,-1,1430,1592,1593,-1,1430,1593,1417,-1,1417,1593,1594,-1,1417,1594,1409,-1,1409,1594,1595,-1,1409,1595,1410,-1,1410,1595,1596,-1,1410,1596,1412,-1,1412,1596,1597,-1,1412,1597,1413,-1,1413,1597,1598,-1,1413,1598,1419,-1,1419,1598,1599,-1,1419,1599,1420,-1,1420,1599,1600,-1,1420,1600,1421,-1,1421,1600,1577,-1,1421,1577,1431,-1,1448,1601,1602,-1,1448,1602,1449,-1,1449,1602,1603,-1,1449,1603,1450,-1,1450,1603,1604,-1,1450,1604,1451,-1,1451,1604,1605,-1,1451,1605,1452,-1,1452,1605,1606,-1,1452,1606,1453,-1,1453,1606,1607,-1,1453,1607,1454,-1,1454,1607,1608,-1,1454,1608,1455,-1,1455,1608,1609,-1,1455,1609,1456,-1,1456,1609,1610,-1,1456,1610,1433,-1,1433,1610,1611,-1,1433,1611,1434,-1,1434,1611,1612,-1,1434,1612,1435,-1,1435,1612,1613,-1,1435,1613,1436,-1,1436,1613,1614,-1,1436,1614,1437,-1,1437,1614,1615,-1,1437,1615,1438,-1,1438,1615,1616,-1,1438,1616,1439,-1,1439,1616,1617,-1,1439,1617,1440,-1,1440,1617,1618,-1,1440,1618,1441,-1,1441,1618,1619,-1,1441,1619,1442,-1,1442,1619,1620,-1,1442,1620,1443,-1,1443,1620,1621,-1,1443,1621,1444,-1,1444,1621,1622,-1,1444,1622,1445,-1,1445,1622,1623,-1,1445,1623,1446,-1,1446,1623,1624,-1,1446,1624,1447,-1,1447,1624,1601,-1,1447,1601,1448,-1,1474,1625,1626,-1,1474,1626,1459,-1,1459,1626,1627,-1,1459,1627,1469,-1,1469,1627,1628,-1,1469,1628,1466,-1,1466,1628,1629,-1,1466,1629,1467,-1,1467,1629,1630,-1,1467,1630,1475,-1,1475,1630,1631,-1,1475,1631,1476,-1,1476,1631,1632,-1,1476,1632,1477,-1,1477,1632,1633,-1,1477,1633,1478,-1,1478,1633,1634,-1,1478,1634,1479,-1,1479,1634,1635,-1,1479,1635,1480,-1,1480,1635,1636,-1,1480,1636,1468,-1,1468,1636,1637,-1,1468,1637,1457,-1,1457,1637,1638,-1,1457,1638,1458,-1,1458,1638,1639,-1,1458,1639,1460,-1,1460,1639,1640,-1,1460,1640,1461,-1,1461,1640,1641,-1,1461,1641,1462,-1,1462,1641,1642,-1,1462,1642,1470,-1,1470,1642,1643,-1,1470,1643,1471,-1,1471,1643,1644,-1,1471,1644,1463,-1,1463,1644,1645,-1,1463,1645,1464,-1,1464,1645,1646,-1,1464,1646,1465,-1,1465,1646,1647,-1,1465,1647,1472,-1,1472,1647,1648,-1,1472,1648,1473,-1,1473,1648,1625,-1,1473,1625,1474,-1,1649,1493,1492,-1,1649,1492,1650,-1,1650,1492,1491,-1,1650,1491,1651,-1,1651,1491,1490,-1,1651,1490,1652,-1,1652,1490,1489,-1,1652,1489,1653,-1,1653,1489,1488,-1,1653,1488,1654,-1,1654,1488,1487,-1,1654,1487,1655,-1,1655,1487,1486,-1,1655,1486,1656,-1,1656,1486,1485,-1,1656,1485,1657,-1,1657,1485,1484,-1,1657,1484,1658,-1,1658,1484,1483,-1,1658,1483,1659,-1,1659,1483,1482,-1,1659,1482,1660,-1,1660,1482,1481,-1,1660,1481,1661,-1,1661,1481,1504,-1,1661,1504,1662,-1,1662,1504,1503,-1,1662,1503,1663,-1,1663,1503,1502,-1,1663,1502,1664,-1,1664,1502,1501,-1,1664,1501,1665,-1,1665,1501,1666,-1,1666,1501,1500,-1,1666,1500,1667,-1,1667,1500,1499,-1,1667,1499,1668,-1,1668,1499,1498,-1,1668,1498,1669,-1,1669,1498,1670,-1,1670,1498,1497,-1,1670,1497,1671,-1,1671,1497,1496,-1,1671,1496,1672,-1,1672,1496,1495,-1,1672,1495,1673,-1,1673,1495,1494,-1,1673,1494,1674,-1,1674,1494,1493,-1,1674,1493,1649,-1,1517,1516,1675,-1,1675,1516,1676,-1,1676,1516,1677,-1,1677,1516,1515,-1,1677,1515,1678,-1,1678,1515,1514,-1,1678,1514,1679,-1,1679,1514,1513,-1,1679,1513,1680,-1,1680,1513,1512,-1,1680,1512,1681,-1,1681,1512,1511,-1,1681,1511,1682,-1,1682,1511,1510,-1,1682,1510,1683,-1,1683,1510,1509,-1,1683,1509,1684,-1,1684,1509,1508,-1,1684,1508,1685,-1,1685,1508,1507,-1,1685,1507,1686,-1,1686,1507,1687,-1,1687,1507,1506,-1,1687,1506,1688,-1,1688,1506,1505,-1,1688,1505,1689,-1,1505,1528,1689,-1,1689,1528,1690,-1,1690,1528,1691,-1,1691,1528,1527,-1,1691,1527,1692,-1,1692,1527,1526,-1,1692,1526,1693,-1,1693,1526,1525,-1,1693,1525,1694,-1,1694,1525,1524,-1,1694,1524,1695,-1,1695,1524,1523,-1,1695,1523,1696,-1,1696,1523,1522,-1,1696,1522,1697,-1,1697,1522,1521,-1,1697,1521,1698,-1,1698,1521,1520,-1,1698,1520,1699,-1,1699,1520,1519,-1,1699,1519,1700,-1,1700,1519,1701,-1,1701,1519,1518,-1,1701,1518,1702,-1,1702,1518,1517,-1,1702,1517,1675,-1,1529,1703,1704,-1,1529,1704,1530,-1,1704,1705,1530,-1,1530,1705,1706,-1,1530,1706,1531,-1,1531,1706,1707,-1,1531,1707,1532,-1,1532,1707,1708,-1,1532,1708,1533,-1,1533,1708,1709,-1,1533,1709,1534,-1,1709,1710,1534,-1,1534,1710,1711,-1,1534,1711,1535,-1,1711,1712,1535,-1,1535,1712,1713,-1,1535,1713,1536,-1,1713,1714,1536,-1,1536,1714,1715,-1,1536,1715,1537,-1,1715,1716,1537,-1,1537,1716,1717,-1,1537,1717,1538,-1,1538,1717,1718,-1,1538,1718,1539,-1,1539,1718,1719,-1,1539,1719,1540,-1,1540,1719,1720,-1,1540,1720,1541,-1,1703,1529,1721,-1,1721,1529,1552,-1,1721,1552,1722,-1,1722,1552,1551,-1,1722,1551,1723,-1,1723,1551,1550,-1,1723,1550,1724,-1,1724,1550,1549,-1,1724,1549,1725,-1,1725,1549,1548,-1,1725,1548,1726,-1,1726,1548,1547,-1,1726,1547,1727,-1,1727,1547,1546,-1,1727,1546,1728,-1,1728,1546,1545,-1,1728,1545,1729,-1,1729,1545,1544,-1,1729,1544,1730,-1,1730,1544,1543,-1,1730,1543,1731,-1,1731,1543,1542,-1,1731,1542,1732,-1,1732,1542,1541,-1,1732,1541,1720,-1,1733,1565,1564,-1,1733,1564,1734,-1,1734,1564,1563,-1,1734,1563,1735,-1,1735,1563,1562,-1,1735,1562,1736,-1,1736,1562,1561,-1,1736,1561,1737,-1,1737,1561,1560,-1,1737,1560,1738,-1,1738,1560,1559,-1,1738,1559,1739,-1,1739,1559,1558,-1,1739,1558,1740,-1,1740,1558,1557,-1,1740,1557,1741,-1,1741,1557,1556,-1,1741,1556,1742,-1,1742,1556,1555,-1,1742,1555,1743,-1,1743,1555,1554,-1,1743,1554,1744,-1,1744,1554,1553,-1,1744,1553,1745,-1,1745,1553,1576,-1,1745,1576,1746,-1,1746,1576,1575,-1,1746,1575,1747,-1,1747,1575,1574,-1,1747,1574,1748,-1,1748,1574,1573,-1,1748,1573,1749,-1,1749,1573,1572,-1,1749,1572,1750,-1,1750,1572,1571,-1,1750,1571,1751,-1,1751,1571,1570,-1,1751,1570,1752,-1,1752,1570,1569,-1,1752,1569,1753,-1,1753,1569,1568,-1,1753,1568,1754,-1,1754,1568,1567,-1,1754,1567,1755,-1,1755,1567,1566,-1,1755,1566,1756,-1,1756,1566,1565,-1,1756,1565,1733,-1,1589,1588,1757,-1,1757,1588,1758,-1,1758,1588,1759,-1,1759,1588,1587,-1,1759,1587,1760,-1,1760,1587,1586,-1,1760,1586,1761,-1,1761,1586,1585,-1,1761,1585,1762,-1,1762,1585,1584,-1,1762,1584,1763,-1,1763,1584,1583,-1,1763,1583,1764,-1,1764,1583,1582,-1,1764,1582,1765,-1,1765,1582,1581,-1,1765,1581,1766,-1,1766,1581,1580,-1,1766,1580,1767,-1,1767,1580,1579,-1,1767,1579,1768,-1,1768,1579,1769,-1,1769,1579,1578,-1,1769,1578,1770,-1,1770,1578,1577,-1,1770,1577,1771,-1,1577,1600,1771,-1,1771,1600,1772,-1,1772,1600,1773,-1,1773,1600,1599,-1,1773,1599,1774,-1,1774,1599,1598,-1,1774,1598,1775,-1,1775,1598,1597,-1,1775,1597,1776,-1,1776,1597,1596,-1,1776,1596,1777,-1,1777,1596,1595,-1,1777,1595,1778,-1,1778,1595,1594,-1,1778,1594,1779,-1,1779,1594,1593,-1,1779,1593,1780,-1,1780,1593,1592,-1,1780,1592,1781,-1,1781,1592,1591,-1,1781,1591,1782,-1,1782,1591,1783,-1,1783,1591,1590,-1,1783,1590,1784,-1,1784,1590,1589,-1,1784,1589,1757,-1,1601,1785,1786,-1,1601,1786,1602,-1,1602,1786,1787,-1,1602,1787,1603,-1,1603,1787,1788,-1,1603,1788,1604,-1,1604,1788,1789,-1,1604,1789,1605,-1,1605,1789,1790,-1,1605,1790,1606,-1,1606,1790,1791,-1,1606,1791,1607,-1,1791,1792,1607,-1,1607,1792,1793,-1,1607,1793,1608,-1,1794,1613,1795,-1,1795,1613,1612,-1,1795,1612,1796,-1,1796,1612,1611,-1,1796,1611,1797,-1,1797,1611,1610,-1,1797,1610,1798,-1,1798,1610,1609,-1,1798,1609,1799,-1,1799,1609,1608,-1,1799,1608,1800,-1,1800,1608,1793,-1,1613,1794,1801,-1,1613,1801,1614,-1,1801,1802,1614,-1,1614,1802,1803,-1,1614,1803,1615,-1,1615,1803,1804,-1,1615,1804,1616,-1,1616,1804,1805,-1,1616,1805,1617,-1,1617,1805,1806,-1,1617,1806,1618,-1,1618,1806,1807,-1,1618,1807,1619,-1,1807,1808,1619,-1,1619,1808,1809,-1,1619,1809,1620,-1,1809,1810,1620,-1,1620,1810,1811,-1,1620,1811,1621,-1,1621,1811,1812,-1,1621,1812,1622,-1,1622,1812,1813,-1,1622,1813,1623,-1,1623,1813,1814,-1,1623,1814,1624,-1,1624,1814,1785,-1,1624,1785,1601,-1,1625,1815,1816,-1,1625,1816,1626,-1,1626,1816,1817,-1,1626,1817,1627,-1,1627,1817,1818,-1,1627,1818,1628,-1,1628,1818,1819,-1,1628,1819,1629,-1,1629,1819,1820,-1,1629,1820,1630,-1,1630,1820,1821,-1,1630,1821,1631,-1,1631,1821,1822,-1,1631,1822,1632,-1,1632,1822,1823,-1,1632,1823,1633,-1,1633,1823,1824,-1,1633,1824,1634,-1,1634,1824,1825,-1,1634,1825,1635,-1,1635,1825,1826,-1,1635,1826,1636,-1,1636,1826,1827,-1,1636,1827,1637,-1,1637,1827,1828,-1,1637,1828,1638,-1,1638,1828,1829,-1,1638,1829,1639,-1,1639,1829,1830,-1,1639,1830,1640,-1,1640,1830,1831,-1,1640,1831,1641,-1,1641,1831,1832,-1,1641,1832,1642,-1,1642,1832,1833,-1,1642,1833,1643,-1,1643,1833,1834,-1,1643,1834,1644,-1,1644,1834,1835,-1,1644,1835,1645,-1,1645,1835,1836,-1,1645,1836,1646,-1,1646,1836,1837,-1,1646,1837,1647,-1,1647,1837,1838,-1,1647,1838,1648,-1,1648,1838,1815,-1,1648,1815,1625,-1,1839,1840,1841,-1,1841,1840,1842,-1,1841,1842,1843,-1,1844,1845,1846,-1,1847,1848,1849,-1,1849,1850,1847,-1,1847,1850,1851,-1,1847,1851,1846,-1,1846,1851,1852,-1,1846,1852,1844,-1,1853,1854,1855,-1,1855,1854,1856,-1,1857,1858,1854,-1,1854,1858,1859,-1,1854,1859,1860,-1,1853,1861,1854,-1,1854,1861,1862,-1,1854,1862,1863,-1,1863,1847,1854,-1,1854,1847,1846,-1,1854,1846,1857,-1,1857,1846,1864,-1,1857,1864,1865,-1,1846,1845,1864,-1,1864,1845,1866,-1,1864,1866,1865,-1,1865,1866,1857,-1,1857,1866,1858,-1,1858,1866,1867,-1,1858,1867,1859,-1,1859,1867,1860,-1,1860,1867,1868,-1,1860,1868,1869,-1,1870,1871,1872,-1,1872,1871,580,-1,1872,580,4,-1,1868,1873,1869,-1,1869,1873,1874,-1,1869,1874,1875,-1,1875,1874,1876,-1,1875,1876,1870,-1,1870,1876,1877,-1,1870,1877,1871,-1,32,33,1839,-1,1839,33,1840,-1,1840,33,1842,-1,1842,33,457,-1,1842,457,1843,-1,1843,457,459,-1,1878,1879,1880,-1,1881,1882,1883,-1,1883,1882,1878,-1,1883,1878,1884,-1,1885,1886,1887,-1,1887,1888,1885,-1,1885,1888,1889,-1,1885,1889,1881,-1,1881,1889,1890,-1,1881,1890,1882,-1,1878,1880,1884,-1,1884,1880,1891,-1,1884,1891,1892,-1,1892,1891,1893,-1,1892,1893,1894,-1,1894,1893,460,-1,1894,460,189,-1,1886,1895,1887,-1,1887,1895,1896,-1,1887,1896,1897,-1,1897,1896,1898,-1,1898,1899,1897,-1,1897,1899,1900,-1,1897,1900,1901,-1,1902,1879,1878,-1,1903,1904,1902,-1,1902,1904,1905,-1,1902,1905,1906,-1,1878,1882,1902,-1,1902,1882,1890,-1,1902,1890,1889,-1,1889,1888,1887,-1,1889,1887,1902,-1,1902,1887,1897,-1,1902,1897,1903,-1,1903,1897,1907,-1,1903,1907,1908,-1,1897,1901,1907,-1,1907,1901,1909,-1,1907,1909,1908,-1,1908,1909,1903,-1,1903,1909,1904,-1,1904,1909,1910,-1,1904,1910,1905,-1,1905,1910,1906,-1,1906,1910,1911,-1,1906,1911,1912,-1,1912,1911,1913,-1,1912,1913,1914,-1,1914,1913,1915,-1,1914,1915,1916,-1,1916,1915,1917,-1,1916,1917,1918,-1,1919,1920,1921,-1,1921,1920,1922,-1,1855,1856,1923,-1,1924,1853,1925,-1,1925,1853,1855,-1,1926,1848,1847,-1,1847,1863,1926,-1,1926,1863,1862,-1,1926,1862,1924,-1,1924,1862,1861,-1,1924,1861,1853,-1,1855,1923,1925,-1,1925,1923,1927,-1,1925,1927,1928,-1,1928,1927,1929,-1,1928,1929,1930,-1,1930,1929,1931,-1,1931,1929,1932,-1,1931,1932,1933,-1,1933,1932,1934,-1,1933,1934,1935,-1,1936,1937,1938,-1,1938,1939,1936,-1,1936,1939,1940,-1,1936,1940,1941,-1,1941,1940,1942,-1,1943,1944,1940,-1,1940,1944,1945,-1,1940,1945,1942,-1,1943,1946,1944,-1,1944,1946,1947,-1,1944,1947,1948,-1,1937,1949,1938,-1,1938,1949,1950,-1,1938,1950,1939,-1,1950,1951,1939,-1,1939,1951,1952,-1,1939,1952,1940,-1,1940,1952,1953,-1,1940,1953,1943,-1,1943,1953,1954,-1,1943,1954,1946,-1,1946,1954,1955,-1,1946,1955,1947,-1,1955,1956,1947,-1,1947,1956,1957,-1,1947,1957,1948,-1,1948,1957,1958,-1,1948,1958,1944,-1,1944,1958,1959,-1,1944,1959,1945,-1,1945,1959,1960,-1,1945,1960,1942,-1,1942,1960,1961,-1,1942,1961,1941,-1,1941,1961,1962,-1,1941,1962,1936,-1,1936,1962,1963,-1,1686,1687,1964,-1,1800,1793,1965,-1,1949,1966,1950,-1,1950,1966,1967,-1,1950,1967,1951,-1,1951,1967,1952,-1,1952,1968,1953,-1,1953,1968,1954,-1,1969,1956,1968,-1,1968,1956,1955,-1,1968,1955,1954,-1,1970,1962,1961,-1,1963,1962,1935,-1,1935,1962,1970,-1,1935,1970,1933,-1,1961,1960,1713,-1,1959,1958,1969,-1,1969,1958,1957,-1,1969,1957,1956,-1,1970,1848,1926,-1,1928,1930,1970,-1,1970,1930,1931,-1,1970,1931,1933,-1,1926,1924,1970,-1,1970,1924,1925,-1,1970,1925,1928,-1,1874,1873,1971,-1,1971,1873,1868,-1,1971,1868,1867,-1,1972,580,1971,-1,1971,580,1871,-1,1871,1877,1971,-1,1971,1877,1876,-1,1971,1876,1874,-1,189,1791,1894,-1,1894,1791,1892,-1,1790,1883,1791,-1,1791,1883,1884,-1,1791,1884,1892,-1,1811,1895,1812,-1,1812,1895,1813,-1,1790,1789,1883,-1,1883,1789,1788,-1,1883,1788,1881,-1,1881,1788,1787,-1,1881,1787,1885,-1,1885,1787,1786,-1,1885,1786,1886,-1,1886,1786,1785,-1,1886,1785,1895,-1,1895,1785,1814,-1,1895,1814,1813,-1,1973,1917,1974,-1,1974,1917,1915,-1,1974,1915,1913,-1,1913,1911,1974,-1,1974,1911,1910,-1,1974,1910,1909,-1,1975,1976,1977,-1,1975,1977,1974,-1,1974,1977,1978,-1,1974,1978,1979,-1,1979,1980,1974,-1,1974,1980,1981,-1,1974,1981,1973,-1,1973,1981,1982,-1,1952,1967,1968,-1,1968,1967,1983,-1,1968,1983,1984,-1,1984,1983,1985,-1,1984,1985,1986,-1,1986,1987,1984,-1,1984,1987,1988,-1,1984,1988,1975,-1,1975,1988,1989,-1,1975,1989,1976,-1,1797,1798,1965,-1,1965,1798,1799,-1,1965,1799,1800,-1,1801,1794,1990,-1,1990,1794,1991,-1,1991,1794,1795,-1,1991,1795,1965,-1,1965,1795,1796,-1,1965,1796,1797,-1,1992,1807,1993,-1,1993,1807,1806,-1,1993,1806,1805,-1,1805,1804,1993,-1,1993,1804,1803,-1,1993,1803,1802,-1,1811,1810,1895,-1,1895,1810,1809,-1,1895,1809,1992,-1,1992,1809,1808,-1,1992,1808,1807,-1,1773,1994,1772,-1,1772,1994,1995,-1,1772,1995,1771,-1,1769,1770,1996,-1,1996,1770,1771,-1,1764,1765,1997,-1,1758,1759,1998,-1,1998,1759,1760,-1,1765,1766,1997,-1,1997,1766,1767,-1,1997,1767,1768,-1,1760,1761,1998,-1,1998,1761,1762,-1,1998,1762,1763,-1,1999,1780,1781,-1,1773,1774,1994,-1,1994,1774,1775,-1,1994,1775,1776,-1,1776,1777,1994,-1,1994,1777,1778,-1,1994,1778,1999,-1,1999,1778,1779,-1,1999,1779,1780,-1,1757,1990,1784,-1,1784,1990,1991,-1,1784,1991,1783,-1,1783,1991,1999,-1,1783,1999,1782,-1,1782,1999,1781,-1,1708,1707,2000,-1,2000,1707,1706,-1,2000,1706,1705,-1,1713,1712,1961,-1,1961,1712,1711,-1,1961,1711,1970,-1,1970,1711,1710,-1,1970,1710,2000,-1,2000,1710,1709,-1,2000,1709,1708,-1,1960,1959,1713,-1,1713,1959,1969,-1,1713,1969,1714,-1,1714,1969,1715,-1,1728,1729,2001,-1,1721,1722,2002,-1,2002,1722,1723,-1,1723,1724,2002,-1,2002,1724,1725,-1,2002,1725,1726,-1,1728,2001,1727,-1,1729,1730,2001,-1,2001,1730,1731,-1,2001,1731,1732,-1,1718,2003,1719,-1,1719,2003,1720,-1,1718,1717,2003,-1,2003,1717,1716,-1,2003,1716,1715,-1,1687,1688,2004,-1,2004,1688,2005,-1,1691,2006,1690,-1,1690,2006,2005,-1,1690,2005,1689,-1,1689,2005,1688,-1,1676,1677,2007,-1,2007,1677,1678,-1,2007,1678,1679,-1,1679,1680,2007,-1,2007,1680,1681,-1,2007,1681,1964,-1,1964,1681,1682,-1,1964,1682,1683,-1,1683,1684,1964,-1,1964,1684,1685,-1,1964,1685,1686,-1,1675,2001,2003,-1,2003,2001,1732,-1,2003,1732,1720,-1,1698,1699,2008,-1,1699,1700,2008,-1,2008,1700,1701,-1,2008,1701,2003,-1,2003,1701,1702,-1,2003,1702,1675,-1,1691,1692,2006,-1,2006,1692,1693,-1,2006,1693,1694,-1,1694,1695,2006,-1,2006,1695,1696,-1,2006,1696,2008,-1,2008,1696,1697,-1,2008,1697,1698,-1,1670,1671,2009,-1,2009,1671,1672,-1,2009,1672,1673,-1,1673,1674,2009,-1,2009,1674,1649,-1,2009,1649,2010,-1,2010,1649,1650,-1,2010,1650,1651,-1,1655,1656,1898,-1,1898,1656,1657,-1,1898,1657,1658,-1,1651,1652,2010,-1,2010,1652,1653,-1,2010,1653,1654,-1,1664,1899,1663,-1,1663,1899,1662,-1,1658,1659,1898,-1,1898,1659,1660,-1,1898,1660,1899,-1,1899,1660,1661,-1,1899,1661,1662,-1,1668,1669,1974,-1,1909,1901,1974,-1,1974,1901,1900,-1,1974,1900,1668,-1,1664,1665,1899,-1,1899,1665,1666,-1,1899,1666,1900,-1,1900,1666,1667,-1,1900,1667,1668,-1,1737,1738,1996,-1,1996,1733,1734,-1,1734,1735,1996,-1,1996,1735,1736,-1,1996,1736,1737,-1,1739,1740,2011,-1,1771,1995,1996,-1,1996,1995,1756,-1,1996,1756,1733,-1,1740,1741,2011,-1,2011,1741,1742,-1,2011,1742,1743,-1,1743,1744,2011,-1,2011,1744,1745,-1,2011,1745,1971,-1,1971,1745,1746,-1,1971,1746,1747,-1,1747,1748,1971,-1,1971,1748,1749,-1,1971,1749,1750,-1,1751,1752,1995,-1,1995,1752,1753,-1,1750,1751,1971,-1,1971,1751,1995,-1,1971,1995,1972,-1,1972,1995,1994,-1,1972,1994,2012,-1,2012,1994,1999,-1,2012,1999,2013,-1,2013,1999,1991,-1,2013,1991,2014,-1,2014,1991,1965,-1,2014,1965,2015,-1,2015,1965,1793,-1,2015,1793,189,-1,189,1793,1792,-1,189,1792,1791,-1,1753,1754,1995,-1,1995,1754,1755,-1,1995,1755,1756,-1,1757,1758,1990,-1,1990,1758,1998,-1,1990,1998,2016,-1,2016,1998,2017,-1,2016,2017,2004,-1,1654,1655,2010,-1,2010,1655,1898,-1,2010,1898,1992,-1,1992,1898,1896,-1,1992,1896,1895,-1,1687,2004,1964,-1,1964,2004,2017,-1,1964,2017,1815,-1,1815,1838,1964,-1,1964,1838,1837,-1,1964,1837,1836,-1,1836,1835,1964,-1,1964,1835,1834,-1,1964,1834,2007,-1,2007,1834,1833,-1,2007,1833,1832,-1,1832,1831,2007,-1,2007,1831,1830,-1,2007,1830,1829,-1,1829,1828,2007,-1,2007,1828,1827,-1,2007,1827,2018,-1,2018,1827,1826,-1,2018,1826,1825,-1,1825,1824,2018,-1,2018,1824,1823,-1,2018,1823,1822,-1,1821,1820,2017,-1,2017,1820,1819,-1,2017,1819,1818,-1,1818,1817,2017,-1,2017,1817,1816,-1,2017,1816,1815,-1,1822,1821,2018,-1,2018,1821,2017,-1,2018,2017,1997,-1,1997,2017,1998,-1,1997,1998,1764,-1,1764,1998,1763,-1,1768,1769,1997,-1,1997,1769,1996,-1,1997,1996,2018,-1,2018,1996,2019,-1,2018,2019,2007,-1,2007,2019,2001,-1,2007,2001,1676,-1,1676,2001,1675,-1,1738,1739,1996,-1,1996,1739,2011,-1,1996,2011,2019,-1,2019,2011,2020,-1,2019,2020,2001,-1,2001,2020,2002,-1,2001,2002,1727,-1,1727,2002,1726,-1,1867,1866,1971,-1,1971,1866,1845,-1,1971,1845,2011,-1,2011,1845,1844,-1,2011,1844,2020,-1,2020,1844,1852,-1,2020,1852,2002,-1,2002,1852,1851,-1,2002,1851,1721,-1,1721,1851,1850,-1,1721,1850,1703,-1,1703,1850,1704,-1,1802,1801,1993,-1,1993,1801,1990,-1,1993,1990,1992,-1,1992,1990,2016,-1,1992,2016,2010,-1,2010,2016,2004,-1,2010,2004,2009,-1,2009,2004,2005,-1,1715,1969,2003,-1,2003,1969,1968,-1,2003,1968,2008,-1,2008,1968,1984,-1,2008,1984,2006,-1,2006,1984,1975,-1,2006,1975,2005,-1,2005,1975,1974,-1,2005,1974,2009,-1,2009,1974,1669,-1,2009,1669,1670,-1,1705,1704,2000,-1,2000,1704,1850,-1,2000,1850,1970,-1,1970,1850,1849,-1,1970,1849,1848,-1,2021,1982,2022,-1,2022,1982,1981,-1,2022,1981,2023,-1,2023,1981,1980,-1,2023,1980,2024,-1,2024,1980,1979,-1,2024,1979,2025,-1,2025,1979,1978,-1,2025,1978,2026,-1,1978,1977,2026,-1,2026,1977,1976,-1,2026,1976,2027,-1,2027,1976,1989,-1,2027,1989,2028,-1,2028,1989,1988,-1,2028,1988,2029,-1,2029,1988,1987,-1,2029,1987,2030,-1,1987,1986,2030,-1,2030,1986,1985,-1,2030,1985,2031,-1,2031,1985,1983,-1,2031,1983,2032,-1,2032,1983,1967,-1,2032,1967,2033,-1,2033,1967,1966,-1,2021,2022,2033,-1,2033,2022,2023,-1,2033,2023,2024,-1,2030,2031,2024,-1,2024,2031,2032,-1,2024,2032,2033,-1,2027,2024,2026,-1,2026,2024,2025,-1,2027,2028,2024,-1,2024,2028,2029,-1,2024,2029,2030,-1,2034,2035,2036,-1,2036,2035,1919,-1,2036,1919,1921,-1,1920,1919,2037,-1,2037,1919,2035,-1,1936,1963,1935,-1,2033,1920,2021,-1,2021,1920,2037,-1,2038,1918,2037,-1,2037,1918,1917,-1,2037,1917,2021,-1,2021,1917,1973,-1,2021,1973,1982,-1,1934,1922,1920,-1,1935,1934,1936,-1,1936,1934,1920,-1,1936,1920,1937,-1,1937,1920,2033,-1,1937,2033,1949,-1,1949,2033,1966,-1,2038,2037,2034,-1,2034,2037,2035,-1,1060,1854,1058,-1,1058,1854,1860,-1,1058,1860,1055,-1,1060,1062,1854,-1,1854,1062,1064,-1,1854,1064,1066,-1,2039,2040,1854,-1,1841,2041,1839,-1,1839,2041,2042,-1,1839,2042,2043,-1,2044,32,2045,-1,2045,32,1839,-1,2045,1839,2046,-1,2046,1839,1080,-1,1066,1068,2047,-1,2047,1068,1070,-1,2047,1070,2048,-1,2048,1070,1072,-1,2048,1072,2049,-1,2049,1072,1074,-1,2049,1074,2043,-1,2043,1074,1076,-1,2043,1076,1839,-1,1839,1076,1078,-1,1839,1078,1080,-1,2044,2050,32,-1,32,2050,2051,-1,32,2051,4,-1,4,2051,2052,-1,4,2052,1872,-1,1872,2052,2053,-1,1872,2053,1870,-1,1870,2053,2054,-1,1870,2054,1875,-1,1875,2054,2055,-1,1875,2055,1869,-1,1869,2055,2056,-1,1869,2056,1860,-1,1860,2056,2057,-1,1860,2057,1055,-1,2040,2058,1854,-1,1854,2058,2059,-1,1854,2059,2060,-1,2047,2061,1066,-1,1066,2061,2062,-1,1066,2062,1854,-1,1854,2062,2063,-1,1854,2063,2039,-1,2060,2064,1854,-1,1854,2064,2065,-1,1854,2065,2066,-1,889,890,1934,-1,2036,1921,894,-1,894,1921,893,-1,893,1921,1922,-1,893,1922,892,-1,2067,2066,2068,-1,2068,2066,2069,-1,885,1856,884,-1,884,1856,1854,-1,884,1854,2070,-1,894,895,2036,-1,2036,895,896,-1,2036,896,2066,-1,2066,896,2071,-1,2066,2071,2069,-1,885,886,1856,-1,1856,886,887,-1,1856,887,1923,-1,1923,887,888,-1,1934,890,1922,-1,1922,890,891,-1,1922,891,892,-1,2072,2073,1854,-1,1854,2073,2074,-1,1854,2074,2070,-1,1934,1932,889,-1,889,1932,1929,-1,889,1929,888,-1,888,1929,1927,-1,888,1927,1923,-1,2067,2075,2066,-1,2066,2075,2076,-1,2066,2076,1854,-1,1854,2076,2077,-1,1854,2077,2072,-1,588,2038,586,-1,586,2038,2034,-1,588,590,2038,-1,2038,590,592,-1,2038,592,1918,-1,1918,592,594,-1,1918,594,1916,-1,1916,594,596,-1,1916,596,1914,-1,1914,596,598,-1,1914,598,1912,-1,2066,2078,2036,-1,2036,2078,581,-1,2036,581,2034,-1,2034,581,584,-1,2034,584,586,-1,1912,598,1906,-1,1906,598,600,-1,1906,600,602,-1,602,604,1906,-1,1906,604,606,-1,1906,606,1902,-1,1902,606,2079,-1,2079,2080,1902,-1,1902,2080,2081,-1,1902,2081,2082,-1,2083,2084,2066,-1,2066,2084,2085,-1,2066,2085,2078,-1,2082,2086,1902,-1,1902,2086,2087,-1,1902,2087,2066,-1,2066,2087,2088,-1,2066,2088,2083,-1,914,916,1902,-1,2089,2090,1843,-1,1843,2090,2091,-1,2091,2092,1843,-1,1843,2092,2093,-1,1843,2093,1841,-1,922,1879,920,-1,920,1879,1902,-1,920,1902,918,-1,918,1902,916,-1,902,2094,900,-1,900,2094,2041,-1,900,2041,897,-1,897,2041,1841,-1,897,1841,2095,-1,2095,1841,2093,-1,1843,459,2089,-1,2089,459,460,-1,2089,460,2096,-1,2096,460,1893,-1,2096,1893,2097,-1,2097,1893,1891,-1,2097,1891,2098,-1,2098,1891,1880,-1,2098,1880,2099,-1,2099,1880,1879,-1,2099,1879,2100,-1,2100,1879,922,-1,910,2101,908,-1,908,2101,2102,-1,908,2102,906,-1,906,2102,2103,-1,906,2103,904,-1,904,2103,2104,-1,904,2104,902,-1,902,2104,2105,-1,902,2105,2094,-1,2106,1902,2107,-1,2107,1902,2108,-1,2106,2109,1902,-1,1902,2109,2110,-1,1902,2110,2111,-1,2065,2112,2066,-1,2066,2112,2113,-1,2066,2113,1902,-1,1902,2113,2114,-1,1902,2114,2108,-1,914,1902,912,-1,912,1902,2111,-1,912,2111,910,-1,910,2111,2115,-1,910,2115,2101,-1,2063,2116,2117,-1,2063,2117,2039,-1,2039,2117,2118,-1,2039,2118,2040,-1,2040,2118,2119,-1,2040,2119,2058,-1,2058,2119,2120,-1,2058,2120,2059,-1,2059,2120,2121,-1,2059,2121,2060,-1,2060,2121,2122,-1,2060,2122,2064,-1,2064,2122,2123,-1,2064,2123,2065,-1,2065,2123,2124,-1,2065,2124,2112,-1,2112,2124,2125,-1,2112,2125,2113,-1,2113,2125,2126,-1,2113,2126,2114,-1,2114,2126,2127,-1,2114,2127,2108,-1,2108,2127,2128,-1,2108,2128,2107,-1,2107,2128,2129,-1,2107,2129,2106,-1,2106,2129,2130,-1,2106,2130,2109,-1,2109,2130,2131,-1,2109,2131,2110,-1,2110,2131,2132,-1,2110,2132,2111,-1,2133,2132,2131,-1,2133,2131,2134,-1,2134,2131,2130,-1,2134,2130,2135,-1,2135,2130,2129,-1,2135,2129,2136,-1,2136,2129,2128,-1,2136,2128,2137,-1,2137,2128,2127,-1,2137,2127,2138,-1,2138,2127,2126,-1,2138,2126,2139,-1,2139,2126,2125,-1,2139,2125,2140,-1,2140,2125,2124,-1,2140,2124,2141,-1,2141,2124,2123,-1,2141,2123,2142,-1,2142,2123,2122,-1,2142,2122,2143,-1,2143,2122,2121,-1,2143,2121,2144,-1,2144,2121,2120,-1,2144,2120,2145,-1,2145,2120,2119,-1,2145,2119,2146,-1,2146,2119,2118,-1,2146,2118,2147,-1,2147,2118,2117,-1,2147,2117,2148,-1,2148,2117,2116,-1,2148,2116,2149,-1,2149,2116,2150,-1,2149,2150,2151,-1,2151,2150,2152,-1,2151,2152,2153,-1,2153,2152,2154,-1,2153,2154,2155,-1,2155,2154,2156,-1,2155,2156,2157,-1,2157,2156,2158,-1,2157,2158,2159,-1,2159,2158,2160,-1,2159,2160,2161,-1,2161,2160,2162,-1,2161,2162,2163,-1,2163,2162,2164,-1,2163,2164,2165,-1,2165,2164,2166,-1,2165,2166,2167,-1,2167,2166,2168,-1,2167,2168,2169,-1,2169,2168,2170,-1,2169,2170,2171,-1,2171,2170,2172,-1,2171,2172,2173,-1,2173,2172,2174,-1,2173,2174,2175,-1,2175,2174,2176,-1,2175,2176,2177,-1,2177,2176,2178,-1,2177,2178,2179,-1,2179,2178,2132,-1,2179,2132,2133,-1,2180,2181,2135,-1,2146,2182,2145,-1,2145,2182,2183,-1,2145,2183,2144,-1,2144,2183,2184,-1,2144,2184,2143,-1,2143,2184,2185,-1,2143,2185,2142,-1,2142,2185,2186,-1,2142,2186,2141,-1,2141,2186,2187,-1,2141,2187,2140,-1,2140,2187,2188,-1,2140,2188,2139,-1,2139,2188,2189,-1,2139,2189,2138,-1,2138,2189,2190,-1,2138,2190,2137,-1,2137,2190,2180,-1,2137,2180,2136,-1,2136,2180,2135,-1,2147,2191,2146,-1,2146,2191,2192,-1,2146,2192,2182,-1,2193,2149,2151,-1,2153,2194,2151,-1,2151,2194,2195,-1,2151,2195,2193,-1,2155,2196,2153,-1,2153,2196,2197,-1,2153,2197,2194,-1,2157,2198,2155,-1,2155,2198,2199,-1,2155,2199,2196,-1,2159,2200,2157,-1,2157,2200,2201,-1,2157,2201,2198,-1,2161,2202,2159,-1,2159,2202,2203,-1,2159,2203,2200,-1,2163,2204,2161,-1,2161,2204,2205,-1,2161,2205,2202,-1,2206,2207,2165,-1,2165,2207,2208,-1,2165,2208,2163,-1,2163,2208,2209,-1,2163,2209,2204,-1,2206,2165,2210,-1,2210,2165,2167,-1,2210,2167,2211,-1,2211,2167,2212,-1,2212,2167,2169,-1,2212,2169,2213,-1,2213,2169,2214,-1,2214,2169,2171,-1,2214,2171,2215,-1,2215,2171,2216,-1,2216,2171,2173,-1,2216,2173,2217,-1,2217,2173,2175,-1,2217,2175,2218,-1,2218,2175,2219,-1,2219,2175,2177,-1,2219,2177,2220,-1,2220,2177,2221,-1,2221,2177,2179,-1,2221,2179,2222,-1,2222,2179,2223,-1,2223,2179,2133,-1,2223,2133,2224,-1,2224,2133,2225,-1,2225,2133,2134,-1,2225,2134,2226,-1,2226,2134,2227,-1,2227,2134,2135,-1,2227,2135,2228,-1,2228,2135,2181,-1,2228,2181,2229,-1,2230,2191,2231,-1,2231,2191,2147,-1,2231,2147,2232,-1,2232,2147,2148,-1,2193,2233,2149,-1,2149,2233,2234,-1,2149,2234,2148,-1,2148,2234,2235,-1,2148,2235,2232,-1,2111,2132,2178,-1,2111,2178,2115,-1,2115,2178,2176,-1,2115,2176,2101,-1,2101,2176,2174,-1,2101,2174,2102,-1,2102,2174,2172,-1,2102,2172,2103,-1,2103,2172,2170,-1,2103,2170,2104,-1,2104,2170,2168,-1,2104,2168,2105,-1,2105,2168,2166,-1,2105,2166,2094,-1,2094,2166,2164,-1,2094,2164,2041,-1,2041,2164,2162,-1,2041,2162,2042,-1,2042,2162,2160,-1,2042,2160,2043,-1,2043,2160,2158,-1,2043,2158,2049,-1,2049,2158,2156,-1,2049,2156,2048,-1,2048,2156,2154,-1,2048,2154,2047,-1,2047,2154,2152,-1,2047,2152,2061,-1,2061,2152,2150,-1,2061,2150,2062,-1,2062,2150,2116,-1,2062,2116,2063,-1,1080,1079,1181,-1,1080,1181,2046,-1,2046,1181,1179,-1,2046,1179,2045,-1,2045,1179,1177,-1,2045,1177,2044,-1,2044,1177,1175,-1,2044,1175,2050,-1,2050,1175,1173,-1,2050,1173,2051,-1,2051,1173,1171,-1,2051,1171,2052,-1,2052,1171,1169,-1,2052,1169,2053,-1,2053,1169,1167,-1,2053,1167,2054,-1,2054,1167,1165,-1,2054,1165,2055,-1,2055,1165,1163,-1,2055,1163,2056,-1,2056,1163,1162,-1,2056,1162,2057,-1,2057,1162,1056,-1,2057,1056,1055,-1,922,921,1023,-1,922,1023,2100,-1,2100,1023,1021,-1,2100,1021,2099,-1,2099,1021,1019,-1,2099,1019,2098,-1,2098,1019,1017,-1,2098,1017,2097,-1,2097,1017,1015,-1,2097,1015,2096,-1,2096,1015,1013,-1,2096,1013,2089,-1,2089,1013,1011,-1,2089,1011,2090,-1,2090,1011,1009,-1,2090,1009,2091,-1,2091,1009,1007,-1,2091,1007,2092,-1,2092,1007,1005,-1,2092,1005,2093,-1,2093,1005,1004,-1,2093,1004,2095,-1,2095,1004,898,-1,2095,898,897,-1,896,783,781,-1,896,781,2071,-1,2071,781,779,-1,2071,779,2069,-1,2069,779,777,-1,2069,777,2068,-1,2068,777,775,-1,2068,775,2067,-1,2067,775,773,-1,2067,773,2075,-1,2075,773,771,-1,2075,771,2076,-1,2076,771,769,-1,2076,769,2077,-1,2077,769,767,-1,2077,767,2072,-1,2072,767,765,-1,2072,765,2073,-1,2073,765,763,-1,2073,763,2074,-1,2074,763,762,-1,2074,762,2070,-1,2070,762,761,-1,2070,761,884,-1,606,605,707,-1,606,707,2079,-1,2079,707,705,-1,2079,705,2080,-1,2080,705,703,-1,2080,703,2081,-1,2081,703,701,-1,2081,701,2082,-1,2082,701,699,-1,2082,699,2086,-1,2086,699,697,-1,2086,697,2087,-1,2087,697,695,-1,2087,695,2088,-1,2088,695,693,-1,2088,693,2083,-1,2083,693,691,-1,2083,691,2084,-1,2084,691,689,-1,2084,689,2085,-1,2085,689,688,-1,2085,688,2078,-1,2078,688,582,-1,2078,582,581,-1,2236,2237,2238,-1,2239,2240,2238,-1,2238,2240,2241,-1,2241,2242,2238,-1,2238,2242,2243,-1,2238,2243,2236,-1,2237,2244,2238,-1,2238,2244,2245,-1,2238,2245,2246,-1,2246,2247,2238,-1,2238,2247,2248,-1,2238,2248,2249,-1,2250,2251,2252,-1,2250,2252,2248,-1,2248,2252,2253,-1,2248,2253,2249,-1,2251,2254,2252,-1,2252,2254,2255,-1,2252,2255,2256,-1,2229,2181,2230,-1,2230,2181,2191,-1,2190,2192,2180,-1,2180,2192,2191,-1,2180,2191,2181,-1,2190,2189,2192,-1,2192,2189,2188,-1,2192,2188,2182,-1,2182,2188,2187,-1,2187,2186,2182,-1,2182,2186,2185,-1,2182,2185,2183,-1,2183,2185,2184,-1,2257,2239,2238,-1,2238,2226,2257,-1,2257,2226,2227,-1,2257,2227,2258,-1,2258,2227,2228,-1,2258,2228,2229,-1,2241,2240,2259,-1,2230,2231,2260,-1,2260,2231,2232,-1,2260,2232,2259,-1,2259,2232,2235,-1,2259,2235,2241,-1,2235,2234,2241,-1,2241,2234,2233,-1,2241,2233,2242,-1,2233,2193,2242,-1,2242,2193,2195,-1,2242,2195,2243,-1,2195,2194,2243,-1,2243,2194,2197,-1,2243,2197,2236,-1,2197,2196,2236,-1,2236,2196,2199,-1,2236,2199,2237,-1,2199,2198,2237,-1,2237,2198,2201,-1,2237,2201,2244,-1,2201,2200,2244,-1,2244,2200,2203,-1,2244,2203,2245,-1,2203,2202,2245,-1,2245,2202,2205,-1,2245,2205,2246,-1,2205,2204,2246,-1,2246,2204,2209,-1,2246,2209,2247,-1,2209,2208,2247,-1,2247,2208,2207,-1,2247,2207,2248,-1,2248,2207,2206,-1,2248,2206,2250,-1,2250,2206,2210,-1,2250,2210,2251,-1,2210,2211,2251,-1,2251,2211,2212,-1,2251,2212,2254,-1,2212,2213,2254,-1,2254,2213,2214,-1,2254,2214,2255,-1,2214,2215,2255,-1,2255,2215,2216,-1,2255,2216,2256,-1,2216,2217,2256,-1,2256,2217,2218,-1,2256,2218,2252,-1,2218,2219,2252,-1,2252,2219,2220,-1,2252,2220,2253,-1,2220,2221,2253,-1,2253,2221,2222,-1,2253,2222,2249,-1,2222,2223,2249,-1,2249,2223,2224,-1,2249,2224,2238,-1,2238,2224,2225,-1,2238,2225,2226,-1,2240,2239,2259,-1,2259,2239,2257,-1,2230,2260,2229,-1,2229,2260,2259,-1,2229,2259,2258,-1,2258,2259,2257,-1,
        ]
    }
}
Shape{
    appearance Appearance {
        material  Material 	{
            diffuseColor 1.0 1.0 1.0
            specularColor 0.5019607843137255 0.5019607843137255 0.5019607843137255
            ambientIntensity 1.0
            transparency 0.0
            shininess 0.5
        }
    }
    geometry IndexedFaceSet {
        ccw TRUE
        solid FALSE
        coord DEF co Coordinate {
            point [
                0.0405 3.5478 1.636, 0.0405 3.5478 1.6268, 0.0405 3.5474 1.636, 0.0405 3.5474 1.6268, 0.0723 3.5478 1.6362, 0.0723 3.5474 1.6362, 0.0718 3.5478 1.7071, 0.0718 3.5474 1.7068, 0.0718 3.5474 1.7071, 0.0822 3.5478 1.7072, 0.0822 3.5474 1.7072, 0.0827 3.5474 1.6271, 0.0827 3.5478 1.6271, 0.0822 3.5474 1.7068, -0.0227 3.5474 1.6297, -0.0227 3.5478 1.6297, -0.014 3.5478 1.6265, -0.0005 3.5478 1.6252, -0.0005 3.5474 1.6252, -0.0027 3.5474 1.6254, -0.014 3.5474 1.6265, -0.0228 3.5478 1.6396, -0.0228 3.5474 1.6396, -0.0146 3.5474 1.636, -0.0146 3.5478 1.636, -0.0054 3.5474 1.6345, -0.0054 3.5478 1.6345, -0.0021 3.5474 1.6344, -0.0021 3.5478 1.6344, 0.0054 3.5474 1.6353, 0.0054 3.5478 1.6353, 0.0112 3.5474 1.6374, 0.0112 3.5478 1.6374, 0.0165 3.5474 1.641, 0.0165 3.5478 1.641, 0.0184 3.5474 1.643, 0.0184 3.5478 1.643, 0.0225 3.5474 1.6487, 0.0225 3.5478 1.6487, 0.0249 3.5474 1.6553, 0.0249 3.5478 1.6553, 0.0261 3.5474 1.6651, 0.0261 3.5478 1.6651, 0.0261 3.5474 1.6659, 0.0261 3.5478 1.6659, 0.025 3.5474 1.676, 0.025 3.5478 1.676, 0.0224 3.5474 1.6831, 0.0224 3.5478 1.6831, 0.0186 3.5474 1.6887, 0.0186 3.5478 1.6887, 0.0175 3.5474 1.6899, 0.0175 3.5478 1.6899, 0.0124 3.5474 1.6941, 0.0124 3.5478 1.6941, 0.0061 3.5474 1.6971, 0.0061 3.5478 1.6971, -0.0008 3.5474 1.6985, -0.0008 3.5478 1.6985, -0.0043 3.5474 1.6986, -0.0043 3.5478 1.6986, -0.0138 3.5474 1.6975, -0.0138 3.5478 1.6975, -0.0219 3.5474 1.6944, -0.0219 3.5478 1.6944, -0.0232 3.5474 1.6937, -0.0232 3.5478 1.6937, -0.0233 3.5478 1.7045, -0.0233 3.5474 1.7045, -0.0154 3.5478 1.7069, -0.0159 3.5474 1.7068, -0.0154 3.5474 1.7069, -0.005 3.5474 1.7079, -0.005 3.5478 1.7079, -0.0043 3.5474 1.7079, -0.0043 3.5478 1.7079, 0.0073 3.5478 1.7066, 0.0059 3.5474 1.7068, 0.0073 3.5474 1.7066, 0.0157 3.5474 1.7034, 0.0157 3.5478 1.7034, 0.0232 3.5474 1.6982, 0.0232 3.5478 1.6982, 0.0252 3.5474 1.6964, 0.0252 3.5478 1.6964, 0.0308 3.5474 1.6892, 0.0308 3.5478 1.6892, 0.034 3.5474 1.6822, 0.0348 3.5478 1.6804, 0.0348 3.5474 1.6804, 0.0368 3.5474 1.6701, 0.0368 3.5478 1.6701, 0.037 3.5474 1.6653, 0.037 3.5478 1.6653, 0.0356 3.5474 1.6529, 0.0356 3.5478 1.6529, 0.034 3.5474 1.6483, 0.0325 3.5478 1.6444, 0.0325 3.5474 1.6444, 0.0279 3.5474 1.6374, 0.0279 3.5478 1.6374, 0.0269 3.5474 1.6363, 0.0269 3.5478 1.6363, 0.0032 3.5474 1.6254, 0.0048 3.5478 1.6255, 0.0048 3.5474 1.6255, 0.0134 3.5478 1.6274, 0.0134 3.5474 1.6274, 0.0209 3.5478 1.6312, 0.0209 3.5474 1.6312, -0.0819 3.5478 1.6351, -0.0818 3.5478 1.626, -0.0819 3.5474 1.6351, -0.0818 3.5474 1.626, -0.0491 3.5474 1.6353, -0.0491 3.5478 1.6353, -0.07 3.5474 1.6352, -0.0493 3.5478 1.6623, -0.0493 3.5474 1.6623, -0.0779 3.5474 1.6621, -0.0779 3.5478 1.6621, -0.07 3.5474 1.6621, -0.078 3.5478 1.6712, -0.078 3.5474 1.6712, -0.0494 3.5474 1.6714, -0.0494 3.5478 1.6714, -0.07 3.5474 1.6713, -0.0496 3.5478 1.697, -0.0496 3.5474 1.697, -0.0805 3.5474 1.6968, -0.0805 3.5478 1.6968, -0.07 3.5474 1.6969, -0.0805 3.5478 1.706, -0.0805 3.5474 1.706, -0.0393 3.5474 1.7063, -0.0393 3.5478 1.7063, -0.07 3.5474 1.7061, -0.0387 3.5478 1.6263, -0.0387 3.5474 1.6263, -0.07 3.5474 1.626, -0.1513 3.5478 1.6617, -0.162 3.5478 1.6608, -0.1515 3.5478 1.6662, -0.1624 3.5478 1.6664, -0.1506 3.5478 1.6754, -0.1613 3.5478 1.6767, -0.1485 3.5478 1.6815, -0.1586 3.5478 1.6845, -0.1456 3.5478 1.6861, -0.1538 3.5478 1.6916, -0.1429 3.5478 1.6889, -0.1505 3.5478 1.6949, -0.1368 3.5478 1.6929, -0.1426 3.5478 1.7005, -0.1298 3.5478 1.6954, -0.1331 3.5478 1.7042, -0.1198 3.5478 1.6965, -0.1203 3.5478 1.7058, -0.1077 3.5478 1.6966, -0.0975 3.5478 1.7059, -0.1073 3.5478 1.6349, -0.0969 3.5478 1.6259, -0.1189 3.5478 1.6348, -0.1189 3.5478 1.6257, -0.1291 3.5478 1.6358, -0.1317 3.5478 1.627, -0.136 3.5478 1.6382, -0.141 3.5478 1.6304, -0.1413 3.5478 1.6417, -0.1488 3.5478 1.6356, -0.1428 3.5478 1.643, -0.1501 3.5478 1.6367, -0.147 3.5478 1.6482, -0.1558 3.5478 1.6433, -0.1497 3.5478 1.6542, -0.1599 3.5478 1.6515, -0.1189 3.5474 1.6257, -0.0969 3.5474 1.6259, -0.1317 3.5474 1.627, -0.1329 3.5474 1.6275, -0.141 3.5474 1.6304, -0.1488 3.5474 1.6356, -0.1501 3.5474 1.6367, -0.1558 3.5474 1.6433, -0.1599 3.5474 1.6515, -0.162 3.5474 1.6608, -0.1624 3.5474 1.6664, -0.1613 3.5474 1.6767, -0.1586 3.5474 1.6845, -0.1538 3.5474 1.6916, -0.1505 3.5474 1.6949, -0.1203 3.5474 1.7058, -0.1329 3.5474 1.7042, -0.1331 3.5474 1.7042, -0.1426 3.5474 1.7005, -0.0975 3.5474 1.7059, -0.1198 3.5474 1.6965, -0.1077 3.5474 1.6966, -0.1073 3.5474 1.6349, -0.1189 3.5474 1.6348, -0.1428 3.5474 1.643, -0.1413 3.5474 1.6417, -0.136 3.5474 1.6382, -0.1291 3.5474 1.6358, -0.1515 3.5474 1.6662, -0.1513 3.5474 1.6617, -0.1497 3.5474 1.6542, -0.147 3.5474 1.6482, -0.1429 3.5474 1.6889, -0.1456 3.5474 1.6861, -0.1485 3.5474 1.6815, -0.1506 3.5474 1.6754, -0.1298 3.5474 1.6954, -0.1368 3.5474 1.6929
            ]
        }
        coordIndex [
            0,1,2,-1,2,1,3,-1,4,0,5,-1,5,0,2,-1,4,5,6,-1,6,5,7,-1,6,7,8,-1,9,6,10,-1,10,6,8,-1,11,12,13,-1,13,12,9,-1,13,9,10,-1,1,12,3,-1,3,12,11,-1,6,9,4,-1,4,9,12,-1,4,12,0,-1,0,12,1,-1,14,15,16,-1,17,18,19,-1,17,19,16,-1,16,19,20,-1,16,20,14,-1,21,15,22,-1,22,15,14,-1,21,22,23,-1,21,23,24,-1,24,23,25,-1,24,25,26,-1,26,25,27,-1,26,27,28,-1,28,27,29,-1,28,29,30,-1,30,29,31,-1,30,31,32,-1,32,31,33,-1,32,33,34,-1,34,33,35,-1,34,35,36,-1,36,35,37,-1,36,37,38,-1,38,37,39,-1,38,39,40,-1,40,39,41,-1,40,41,42,-1,42,41,43,-1,42,43,44,-1,44,43,45,-1,44,45,46,-1,46,45,47,-1,46,47,48,-1,48,47,49,-1,48,49,50,-1,50,49,51,-1,50,51,52,-1,52,51,53,-1,52,53,54,-1,54,53,55,-1,54,55,56,-1,56,55,57,-1,56,57,58,-1,58,57,59,-1,58,59,60,-1,60,59,61,-1,60,61,62,-1,62,61,63,-1,62,63,64,-1,64,63,65,-1,64,65,66,-1,67,66,68,-1,68,66,65,-1,67,68,69,-1,69,68,70,-1,70,71,69,-1,69,71,72,-1,69,72,73,-1,73,72,74,-1,73,74,75,-1,76,75,77,-1,77,75,74,-1,77,78,76,-1,76,78,79,-1,76,79,80,-1,80,79,81,-1,80,81,82,-1,82,81,83,-1,82,83,84,-1,84,83,85,-1,84,85,86,-1,86,85,87,-1,86,87,88,-1,87,89,88,-1,88,89,90,-1,88,90,91,-1,91,90,92,-1,91,92,93,-1,93,92,94,-1,93,94,95,-1,95,94,96,-1,95,96,97,-1,96,98,97,-1,97,98,99,-1,97,99,100,-1,100,99,101,-1,100,101,102,-1,18,17,103,-1,103,17,104,-1,103,104,105,-1,105,104,106,-1,105,106,107,-1,107,106,108,-1,107,108,109,-1,109,108,102,-1,109,102,101,-1,64,66,67,-1,38,40,95,-1,46,48,86,-1,95,40,93,-1,86,48,84,-1,64,67,62,-1,62,67,69,-1,62,69,60,-1,60,69,73,-1,60,73,58,-1,58,73,75,-1,58,75,56,-1,56,75,76,-1,56,76,54,-1,15,21,16,-1,16,21,24,-1,16,24,17,-1,76,80,54,-1,54,80,82,-1,54,82,52,-1,52,82,84,-1,52,84,50,-1,50,84,48,-1,95,97,38,-1,38,97,100,-1,38,100,36,-1,36,100,102,-1,36,102,34,-1,34,102,108,-1,34,108,32,-1,32,108,106,-1,32,106,30,-1,30,106,104,-1,30,104,28,-1,28,104,17,-1,28,17,26,-1,26,17,24,-1,40,42,93,-1,93,42,44,-1,93,44,91,-1,91,44,46,-1,91,46,88,-1,88,46,86,-1,110,111,112,-1,112,111,113,-1,114,115,116,-1,116,115,110,-1,116,110,112,-1,117,115,118,-1,118,115,114,-1,119,120,121,-1,121,120,117,-1,121,117,118,-1,122,120,123,-1,123,120,119,-1,124,125,126,-1,126,125,122,-1,126,122,123,-1,127,125,128,-1,128,125,124,-1,129,130,131,-1,131,130,127,-1,131,127,128,-1,132,130,133,-1,133,130,129,-1,134,135,136,-1,136,135,132,-1,136,132,133,-1,137,135,138,-1,138,135,134,-1,113,111,139,-1,139,111,137,-1,139,137,138,-1,137,111,110,-1,110,115,137,-1,137,115,117,-1,137,117,135,-1,130,132,127,-1,127,132,135,-1,127,135,125,-1,125,135,117,-1,125,117,122,-1,122,117,120,-1,140,141,142,-1,142,141,143,-1,142,143,144,-1,144,143,145,-1,144,145,146,-1,146,145,147,-1,146,147,148,-1,148,147,149,-1,148,149,150,-1,150,149,151,-1,150,151,152,-1,152,151,153,-1,152,153,154,-1,154,153,155,-1,154,155,156,-1,156,155,157,-1,156,157,158,-1,158,157,159,-1,158,159,160,-1,160,159,161,-1,160,161,162,-1,162,161,163,-1,162,163,164,-1,164,163,165,-1,164,165,166,-1,166,165,167,-1,166,167,168,-1,168,167,169,-1,168,169,170,-1,170,169,171,-1,170,171,172,-1,172,171,173,-1,172,173,174,-1,174,173,175,-1,174,175,140,-1,140,175,141,-1,163,161,176,-1,176,161,177,-1,163,176,178,-1,163,178,165,-1,165,178,179,-1,165,179,167,-1,179,180,167,-1,167,180,181,-1,167,181,169,-1,169,181,182,-1,169,182,171,-1,171,182,183,-1,171,183,173,-1,173,183,184,-1,173,184,175,-1,175,184,185,-1,175,185,141,-1,141,185,186,-1,141,186,143,-1,143,186,187,-1,143,187,145,-1,145,187,188,-1,145,188,147,-1,147,188,189,-1,147,189,149,-1,149,189,190,-1,149,190,151,-1,191,157,192,-1,192,157,155,-1,192,155,193,-1,193,155,153,-1,193,153,194,-1,194,153,151,-1,194,151,190,-1,159,157,195,-1,195,157,191,-1,161,159,177,-1,177,159,195,-1,156,158,196,-1,196,158,197,-1,158,160,197,-1,197,160,198,-1,160,162,198,-1,198,162,199,-1,170,200,201,-1,170,201,168,-1,168,201,202,-1,168,202,166,-1,166,202,203,-1,166,203,164,-1,164,203,199,-1,164,199,162,-1,142,204,205,-1,142,205,140,-1,140,205,206,-1,140,206,174,-1,174,206,207,-1,174,207,172,-1,172,207,200,-1,172,200,170,-1,150,208,209,-1,150,209,148,-1,148,209,210,-1,148,210,146,-1,146,210,211,-1,146,211,144,-1,144,211,204,-1,144,204,142,-1,156,196,212,-1,156,212,154,-1,154,212,213,-1,154,213,152,-1,152,213,208,-1,152,208,150,-1,
        ]
    }
}
Shape{
    appearance Appearance {
        material  Material 	{
            diffuseColor 0.2235294117647059 0.2235294117647059 0.2235294117647059
            specularColor 0.11372549019607843 0.11372549019607843 0.11372549019607843
            ambientIntensity 0.2235
            transparency 0.0
            shininess 0.5
        }
    }
    geometry IndexedFaceSet {
        ccw TRUE
        solid FALSE
        coord DEF co Coordinate {
            point [
                -0.1077 3.5474 1.6966, -0.1073 3.5474 1.6349, -0.1198 3.5474 1.6965, -0.1189 3.5474 1.6348, -0.1291 3.5474 1.6358, -0.136 3.5474 1.6382, -0.1413 3.5474 1.6417, -0.1428 3.5474 1.643, -0.147 3.5474 1.6482, -0.1497 3.5474 1.6542, -0.1513 3.5474 1.6617, -0.1515 3.5474 1.6662, -0.1506 3.5474 1.6754, -0.1485 3.5474 1.6815, -0.1456 3.5474 1.6861, -0.1429 3.5474 1.6889, -0.1298 3.5474 1.6954, -0.1368 3.5474 1.6929
            ]
        }
        coordIndex [
            0,1,2,-1,2,1,3,-1,2,3,4,-1,4,5,2,-1,2,5,6,-1,2,6,7,-1,7,8,2,-1,2,8,9,-1,2,9,10,-1,10,11,2,-1,2,11,12,-1,2,12,13,-1,13,14,2,-1,2,14,15,-1,2,15,16,-1,16,15,17,-1,
        ]
    }
}
Shape{
    appearance Appearance {
        material  Material 	{
            diffuseColor 1.0 1.0 1.0
            specularColor 0.5019607843137255 0.5019607843137255 0.5019607843137255
            ambientIntensity 1.0
            transparency 0.0
            shininess 0.5
        }
    }
    geometry IndexedFaceSet {
        ccw TRUE
        solid FALSE
        coord DEF co Coordinate {
            point [
                -0.1892 3.5478 1.6561, -0.2014 3.5478 1.6893, -0.1976 3.5478 1.7052, -0.1665 3.5478 1.6254, -0.178 3.5478 1.6253, -0.1858 3.5478 1.6471, -0.2021 3.5478 1.6917, -0.2027 3.5478 1.6949, -0.2087 3.5478 1.7051, -0.203 3.5478 1.6949, -0.2036 3.5478 1.6915, -0.2042 3.5478 1.6893, -0.216 3.5478 1.656, -0.2386 3.5478 1.6248, -0.2272 3.5478 1.6249, -0.2192 3.5478 1.6469, -0.2087 3.5474 1.7051, -0.2384 3.5474 1.6254, -0.2386 3.5474 1.6248, -0.1976 3.5474 1.7052, -0.1666 3.5474 1.6254, -0.1665 3.5474 1.6254, -0.1887 3.5474 1.6824, -0.178 3.5474 1.6253, -0.1858 3.5474 1.6471, -0.178 3.5474 1.6254, -0.2192 3.5474 1.6469, -0.1887 3.5474 1.6471, -0.227 3.5474 1.6254, -0.2272 3.5474 1.6249, -0.1892 3.5474 1.6561, -0.216 3.5474 1.656, -0.2042 3.5474 1.6893, -0.203 3.5474 1.6949, -0.2036 3.5474 1.6915, -0.2027 3.5474 1.6949, -0.2014 3.5474 1.6893, -0.2021 3.5474 1.6917
            ]
        }
        coordIndex [
            0,1,2,-1,3,4,5,-1,1,6,2,-1,2,6,7,-1,2,7,8,-1,8,7,9,-1,8,9,10,-1,10,11,8,-1,8,11,12,-1,8,12,13,-1,14,13,15,-1,15,13,12,-1,15,12,5,-1,5,12,0,-1,5,0,3,-1,3,0,2,-1,16,8,17,-1,17,8,13,-1,17,13,18,-1,2,8,19,-1,19,8,16,-1,20,21,3,-1,20,3,22,-1,22,3,2,-1,22,2,19,-1,4,3,23,-1,23,3,21,-1,24,5,25,-1,25,5,4,-1,25,4,23,-1,26,15,27,-1,27,15,5,-1,27,5,24,-1,15,26,14,-1,14,26,28,-1,14,28,29,-1,13,14,18,-1,18,14,29,-1,0,12,30,-1,30,12,31,-1,12,11,31,-1,31,11,32,-1,9,33,34,-1,9,34,10,-1,10,34,32,-1,10,32,11,-1,9,7,33,-1,33,7,35,-1,1,36,37,-1,1,37,6,-1,6,37,35,-1,6,35,7,-1,1,0,36,-1,36,0,30,-1,
        ]
    }
}
Shape{
    appearance Appearance {
        material  Material 	{
            diffuseColor 0.2235294117647059 0.2235294117647059 0.2235294117647059
            specularColor 0.11372549019607843 0.11372549019607843 0.11372549019607843
            ambientIntensity 0.2235
            transparency 0.0
            shininess 0.5
        }
    }
    geometry IndexedFaceSet {
        ccw TRUE
        solid FALSE
        coord DEF co Coordinate {
            point [
                -0.203 3.5474 1.6949, -0.2027 3.5474 1.6949, -0.2036 3.5474 1.6915, -0.2021 3.5474 1.6917, -0.2042 3.5474 1.6893, -0.2014 3.5474 1.6893, -0.216 3.5474 1.656, -0.1892 3.5474 1.6561
            ]
        }
        coordIndex [
            0,1,2,-1,2,1,3,-1,2,3,4,-1,4,3,5,-1,4,5,6,-1,6,5,7,-1,
        ]
    }
}
Shape{
    appearance Appearance {
        material  Material 	{
            diffuseColor 1.0 1.0 1.0
            specularColor 0.5019607843137255 0.5019607843137255 0.5019607843137255
            ambientIntensity 1.0
            transparency 0.0
            shininess 0.5
        }
    }
    geometry IndexedFaceSet {
        ccw TRUE
        solid FALSE
        coord DEF co Coordinate {
            point [
                0.0405 3.5478 1.5089, 0.0406 3.5478 1.4998, 0.0405 3.5474 1.5089, 0.0406 3.5474 1.4998, 0.0732 3.5478 1.5092, 0.0732 3.5474 1.5092, 0.0731 3.5478 1.5361, 0.0731 3.5474 1.5361, 0.0444 3.5478 1.5359, 0.0444 3.5474 1.5359, 0.0444 3.5478 1.5451, 0.0444 3.5474 1.5451, 0.073 3.5478 1.5453, 0.073 3.5474 1.5453, 0.0728 3.5478 1.5709, 0.0728 3.5474 1.5709, 0.0419 3.5478 1.5707, 0.0419 3.5474 1.5707, 0.0419 3.5474 1.5778, 0.0418 3.5478 1.5799, 0.0418 3.5474 1.5794, 0.0418 3.5474 1.5799, 0.0831 3.5478 1.5802, 0.0831 3.5474 1.5802, 0.0831 3.5474 1.5794, 0.0837 3.5474 1.5001, 0.0837 3.5478 1.5001, 0.0832 3.5474 1.5636, 0.0831 3.5474 1.5778, 0.0832 3.5474 1.5001, -0.0049 3.5478 1.4995, -0.015 3.5478 1.4994, -0.005 3.5478 1.5083, -0.0152 3.5478 1.5362, -0.0052 3.5478 1.5358, 0.0166 3.5478 1.524, 0.0142 3.5478 1.5251, -0.0047 3.5478 1.5083, 0.0006 3.5478 1.5098, -0.0031 3.5478 1.506, 0.0034 3.5478 1.5079, 0.0083 3.5478 1.5265, -0.0051 3.5478 1.5282, -0.0051 3.5478 1.5227, -0.0051 3.5478 1.522, -0.0044 3.5478 1.5176, -0.0029 3.5478 1.514, -0.0007 3.5478 1.5111, -0.0049 3.5478 1.5403, -0.0145 3.5478 1.5437, -0.0039 3.5478 1.5438, -0.013 3.5478 1.5483, -0.0027 3.5478 1.5459, -0.011 3.5478 1.5516, -0.0012 3.5478 1.5475, -0.0083 3.5478 1.5542, 0.0006 3.5478 1.5487, -0.005 3.5478 1.5561, 0.0029 3.5478 1.5495, -0.0008 3.5478 1.5574, 0.0063 3.5478 1.5499, 0.0053 3.5478 1.558, 0.0124 3.5478 1.5493, 0.0148 3.5478 1.5571, 0.0187 3.5478 1.5472, 0.0223 3.5478 1.5544, 0.0251 3.5478 1.5431, 0.025 3.5478 1.5529, 0.0187 3.5478 1.51, 0.0261 3.5478 1.5028, 0.0178 3.5478 1.5091, 0.0227 3.5478 1.5005, 0.0159 3.5478 1.5077, 0.0189 3.5478 1.499, 0.0136 3.5478 1.5069, 0.0129 3.5478 1.4983, 0.0102 3.5478 1.5065, 0.0077 3.5478 1.4988, 0.0064 3.5478 1.5069, 0.0036 3.5478 1.5002, 0.0 3.5478 1.5026, 0.0206 3.5478 1.5174, 0.0308 3.5478 1.5164, 0.0207 3.5478 1.5158, 0.0309 3.5478 1.515, 0.0205 3.5478 1.5135, 0.0304 3.5478 1.5105, 0.0198 3.5478 1.5117, 0.0292 3.5478 1.5071, 0.0272 3.5478 1.504, 0.0118 3.5478 1.5336, 0.0192 3.5478 1.5318, 0.018 3.5478 1.523, 0.0235 3.5478 1.5297, 0.0192 3.5478 1.5215, 0.0267 3.5478 1.5271, 0.0201 3.5478 1.5197, 0.0287 3.5478 1.5242, 0.0301 3.5478 1.5207, 0.0053 3.5474 1.558, 0.0148 3.5474 1.5571, 0.0223 3.5474 1.5544, 0.025 3.5474 1.5529, 0.0251 3.5474 1.5431, 0.0187 3.5474 1.5472, 0.0124 3.5474 1.5493, 0.0063 3.5474 1.5499, 0.0029 3.5474 1.5495, 0.0006 3.5474 1.5487, -0.0012 3.5474 1.5475, -0.0027 3.5474 1.5459, -0.0039 3.5474 1.5438, -0.0049 3.5474 1.5403, -0.0052 3.5474 1.5358, 0.0118 3.5474 1.5336, 0.0192 3.5474 1.5318, 0.0235 3.5474 1.5297, 0.0267 3.5474 1.5271, 0.0287 3.5474 1.5242, 0.0301 3.5474 1.5207, 0.0308 3.5474 1.5164, 0.0309 3.5474 1.515, 0.0304 3.5474 1.5105, 0.0292 3.5474 1.5071, 0.0272 3.5474 1.504, 0.0261 3.5474 1.5028, 0.0227 3.5474 1.5005, 0.0189 3.5474 1.499, 0.0129 3.5474 1.4983, 0.0077 3.5474 1.4988, 0.0036 3.5474 1.5002, 0.0 3.5474 1.5026, -0.0031 3.5474 1.506, -0.0047 3.5474 1.5083, -0.005 3.5474 1.5083, -0.0049 3.5474 1.4995, -0.015 3.5474 1.4994, -0.0152 3.5474 1.5362, -0.0145 3.5474 1.5437, -0.013 3.5474 1.5483, -0.011 3.5474 1.5516, -0.0083 3.5474 1.5542, -0.005 3.5474 1.5561, -0.0008 3.5474 1.5574, 0.018 3.5474 1.523, 0.0166 3.5474 1.524, 0.0142 3.5474 1.5251, 0.0083 3.5474 1.5265, 0.0207 3.5474 1.5158, 0.0206 3.5474 1.5174, 0.0201 3.5474 1.5197, 0.0192 3.5474 1.5215, 0.0178 3.5474 1.5091, 0.0187 3.5474 1.51, 0.0198 3.5474 1.5117, 0.0205 3.5474 1.5135, 0.0102 3.5474 1.5065, 0.0136 3.5474 1.5069, 0.0159 3.5474 1.5077, -0.0007 3.5474 1.5111, 0.0006 3.5474 1.5098, 0.0034 3.5474 1.5079, 0.0064 3.5474 1.5069, -0.0051 3.5474 1.5227, -0.0051 3.5474 1.522, -0.0044 3.5474 1.5176, -0.0029 3.5474 1.514, -0.0051 3.5474 1.5282
            ]
        }
        coordIndex [
            0,1,2,-1,2,1,3,-1,4,0,5,-1,5,0,2,-1,6,4,7,-1,7,4,5,-1,8,6,9,-1,9,6,7,-1,10,8,11,-1,11,8,9,-1,12,10,13,-1,13,10,11,-1,14,12,15,-1,15,12,13,-1,16,14,17,-1,17,14,15,-1,16,17,18,-1,16,18,19,-1,19,18,20,-1,19,20,21,-1,22,19,23,-1,23,19,21,-1,22,23,24,-1,25,26,27,-1,27,26,22,-1,27,22,28,-1,28,22,24,-1,3,1,29,-1,29,1,26,-1,29,26,25,-1,26,1,0,-1,0,4,26,-1,26,4,6,-1,26,6,22,-1,16,19,14,-1,14,19,22,-1,14,22,12,-1,12,22,6,-1,12,6,10,-1,10,6,8,-1,30,31,32,-1,32,31,33,-1,34,35,36,-1,37,38,39,-1,39,38,40,-1,41,42,33,-1,33,42,43,-1,43,44,33,-1,33,44,45,-1,33,45,32,-1,32,45,46,-1,32,46,37,-1,37,46,47,-1,37,47,38,-1,36,41,34,-1,34,41,33,-1,34,33,48,-1,48,33,49,-1,48,49,50,-1,50,49,51,-1,50,51,52,-1,52,51,53,-1,52,53,54,-1,54,53,55,-1,54,55,56,-1,56,55,57,-1,56,57,58,-1,58,57,59,-1,58,59,60,-1,60,59,61,-1,60,61,62,-1,62,61,63,-1,62,63,64,-1,64,63,65,-1,64,65,66,-1,66,65,67,-1,68,69,70,-1,70,69,71,-1,70,71,72,-1,72,71,73,-1,72,73,74,-1,74,73,75,-1,74,75,76,-1,76,75,77,-1,76,77,78,-1,78,77,79,-1,78,79,40,-1,40,79,80,-1,40,80,39,-1,81,82,83,-1,83,82,84,-1,83,84,85,-1,85,84,86,-1,85,86,87,-1,87,86,88,-1,87,88,68,-1,68,88,89,-1,68,89,69,-1,34,90,35,-1,35,90,91,-1,35,91,92,-1,92,91,93,-1,92,93,94,-1,94,93,95,-1,94,95,96,-1,96,95,97,-1,96,97,81,-1,81,97,98,-1,81,98,82,-1,61,99,100,-1,61,100,63,-1,63,100,101,-1,63,101,65,-1,65,101,102,-1,65,102,67,-1,66,67,103,-1,103,67,102,-1,66,103,104,-1,66,104,64,-1,64,104,105,-1,64,105,62,-1,62,105,106,-1,62,106,60,-1,60,106,107,-1,60,107,58,-1,58,107,108,-1,58,108,56,-1,56,108,109,-1,56,109,54,-1,54,109,110,-1,54,110,52,-1,52,110,111,-1,52,111,50,-1,50,111,112,-1,50,112,48,-1,48,112,113,-1,48,113,34,-1,90,34,114,-1,114,34,113,-1,90,114,115,-1,90,115,91,-1,91,115,116,-1,91,116,93,-1,93,116,117,-1,93,117,95,-1,95,117,118,-1,95,118,97,-1,97,118,119,-1,97,119,98,-1,98,119,120,-1,98,120,82,-1,82,120,121,-1,82,121,84,-1,84,121,122,-1,84,122,86,-1,86,122,123,-1,86,123,88,-1,88,123,124,-1,88,124,89,-1,89,124,125,-1,89,125,69,-1,69,125,126,-1,69,126,71,-1,71,126,127,-1,71,127,73,-1,73,127,128,-1,73,128,75,-1,75,128,129,-1,75,129,77,-1,77,129,130,-1,77,130,79,-1,79,130,131,-1,79,131,80,-1,80,131,132,-1,80,132,39,-1,39,132,133,-1,39,133,37,-1,32,37,134,-1,134,37,133,-1,30,32,135,-1,135,32,134,-1,31,30,136,-1,136,30,135,-1,33,31,137,-1,137,31,136,-1,33,137,138,-1,33,138,49,-1,49,138,139,-1,49,139,51,-1,51,139,140,-1,51,140,53,-1,53,140,141,-1,53,141,55,-1,55,141,142,-1,55,142,57,-1,57,142,143,-1,57,143,59,-1,59,143,99,-1,59,99,61,-1,92,144,145,-1,92,145,35,-1,35,145,146,-1,35,146,36,-1,36,146,147,-1,36,147,41,-1,83,148,149,-1,83,149,81,-1,81,149,150,-1,81,150,96,-1,96,150,151,-1,96,151,94,-1,94,151,144,-1,94,144,92,-1,70,152,153,-1,70,153,68,-1,68,153,154,-1,68,154,87,-1,87,154,155,-1,87,155,85,-1,85,155,148,-1,85,148,83,-1,76,156,157,-1,76,157,74,-1,74,157,158,-1,74,158,72,-1,72,158,152,-1,72,152,70,-1,47,159,160,-1,47,160,38,-1,38,160,161,-1,38,161,40,-1,40,161,162,-1,40,162,78,-1,78,162,156,-1,78,156,76,-1,43,163,164,-1,43,164,44,-1,44,164,165,-1,44,165,45,-1,45,165,166,-1,45,166,46,-1,46,166,159,-1,46,159,47,-1,43,42,163,-1,163,42,167,-1,42,41,167,-1,167,41,147,-1,
        ]
    }
}
Shape{
    appearance Appearance {
        material  Material 	{
            diffuseColor 0.2235294117647059 0.2235294117647059 0.2235294117647059
            specularColor 0.11372549019607843 0.11372549019607843 0.11372549019607843
            ambientIntensity 0.2235
            transparency 0.0
            shininess 0.5
        }
    }
    geometry IndexedFaceSet {
        ccw TRUE
        solid FALSE
        coord DEF co Coordinate {
            point [
                -0.0051 3.5474 1.5282, 0.0083 3.5474 1.5265, -0.0051 3.5474 1.5227, 0.0142 3.5474 1.5251, 0.0166 3.5474 1.524, 0.018 3.5474 1.523, -0.0051 3.5474 1.522, -0.0044 3.5474 1.5176, 0.0192 3.5474 1.5215, -0.0029 3.5474 1.514, 0.0187 3.5474 1.51, 0.0178 3.5474 1.5091, 0.0006 3.5474 1.5098, 0.0198 3.5474 1.5117, 0.0034 3.5474 1.5079, 0.0064 3.5474 1.5069, 0.0102 3.5474 1.5065, 0.0201 3.5474 1.5197, 0.0206 3.5474 1.5174, -0.0007 3.5474 1.5111, 0.0207 3.5474 1.5158, 0.0205 3.5474 1.5135, 0.0159 3.5474 1.5077, 0.0136 3.5474 1.5069
            ]
        }
        coordIndex [
            0,1,2,-1,2,1,3,-1,3,4,2,-1,2,4,5,-1,2,5,6,-1,6,5,7,-1,7,5,8,-1,7,8,9,-1,10,11,12,-1,10,12,13,-1,14,12,15,-1,15,12,16,-1,8,17,9,-1,9,17,18,-1,9,18,19,-1,19,18,20,-1,19,20,12,-1,12,20,21,-1,12,21,13,-1,11,22,12,-1,12,22,23,-1,12,23,16,-1,
        ]
    }
}
Shape{
    appearance Appearance {
        material  Material 	{
            diffuseColor 1.0 1.0 1.0
            specularColor 0.5019607843137255 0.5019607843137255 0.5019607843137255
            ambientIntensity 1.0
            transparency 0.0
            shininess 0.5
        }
    }
    geometry IndexedFaceSet {
        ccw TRUE
        solid FALSE
        coord DEF co Coordinate {
            point [
                -0.0451 3.5478 1.506, -0.0451 3.5474 1.506, -0.0388 3.5474 1.5068, -0.0336 3.5474 1.5088, -0.0325 3.5478 1.5092, -0.0388 3.5478 1.5068, -0.0325 3.5474 1.5092, -0.0286 3.5474 1.5117, -0.0286 3.5478 1.5117, -0.0286 3.5478 1.5013, -0.0286 3.5474 1.5013, -0.0441 3.5474 1.4978, -0.0441 3.5478 1.4978, -0.0357 3.5478 1.4988, -0.0336 3.5474 1.4995, -0.0357 3.5474 1.4988, -0.0523 3.5474 1.4987, -0.0523 3.5478 1.4987, -0.0578 3.5474 1.5005, -0.0578 3.5478 1.5005, -0.0607 3.5474 1.5023, -0.0607 3.5478 1.5023, -0.0636 3.5474 1.5048, -0.0636 3.5478 1.5048, -0.0655 3.5474 1.5074, -0.0655 3.5478 1.5074, -0.0668 3.5474 1.5106, -0.0668 3.5478 1.5106, -0.0673 3.5474 1.5146, -0.0673 3.5478 1.5146, -0.0669 3.5474 1.5183, -0.0669 3.5478 1.5183, -0.0658 3.5474 1.5213, -0.0658 3.5478 1.5213, -0.064 3.5474 1.5241, -0.064 3.5478 1.5241, -0.0616 3.5474 1.5262, -0.0616 3.5478 1.5262, -0.055 3.5474 1.53, -0.055 3.5478 1.53, -0.0511 3.5474 1.5316, -0.0511 3.5478 1.5316, -0.0449 3.5474 1.5343, -0.0449 3.5478 1.5343, -0.0414 3.5474 1.5366, -0.0414 3.5478 1.5366, -0.0404 3.5474 1.5376, -0.0404 3.5478 1.5376, -0.0397 3.5474 1.539, -0.0397 3.5478 1.539, -0.0393 3.5474 1.5406, -0.0393 3.5478 1.5406, -0.0393 3.5474 1.5419, -0.0393 3.5478 1.5419, -0.0394 3.5474 1.5435, -0.0394 3.5478 1.5435, -0.0399 3.5474 1.5448, -0.0399 3.5478 1.5448, -0.0408 3.5474 1.5461, -0.0408 3.5478 1.5461, -0.0423 3.5474 1.5474, -0.0423 3.5478 1.5474, -0.0446 3.5474 1.5486, -0.0446 3.5478 1.5486, -0.0473 3.5474 1.5493, -0.0473 3.5478 1.5493, -0.0503 3.5474 1.5495, -0.0503 3.5478 1.5495, -0.0568 3.5474 1.5487, -0.0568 3.5478 1.5487, -0.0625 3.5474 1.5466, -0.0625 3.5478 1.5466, -0.0648 3.5474 1.5453, -0.0648 3.5478 1.5453, -0.0648 3.5478 1.555, -0.0648 3.5474 1.555, -0.0568 3.5474 1.5572, -0.0568 3.5478 1.5572, -0.0513 3.5474 1.5576, -0.0513 3.5478 1.5576, -0.0439 3.5474 1.5569, -0.0439 3.5478 1.5569, -0.0384 3.5474 1.555, -0.0384 3.5478 1.555, -0.0354 3.5474 1.5532, -0.0354 3.5478 1.5532, -0.0324 3.5478 1.5506, -0.0336 3.5474 1.5516, -0.0324 3.5474 1.5506, -0.0305 3.5474 1.5479, -0.0305 3.5478 1.5479, -0.0293 3.5474 1.5446, -0.0293 3.5478 1.5446, -0.0289 3.5474 1.5411, -0.0289 3.5478 1.5411, -0.0293 3.5474 1.5372, -0.0293 3.5478 1.5372, -0.0304 3.5474 1.5341, -0.0304 3.5478 1.5341, -0.0317 3.5474 1.532, -0.0317 3.5478 1.532, -0.044 3.5474 1.5243, -0.044 3.5478 1.5243, -0.038 3.5478 1.5271, -0.0333 3.5474 1.5303, -0.0333 3.5478 1.5303, -0.0336 3.5474 1.5301, -0.038 3.5474 1.5271, -0.0505 3.5474 1.5215, -0.0505 3.5478 1.5215, -0.0544 3.5474 1.5191, -0.0544 3.5478 1.5191, -0.0557 3.5474 1.5178, -0.0557 3.5478 1.5178, -0.0564 3.5474 1.5165, -0.0564 3.5478 1.5165, -0.0569 3.5474 1.5149, -0.0569 3.5478 1.5149, -0.057 3.5474 1.5137, -0.057 3.5478 1.5137, -0.0568 3.5474 1.5118, -0.0568 3.5478 1.5118, -0.0562 3.5474 1.5103, -0.0562 3.5478 1.5103, -0.0554 3.5474 1.5091, -0.0554 3.5478 1.5091, -0.0542 3.5474 1.508, -0.0542 3.5478 1.508, -0.0533 3.5474 1.5075, -0.0533 3.5478 1.5075, -0.0507 3.5474 1.5066, -0.0507 3.5478 1.5066, -0.0455 3.5474 1.506, -0.0455 3.5478 1.506, -0.1173 3.5478 1.5559, -0.1277 3.5478 1.5558, -0.1173 3.5474 1.5559, -0.1277 3.5474 1.5558, -0.1014 3.5478 1.5129, -0.1014 3.5474 1.5129, -0.1006 3.5474 1.5103, -0.1006 3.5478 1.5103, -0.1001 3.5474 1.5083, -0.1001 3.5478 1.5083, -0.0998 3.5478 1.5083, -0.0998 3.5474 1.5083, -0.0986 3.5478 1.513, -0.0986 3.5474 1.513, -0.084 3.5474 1.5561, -0.084 3.5478 1.5561, -0.0894 3.5474 1.5403, -0.0728 3.5478 1.5562, -0.0728 3.5474 1.5562, -0.0948 3.5474 1.499, -0.0948 3.5478 1.499, -0.0894 3.5474 1.5131, -0.0903 3.5478 1.4886, -0.0903 3.5474 1.4886, -0.0894 3.5474 1.4868, -0.0884 3.5478 1.485, -0.0884 3.5474 1.485, -0.0865 3.5474 1.4829, -0.0865 3.5478 1.4829, -0.0846 3.5474 1.4817, -0.0846 3.5478 1.4817, -0.0824 3.5474 1.4809, -0.0824 3.5478 1.4809, -0.08 3.5474 1.4806, -0.08 3.5478 1.4806, -0.0764 3.5474 1.4811, -0.0764 3.5478 1.4811, -0.0743 3.5474 1.4818, -0.0743 3.5478 1.4818, -0.0743 3.5478 1.4729, -0.0743 3.5474 1.4729, -0.0785 3.5474 1.4721, -0.0785 3.5478 1.4721, -0.0807 3.5474 1.472, -0.0807 3.5478 1.472, -0.0848 3.5474 1.4724, -0.0848 3.5478 1.4724, -0.0888 3.5474 1.4739, -0.0888 3.5478 1.4739, -0.0894 3.5474 1.4743, -0.0923 3.5478 1.4763, -0.0923 3.5474 1.4763, -0.093 3.5474 1.477, -0.093 3.5478 1.477, -0.0967 3.5474 1.4813, -0.0967 3.5478 1.4813, -0.1013 3.5474 1.4902, -0.1013 3.5478 1.4902, -0.1812 3.5478 1.5074, -0.1812 3.5478 1.4982, -0.1812 3.5474 1.5074, -0.1812 3.5474 1.4982, -0.1485 3.5474 1.5076, -0.1485 3.5478 1.5076, -0.1645 3.5474 1.5075, -0.1487 3.5478 1.5345, -0.1487 3.5474 1.5345, -0.1773 3.5474 1.5343, -0.1773 3.5478 1.5343, -0.1645 3.5474 1.5344, -0.1774 3.5478 1.5435, -0.1774 3.5474 1.5435, -0.1487 3.5474 1.5437, -0.1487 3.5478 1.5437, -0.1645 3.5474 1.5436, -0.1489 3.5478 1.5693, -0.1489 3.5474 1.5693, -0.1798 3.5474 1.5691, -0.1798 3.5478 1.5691, -0.1645 3.5474 1.5692, -0.1799 3.5478 1.5783, -0.1799 3.5474 1.5778, -0.1799 3.5474 1.5783, -0.1387 3.5474 1.5786, -0.1387 3.5478 1.5786, -0.1645 3.5474 1.5784, -0.1381 3.5474 1.4985, -0.1381 3.5478 1.4985, -0.1387 3.5474 1.5778, -0.1645 3.5474 1.4983, -0.2506 3.5478 1.534, -0.2614 3.5478 1.533, -0.2509 3.5478 1.5385, -0.2618 3.5478 1.5387, -0.25 3.5478 1.5477, -0.2607 3.5478 1.5489, -0.2479 3.5478 1.5538, -0.2579 3.5478 1.5568, -0.2449 3.5478 1.5584, -0.2531 3.5478 1.5639, -0.2423 3.5478 1.5611, -0.2499 3.5478 1.5672, -0.2361 3.5478 1.5652, -0.242 3.5478 1.5728, -0.2291 3.5478 1.5677, -0.2324 3.5478 1.5765, -0.2192 3.5478 1.5688, -0.2197 3.5478 1.578, -0.2071 3.5478 1.5689, -0.1968 3.5478 1.5782, -0.2067 3.5478 1.5072, -0.1963 3.5478 1.4981, -0.2183 3.5478 1.5071, -0.2183 3.5478 1.498, -0.2285 3.5478 1.5081, -0.231 3.5478 1.4993, -0.2353 3.5478 1.5105, -0.2403 3.5478 1.5027, -0.2407 3.5478 1.5139, -0.2482 3.5478 1.5078, -0.2422 3.5478 1.5153, -0.2495 3.5478 1.509, -0.2464 3.5478 1.5205, -0.2552 3.5478 1.5156, -0.2491 3.5478 1.5265, -0.2593 3.5478 1.5238, -0.2183 3.5474 1.498, -0.1963 3.5474 1.4981, -0.231 3.5474 1.4993, -0.2403 3.5474 1.5027, -0.2482 3.5474 1.5078, -0.2495 3.5474 1.509, -0.2552 3.5474 1.5156, -0.2593 3.5474 1.5238, -0.2614 3.5474 1.533, -0.2618 3.5474 1.5387, -0.2607 3.5474 1.5489, -0.2579 3.5474 1.5568, -0.2531 3.5474 1.5639, -0.2499 3.5474 1.5672, -0.2197 3.5474 1.578, -0.2213 3.5474 1.5778, -0.2324 3.5474 1.5765, -0.242 3.5474 1.5728, -0.1968 3.5474 1.5782, -0.1968 3.5474 1.5778, -0.2192 3.5474 1.5688, -0.2071 3.5474 1.5689, -0.2067 3.5474 1.5072, -0.2183 3.5474 1.5071, -0.2422 3.5474 1.5153, -0.2407 3.5474 1.5139, -0.2353 3.5474 1.5105, -0.2285 3.5474 1.5081, -0.2509 3.5474 1.5385, -0.2506 3.5474 1.534, -0.2491 3.5474 1.5265, -0.2464 3.5474 1.5205, -0.2423 3.5474 1.5611, -0.2449 3.5474 1.5584, -0.2479 3.5474 1.5538, -0.25 3.5474 1.5477, -0.2291 3.5474 1.5677, -0.2361 3.5474 1.5652
            ]
        }
        coordIndex [
            0,1,2,-1,3,4,2,-1,2,4,5,-1,2,5,0,-1,3,6,4,-1,4,6,7,-1,4,7,8,-1,9,8,10,-1,10,8,7,-1,11,12,13,-1,9,10,14,-1,9,14,13,-1,13,14,15,-1,13,15,11,-1,12,11,16,-1,12,16,17,-1,17,16,18,-1,17,18,19,-1,19,18,20,-1,19,20,21,-1,21,20,22,-1,21,22,23,-1,23,22,24,-1,23,24,25,-1,25,24,26,-1,25,26,27,-1,27,26,28,-1,27,28,29,-1,29,28,30,-1,29,30,31,-1,31,30,32,-1,31,32,33,-1,33,32,34,-1,33,34,35,-1,35,34,36,-1,35,36,37,-1,37,36,38,-1,37,38,39,-1,39,38,40,-1,39,40,41,-1,41,40,42,-1,41,42,43,-1,43,42,44,-1,43,44,45,-1,45,44,46,-1,45,46,47,-1,47,46,48,-1,47,48,49,-1,49,48,50,-1,49,50,51,-1,51,50,52,-1,51,52,53,-1,53,52,54,-1,53,54,55,-1,55,54,56,-1,55,56,57,-1,57,56,58,-1,57,58,59,-1,59,58,60,-1,59,60,61,-1,61,60,62,-1,61,62,63,-1,63,62,64,-1,63,64,65,-1,65,64,66,-1,65,66,67,-1,67,66,68,-1,67,68,69,-1,69,68,70,-1,69,70,71,-1,71,70,72,-1,71,72,73,-1,74,73,75,-1,75,73,72,-1,74,75,76,-1,74,76,77,-1,77,76,78,-1,77,78,79,-1,79,78,80,-1,79,80,81,-1,81,80,82,-1,81,82,83,-1,83,82,84,-1,83,84,85,-1,86,85,87,-1,87,85,84,-1,87,88,86,-1,86,88,89,-1,86,89,90,-1,90,89,91,-1,90,91,92,-1,92,91,93,-1,92,93,94,-1,94,93,95,-1,94,95,96,-1,96,95,97,-1,96,97,98,-1,98,97,99,-1,98,99,100,-1,101,102,103,-1,100,99,104,-1,100,104,105,-1,105,104,106,-1,105,106,103,-1,103,106,107,-1,103,107,101,-1,102,101,108,-1,102,108,109,-1,109,108,110,-1,109,110,111,-1,111,110,112,-1,111,112,113,-1,113,112,114,-1,113,114,115,-1,115,114,116,-1,115,116,117,-1,117,116,118,-1,117,118,119,-1,119,118,120,-1,119,120,121,-1,121,120,122,-1,121,122,123,-1,123,122,124,-1,123,124,125,-1,125,124,126,-1,125,126,127,-1,127,126,128,-1,127,128,129,-1,129,128,130,-1,129,130,131,-1,131,130,132,-1,131,132,133,-1,133,132,1,-1,133,1,0,-1,59,61,83,-1,83,61,81,-1,109,41,102,-1,102,41,43,-1,19,21,125,-1,125,21,23,-1,125,23,123,-1,123,23,25,-1,123,25,121,-1,121,25,27,-1,121,27,119,-1,119,27,29,-1,119,29,117,-1,117,29,31,-1,117,31,115,-1,115,31,33,-1,115,33,113,-1,113,33,35,-1,113,35,111,-1,111,35,37,-1,111,37,109,-1,109,37,39,-1,109,39,41,-1,12,0,13,-1,13,0,5,-1,13,5,9,-1,9,5,4,-1,9,4,8,-1,61,63,81,-1,81,63,65,-1,81,65,79,-1,79,65,67,-1,79,67,77,-1,77,67,69,-1,77,69,74,-1,74,69,71,-1,74,71,73,-1,125,127,19,-1,19,127,129,-1,19,129,17,-1,17,129,131,-1,17,131,12,-1,12,131,133,-1,12,133,0,-1,83,85,59,-1,59,85,86,-1,59,86,57,-1,57,86,90,-1,57,90,55,-1,55,90,92,-1,55,92,53,-1,53,92,94,-1,53,94,51,-1,51,94,96,-1,51,96,49,-1,49,96,98,-1,49,98,47,-1,47,98,100,-1,47,100,45,-1,45,100,105,-1,45,105,43,-1,43,105,103,-1,43,103,102,-1,134,135,136,-1,136,135,137,-1,138,134,139,-1,139,134,136,-1,138,139,140,-1,138,140,141,-1,141,140,142,-1,141,142,143,-1,144,143,145,-1,145,143,142,-1,146,144,147,-1,147,144,145,-1,148,149,150,-1,150,149,146,-1,150,146,147,-1,151,149,152,-1,152,149,148,-1,153,154,155,-1,155,154,151,-1,155,151,152,-1,156,154,157,-1,157,154,153,-1,156,157,158,-1,156,158,159,-1,158,160,159,-1,159,160,161,-1,159,161,162,-1,162,161,163,-1,162,163,164,-1,164,163,165,-1,164,165,166,-1,166,165,167,-1,166,167,168,-1,168,167,169,-1,168,169,170,-1,170,169,171,-1,170,171,172,-1,173,172,174,-1,174,172,171,-1,173,174,175,-1,173,175,176,-1,176,175,177,-1,176,177,178,-1,178,177,179,-1,178,179,180,-1,180,179,181,-1,180,181,182,-1,182,181,183,-1,182,183,184,-1,183,185,184,-1,184,185,186,-1,184,186,187,-1,187,186,188,-1,187,188,189,-1,189,188,190,-1,189,190,191,-1,135,191,137,-1,137,191,190,-1,141,143,191,-1,135,134,191,-1,191,134,138,-1,191,138,141,-1,149,151,146,-1,146,151,154,-1,146,154,144,-1,189,159,187,-1,187,159,162,-1,172,173,170,-1,170,173,176,-1,170,176,168,-1,168,176,178,-1,168,178,166,-1,166,178,180,-1,166,180,164,-1,164,180,182,-1,164,182,162,-1,162,182,184,-1,162,184,187,-1,143,144,191,-1,191,144,154,-1,191,154,189,-1,189,154,156,-1,189,156,159,-1,192,193,194,-1,194,193,195,-1,196,197,198,-1,198,197,192,-1,198,192,194,-1,199,197,200,-1,200,197,196,-1,201,202,203,-1,203,202,199,-1,203,199,200,-1,204,202,205,-1,205,202,201,-1,206,207,208,-1,208,207,204,-1,208,204,205,-1,209,207,210,-1,210,207,206,-1,211,212,213,-1,213,212,209,-1,213,209,210,-1,212,211,214,-1,214,211,215,-1,214,215,216,-1,217,218,219,-1,219,218,214,-1,219,214,216,-1,220,221,222,-1,222,221,218,-1,222,218,217,-1,195,193,223,-1,223,193,221,-1,223,221,220,-1,221,193,192,-1,192,197,221,-1,221,197,199,-1,221,199,218,-1,212,214,209,-1,209,214,218,-1,209,218,207,-1,207,218,199,-1,207,199,204,-1,204,199,202,-1,224,225,226,-1,226,225,227,-1,226,227,228,-1,228,227,229,-1,228,229,230,-1,230,229,231,-1,230,231,232,-1,232,231,233,-1,232,233,234,-1,234,233,235,-1,234,235,236,-1,236,235,237,-1,236,237,238,-1,238,237,239,-1,238,239,240,-1,240,239,241,-1,240,241,242,-1,242,241,243,-1,242,243,244,-1,244,243,245,-1,244,245,246,-1,246,245,247,-1,246,247,248,-1,248,247,249,-1,248,249,250,-1,250,249,251,-1,250,251,252,-1,252,251,253,-1,252,253,254,-1,254,253,255,-1,254,255,256,-1,256,255,257,-1,256,257,258,-1,258,257,259,-1,258,259,224,-1,224,259,225,-1,247,245,260,-1,260,245,261,-1,247,260,262,-1,247,262,249,-1,249,262,263,-1,249,263,251,-1,251,263,264,-1,251,264,253,-1,253,264,265,-1,253,265,255,-1,255,265,266,-1,255,266,257,-1,257,266,267,-1,257,267,259,-1,259,267,268,-1,259,268,225,-1,225,268,269,-1,225,269,227,-1,227,269,270,-1,227,270,229,-1,229,270,271,-1,229,271,231,-1,231,271,272,-1,231,272,233,-1,233,272,273,-1,233,273,235,-1,274,241,275,-1,275,241,239,-1,275,239,276,-1,276,239,237,-1,276,237,277,-1,277,237,235,-1,277,235,273,-1,243,241,278,-1,278,241,274,-1,261,245,279,-1,279,245,243,-1,279,243,278,-1,240,242,280,-1,280,242,281,-1,242,244,281,-1,281,244,282,-1,244,246,282,-1,282,246,283,-1,254,284,285,-1,254,285,252,-1,252,285,286,-1,252,286,250,-1,250,286,287,-1,250,287,248,-1,248,287,283,-1,248,283,246,-1,226,288,289,-1,226,289,224,-1,224,289,290,-1,224,290,258,-1,258,290,291,-1,258,291,256,-1,256,291,284,-1,256,284,254,-1,234,292,293,-1,234,293,232,-1,232,293,294,-1,232,294,230,-1,230,294,295,-1,230,295,228,-1,228,295,288,-1,228,288,226,-1,240,280,296,-1,240,296,238,-1,238,296,297,-1,238,297,236,-1,236,297,292,-1,236,292,234,-1,
        ]
    }
}
Shape{
    appearance Appearance {
        material  Material 	{
            diffuseColor 0.2235294117647059 0.2235294117647059 0.2235294117647059
            specularColor 0.11372549019607843 0.11372549019607843 0.11372549019607843
            ambientIntensity 0.2235
            transparency 0.0
            shininess 0.5
        }
    }
    geometry IndexedFaceSet {
        ccw TRUE
        solid FALSE
        coord DEF co Coordinate {
            point [
                -0.2071 3.5474 1.5689, -0.2067 3.5474 1.5072, -0.2192 3.5474 1.5688, -0.2183 3.5474 1.5071, -0.2285 3.5474 1.5081, -0.2353 3.5474 1.5105, -0.2407 3.5474 1.5139, -0.2422 3.5474 1.5153, -0.2464 3.5474 1.5205, -0.2491 3.5474 1.5265, -0.2506 3.5474 1.534, -0.2509 3.5474 1.5385, -0.25 3.5474 1.5477, -0.2479 3.5474 1.5538, -0.2449 3.5474 1.5584, -0.2423 3.5474 1.5611, -0.2291 3.5474 1.5677, -0.2361 3.5474 1.5652
            ]
        }
        coordIndex [
            0,1,2,-1,2,1,3,-1,2,3,4,-1,4,5,2,-1,2,5,6,-1,2,6,7,-1,7,8,2,-1,2,8,9,-1,2,9,10,-1,10,11,2,-1,2,11,12,-1,2,12,13,-1,13,14,2,-1,2,14,15,-1,2,15,16,-1,16,15,17,-1,
        ]
    }
}
Shape{
    appearance Appearance {
        material  Material 	{
            diffuseColor 1.0 1.0 1.0
            specularColor 0.5019607843137255 0.5019607843137255 0.5019607843137255
            ambientIntensity 1.0
            transparency 0.0
            shininess 0.5
        }
    }
    geometry IndexedFaceSet {
        ccw TRUE
        solid FALSE
        coord DEF co Coordinate {
            point [
                -0.2885 3.5478 1.5284, -0.3007 3.5478 1.5616, -0.297 3.5478 1.5775, -0.2659 3.5478 1.4976, -0.2773 3.5478 1.4975, -0.2852 3.5478 1.5194, -0.3014 3.5478 1.564, -0.3021 3.5478 1.5672, -0.308 3.5478 1.5774, -0.3023 3.5478 1.5672, -0.3029 3.5478 1.5638, -0.3035 3.5478 1.5616, -0.3154 3.5478 1.5282, -0.338 3.5478 1.4971, -0.3265 3.5478 1.4972, -0.3185 3.5478 1.5192, -0.308 3.5474 1.5774, -0.338 3.5474 1.4971, -0.297 3.5474 1.5775, -0.2659 3.5474 1.4976, -0.2773 3.5474 1.4975, -0.2852 3.5474 1.5194, -0.3185 3.5474 1.5192, -0.3265 3.5474 1.4972, -0.2885 3.5474 1.5284, -0.3154 3.5474 1.5282, -0.3035 3.5474 1.5616, -0.3023 3.5474 1.5672, -0.3029 3.5474 1.5638, -0.3021 3.5474 1.5672, -0.3007 3.5474 1.5616, -0.3014 3.5474 1.564
            ]
        }
        coordIndex [
            0,1,2,-1,3,4,5,-1,1,6,2,-1,2,6,7,-1,2,7,8,-1,8,7,9,-1,8,9,10,-1,10,11,8,-1,8,11,12,-1,8,12,13,-1,14,13,15,-1,15,13,12,-1,15,12,5,-1,5,12,0,-1,5,0,3,-1,3,0,2,-1,8,13,16,-1,16,13,17,-1,2,8,18,-1,18,8,16,-1,3,2,19,-1,19,2,18,-1,4,3,20,-1,20,3,19,-1,5,4,21,-1,21,4,20,-1,15,5,22,-1,22,5,21,-1,14,15,23,-1,23,15,22,-1,13,14,17,-1,17,14,23,-1,0,12,24,-1,24,12,25,-1,12,11,25,-1,25,11,26,-1,9,27,28,-1,9,28,10,-1,10,28,26,-1,10,26,11,-1,9,7,27,-1,27,7,29,-1,1,30,31,-1,1,31,6,-1,6,31,29,-1,6,29,7,-1,1,0,30,-1,30,0,24,-1,
        ]
    }
}
Shape{
    appearance Appearance {
        material  Material 	{
            diffuseColor 0.2235294117647059 0.2235294117647059 0.2235294117647059
            specularColor 0.11372549019607843 0.11372549019607843 0.11372549019607843
            ambientIntensity 0.2235
            transparency 0.0
            shininess 0.5
        }
    }
    geometry IndexedFaceSet {
        ccw TRUE
        solid FALSE
        coord DEF co Coordinate {
            point [
                -0.3023 3.5474 1.5672, -0.3021 3.5474 1.5672, -0.3029 3.5474 1.5638, -0.3014 3.5474 1.564, -0.3035 3.5474 1.5616, -0.3007 3.5474 1.5616, -0.3154 3.5474 1.5282, -0.2885 3.5474 1.5284
            ]
        }
        coordIndex [
            0,1,2,-1,2,1,3,-1,2,3,4,-1,4,3,5,-1,4,5,6,-1,6,5,7,-1,
        ]
    }
}
Shape{
    appearance Appearance {
        material  Material 	{
            diffuseColor 1.0 1.0 1.0
            specularColor 0.5019607843137255 0.5019607843137255 0.5019607843137255
            ambientIntensity 1.0
            transparency 0.0
            shininess 0.5
        }
    }
    geometry IndexedFaceSet {
        ccw TRUE
        solid FALSE
        coord DEF co Coordinate {
            point [
                0.2518 3.5478 1.5682, 0.2692 3.5478 1.5985, 0.3458 3.5478 1.5592, 0.3844 3.5478 1.5424, 0.3792 3.5478 1.5405, 0.4516 3.5478 1.6404, 0.4389 3.5478 1.6472, 0.4414 3.5478 1.6823, 0.4058 3.5478 1.6837, 0.3885 3.5478 1.642, 0.3796 3.5478 1.66, 0.4189 3.5478 1.4729, 0.4421 3.5478 1.5417, 0.4298 3.5478 1.4816, 0.438 3.5478 1.4923, 0.4189 3.5478 1.685, 0.3746 3.5478 1.5374, 0.371 3.5478 1.5333, 0.3318 3.5478 1.5266, 0.3947 3.5478 1.5423, 0.4007 3.5478 1.5776, 0.3997 3.5478 1.5404, 0.4133 3.5478 1.5732, 0.4042 3.5478 1.5373, 0.4252 3.5478 1.5654, 0.4065 3.5478 1.5349, 0.4349 3.5478 1.555, 0.4094 3.5478 1.5302, 0.4415 3.5478 1.5433, 0.4112 3.5478 1.5249, 0.4115 3.5478 1.5193, 0.3667 3.5478 1.5744, 0.3803 3.5478 1.5782, 0.3883 3.5478 1.5788, 0.2326 3.5478 1.6244, 0.228 3.5478 1.6244, 0.2045 3.5478 1.655, 0.2172 3.5478 1.623, 0.2018 3.5478 1.6541, 0.2073 3.5478 1.6191, 0.1849 3.5478 1.6456, 0.1696 3.5478 1.6324, 0.3941 3.5478 1.6972, 0.3667 3.5478 1.6752, 0.3806 3.5478 1.7086, 0.3515 3.5478 1.6862, 0.3667 3.5478 1.7171, 0.4531 3.5478 1.5483, 0.4502 3.5478 1.5057, 0.443 3.5478 1.5035, 0.4248 3.5478 1.6505, 0.4186 3.5478 1.6508, 0.4124 3.5478 1.6845, 0.4067 3.5478 1.6494, 0.3939 3.5478 1.645, 0.3685 3.5478 1.5286, 0.3673 3.5478 1.5233, 0.3318 3.5478 1.5209, 0.3673 3.5478 1.5181, 0.1701 3.5478 1.5261, 0.1966 3.5478 1.5487, 0.1856 3.5478 1.5131, 0.2051 3.5478 1.5419, 0.2031 3.5478 1.5047, 0.2152 3.5478 1.5374, 0.2221 3.5478 1.5008, 0.2253 3.5478 1.5356, 0.2557 3.5478 1.501, 0.2509 3.5478 1.5357, 0.2589 3.5478 1.5016, 0.4625 3.5478 1.6743, 0.4807 3.5478 1.6617, 0.4621 3.5478 1.6309, 0.4846 3.5478 1.6581, 0.4698 3.5478 1.6194, 0.4984 3.5478 1.6406, 0.4744 3.5478 1.6067, 0.3892 3.5478 1.543, 0.3548 3.5478 1.5677, 0.1985 3.5478 1.6128, 0.1921 3.5478 1.6056, 0.158 3.5478 1.6161, 0.1868 3.5478 1.5957, 0.1512 3.5478 1.5987, 0.1842 3.5478 1.5848, 0.1487 3.5478 1.58, 0.184 3.5478 1.5797, 0.1514 3.5478 1.5598, 0.1854 3.5478 1.5687, 0.1587 3.5478 1.5418, 0.1894 3.5478 1.5585, 0.1957 3.5478 1.5497, 0.2349 3.5478 1.7002, 0.2576 3.5478 1.6744, 0.2163 3.5478 1.6783, 0.2448 3.5478 1.659, 0.2361 3.5478 1.6406, 0.3403 3.5478 1.727, 0.3328 3.5478 1.6936, 0.3121 3.5478 1.7303, 0.3118 3.5478 1.6961, 0.2887 3.5478 1.7277, 0.2924 3.5478 1.6936, 0.2602 3.5478 1.7174, 0.2746 3.5478 1.6866, 0.2587 3.5478 1.6754, 0.4007 3.5478 1.5017, 0.3956 3.5478 1.4995, 0.406 3.5478 1.467, 0.3905 3.5478 1.4986, 0.3926 3.5478 1.4645, 0.3895 3.5478 1.4986, 0.3892 3.5478 1.4644, 0.3838 3.5478 1.4993, 0.3767 3.5478 1.4657, 0.3788 3.5478 1.5012, 0.3639 3.5478 1.4702, 0.3745 3.5478 1.5043, 0.3523 3.5478 1.4777, 0.3714 3.5478 1.5078, 0.3426 3.5478 1.4881, 0.3687 3.5478 1.5126, 0.3357 3.5478 1.5007, 0.3322 3.5478 1.5147, 0.2537 3.5478 1.5363, 0.2676 3.5478 1.5071, 0.2663 3.5478 1.5057, 0.5076 3.5478 1.6201, 0.5116 3.5478 1.5987, 0.4759 3.5478 1.5943, 0.5118 3.5478 1.5934, 0.4752 3.5478 1.5847, 0.5092 3.5478 1.571, 0.471 3.5478 1.5708, 0.5011 3.5478 1.5497, 0.4635 3.5478 1.5585, 0.4883 3.5478 1.5312, 0.4707 3.5478 1.5159, 0.405 3.5478 1.5051, 0.4082 3.5478 1.5092, 0.4105 3.5478 1.514, 0.252 3.5478 1.5359, 0.2626 3.5478 1.5031, 0.2721 3.5478 1.5188, 0.2716 3.5478 1.5146, 0.2701 3.5478 1.5107, 0.2587 3.5478 1.5358, 0.2626 3.5478 1.5343, 0.2719 3.5478 1.5211, 0.2661 3.5478 1.5318, 0.2685 3.5478 1.5293, 0.2707 3.5478 1.5254, 0.2543 3.5478 1.5363, 0.1487 3.5474 1.58, 0.1512 3.5474 1.5987, 0.1646 3.5474 1.6254, 0.1527 3.5474 1.6025, 0.158 3.5474 1.6161, 0.1696 3.5474 1.6324, 0.1849 3.5474 1.6456, 0.2018 3.5474 1.6541, 0.2045 3.5474 1.655, 0.2163 3.5474 1.6783, 0.2349 3.5474 1.7002, 0.3121 3.5474 1.7303, 0.2446 3.5474 1.7068, 0.2602 3.5474 1.7174, 0.2651 3.5474 1.7192, 0.2887 3.5474 1.7277, 0.3806 3.5474 1.7086, 0.3403 3.5474 1.727, 0.3611 3.5474 1.7192, 0.3667 3.5474 1.7171, 0.4058 3.5474 1.6837, 0.3828 3.5474 1.7068, 0.3941 3.5474 1.6972, 0.4124 3.5474 1.6845, 0.4189 3.5474 1.685, 0.4414 3.5474 1.6823, 0.4625 3.5474 1.6743, 0.4807 3.5474 1.6617, 0.4846 3.5474 1.6581, 0.5118 3.5474 1.5934, 0.4984 3.5474 1.6406, 0.5053 3.5474 1.6254, 0.5076 3.5474 1.6201, 0.5109 3.5474 1.6025, 0.5116 3.5474 1.5987, 0.51 3.5474 1.5778, 0.5101 3.5474 1.5794, 0.5092 3.5474 1.571, 0.5011 3.5474 1.5497, 0.4883 3.5474 1.5312, 0.4707 3.5474 1.5159, 0.4502 3.5474 1.5057, 0.443 3.5474 1.5035, 0.438 3.5474 1.4923, 0.4298 3.5474 1.4816, 0.4189 3.5474 1.4729, 0.406 3.5474 1.467, 0.3926 3.5474 1.4645, 0.3892 3.5474 1.4644, 0.3767 3.5474 1.4657, 0.3639 3.5474 1.4702, 0.3523 3.5474 1.4777, 0.3426 3.5474 1.4881, 0.3357 3.5474 1.5007, 0.3322 3.5474 1.5147, 0.3318 3.5474 1.5209, 0.3318 3.5474 1.5266, 0.2518 3.5474 1.5682, 0.2573 3.5474 1.5778, 0.2582 3.5474 1.5794, 0.2692 3.5474 1.5985, 0.3095 3.5474 1.5778, 0.3458 3.5474 1.5592, 0.3064 3.5474 1.5794, 0.3883 3.5474 1.5788, 0.3548 3.5474 1.5677, 0.3667 3.5474 1.5744, 0.3788 3.5474 1.5778, 0.3803 3.5474 1.5782, 0.3981 3.5474 1.5778, 0.4007 3.5474 1.5776, 0.4133 3.5474 1.5732, 0.4252 3.5474 1.5654, 0.4349 3.5474 1.555, 0.4415 3.5474 1.5433, 0.4421 3.5474 1.5417, 0.4736 3.5474 1.5794, 0.4731 3.5474 1.5778, 0.471 3.5474 1.5708, 0.4635 3.5474 1.5585, 0.4531 3.5474 1.5483, 0.4752 3.5474 1.5847, 0.4759 3.5474 1.5943, 0.4749 3.5474 1.6025, 0.4744 3.5474 1.6067, 0.4698 3.5474 1.6194, 0.4658 3.5474 1.6254, 0.4621 3.5474 1.6309, 0.4516 3.5474 1.6404, 0.4389 3.5474 1.6472, 0.4248 3.5474 1.6505, 0.4186 3.5474 1.6508, 0.4067 3.5474 1.6494, 0.3939 3.5474 1.645, 0.3885 3.5474 1.642, 0.3796 3.5474 1.66, 0.3667 3.5474 1.6752, 0.3515 3.5474 1.6862, 0.3328 3.5474 1.6936, 0.3118 3.5474 1.6961, 0.2924 3.5474 1.6936, 0.2746 3.5474 1.6866, 0.2587 3.5474 1.6754, 0.2576 3.5474 1.6744, 0.2448 3.5474 1.659, 0.2361 3.5474 1.6406, 0.2328 3.5474 1.6254, 0.2326 3.5474 1.6244, 0.228 3.5474 1.6244, 0.2172 3.5474 1.623, 0.2073 3.5474 1.6191, 0.1985 3.5474 1.6128, 0.1921 3.5474 1.6056, 0.1905 3.5474 1.6025, 0.1868 3.5474 1.5957, 0.1842 3.5474 1.5848, 0.184 3.5474 1.5797, 0.184 3.5474 1.5794, 0.1842 3.5474 1.5778, 0.1854 3.5474 1.5687, 0.1894 3.5474 1.5585, 0.1957 3.5474 1.5497, 0.1966 3.5474 1.5487, 0.2051 3.5474 1.5419, 0.2152 3.5474 1.5374, 0.2253 3.5474 1.5356, 0.2509 3.5474 1.5357, 0.252 3.5474 1.5359, 0.2537 3.5474 1.5363, 0.2543 3.5474 1.5363, 0.2587 3.5474 1.5358, 0.2626 3.5474 1.5343, 0.2661 3.5474 1.5318, 0.2685 3.5474 1.5293, 0.2707 3.5474 1.5254, 0.2719 3.5474 1.5211, 0.2721 3.5474 1.5188, 0.2716 3.5474 1.5146, 0.2701 3.5474 1.5107, 0.2676 3.5474 1.5071, 0.2663 3.5474 1.5057, 0.2626 3.5474 1.5031, 0.2589 3.5474 1.5016, 0.2557 3.5474 1.501, 0.2221 3.5474 1.5008, 0.2031 3.5474 1.5047, 0.1856 3.5474 1.5131, 0.1701 3.5474 1.5261, 0.1587 3.5474 1.5418, 0.1514 3.5474 1.5598, 0.149 3.5474 1.5778, 0.1487 3.5474 1.5794, 0.3892 3.5474 1.543, 0.3844 3.5474 1.5424, 0.3792 3.5474 1.5405, 0.3746 3.5474 1.5374, 0.371 3.5474 1.5333, 0.3685 3.5474 1.5286, 0.3673 3.5474 1.5233, 0.3673 3.5474 1.5181, 0.3687 3.5474 1.5126, 0.3714 3.5474 1.5078, 0.3745 3.5474 1.5043, 0.3788 3.5474 1.5012, 0.3838 3.5474 1.4993, 0.3895 3.5474 1.4986, 0.3905 3.5474 1.4986, 0.3956 3.5474 1.4995, 0.4007 3.5474 1.5017, 0.405 3.5474 1.5051, 0.4082 3.5474 1.5092, 0.4105 3.5474 1.514, 0.4115 3.5474 1.5193, 0.4112 3.5474 1.5249, 0.4094 3.5474 1.5302, 0.4065 3.5474 1.5349, 0.4042 3.5474 1.5373, 0.3997 3.5474 1.5404, 0.3947 3.5474 1.5423
            ]
        }
        coordIndex [
            0,1,2,-1,3,4,0,-1,5,6,7,-1,8,9,10,-1,11,12,13,-1,13,12,14,-1,7,6,15,-1,4,16,0,-1,0,16,17,-1,0,17,18,-1,19,20,21,-1,21,20,22,-1,21,22,23,-1,23,22,24,-1,23,24,25,-1,25,24,26,-1,25,26,27,-1,27,26,28,-1,27,28,29,-1,29,28,12,-1,29,12,30,-1,31,32,19,-1,19,32,33,-1,19,33,20,-1,34,35,36,-1,36,35,37,-1,36,37,38,-1,38,37,39,-1,38,39,40,-1,40,39,41,-1,8,10,42,-1,42,10,43,-1,42,43,44,-1,44,43,45,-1,44,45,46,-1,47,48,12,-1,12,48,49,-1,12,49,14,-1,6,50,15,-1,15,50,51,-1,15,51,52,-1,52,51,53,-1,52,53,8,-1,8,53,54,-1,8,54,9,-1,17,55,18,-1,18,55,56,-1,18,56,57,-1,57,56,58,-1,59,60,61,-1,61,60,62,-1,61,62,63,-1,63,62,64,-1,63,64,65,-1,65,64,66,-1,65,66,67,-1,67,66,68,-1,67,68,69,-1,7,70,5,-1,5,70,71,-1,5,71,72,-1,72,71,73,-1,72,73,74,-1,74,73,75,-1,74,75,76,-1,3,0,77,-1,77,0,2,-1,77,2,19,-1,19,2,78,-1,19,78,31,-1,39,79,41,-1,41,79,80,-1,41,80,81,-1,81,80,82,-1,81,82,83,-1,83,82,84,-1,83,84,85,-1,85,84,86,-1,85,86,87,-1,87,86,88,-1,87,88,89,-1,89,88,90,-1,89,90,59,-1,59,90,91,-1,59,91,60,-1,92,93,94,-1,94,93,95,-1,94,95,36,-1,36,95,96,-1,36,96,34,-1,46,45,97,-1,97,45,98,-1,97,98,99,-1,99,98,100,-1,99,100,101,-1,101,100,102,-1,101,102,103,-1,103,102,104,-1,103,104,92,-1,92,104,105,-1,92,105,93,-1,106,11,107,-1,107,11,108,-1,107,108,109,-1,109,108,110,-1,109,110,111,-1,111,110,112,-1,111,112,113,-1,113,112,114,-1,113,114,115,-1,115,114,116,-1,115,116,117,-1,117,116,118,-1,117,118,119,-1,119,118,120,-1,119,120,121,-1,121,120,122,-1,121,122,58,-1,58,122,123,-1,58,123,57,-1,124,125,126,-1,75,127,76,-1,76,127,128,-1,76,128,129,-1,129,128,130,-1,129,130,131,-1,131,130,132,-1,131,132,133,-1,133,132,134,-1,133,134,135,-1,135,134,136,-1,135,136,47,-1,47,136,137,-1,47,137,48,-1,106,138,11,-1,11,138,139,-1,11,139,12,-1,12,139,140,-1,12,140,30,-1,68,141,69,-1,69,141,124,-1,69,124,142,-1,142,124,126,-1,143,144,124,-1,124,144,145,-1,124,145,125,-1,146,147,148,-1,147,149,148,-1,148,149,150,-1,148,150,151,-1,143,124,148,-1,148,124,152,-1,148,152,146,-1,85,153,154,-1,155,41,81,-1,85,154,83,-1,83,154,156,-1,83,156,81,-1,81,156,157,-1,81,157,155,-1,155,158,41,-1,41,158,159,-1,41,159,40,-1,40,159,160,-1,40,160,38,-1,38,160,161,-1,38,161,36,-1,36,161,162,-1,36,162,94,-1,94,162,163,-1,94,163,92,-1,164,99,101,-1,92,163,165,-1,92,165,103,-1,165,166,103,-1,103,166,167,-1,103,167,101,-1,101,167,168,-1,101,168,164,-1,169,44,46,-1,99,164,170,-1,99,170,97,-1,97,170,171,-1,97,171,46,-1,46,171,172,-1,46,172,169,-1,173,8,42,-1,44,169,174,-1,44,174,42,-1,42,174,175,-1,42,175,173,-1,8,173,176,-1,8,176,52,-1,52,176,177,-1,52,177,15,-1,15,177,178,-1,15,178,7,-1,7,178,179,-1,7,179,70,-1,70,179,180,-1,70,180,71,-1,71,180,181,-1,71,181,73,-1,182,130,128,-1,73,181,183,-1,73,183,75,-1,75,183,184,-1,75,184,127,-1,184,185,127,-1,127,185,186,-1,127,186,128,-1,128,186,187,-1,128,187,182,-1,188,132,189,-1,189,132,130,-1,189,130,182,-1,188,190,132,-1,132,190,191,-1,132,191,134,-1,134,191,192,-1,134,192,136,-1,136,192,193,-1,136,193,137,-1,137,193,194,-1,137,194,48,-1,48,194,195,-1,48,195,49,-1,49,195,196,-1,49,196,14,-1,14,196,197,-1,14,197,13,-1,13,197,198,-1,13,198,11,-1,11,198,199,-1,11,199,108,-1,108,199,200,-1,108,200,110,-1,110,200,201,-1,110,201,112,-1,112,201,202,-1,112,202,114,-1,114,202,203,-1,114,203,116,-1,116,203,204,-1,116,204,118,-1,118,204,205,-1,118,205,120,-1,120,205,206,-1,120,206,122,-1,122,206,207,-1,122,207,123,-1,123,207,208,-1,123,208,57,-1,18,57,209,-1,209,57,208,-1,0,18,210,-1,210,18,209,-1,210,211,0,-1,0,211,212,-1,0,212,1,-1,1,212,213,-1,214,215,2,-1,214,2,216,-1,216,2,1,-1,216,1,213,-1,217,33,32,-1,2,215,218,-1,2,218,78,-1,78,218,219,-1,78,219,31,-1,31,219,220,-1,31,220,32,-1,32,220,221,-1,32,221,217,-1,20,33,222,-1,222,33,217,-1,222,223,20,-1,20,223,224,-1,20,224,22,-1,22,224,225,-1,22,225,24,-1,24,225,226,-1,24,226,26,-1,26,226,227,-1,26,227,28,-1,28,227,228,-1,28,228,12,-1,229,131,230,-1,230,131,133,-1,230,133,231,-1,231,133,135,-1,231,135,232,-1,232,135,47,-1,232,47,233,-1,233,47,12,-1,233,12,228,-1,229,234,131,-1,131,234,235,-1,131,235,129,-1,76,129,236,-1,236,129,235,-1,236,237,76,-1,76,237,238,-1,76,238,74,-1,74,238,239,-1,74,239,72,-1,239,240,72,-1,72,240,241,-1,72,241,5,-1,5,241,242,-1,5,242,6,-1,6,242,243,-1,6,243,50,-1,50,243,244,-1,50,244,51,-1,51,244,245,-1,51,245,53,-1,53,245,246,-1,53,246,54,-1,54,246,247,-1,54,247,9,-1,9,247,248,-1,9,248,10,-1,10,248,249,-1,10,249,43,-1,43,249,250,-1,43,250,45,-1,45,250,251,-1,45,251,98,-1,98,251,252,-1,98,252,100,-1,100,252,253,-1,100,253,102,-1,102,253,254,-1,102,254,104,-1,104,254,255,-1,104,255,105,-1,105,255,256,-1,105,256,93,-1,93,256,257,-1,93,257,95,-1,95,257,258,-1,95,258,96,-1,96,258,34,-1,34,258,259,-1,34,259,260,-1,35,34,261,-1,261,34,260,-1,35,261,262,-1,35,262,37,-1,37,262,263,-1,37,263,39,-1,39,263,264,-1,39,264,79,-1,79,264,265,-1,79,265,80,-1,80,265,266,-1,80,266,82,-1,266,267,82,-1,82,267,268,-1,82,268,84,-1,84,268,269,-1,84,269,86,-1,269,270,86,-1,86,270,271,-1,86,271,88,-1,271,272,88,-1,88,272,273,-1,88,273,90,-1,90,273,274,-1,90,274,91,-1,91,274,275,-1,91,275,60,-1,60,275,276,-1,60,276,62,-1,62,276,277,-1,62,277,64,-1,64,277,278,-1,64,278,66,-1,68,66,279,-1,279,66,278,-1,68,279,280,-1,68,280,141,-1,141,280,281,-1,141,281,124,-1,124,281,282,-1,124,282,152,-1,152,282,283,-1,152,283,146,-1,146,283,284,-1,146,284,147,-1,147,284,285,-1,147,285,149,-1,149,285,286,-1,149,286,150,-1,150,286,287,-1,150,287,151,-1,151,287,288,-1,151,288,148,-1,148,288,289,-1,148,289,143,-1,143,289,290,-1,143,290,144,-1,144,290,291,-1,144,291,145,-1,145,291,292,-1,145,292,125,-1,125,292,293,-1,125,293,126,-1,126,293,294,-1,126,294,142,-1,142,294,295,-1,142,295,69,-1,69,295,296,-1,69,296,67,-1,65,67,297,-1,297,67,296,-1,65,297,298,-1,65,298,63,-1,63,298,299,-1,63,299,61,-1,61,299,300,-1,61,300,59,-1,59,300,301,-1,59,301,89,-1,89,301,302,-1,89,302,87,-1,87,302,303,-1,87,303,85,-1,85,303,304,-1,85,304,153,-1,77,305,306,-1,77,306,3,-1,3,306,307,-1,3,307,4,-1,4,307,308,-1,4,308,16,-1,16,308,309,-1,16,309,17,-1,17,309,310,-1,17,310,55,-1,55,310,311,-1,55,311,56,-1,56,311,312,-1,56,312,58,-1,58,312,313,-1,58,313,121,-1,121,313,314,-1,121,314,119,-1,119,314,315,-1,119,315,117,-1,117,315,316,-1,117,316,115,-1,115,316,317,-1,115,317,113,-1,113,317,318,-1,113,318,111,-1,111,318,319,-1,111,319,109,-1,109,319,320,-1,109,320,107,-1,107,320,321,-1,107,321,106,-1,106,321,322,-1,106,322,138,-1,138,322,323,-1,138,323,139,-1,139,323,324,-1,139,324,140,-1,140,324,325,-1,140,325,30,-1,30,325,326,-1,30,326,29,-1,29,326,327,-1,29,327,27,-1,27,327,328,-1,27,328,25,-1,25,328,329,-1,25,329,23,-1,23,329,330,-1,23,330,21,-1,21,330,331,-1,21,331,19,-1,19,331,305,-1,19,305,77,-1,
        ]
    }
}
Shape{
    appearance Appearance {
        material  Material 	{
            diffuseColor 0.2235294117647059 0.2235294117647059 0.2235294117647059
            specularColor 0.11372549019607843 0.11372549019607843 0.11372549019607843
            ambientIntensity 0.2235
            transparency 0.0
            shininess 0.5
        }
    }
    geometry IndexedFaceSet {
        ccw TRUE
        solid FALSE
        coord DEF co Coordinate {
            point [
                0.3905 3.5474 1.4986, 0.4042 3.5474 1.5373, 0.4065 3.5474 1.5349, 0.3838 3.5474 1.4993, 0.3788 3.5474 1.5012, 0.3844 3.5474 1.5424, 0.3892 3.5474 1.543, 0.3947 3.5474 1.5423, 0.3997 3.5474 1.5404, 0.4105 3.5474 1.514, 0.4082 3.5474 1.5092, 0.405 3.5474 1.5051, 0.3895 3.5474 1.4986, 0.4094 3.5474 1.5302, 0.4112 3.5474 1.5249, 0.4115 3.5474 1.5193, 0.4007 3.5474 1.5017, 0.3956 3.5474 1.4995, 0.3745 3.5474 1.5043, 0.3714 3.5474 1.5078, 0.3687 3.5474 1.5126, 0.3673 3.5474 1.5181, 0.3673 3.5474 1.5233, 0.3685 3.5474 1.5286, 0.371 3.5474 1.5333, 0.3746 3.5474 1.5374, 0.3792 3.5474 1.5405
            ]
        }
        coordIndex [
            0,1,2,-1,3,4,5,-1,6,7,0,-1,0,7,8,-1,0,8,1,-1,9,10,2,-1,2,10,11,-1,6,0,5,-1,5,0,12,-1,5,12,3,-1,13,14,2,-1,2,14,15,-1,2,15,9,-1,11,16,2,-1,2,16,17,-1,2,17,0,-1,4,18,5,-1,5,18,19,-1,5,19,20,-1,20,21,5,-1,5,21,22,-1,5,22,23,-1,23,24,5,-1,5,24,25,-1,5,25,26,-1,
        ]
    }
}