#VRML V2.0 utf8
# 3D model generated by easyeda2kicad.py (https://github.com/uPesy/easyeda2kicad.py)

Shape{
    appearance Appearance {
        material  Material 	{
            diffuseColor 0.20784313725490197 0.20784313725490197 0.20784313725490197
            specularColor 0.01568627450980392 0.01568627450980392 0.01568627450980392
            ambientIntensity 0.298
            transparency 0.0
            shininess 0.5
        }
    }
    geometry IndexedFaceSet {
        ccw TRUE
        solid FALSE
        coord DEF co Coordinate {
            point [
                0.7202 1.5588 0.748, 0.7202 1.2083 0.748, 0.5713 1.2083 0.748, -0.0816 -0.9081 0.748, -0.4513 -0.9081 0.748, -0.4513 0.5001 0.748, 1.339 -1.1837 0.748, 0.9377 -1.1837 0.748, 0.9377 -0.9081 0.748, -1.7327 -0.79 0.748, -1.7327 0.5001 0.748, -1.6537 0.5001 0.748, -1.5668 3.2082 0.748, -1.5748 3.147 0.748, -1.6537 3.3784 0.748, -1.2205 2.9425 0.748, -1.1715 2.98 0.748, -0.9617 2.2372 0.748, -1.134 3.0289 0.748, -1.1104 3.0859 0.748, -1.6537 2.2372 0.748, -1.3386 2.9108 0.748, -1.2774 2.9189 0.748, -1.1024 3.147 0.748, -1.1104 3.2082 0.748, -0.9617 3.5411 0.748, -1.134 3.2652 0.748, -1.5056 2.98 0.748, -1.5432 3.0289 0.748, -1.5668 3.0859 0.748, -1.1715 3.3141 0.748, -1.2205 3.3516 0.748, -1.339 3.5411 0.748, -1.4567 2.9425 0.748, -1.3997 2.9189 0.748, -1.2774 3.3752 0.748, -1.3386 3.3833 0.748, -1.4409 3.5277 0.748, -1.3997 3.3752 0.748, -1.5358 3.4884 0.748, -1.4567 3.3516 0.748, -1.6174 3.4258 0.748, -1.5056 3.3141 0.748, -1.5432 3.2652 0.748, -1.7327 2.2372 0.748, -1.7327 3.1474 0.748, -1.7193 3.2493 0.748, -1.6799 3.3443 0.748, -1.6799 -0.9868 0.748, -1.7125 -0.9081 0.748, -1.6537 -0.9081 0.748, -1.7193 -0.8919 0.748, -0.4513 -1.1837 0.748, -0.9617 -1.1837 0.748, -0.9617 -0.9081 0.748, -1.339 -1.1837 0.748, -1.4409 -1.1703 0.748, -1.5358 -1.1309 0.748, -1.6174 -1.0684 0.748, -1.6537 -1.0209 0.748, 1.4409 -1.1703 0.748, 1.7125 -0.9081 0.748, 1.6799 -0.9868 0.748, 1.6174 -1.0684 0.748, 1.5358 -1.1309 0.748, 1.134 -0.5144 0.748, 1.1715 -0.5633 0.748, 1.2205 -0.6008 0.748, 1.2774 -0.6244 0.748, 1.5056 -0.5633 0.748, 1.5432 -0.5144 0.748, 1.7327 -0.79 0.748, 1.5432 -0.2782 0.748, 1.5056 -0.2292 0.748, 1.7327 0.5001 0.748, 1.3386 -0.6325 0.748, 1.3997 -0.6244 0.748, 1.4567 -0.6008 0.748, 1.3386 -0.16 0.748, 1.2774 -0.1681 0.748, 0.9377 0.5001 0.748, 1.2205 -0.1917 0.748, 1.1715 -0.2292 0.748, 1.134 -0.2782 0.748, 1.1104 -0.3351 0.748, 1.1024 -0.3963 0.748, 1.1104 -0.4574 0.748, 1.4567 -0.1917 0.748, 1.3997 -0.1681 0.748, 1.7193 -0.8919 0.748, 1.5668 -0.4574 0.748, 1.5748 -0.3963 0.748, 1.5668 -0.3351 0.748, 1.1024 3.147 0.748, 1.1104 3.0859 0.748, 0.9377 2.2372 0.748, 1.134 3.0289 0.748, 1.1715 2.98 0.748, 1.2205 2.9425 0.748, 1.2774 2.9189 0.748, 1.7327 2.2372 0.748, 1.3386 2.9108 0.748, 1.3997 2.9189 0.748, 1.4567 2.9425 0.748, 1.5056 2.98 0.748, 1.5432 3.0289 0.748, 1.7327 3.1474 0.748, 1.5668 3.0859 0.748, 1.5748 3.147 0.748, 1.7193 3.2493 0.748, 1.5668 3.2082 0.748, 1.6799 3.3443 0.748, 1.5432 3.2652 0.748, 1.6174 3.4258 0.748, 1.5056 3.3141 0.748, 1.5358 3.4884 0.748, 1.4567 3.3516 0.748, 1.4409 3.5277 0.748, 1.3997 3.3752 0.748, 1.339 3.5411 0.748, 1.1715 3.3141 0.748, 1.134 3.2652 0.748, 0.9377 3.5411 0.748, 1.1104 3.2082 0.748, 1.3386 3.3833 0.748, 1.2774 3.3752 0.748, 1.2205 3.3516 0.748, 0.2449 1.2287 0.748, 0.2449 1.1855 0.748, 0.2065 1.1627 0.748, 0.2868 1.1682 0.748, 0.3027 1.5612 0.748, 0.2904 1.5603 0.748, 0.2065 1.5612 0.748, 0.2449 1.5479 0.748, 0.2449 1.4951 0.748, 0.2892 1.5141 0.748, 0.2519 1.2248 0.748, 0.3371 1.5203 0.748, 0.3758 1.516 0.748, 0.4053 1.5054 0.748, 0.4325 1.4871 0.748, 0.4563 1.4609 0.748, 0.4849 1.3577 0.748, 0.4809 1.3151 0.748, 0.4702 1.2812 0.748, 0.3826 1.2076 0.748, 0.3459 1.2035 0.748, 0.4113 1.2181 0.748, 0.4355 1.2344 0.748, 0.454 1.2539 0.748, 0.2937 1.2093 0.748, 0.4726 1.4305 0.748, 0.483 1.3883 0.748, 0.3375 1.5636 0.748, 0.2065 2.2372 0.748, 0.3669 1.5612 0.748, 0.5545 2.2372 0.748, 0.517 1.4551 0.748, 0.4939 1.4919 0.748, 0.5545 1.5612 0.748, 0.4017 1.1653 0.748, 0.4399 1.1784 0.748, 0.5545 1.1627 0.748, 0.4715 1.1986 0.748, 0.5011 1.2298 0.748, 0.5221 1.2672 0.748, 0.4583 1.526 0.748, 0.4209 1.5476 0.748, 0.3771 1.5603 0.748, 0.5339 1.3089 0.748, 0.5377 1.3545 0.748, 0.5321 1.4104 0.748, 0.3266 1.1627 0.748, 0.3424 1.1604 0.748, 0.2065 0.5001 0.748, 0.3763 1.1627 0.748, 0.5545 0.5001 0.748, 0.3532 1.1602 0.748, -0.0816 -1.1837 0.748, 0.2065 -1.1837 0.748, 0.5545 -0.9081 0.748, -0.9617 0.5001 0.748, -1.5748 -0.3963 0.748, -1.5668 -0.4574 0.748, -1.3386 -0.16 0.748, -1.2774 -0.1681 0.748, -1.5432 -0.5144 0.748, -1.5056 -0.5633 0.748, -1.4567 -0.6008 0.748, -1.2774 -0.6244 0.748, -1.3386 -0.6325 0.748, -1.3997 -0.6244 0.748, -1.134 -0.2782 0.748, -1.1715 -0.2292 0.748, -1.2205 -0.1917 0.748, -1.3997 -0.1681 0.748, -1.4567 -0.1917 0.748, -1.5056 -0.2292 0.748, -1.5432 -0.2782 0.748, -1.5668 -0.3351 0.748, -1.2205 -0.6008 0.748, -1.1715 -0.5633 0.748, -1.134 -0.5144 0.748, -1.1104 -0.4574 0.748, -1.1024 -0.3963 0.748, -1.1104 -0.3351 0.748, -0.0816 1.1627 0.748, -1.7327 1.1627 0.748, -1.6537 1.1627 0.748, -0.9617 1.1627 0.748, 0.9377 1.1627 0.748, 1.7327 1.1627 0.748, 0.9377 1.5612 0.748, 1.7327 1.5612 0.748, 0.773 1.1651 0.748, 0.773 1.5588 0.748, 0.5713 1.1651 0.748, -0.0432 1.2083 0.748, -0.0432 1.1651 0.748, 0.168 1.1651 0.748, 0.168 1.5588 0.748, -0.0336 1.5588 0.748, -0.0816 1.5612 0.748, -0.0336 1.5155 0.748, 0.1152 1.5155 0.748, 0.1152 1.3859 0.748, 0.1152 1.3427 0.748, 0.1152 1.2083 0.748, -0.024 1.3427 0.748, -0.024 1.3859 0.748, -0.2271 1.1651 0.748, -0.12 1.1651 0.748, -0.4369 1.3669 0.748, -0.4314 1.3142 0.748, -0.4513 1.1627 0.748, -0.4173 1.273 0.748, -0.3947 1.2377 0.748, -0.3623 1.2067 0.748, -0.3212 1.1828 0.748, -0.2758 1.1693 0.748, -0.12 1.5588 0.748, -0.2311 1.5588 0.748, -0.4513 1.5612 0.748, -0.288 1.5527 0.748, -0.3341 1.5365 0.748, -0.3769 1.5078 0.748, -0.3773 1.5074 0.748, -0.4052 1.4765 0.748, -0.4235 1.4427 0.748, -0.4341 1.4039 0.748, -0.0816 0.5001 0.748, 0.2065 -0.9081 0.748, 0.5545 -1.1837 0.748, -0.5233 1.1651 0.748, -0.4657 1.1651 0.748, -0.6674 1.5588 0.748, -0.821 1.1651 0.748, -0.7634 1.1651 0.748, -0.7236 1.2755 0.748, -0.5609 1.2755 0.748, -1.7327 1.5612 0.748, -1.6537 1.5612 0.748, -0.9617 1.5612 0.748, -0.6146 1.5588 0.748, -0.4513 2.2372 0.748, -0.0816 2.2372 0.748, -0.4513 3.5411 0.748, -0.0816 3.5411 0.748, 0.2065 3.5411 0.748, 0.5545 3.5411 0.748
            ]
        }
        coordIndex [
            0,1,2,-1,3,4,5,-1,6,7,8,-1,9,10,11,-1,12,13,14,-1,15,16,17,-1,17,16,18,-1,17,18,19,-1,20,21,17,-1,17,21,22,-1,17,22,15,-1,23,24,25,-1,25,24,26,-1,27,20,28,-1,28,20,29,-1,26,30,25,-1,25,30,31,-1,25,31,32,-1,27,33,20,-1,20,33,34,-1,20,34,21,-1,31,35,32,-1,32,35,36,-1,32,36,37,-1,37,36,38,-1,37,38,39,-1,39,38,40,-1,39,40,41,-1,41,40,42,-1,41,42,14,-1,14,42,43,-1,14,43,12,-1,44,14,20,-1,20,14,13,-1,20,13,29,-1,44,45,14,-1,14,45,46,-1,14,46,47,-1,48,49,50,-1,50,49,51,-1,50,51,9,-1,52,53,54,-1,54,53,55,-1,54,55,56,-1,56,57,54,-1,54,57,58,-1,54,58,50,-1,50,58,59,-1,50,59,48,-1,6,8,60,-1,8,61,62,-1,62,63,8,-1,8,63,64,-1,8,64,60,-1,8,65,66,-1,66,67,8,-1,8,67,68,-1,8,68,61,-1,69,70,71,-1,72,73,74,-1,68,75,61,-1,61,75,76,-1,61,76,77,-1,78,79,80,-1,79,81,80,-1,80,81,82,-1,80,82,83,-1,83,84,80,-1,80,84,85,-1,80,85,8,-1,8,85,86,-1,8,86,65,-1,73,87,74,-1,74,87,88,-1,74,88,78,-1,69,71,77,-1,77,71,89,-1,77,89,61,-1,70,90,71,-1,71,90,91,-1,71,91,74,-1,74,91,92,-1,74,92,72,-1,93,94,95,-1,95,94,96,-1,95,96,97,-1,97,98,95,-1,95,98,99,-1,95,99,100,-1,99,101,100,-1,100,101,102,-1,100,102,103,-1,103,104,100,-1,100,104,105,-1,100,105,106,-1,105,107,106,-1,106,107,108,-1,106,108,109,-1,109,108,110,-1,109,110,111,-1,111,110,112,-1,111,112,113,-1,113,112,114,-1,113,114,115,-1,115,114,116,-1,115,116,117,-1,117,116,118,-1,117,118,119,-1,120,121,122,-1,122,121,123,-1,118,124,119,-1,119,124,125,-1,119,125,122,-1,122,125,126,-1,122,126,120,-1,127,128,129,-1,129,128,130,-1,131,132,133,-1,133,132,134,-1,133,134,135,-1,127,136,137,-1,137,136,138,-1,137,138,139,-1,139,140,137,-1,137,140,141,-1,137,141,142,-1,143,144,137,-1,137,144,145,-1,146,147,148,-1,148,147,149,-1,145,150,137,-1,137,150,149,-1,137,149,151,-1,151,149,147,-1,142,152,137,-1,137,152,153,-1,137,153,143,-1,154,155,156,-1,156,155,157,-1,158,159,160,-1,161,162,163,-1,162,164,163,-1,163,164,165,-1,163,165,166,-1,159,167,160,-1,160,167,168,-1,160,168,169,-1,166,170,163,-1,163,170,171,-1,163,171,160,-1,160,171,172,-1,160,172,158,-1,173,174,175,-1,161,163,176,-1,176,163,177,-1,176,177,178,-1,52,4,179,-1,179,4,3,-1,179,3,180,-1,181,175,177,-1,177,175,174,-1,177,174,178,-1,52,54,4,-1,4,54,182,-1,4,182,5,-1,9,11,50,-1,50,11,183,-1,50,183,184,-1,185,11,186,-1,186,11,182,-1,184,187,50,-1,50,187,188,-1,50,188,189,-1,190,54,191,-1,191,54,50,-1,191,50,192,-1,192,50,189,-1,193,194,182,-1,182,194,195,-1,182,195,186,-1,185,196,11,-1,11,196,197,-1,11,197,198,-1,198,199,11,-1,11,199,200,-1,11,200,183,-1,190,201,54,-1,54,201,202,-1,54,202,203,-1,203,204,54,-1,54,204,205,-1,54,205,182,-1,182,205,206,-1,182,206,193,-1,130,173,129,-1,129,173,175,-1,129,175,207,-1,10,208,11,-1,11,208,209,-1,11,209,182,-1,182,209,210,-1,182,210,5,-1,78,80,74,-1,74,80,211,-1,74,211,212,-1,212,211,213,-1,212,213,214,-1,7,181,8,-1,8,181,177,-1,8,177,80,-1,80,177,163,-1,80,163,211,-1,211,163,215,-1,211,215,213,-1,215,216,213,-1,213,216,0,-1,213,0,160,-1,160,0,2,-1,160,2,163,-1,163,2,217,-1,163,217,215,-1,218,219,207,-1,207,219,220,-1,207,220,129,-1,129,220,133,-1,129,133,127,-1,127,133,135,-1,127,135,136,-1,220,221,133,-1,133,221,222,-1,133,222,223,-1,223,222,224,-1,224,225,226,-1,227,228,229,-1,229,228,218,-1,229,218,230,-1,231,232,207,-1,207,232,223,-1,207,223,218,-1,218,223,224,-1,218,224,230,-1,230,224,226,-1,233,234,235,-1,235,234,236,-1,235,236,237,-1,237,238,235,-1,235,238,239,-1,235,239,240,-1,232,241,223,-1,223,241,242,-1,223,242,243,-1,243,242,244,-1,244,245,243,-1,243,245,246,-1,243,246,247,-1,247,248,243,-1,243,248,249,-1,243,249,250,-1,240,231,235,-1,235,231,207,-1,235,207,251,-1,251,207,175,-1,251,175,252,-1,252,175,181,-1,252,181,253,-1,253,181,7,-1,254,255,235,-1,235,255,243,-1,235,243,233,-1,233,243,250,-1,256,257,210,-1,210,257,258,-1,259,260,258,-1,258,260,254,-1,258,254,210,-1,210,254,235,-1,210,235,5,-1,5,235,251,-1,5,251,3,-1,3,251,252,-1,3,252,180,-1,180,252,253,-1,208,261,209,-1,209,261,262,-1,209,262,210,-1,210,262,263,-1,210,263,256,-1,256,263,243,-1,256,243,264,-1,264,243,255,-1,169,156,160,-1,160,156,157,-1,160,157,213,-1,213,157,95,-1,213,95,214,-1,214,95,100,-1,261,44,262,-1,262,44,20,-1,262,20,263,-1,263,20,17,-1,263,17,243,-1,243,17,265,-1,243,265,223,-1,223,265,266,-1,223,266,133,-1,133,266,155,-1,133,155,131,-1,131,155,154,-1,19,23,17,-1,17,23,25,-1,17,25,265,-1,265,25,267,-1,265,267,266,-1,266,267,268,-1,266,268,155,-1,155,268,269,-1,155,269,157,-1,157,269,270,-1,157,270,95,-1,95,270,122,-1,95,122,93,-1,93,122,123,-1,
        ]
    }
}
Shape{
    appearance Appearance {
        material  Material 	{
            diffuseColor 0.6666666666666666 0.6666666666666666 0.6666666666666666
            specularColor 0.4666666666666667 0.4666666666666667 0.4666666666666667
            ambientIntensity 0.6667
            transparency 0.0
            shininess 0.5
        }
    }
    geometry IndexedFaceSet {
        ccw TRUE
        solid FALSE
        coord DEF co Coordinate {
            point [
                -0.8268 -1.4593 0.0, -0.6693 -1.4593 0.0, -0.8268 -1.6167 0.0, -0.6693 -1.6167 0.0, 0.1575 -1.4593 0.0, 0.315 -1.4593 0.0, 0.1575 -1.6167 0.0, 0.315 -1.6167 0.0, 1.1417 -1.4593 0.0, 1.2992 -1.4593 0.0, 1.1417 -1.6167 0.0, 1.2992 -1.6167 0.0, 1.7327 2.8715 2.5197, 1.752 2.8715 2.5197, 1.7327 -0.1207 2.5197, 1.752 -0.1207 2.5197, -1.7327 -0.1207 2.5197, -1.752 -0.1207 2.5197, -1.7327 2.8715 2.5197, -1.752 2.8715 2.5197, 1.7717 1.7691 0.1969, 1.7717 2.2415 0.1969, 1.9291 1.7691 0.1969, 1.9291 2.2415 0.1969, 1.7717 0.1943 0.8661, 1.7717 -0.1207 0.8661, 1.7717 -0.1207 2.5, 1.7717 2.8715 2.5, 1.7717 2.8715 0.8661, 1.7717 2.5565 0.8661, 1.7717 0.5092 0.1969, 1.7717 0.5092 0.0, 1.7717 0.1943 0.0, 1.7717 2.5565 0.0, 1.7717 2.2415 0.0, 1.7717 0.9817 0.1969, 1.7717 0.9817 -0.3937, 1.7717 1.7691 -0.3937, 1.9291 2.5565 0.8661, 1.9291 2.8715 0.8661, 1.9291 2.8715 2.5, 1.9291 -0.1207 2.5, 1.9291 -0.1207 0.8661, 1.9291 0.1943 0.8661, 1.9291 0.1943 0.0, 1.9291 0.5092 0.0, 1.9291 0.5092 0.1969, 1.9291 0.9817 0.1969, 1.9291 2.2415 0.0, 1.9291 2.5565 0.0, 1.9291 0.9817 -0.3937, 1.9291 1.7691 -0.3937, 1.7323 2.8715 2.5197, 1.7323 3.147 2.5197, 1.7323 2.8715 2.6772, 1.7323 3.147 2.6772, -1.9291 2.2415 0.1969, -1.7717 2.2415 0.1969, -1.9291 1.7691 0.1969, -1.7717 1.7691 0.1969, -1.9291 2.5565 0.0, -1.7717 2.5565 0.0, -1.9291 2.2415 0.0, -1.7717 2.2415 0.0, -1.9291 2.5565 0.8661, -1.9291 2.8715 0.8661, -1.7717 2.5565 0.8661, -1.7717 2.8715 0.8661, -1.7323 2.8715 2.6772, -1.7323 3.147 2.6772, -1.7323 2.8715 2.5197, -1.7323 3.147 2.5197, 1.3307 1.5201 4.6457, 1.3386 1.3754 4.6457, 1.3386 1.3754 2.6772, 1.3307 1.2307 2.6772, 1.3307 1.2307 4.6457, 1.2685 0.948 4.6457, 1.2685 0.948 2.6772, 1.147 0.6853 4.6457, 1.147 0.6853 2.6772, 0.9718 0.4548 4.6457, 0.9718 0.4548 2.6772, 0.7512 0.2675 4.6457, 0.7512 0.2675 2.6772, 0.4955 0.1319 4.6457, 0.4955 0.1319 2.6772, 0.2166 0.0544 4.6457, 0.2166 0.0544 2.6772, -0.0725 0.0388 4.6457, -0.0725 0.0388 2.6772, -0.3581 0.0856 4.6457, -0.3581 0.0856 2.6772, -0.627 0.1927 4.6457, -0.627 0.1927 2.6772, -0.8666 0.3552 4.6457, -0.8666 0.3552 2.6772, -1.0656 0.5653 4.6457, -1.0656 0.5653 2.6772, -1.2149 0.8133 4.6457, -1.2149 0.8133 2.6772, -1.3073 1.0876 4.6457, -1.3073 1.0876 2.6772, -1.3386 1.3754 4.6457, -1.3386 1.3754 2.6772, -1.3073 1.6631 4.6457, -1.3073 1.6631 2.6772, -1.2149 1.9374 4.6457, -1.2149 1.9374 2.6772, -1.0656 2.1855 4.6457, -1.0656 2.1855 2.6772, -0.8666 2.3956 4.6457, -0.8666 2.3956 2.6772, -0.627 2.558 4.6457, -0.627 2.558 2.6772, -0.3581 2.6652 4.6457, -0.3581 2.6652 2.6772, -0.0725 2.712 4.6457, -0.0725 2.712 2.6772, 0.2166 2.6963 4.6457, 0.2166 2.6963 2.6772, 0.4955 2.6189 4.6457, 0.4955 2.6189 2.6772, 0.7512 2.4833 4.6457, 0.7512 2.4833 2.6772, 0.9718 2.2959 4.6457, 0.9718 2.2959 2.6772, 1.147 2.0655 4.6457, 1.147 2.0655 2.6772, 1.2685 1.8028 4.6457, 1.2685 1.8028 2.6772, 1.3307 1.5201 2.6772, 0.0687 2.5545 4.6457, -0.2051 2.5385 4.6457, -0.4678 2.4599 4.6457, -0.7053 2.3228 4.6457, -0.9048 2.1346 4.6457, -1.0555 1.9055 4.6457, -1.1493 1.6478 4.6457, -1.1811 1.3754 4.6457, -1.1493 1.103 4.6457, -1.0555 0.8453 4.6457, -0.9048 0.6162 4.6457, -0.7053 0.428 4.6457, -0.4678 0.2909 4.6457, -0.2051 0.2122 4.6457, 0.0687 0.1963 4.6457, 0.3387 0.2439 4.6457, 0.5906 0.3525 4.6457, 0.8105 0.5163 4.6457, 0.9868 0.7264 4.6457, 1.1099 0.9714 4.6457, 1.1731 1.2383 4.6457, 1.1811 1.3754 4.6457, 1.1731 1.5125 4.6457, 1.1099 1.7793 4.6457, 0.9868 2.0244 4.6457, 0.8105 2.2345 4.6457, 0.5906 2.3983 4.6457, 0.3387 2.5069 4.6457
            ]
        }
        coordIndex [
            0,1,2,-1,2,1,3,-1,4,5,6,-1,6,5,7,-1,8,9,10,-1,10,9,11,-1,12,13,14,-1,14,13,15,-1,16,17,18,-1,18,17,19,-1,20,21,22,-1,22,21,23,-1,24,25,26,-1,27,28,26,-1,26,28,29,-1,30,31,32,-1,33,34,29,-1,29,34,21,-1,29,21,26,-1,26,21,20,-1,32,24,30,-1,30,24,26,-1,30,26,35,-1,35,26,20,-1,35,20,36,-1,36,20,37,-1,38,39,40,-1,41,42,40,-1,40,42,43,-1,44,45,43,-1,43,45,46,-1,43,46,40,-1,40,46,47,-1,23,48,49,-1,50,51,47,-1,47,51,22,-1,47,22,40,-1,40,22,23,-1,40,23,38,-1,38,23,49,-1,44,32,45,-1,45,32,31,-1,33,49,34,-1,34,49,48,-1,28,39,29,-1,29,39,38,-1,52,53,54,-1,54,53,55,-1,56,57,58,-1,58,57,59,-1,60,61,62,-1,62,61,63,-1,64,65,66,-1,66,65,67,-1,68,69,70,-1,70,69,71,-1,72,73,74,-1,74,73,75,-1,73,76,75,-1,75,76,77,-1,75,77,78,-1,78,77,79,-1,78,79,80,-1,80,79,81,-1,80,81,82,-1,82,81,83,-1,82,83,84,-1,84,83,85,-1,84,85,86,-1,86,85,87,-1,86,87,88,-1,88,87,89,-1,88,89,90,-1,90,89,91,-1,90,91,92,-1,92,91,93,-1,92,93,94,-1,94,93,95,-1,94,95,96,-1,96,95,97,-1,96,97,98,-1,98,97,99,-1,98,99,100,-1,100,99,101,-1,100,101,102,-1,102,101,103,-1,102,103,104,-1,104,103,105,-1,104,105,106,-1,106,105,107,-1,106,107,108,-1,108,107,109,-1,108,109,110,-1,110,109,111,-1,110,111,112,-1,112,111,113,-1,112,113,114,-1,114,113,115,-1,114,115,116,-1,116,115,117,-1,116,117,118,-1,118,117,119,-1,118,119,120,-1,120,119,121,-1,120,121,122,-1,122,121,123,-1,122,123,124,-1,124,123,125,-1,124,125,126,-1,126,125,127,-1,126,127,128,-1,128,127,129,-1,128,129,130,-1,130,129,72,-1,130,72,131,-1,131,72,74,-1,132,117,133,-1,133,117,115,-1,133,115,134,-1,134,115,113,-1,134,113,135,-1,135,113,111,-1,135,111,136,-1,136,111,109,-1,136,109,137,-1,137,109,107,-1,137,107,138,-1,138,107,105,-1,138,105,139,-1,139,105,103,-1,139,103,140,-1,140,103,101,-1,140,101,141,-1,141,101,99,-1,141,99,142,-1,142,99,97,-1,142,97,143,-1,143,97,95,-1,143,95,144,-1,144,95,93,-1,144,93,145,-1,145,93,91,-1,145,91,146,-1,91,89,146,-1,146,89,87,-1,146,87,147,-1,147,87,85,-1,147,85,148,-1,148,85,83,-1,148,83,149,-1,149,83,81,-1,149,81,150,-1,150,81,79,-1,150,79,151,-1,151,79,77,-1,151,77,152,-1,152,77,76,-1,152,76,153,-1,153,76,73,-1,153,73,154,-1,154,73,72,-1,154,72,155,-1,155,72,129,-1,155,129,156,-1,156,129,127,-1,156,127,157,-1,157,127,125,-1,157,125,158,-1,158,125,123,-1,158,123,159,-1,159,123,121,-1,159,121,132,-1,132,121,119,-1,132,119,117,-1,
        ]
    }
}
Shape{
    appearance Appearance {
        material  Material 	{
            diffuseColor 0.20784313725490197 0.20784313725490197 0.20784313725490197
            specularColor 0.01568627450980392 0.01568627450980392 0.01568627450980392
            ambientIntensity 0.298
            transparency 0.0
            shininess 0.5
        }
    }
    geometry IndexedFaceSet {
        ccw TRUE
        solid FALSE
        coord DEF co Coordinate {
            point [
                -0.9048 0.6162 5.1181, -1.0229 0.7848 5.1181, -1.0555 0.8453 4.6457, -0.9048 0.6162 4.6457, -0.7053 0.428 4.6457, -0.7053 0.428 5.1181, -0.4678 0.2909 4.6457, -0.4678 0.2909 5.1181, -0.2051 0.2122 4.6457, -0.2051 0.2122 5.1181, 0.0687 0.1963 4.6457, 0.0687 0.1963 5.1181, 0.3387 0.2439 4.6457, 0.3387 0.2439 5.1181, 0.5906 0.3525 4.6457, 0.5906 0.3525 5.1181, 0.8105 0.5163 4.6457, 0.8105 0.5163 5.1181, 0.9868 0.7264 4.6457, 0.9868 0.7264 5.1181, 1.0229 0.7848 5.1181, 1.1099 0.9714 4.6457, 1.0229 0.7848 9.6457, -1.1423 1.1045 9.6457, -1.1749 1.2545 9.6457, -1.1493 1.103 4.6457, -1.1811 1.3754 4.6457, -1.119 0.9976 9.6457, -1.0511 0.8473 9.6457, -1.0229 0.7848 9.6457, 1.1731 1.2383 4.6457, 1.119 0.9976 9.6457, 1.1077 0.9724 9.6457, 1.1099 1.7793 4.6457, 1.1093 1.779 9.6457, 1.1731 1.5125 4.6457, 1.112 1.7734 9.6457, 1.1725 1.5175 9.6457, 1.1726 1.5125 9.6457, 1.1811 1.3754 4.6457, 1.1749 1.2545 9.6457, 1.1714 1.2386 9.6457, 0.8105 2.2345 4.6457, 0.8314 2.2143 9.6457, 0.9868 2.0244 4.6457, 0.9854 2.0233 9.6457, 0.9964 2.0096 9.6457, 0.5906 2.3983 4.6457, 0.6252 2.3775 9.6457, 0.8087 2.2322 9.6457, 0.3387 2.5069 4.6457, 0.3879 2.491 9.6457, 0.5889 2.3948 9.6457, 0.0687 2.5545 4.6457, 0.1315 2.5491 9.6457, 0.3377 2.5024 9.6457, -0.2051 2.5385 4.6457, -0.1315 2.5491 9.6457, 0.0687 2.5491 9.6457, -0.4678 2.4599 4.6457, -0.3879 2.491 9.6457, -0.2038 2.5327 9.6457, -0.7053 2.3228 4.6457, -0.6252 2.3775 9.6457, -0.465 2.4541 9.6457, -0.9048 2.1346 4.6457, -0.8314 2.2143 9.6457, -0.7011 2.3174 9.6457, -1.0555 1.9055 4.6457, -0.9964 2.0096 9.6457, -0.8992 2.1301 9.6457, -1.1493 1.6478 4.6457, -1.112 1.7734 9.6457, -1.0489 1.9023 9.6457, -1.1738 1.3753 9.6457, -1.1725 1.5175 9.6457, -1.1421 1.6461 9.6457, 0.3233 2.305 9.8425, 0.1096 2.3535 9.8425, 0.9771 1.4938 9.8425, -0.9021 0.9817 9.8425, 0.9021 0.9817 9.8425, -0.9325 1.0605 9.8425, 0.9325 1.0605 9.8425, -0.9791 1.2747 9.8425, -0.9771 1.4938 9.8425, -0.1096 2.3535 9.8425, -0.3233 2.305 9.8425, -0.521 2.2105 9.8425, -0.6928 2.0745 9.8425, -0.8303 1.9039 9.8425, -0.9267 1.7071 9.8425, 0.9791 1.2747 9.8425, 0.8303 1.9039 9.8425, 0.6928 2.0745 9.8425, 0.521 2.2105 9.8425, 0.9267 1.7071 9.8425
            ]
        }
        coordIndex [
            0,1,2,-1,2,3,0,-1,0,3,4,-1,0,4,5,-1,5,4,6,-1,5,6,7,-1,7,6,8,-1,7,8,9,-1,9,8,10,-1,9,10,11,-1,11,10,12,-1,11,12,13,-1,13,12,14,-1,13,14,15,-1,15,14,16,-1,15,16,17,-1,17,16,18,-1,17,18,19,-1,19,18,20,-1,20,18,21,-1,20,21,22,-1,23,24,25,-1,25,24,26,-1,23,25,27,-1,27,25,2,-1,27,2,28,-1,28,2,1,-1,28,1,29,-1,30,31,21,-1,21,31,32,-1,21,32,22,-1,33,34,35,-1,35,34,36,-1,36,37,35,-1,35,37,38,-1,35,38,39,-1,39,38,40,-1,39,40,30,-1,30,40,41,-1,30,41,31,-1,42,43,44,-1,44,43,45,-1,44,45,33,-1,33,45,46,-1,33,46,34,-1,47,48,42,-1,42,48,49,-1,42,49,43,-1,50,51,47,-1,47,51,52,-1,47,52,48,-1,53,54,50,-1,50,54,55,-1,50,55,51,-1,56,57,53,-1,53,57,58,-1,53,58,54,-1,59,60,56,-1,56,60,61,-1,56,61,57,-1,62,63,59,-1,59,63,64,-1,59,64,60,-1,65,66,62,-1,62,66,67,-1,62,67,63,-1,68,69,65,-1,65,69,70,-1,65,70,66,-1,71,72,68,-1,68,72,73,-1,68,73,69,-1,24,74,26,-1,26,74,75,-1,26,75,71,-1,71,75,76,-1,71,76,72,-1,77,78,79,-1,80,81,82,-1,82,81,83,-1,82,83,84,-1,84,83,85,-1,86,87,83,-1,83,87,88,-1,83,88,89,-1,89,90,83,-1,83,90,91,-1,83,91,85,-1,86,83,78,-1,78,83,92,-1,78,92,79,-1,93,94,95,-1,77,79,95,-1,95,79,96,-1,95,96,93,-1,29,80,28,-1,28,80,82,-1,22,32,81,-1,81,32,83,-1,32,31,83,-1,83,31,41,-1,83,41,92,-1,41,40,92,-1,92,40,38,-1,92,38,79,-1,38,37,79,-1,79,37,36,-1,79,36,96,-1,96,36,34,-1,96,34,93,-1,34,46,93,-1,93,46,45,-1,93,45,94,-1,45,43,94,-1,94,43,49,-1,94,49,95,-1,49,48,95,-1,95,48,52,-1,95,52,77,-1,52,51,77,-1,77,51,55,-1,77,55,78,-1,55,54,78,-1,78,54,58,-1,78,58,86,-1,58,57,86,-1,86,57,61,-1,86,61,87,-1,61,60,87,-1,87,60,64,-1,87,64,88,-1,64,63,88,-1,88,63,67,-1,88,67,89,-1,67,66,89,-1,89,66,70,-1,89,70,90,-1,70,69,90,-1,90,69,73,-1,90,73,91,-1,73,72,91,-1,91,72,76,-1,91,76,85,-1,76,75,85,-1,85,75,74,-1,85,74,84,-1,74,24,84,-1,84,24,23,-1,84,23,82,-1,82,23,27,-1,82,27,28,-1,19,20,1,-1,11,13,15,-1,1,0,19,-1,19,0,5,-1,19,5,7,-1,7,9,19,-1,19,9,11,-1,19,11,17,-1,17,11,15,-1,29,1,22,-1,22,1,20,-1,22,81,29,-1,29,81,80,-1,
        ]
    }
}
Shape{
    appearance Appearance {
        material  Material 	{
            diffuseColor 0.6666666666666666 0.6666666666666666 0.6666666666666666
            specularColor 0.4666666666666667 0.4666666666666667 0.4666666666666667
            ambientIntensity 0.6667
            transparency 0.0
            shininess 0.5
        }
    }
    geometry IndexedFaceSet {
        ccw TRUE
        solid FALSE
        coord DEF co Coordinate {
            point [
                -1.3386 -0.79 2.5197, -1.3386 -0.79 2.6772, -1.4262 -0.7801 2.6772, -1.4262 -0.7801 2.5197, -1.5094 -0.751 2.6772, -1.5094 -0.751 2.5197, -1.5841 -0.7041 2.6772, -1.5841 -0.7041 2.5197, -1.6464 -0.6417 2.6772, -1.6464 -0.6417 2.5197, -1.6933 -0.5671 2.6772, -1.6933 -0.5671 2.5197, -1.7224 -0.4839 2.6772, -1.7224 -0.4839 2.5197, -1.7323 -0.3963 2.6772, -1.7323 -0.3963 2.5197, -1.7323 -0.1207 2.5197, -1.7323 -0.1207 2.6772, -1.7323 3.147 2.5197, -1.7323 3.147 2.6772, -1.7224 3.2346 2.6772, -1.7023 3.2977 2.5197, -1.7102 3.2771 2.5197, -1.6933 3.3179 2.6772, -1.7169 3.256 2.5197, -1.7224 3.2346 2.5197, -1.6464 3.3925 2.6772, -1.6464 3.3925 2.5197, -1.6597 3.3749 2.5197, -1.6719 3.3565 2.5197, -1.6832 3.3375 2.5197, -1.6933 3.3179 2.5197, -1.617 3.4254 2.5197, -1.5841 3.4549 2.6772, -1.5841 3.4549 2.5197, -1.548 3.4804 2.5197, -1.5094 3.5018 2.6772, -1.529 3.4916 2.5197, -1.4476 3.5254 2.5197, -1.4686 3.5186 2.5197, -1.4262 3.5309 2.6772, -1.4892 3.5108 2.5197, -1.5094 3.5018 2.5197, -1.3386 3.5407 2.5197, -1.3827 3.5383 2.5197, -1.3386 3.5407 2.6772, -1.4045 3.5352 2.5197, -1.4262 3.5309 2.5197, 1.3386 3.5407 2.6772, 1.3386 3.5407 2.5197, 0.0 3.5407 2.6772, 1.4262 3.5309 2.6772, 1.4892 3.5108 2.5197, 1.4686 3.5186 2.5197, 1.5094 3.5018 2.6772, 1.4476 3.5254 2.5197, 1.4262 3.5309 2.5197, 1.5841 3.4549 2.6772, 1.5841 3.4549 2.5197, 1.5664 3.4681 2.5197, 1.548 3.4804 2.5197, 1.529 3.4916 2.5197, 1.5094 3.5018 2.5197, 1.617 3.4254 2.5197, 1.6464 3.3925 2.6772, 1.6464 3.3925 2.5197, 1.6719 3.3565 2.5197, 1.6933 3.3179 2.6772, 1.6832 3.3375 2.5197, 1.7169 3.256 2.5197, 1.7102 3.2771 2.5197, 1.7224 3.2346 2.6772, 1.7023 3.2977 2.5197, 1.6933 3.3179 2.5197, 1.7323 3.147 2.5197, 1.7298 3.1911 2.5197, 1.7323 3.147 2.6772, 1.7267 3.213 2.5197, 1.7224 3.2346 2.5197, 1.7323 -0.3963 2.6772, 1.7323 -0.3963 2.5197, 1.7323 -0.1207 2.6772, 1.7323 -0.1207 2.5197, 1.7224 -0.4839 2.6772, 1.7224 -0.4839 2.5197, 1.6933 -0.5671 2.6772, 1.6933 -0.5671 2.5197, 1.6464 -0.6417 2.6772, 1.6464 -0.6417 2.5197, 1.5841 -0.7041 2.6772, 1.5841 -0.7041 2.5197, 1.5094 -0.751 2.6772, 1.5094 -0.751 2.5197, 1.4262 -0.7801 2.6772, 1.4262 -0.7801 2.5197, 1.3386 -0.79 2.6772, 1.3386 -0.79 2.5197, 0.0 -0.79 2.6772, -1.752 -0.0616 2.6772, -1.752 -0.1207 2.6772, 0.0 -0.0616 2.6772, -1.1024 -0.3963 2.6772, -1.1104 -0.4574 2.6772, -1.2205 -0.6008 2.6772, -1.5668 -0.4574 2.6772, -1.5748 -0.3963 2.6772, -1.3386 -0.16 2.6772, -1.2774 -0.1681 2.6772, -1.2205 -0.1917 2.6772, -1.1715 -0.2292 2.6772, -1.134 -0.5144 2.6772, -1.1715 -0.5633 2.6772, -1.5432 -0.5144 2.6772, -1.4567 -0.1917 2.6772, -1.3997 -0.1681 2.6772, -1.134 -0.2782 2.6772, -1.1104 -0.3351 2.6772, -1.5056 -0.5633 2.6772, -1.4567 -0.6008 2.6772, -1.3997 -0.6244 2.6772, -1.3386 -0.6325 2.6772, -1.2774 -0.6244 2.6772, -1.5668 -0.3351 2.6772, -1.5432 -0.2782 2.6772, -1.5056 -0.2292 2.6772, -1.1024 3.147 2.6772, -1.1104 3.0859 2.6772, 0.0 2.7081 2.6772, -0.4955 0.1319 2.6772, -0.7512 0.2675 2.6772, -1.3386 2.9108 2.6772, -0.9718 2.2959 2.6772, -1.2774 2.9189 2.6772, -1.2205 2.9425 2.6772, -1.3997 2.9189 2.6772, -1.4567 2.9425 2.6772, -1.7323 2.8715 2.6772, -0.2166 0.0544 2.6772, -0.9718 0.4548 2.6772, -1.147 0.6853 2.6772, -1.2685 0.948 2.6772, -1.3307 1.2307 2.6772, -1.3307 1.5201 2.6772, -1.752 2.8715 2.6772, -1.1715 2.98 2.6772, -0.7512 2.4833 2.6772, -1.134 3.0289 2.6772, -0.4955 2.6189 2.6772, -0.2166 2.6963 2.6772, -1.5056 2.98 2.6772, -1.5432 3.0289 2.6772, -1.4567 3.3516 2.6772, -1.3997 3.3752 2.6772, -1.147 2.0655 2.6772, -1.2685 1.8028 2.6772, -1.5056 3.3141 2.6772, -1.5432 3.2652 2.6772, -1.5668 3.2082 2.6772, -1.5748 3.147 2.6772, -1.5668 3.0859 2.6772, -1.2205 3.3516 2.6772, -1.2774 3.3752 2.6772, -1.3386 3.3833 2.6772, -1.1715 3.3141 2.6772, -1.134 3.2652 2.6772, -1.1104 3.2082 2.6772, 1.5432 3.2652 2.6772, 1.5668 3.2082 2.6772, 1.7323 2.8715 2.6772, 1.0656 2.1855 2.6772, 1.752 2.8715 2.6772, 1.2149 1.9374 2.6772, 1.3073 1.6631 2.6772, 1.3386 1.3754 2.6772, 1.752 -0.0616 2.6772, 1.3073 1.0876 2.6772, 1.2149 0.8133 2.6772, 1.0656 0.5653 2.6772, 0.8666 0.3552 2.6772, 0.627 0.1927 2.6772, 0.3581 0.0856 2.6772, 0.0725 0.0388 2.6772, 0.0 0.0427 2.6772, 1.5432 3.0289 2.6772, 1.5668 3.0859 2.6772, 1.5748 3.147 2.6772, 1.5056 2.98 2.6772, 1.4567 2.9425 2.6772, 1.3997 2.9189 2.6772, 1.2205 3.3516 2.6772, 1.1104 3.0859 2.6772, 1.1024 3.147 2.6772, 1.1104 3.2082 2.6772, 1.5056 3.3141 2.6772, 1.4567 3.3516 2.6772, 1.3997 3.3752 2.6772, 1.3386 3.3833 2.6772, 1.2774 3.3752 2.6772, 1.3386 2.9108 2.6772, 1.2774 2.9189 2.6772, 0.8666 2.3956 2.6772, 1.2205 2.9425 2.6772, 0.627 2.558 2.6772, 1.1715 2.98 2.6772, 0.3581 2.6652 2.6772, 1.134 3.0289 2.6772, 0.0725 2.712 2.6772, 1.134 3.2652 2.6772, 1.1715 3.3141 2.6772, 1.752 -0.1207 2.6772, 1.4567 -0.6008 2.6772, 1.3997 -0.6244 2.6772, 1.3386 -0.6325 2.6772, 1.2774 -0.6244 2.6772, 1.2205 -0.6008 2.6772, 1.1715 -0.5633 2.6772, 1.4567 -0.1917 2.6772, 1.5056 -0.2292 2.6772, 1.5432 -0.2782 2.6772, 1.5668 -0.3351 2.6772, 1.5748 -0.3963 2.6772, 1.5668 -0.4574 2.6772, 1.5432 -0.5144 2.6772, 1.5056 -0.5633 2.6772, 1.134 -0.5144 2.6772, 1.1104 -0.4574 2.6772, 1.1024 -0.3963 2.6772, 1.1104 -0.3351 2.6772, 1.134 -0.2782 2.6772, 1.1715 -0.2292 2.6772, 1.2205 -0.1917 2.6772, 1.2774 -0.1681 2.6772, 1.3386 -0.16 2.6772, 1.3997 -0.1681 2.6772, -1.7717 2.5565 0.8661, -1.7717 2.8715 0.8661, -1.7717 2.8715 2.5, -1.7717 -0.1207 2.5, -1.7717 -0.1207 0.8661, -1.7717 0.1943 0.8661, -1.7717 0.1943 0.0, -1.7717 0.5092 0.0, -1.7717 0.5092 0.1969, -1.7717 0.9817 0.1969, -1.7717 2.2415 0.1969, -1.7717 2.2415 0.0, -1.7717 2.5565 0.0, -1.7717 0.9817 -0.3937, -1.7717 1.7691 -0.3937, -1.7717 1.7691 0.1969, -1.9291 -0.1207 0.8661, -1.9291 0.1943 0.8661, -1.9291 -0.1207 2.5, -1.9291 2.8715 2.5, -1.9291 2.8715 0.8661, -1.9291 2.5565 0.8661, -1.9291 0.5092 0.1969, -1.9291 0.5092 0.0, -1.9291 0.1943 0.0, -1.9291 2.5565 0.0, -1.9291 2.2415 0.0, -1.9291 2.2415 0.1969, -1.9291 1.7691 0.1969, -1.9291 0.9817 0.1969, -1.9291 0.9817 -0.3937, -1.9291 1.7691 -0.3937, -1.9247 -0.1207 2.5394, -1.9247 2.8715 2.5394, -1.9116 -0.1207 2.5769, -1.9116 2.8715 2.5769, -1.8905 -0.1207 2.6105, -1.8905 2.8715 2.6105, -1.8624 -0.1207 2.6385, -1.8624 2.8715 2.6385, -1.8288 -0.1207 2.6596, -1.8288 2.8715 2.6596, -1.7914 -0.1207 2.6727, -1.7914 2.8715 2.6727, -1.752 2.8715 2.5197, -1.752 -0.1207 2.5197, -1.7563 2.8715 2.5192, -1.7563 -0.1207 2.5192, -1.7605 2.8715 2.5177, -1.7605 -0.1207 2.5177, -1.7642 2.8715 2.5154, -1.7642 -0.1207 2.5154, -1.7674 2.8715 2.5123, -1.7674 -0.1207 2.5123, -1.7697 2.8715 2.5085, -1.7697 -0.1207 2.5085, -1.7712 2.8715 2.5044, -1.7712 -0.1207 2.5044, -1.7323 2.8715 2.5197, -1.7327 2.8715 2.5197, -1.7327 -0.1207 2.5197, -1.9404 1.7691 -1.0722, -2.0925 1.7691 -0.7197, -2.0925 0.9817 -0.7197, -1.9404 0.9817 -1.0722, -1.9001 0.9951 -1.1657, -1.8625 1.0344 -1.2529, -1.8302 1.097 -1.3278, -1.8054 1.1785 -1.3853, -1.9001 1.7557 -1.1657, -1.8054 1.5722 -1.3853, -1.8302 1.6538 -1.3278, -1.8625 1.7163 -1.2529, -1.7898 1.4773 -1.4214, -1.7898 1.2735 -1.4214, -1.7845 1.3754 -1.4337, -2.2371 0.9817 -0.782, -2.2371 1.7691 -0.782, -2.085 0.9817 -1.1345, -2.085 1.7691 -1.1345, -2.0447 1.7557 -1.2281, -2.0071 1.7163 -1.3153, -1.9748 1.6538 -1.3902, -1.95 1.5722 -1.4476, -1.9344 1.4773 -1.4837, -1.9291 1.3754 -1.4961, -1.9344 1.2735 -1.4837, -1.95 1.1785 -1.4476, -2.0447 0.9951 -1.2281, -1.9748 1.097 -1.3902, -2.0071 1.0344 -1.3153, -2.2489 0.9817 -0.7426, -2.2489 1.7691 -0.7426, -2.2512 0.9817 -0.7015, -2.2512 1.7691 -0.7015, -2.2441 0.9817 -0.661, -2.2441 1.7691 -0.661, -2.2278 0.9817 -0.6233, -2.2278 1.7691 -0.6233, -2.2032 0.9817 -0.5903, -2.2032 1.7691 -0.5903, -2.1717 0.9817 -0.5638, -2.1717 1.7691 -0.5638, -1.938 1.7691 -0.4101, -1.938 0.9817 -0.4101, -1.9343 1.7691 -0.407, -1.9343 0.9817 -0.407, -1.9315 1.7691 -0.403, -1.9315 0.9817 -0.403, -1.9297 1.7691 -0.3985, -1.9297 0.9817 -0.3985, -1.777 0.9817 -0.4371, -1.777 1.7691 -0.4371, -1.7929 0.9817 -0.4778, -1.7929 1.7691 -0.4778, -1.8182 0.9817 -0.5134, -1.8182 1.7691 -0.5134, -1.8515 0.9817 -0.5417, -1.8515 1.7691 -0.5417, -2.0852 1.7691 -0.6954, -2.0852 0.9817 -0.6954, -2.0887 1.7691 -0.6983, -2.0887 0.9817 -0.6983, -2.0914 1.7691 -0.702, -2.0914 0.9817 -0.702, -2.0932 1.7691 -0.7062, -2.0932 0.9817 -0.7062, -2.094 1.7691 -0.7107, -2.094 0.9817 -0.7107, -2.0938 1.7691 -0.7153, -2.0938 0.9817 -0.7153, 1.7717 2.8715 2.5, 1.7717 -0.1207 2.5, 1.7712 2.8715 2.5044, 1.7712 -0.1207 2.5044, 1.7697 2.8715 2.5085, 1.7697 -0.1207 2.5085, 1.7674 2.8715 2.5123, 1.7674 -0.1207 2.5123, 1.7642 2.8715 2.5154, 1.7642 -0.1207 2.5154, 1.7605 2.8715 2.5177, 1.7605 -0.1207 2.5177, 1.7563 2.8715 2.5192, 1.7563 -0.1207 2.5192, 1.752 2.8715 2.5197, 1.752 -0.1207 2.5197, 1.7914 -0.1207 2.6727, 1.7914 2.8715 2.6727, 1.8288 -0.1207 2.6596, 1.8288 2.8715 2.6596, 1.8624 -0.1207 2.6385, 1.8624 2.8715 2.6385, 1.8905 -0.1207 2.6105, 1.8905 2.8715 2.6105, 1.9116 -0.1207 2.5769, 1.9116 2.8715 2.5769, 1.9247 -0.1207 2.5394, 1.9247 2.8715 2.5394, 1.9291 -0.1207 2.5, 1.9291 2.8715 2.5, 1.9291 0.1943 0.8661, 1.9291 -0.1207 0.8661, 1.7717 0.1943 0.8661, 1.7717 -0.1207 0.8661, 1.9291 2.8715 0.8661, 1.7717 2.8715 0.8661, 1.7323 2.8715 2.5197, 1.7327 2.8715 2.5197, 1.7327 -0.1207 2.5197, 1.7717 2.5565 0.0, 1.7717 2.5565 0.8661, 1.9291 2.5565 0.0, 1.9291 2.5565 0.8661, 1.7717 0.1943 0.0, 1.9291 0.1943 0.0, 1.7717 0.5092 0.0, 1.7717 0.5092 0.1969, 1.9291 0.5092 0.0, 1.9291 0.5092 0.1969, 1.9291 0.9817 0.1969, 1.7717 0.9817 0.1969, 1.7717 2.2415 0.1969, 1.7717 2.2415 0.0, 1.9291 2.2415 0.1969, 1.9291 2.2415 0.0, 1.9404 0.9817 -1.0722, 2.0925 0.9817 -0.7197, 2.0925 1.7691 -0.7197, 1.9404 1.7691 -1.0722, 1.9001 1.7557 -1.1657, 1.8625 1.7163 -1.2529, 1.7845 1.3754 -1.4337, 1.7898 1.2735 -1.4214, 1.7898 1.4773 -1.4214, 1.8054 1.1785 -1.3853, 1.8054 1.5722 -1.3853, 1.8302 1.097 -1.3278, 1.8625 1.0344 -1.2529, 1.8302 1.6538 -1.3278, 1.9001 0.9951 -1.1657, 2.0938 1.7691 -0.7153, 2.0938 0.9817 -0.7153, 2.094 1.7691 -0.7107, 2.094 0.9817 -0.7107, 2.0932 1.7691 -0.7062, 2.0932 0.9817 -0.7062, 2.0914 1.7691 -0.702, 2.0914 0.9817 -0.702, 2.0887 1.7691 -0.6983, 2.0887 0.9817 -0.6983, 2.0852 1.7691 -0.6954, 2.0852 0.9817 -0.6954, 1.8515 1.7691 -0.5417, 1.8515 0.9817 -0.5417, 1.8182 0.9817 -0.5134, 1.8182 1.7691 -0.5134, 1.7929 0.9817 -0.4778, 1.7929 1.7691 -0.4778, 1.777 0.9817 -0.4371, 1.777 1.7691 -0.4371, 1.7717 0.9817 -0.3937, 1.7717 1.7691 -0.3937, 1.9291 1.7691 -0.3937, 1.9291 0.9817 -0.3937, 1.9297 1.7691 -0.3985, 1.9297 0.9817 -0.3985, 1.9315 1.7691 -0.403, 1.9315 0.9817 -0.403, 1.9343 1.7691 -0.407, 1.9343 0.9817 -0.407, 1.938 1.7691 -0.4101, 1.938 0.9817 -0.4101, 2.1717 1.7691 -0.5638, 2.1717 0.9817 -0.5638, 2.2032 0.9817 -0.5903, 2.2032 1.7691 -0.5903, 2.2278 0.9817 -0.6233, 2.2278 1.7691 -0.6233, 2.2441 0.9817 -0.661, 2.2441 1.7691 -0.661, 2.2512 0.9817 -0.7015, 2.2512 1.7691 -0.7015, 2.2489 0.9817 -0.7426, 2.2489 1.7691 -0.7426, 2.2371 0.9817 -0.782, 2.2371 1.7691 -0.782, 2.085 1.7691 -1.1345, 2.085 0.9817 -1.1345, 2.0447 1.7557 -1.2281, 2.0071 1.0344 -1.3153, 1.9748 1.097 -1.3902, 2.0071 1.7163 -1.3153, 1.95 1.5722 -1.4476, 1.9344 1.2735 -1.4837, 1.9344 1.4773 -1.4837, 1.9291 1.3754 -1.4961, 1.95 1.1785 -1.4476, 1.9748 1.6538 -1.3902, 2.0447 0.9951 -1.2281, 1.7717 1.7691 0.1969, 1.9291 1.7691 0.1969
            ]
        }
        coordIndex [
            0,1,2,-1,0,2,3,-1,3,2,4,-1,3,4,5,-1,5,4,6,-1,5,6,7,-1,7,6,8,-1,7,8,9,-1,9,8,10,-1,9,10,11,-1,11,10,12,-1,11,12,13,-1,13,12,14,-1,13,14,15,-1,15,14,16,-1,16,14,17,-1,18,19,20,-1,21,22,23,-1,23,22,24,-1,23,24,20,-1,20,24,25,-1,20,25,18,-1,26,27,28,-1,28,29,26,-1,26,29,30,-1,26,30,23,-1,23,30,31,-1,23,31,21,-1,27,26,32,-1,32,26,33,-1,32,33,34,-1,34,33,35,-1,35,33,36,-1,35,36,37,-1,38,39,40,-1,40,39,41,-1,40,41,36,-1,36,41,42,-1,36,42,37,-1,43,44,45,-1,45,44,46,-1,45,46,40,-1,40,46,47,-1,40,47,38,-1,48,49,50,-1,50,49,43,-1,50,43,45,-1,49,48,51,-1,52,53,54,-1,54,53,55,-1,54,55,51,-1,51,55,56,-1,51,56,49,-1,57,58,59,-1,59,60,57,-1,57,60,61,-1,57,61,54,-1,54,61,62,-1,54,62,52,-1,58,57,63,-1,63,57,64,-1,63,64,65,-1,65,64,66,-1,66,64,67,-1,66,67,68,-1,69,70,71,-1,71,70,72,-1,71,72,67,-1,67,72,73,-1,67,73,68,-1,74,75,76,-1,76,75,77,-1,76,77,71,-1,71,77,78,-1,71,78,69,-1,79,80,81,-1,81,80,82,-1,80,79,83,-1,80,83,84,-1,84,83,85,-1,84,85,86,-1,86,85,87,-1,86,87,88,-1,88,87,89,-1,88,89,90,-1,90,89,91,-1,90,91,92,-1,92,91,93,-1,92,93,94,-1,94,93,95,-1,94,95,96,-1,1,0,97,-1,97,0,96,-1,97,96,95,-1,98,99,17,-1,100,101,97,-1,97,101,102,-1,1,97,103,-1,17,104,105,-1,106,107,100,-1,100,107,108,-1,100,108,109,-1,102,110,97,-1,97,110,111,-1,97,111,103,-1,104,17,112,-1,112,17,14,-1,112,14,12,-1,113,114,98,-1,98,114,106,-1,109,115,100,-1,100,115,116,-1,100,116,101,-1,12,10,112,-1,112,10,8,-1,112,8,117,-1,117,8,6,-1,117,6,118,-1,118,6,4,-1,118,4,119,-1,119,4,2,-1,119,2,120,-1,120,2,1,-1,120,1,121,-1,121,1,103,-1,105,122,17,-1,17,122,123,-1,17,123,98,-1,98,123,124,-1,98,124,113,-1,125,126,127,-1,128,129,98,-1,130,131,132,-1,132,131,133,-1,134,135,136,-1,106,100,98,-1,98,100,137,-1,98,137,128,-1,129,138,98,-1,98,138,139,-1,98,139,140,-1,140,141,98,-1,98,141,142,-1,98,142,143,-1,133,131,144,-1,144,131,145,-1,144,145,146,-1,146,145,147,-1,146,147,126,-1,126,147,148,-1,126,148,127,-1,135,149,136,-1,136,149,150,-1,136,150,19,-1,151,152,40,-1,40,152,45,-1,130,134,131,-1,131,134,136,-1,131,136,153,-1,153,136,143,-1,153,143,154,-1,154,143,142,-1,40,36,151,-1,151,36,33,-1,151,33,155,-1,155,33,26,-1,155,26,156,-1,156,26,23,-1,156,23,157,-1,157,23,20,-1,157,20,158,-1,158,20,19,-1,158,19,159,-1,159,19,150,-1,160,50,161,-1,161,50,45,-1,161,45,162,-1,162,45,152,-1,160,163,50,-1,50,163,164,-1,50,164,165,-1,166,167,71,-1,168,169,170,-1,170,169,171,-1,71,167,76,-1,171,172,170,-1,170,172,173,-1,170,173,174,-1,173,175,174,-1,174,175,176,-1,174,176,177,-1,177,178,174,-1,174,178,179,-1,174,179,180,-1,180,181,100,-1,100,181,182,-1,100,182,137,-1,183,168,184,-1,184,168,76,-1,184,76,185,-1,185,76,167,-1,183,186,168,-1,168,186,187,-1,168,187,169,-1,169,187,188,-1,48,50,189,-1,190,191,50,-1,50,191,192,-1,71,67,166,-1,166,67,64,-1,166,64,193,-1,193,64,57,-1,193,57,194,-1,194,57,54,-1,194,54,195,-1,195,54,51,-1,195,51,196,-1,196,51,48,-1,196,48,197,-1,197,48,189,-1,188,198,169,-1,169,198,199,-1,169,199,200,-1,200,199,201,-1,200,201,202,-1,202,201,203,-1,202,203,204,-1,204,203,205,-1,204,205,206,-1,206,205,190,-1,206,190,127,-1,127,190,50,-1,127,50,125,-1,125,50,165,-1,192,207,50,-1,50,207,208,-1,50,208,189,-1,180,100,174,-1,174,100,81,-1,174,81,209,-1,210,211,93,-1,93,211,95,-1,211,212,95,-1,95,212,213,-1,95,213,97,-1,97,213,214,-1,97,214,215,-1,216,217,81,-1,81,217,218,-1,81,218,79,-1,218,219,79,-1,79,219,220,-1,79,220,83,-1,83,220,221,-1,83,221,85,-1,85,221,222,-1,85,222,87,-1,87,222,223,-1,87,223,89,-1,89,223,210,-1,89,210,91,-1,91,210,93,-1,215,224,97,-1,97,224,225,-1,97,225,100,-1,100,225,226,-1,100,226,227,-1,227,228,100,-1,100,228,229,-1,100,229,230,-1,230,231,100,-1,100,231,232,-1,100,232,81,-1,81,232,233,-1,81,233,216,-1,234,235,236,-1,237,238,236,-1,236,238,239,-1,240,241,239,-1,239,241,242,-1,239,242,236,-1,236,242,243,-1,244,245,246,-1,247,248,243,-1,243,248,249,-1,243,249,236,-1,236,249,244,-1,236,244,234,-1,234,244,246,-1,238,250,239,-1,239,250,251,-1,251,250,252,-1,253,254,252,-1,252,254,255,-1,256,257,258,-1,259,260,255,-1,255,260,261,-1,255,261,252,-1,252,261,262,-1,258,251,256,-1,256,251,252,-1,256,252,263,-1,263,252,262,-1,263,262,264,-1,264,262,265,-1,253,252,266,-1,253,266,267,-1,267,266,268,-1,267,268,269,-1,269,268,270,-1,269,270,271,-1,271,270,272,-1,271,272,273,-1,273,272,274,-1,273,274,275,-1,275,274,276,-1,275,276,277,-1,277,276,99,-1,277,99,143,-1,278,279,280,-1,280,279,281,-1,280,281,282,-1,282,281,283,-1,282,283,284,-1,284,283,285,-1,284,285,286,-1,286,285,287,-1,286,287,288,-1,288,287,289,-1,288,289,290,-1,290,289,291,-1,290,291,236,-1,236,291,237,-1,143,136,292,-1,235,254,236,-1,236,254,253,-1,236,253,290,-1,290,253,267,-1,290,267,288,-1,288,267,269,-1,288,269,286,-1,286,269,271,-1,286,271,284,-1,284,271,273,-1,284,273,282,-1,282,273,275,-1,282,275,280,-1,280,275,277,-1,280,277,278,-1,278,277,143,-1,278,143,293,-1,293,143,292,-1,250,238,252,-1,252,238,237,-1,252,237,266,-1,266,237,291,-1,266,291,268,-1,268,291,289,-1,268,289,270,-1,270,289,287,-1,270,287,272,-1,272,287,285,-1,272,285,274,-1,274,285,283,-1,274,283,276,-1,276,283,281,-1,276,281,99,-1,16,17,294,-1,294,17,99,-1,294,99,279,-1,279,99,281,-1,240,239,258,-1,258,239,251,-1,240,258,241,-1,241,258,257,-1,234,246,255,-1,255,246,259,-1,245,244,260,-1,260,244,261,-1,243,242,263,-1,263,242,256,-1,242,241,256,-1,256,241,257,-1,295,296,297,-1,297,298,295,-1,295,298,299,-1,295,299,300,-1,300,301,295,-1,295,301,302,-1,295,302,303,-1,304,305,302,-1,302,305,306,-1,302,306,303,-1,304,302,307,-1,307,302,308,-1,307,308,309,-1,310,311,312,-1,312,311,313,-1,313,314,312,-1,312,314,315,-1,312,315,316,-1,316,317,312,-1,312,317,318,-1,312,318,319,-1,319,320,312,-1,312,320,321,-1,312,321,322,-1,322,321,323,-1,322,323,324,-1,311,310,325,-1,311,325,326,-1,326,325,327,-1,326,327,328,-1,328,327,329,-1,328,329,330,-1,330,329,331,-1,330,331,332,-1,332,331,333,-1,332,333,334,-1,334,333,335,-1,334,335,336,-1,337,336,338,-1,338,336,335,-1,337,338,339,-1,339,338,340,-1,339,340,341,-1,341,340,342,-1,341,342,343,-1,343,342,344,-1,343,344,265,-1,265,344,264,-1,248,247,345,-1,248,345,346,-1,346,345,347,-1,346,347,348,-1,348,347,349,-1,348,349,350,-1,350,349,351,-1,350,351,352,-1,353,352,354,-1,354,352,351,-1,353,354,355,-1,355,354,356,-1,355,356,357,-1,357,356,358,-1,357,358,359,-1,359,358,360,-1,359,360,361,-1,361,360,362,-1,361,362,363,-1,363,362,364,-1,363,364,296,-1,296,364,297,-1,295,313,296,-1,296,313,311,-1,296,311,363,-1,363,311,326,-1,363,326,361,-1,361,326,328,-1,361,328,359,-1,359,328,330,-1,359,330,357,-1,357,330,332,-1,357,332,355,-1,355,332,334,-1,355,334,353,-1,353,334,336,-1,353,336,352,-1,352,336,337,-1,352,337,350,-1,350,337,339,-1,350,339,348,-1,348,339,341,-1,348,341,346,-1,346,341,343,-1,346,343,248,-1,248,343,265,-1,248,265,249,-1,249,265,262,-1,243,263,247,-1,247,263,264,-1,247,264,345,-1,345,264,344,-1,345,344,347,-1,347,344,342,-1,347,342,349,-1,349,342,340,-1,349,340,351,-1,351,340,338,-1,351,338,354,-1,354,338,335,-1,354,335,356,-1,356,335,333,-1,356,333,358,-1,358,333,331,-1,358,331,360,-1,360,331,329,-1,360,329,362,-1,362,329,327,-1,362,327,364,-1,364,327,325,-1,364,325,297,-1,297,325,310,-1,297,310,298,-1,298,310,312,-1,309,319,318,-1,309,318,307,-1,307,318,317,-1,307,317,304,-1,304,317,316,-1,304,316,305,-1,305,316,315,-1,305,315,306,-1,306,315,314,-1,306,314,303,-1,303,314,313,-1,303,313,295,-1,319,309,308,-1,319,308,320,-1,320,308,302,-1,320,302,321,-1,321,302,301,-1,321,301,323,-1,323,301,300,-1,323,300,324,-1,324,300,299,-1,324,299,322,-1,322,299,298,-1,322,298,312,-1,365,366,367,-1,367,366,368,-1,367,368,369,-1,369,368,370,-1,369,370,371,-1,371,370,372,-1,371,372,373,-1,373,372,374,-1,373,374,375,-1,375,374,376,-1,375,376,377,-1,377,376,378,-1,377,378,379,-1,379,378,380,-1,170,209,381,-1,170,381,382,-1,382,381,383,-1,382,383,384,-1,384,383,385,-1,384,385,386,-1,386,385,387,-1,386,387,388,-1,388,387,389,-1,388,389,390,-1,390,389,391,-1,390,391,392,-1,392,391,393,-1,392,393,394,-1,395,396,397,-1,397,396,398,-1,399,400,394,-1,394,400,365,-1,394,365,392,-1,392,365,367,-1,392,367,390,-1,390,367,369,-1,390,369,388,-1,388,369,371,-1,388,371,386,-1,386,371,373,-1,386,373,384,-1,384,373,375,-1,384,375,382,-1,382,375,377,-1,382,377,170,-1,401,168,402,-1,402,168,170,-1,402,170,379,-1,379,170,377,-1,209,81,82,-1,398,396,366,-1,366,396,393,-1,366,393,368,-1,368,393,391,-1,368,391,370,-1,370,391,389,-1,370,389,372,-1,372,389,387,-1,372,387,374,-1,374,387,385,-1,374,385,376,-1,376,385,383,-1,376,383,378,-1,378,383,381,-1,378,381,380,-1,380,381,209,-1,380,209,403,-1,403,209,82,-1,404,405,406,-1,406,405,407,-1,397,408,395,-1,395,408,409,-1,410,411,412,-1,412,411,413,-1,413,411,414,-1,414,411,415,-1,416,417,418,-1,418,417,419,-1,420,421,422,-1,422,423,420,-1,420,423,424,-1,420,424,425,-1,426,427,428,-1,428,427,429,-1,428,429,430,-1,430,429,431,-1,430,431,432,-1,425,433,420,-1,420,433,430,-1,420,430,434,-1,434,430,432,-1,422,421,435,-1,435,421,436,-1,435,436,437,-1,437,436,438,-1,437,438,439,-1,439,438,440,-1,439,440,441,-1,441,440,442,-1,441,442,443,-1,443,442,444,-1,443,444,445,-1,445,444,446,-1,447,445,448,-1,448,445,446,-1,447,448,449,-1,447,449,450,-1,450,449,451,-1,450,451,452,-1,452,451,453,-1,452,453,454,-1,454,453,455,-1,454,455,456,-1,457,458,459,-1,459,458,460,-1,459,460,461,-1,461,460,462,-1,461,462,463,-1,463,462,464,-1,463,464,465,-1,465,464,466,-1,467,465,468,-1,468,465,466,-1,467,468,469,-1,467,469,470,-1,470,469,471,-1,470,471,472,-1,472,471,473,-1,472,473,474,-1,474,473,475,-1,474,475,476,-1,476,475,477,-1,476,477,478,-1,478,477,479,-1,478,479,480,-1,480,479,481,-1,481,479,482,-1,481,482,483,-1,484,485,486,-1,487,488,489,-1,489,488,490,-1,485,491,486,-1,486,491,488,-1,486,488,492,-1,492,488,487,-1,483,482,486,-1,486,482,493,-1,486,493,484,-1,494,495,456,-1,456,495,457,-1,456,457,454,-1,454,457,459,-1,454,459,452,-1,452,459,461,-1,452,461,450,-1,450,461,463,-1,450,463,447,-1,447,463,465,-1,447,465,445,-1,445,465,467,-1,445,467,443,-1,443,467,470,-1,443,470,441,-1,441,470,472,-1,441,472,439,-1,439,472,474,-1,439,474,437,-1,437,474,476,-1,437,476,435,-1,435,476,478,-1,435,478,422,-1,422,478,480,-1,422,480,423,-1,423,480,481,-1,420,482,421,-1,421,482,479,-1,421,479,436,-1,436,479,477,-1,436,477,438,-1,438,477,475,-1,438,475,440,-1,440,475,473,-1,440,473,442,-1,442,473,471,-1,442,471,444,-1,444,471,469,-1,444,469,446,-1,446,469,468,-1,446,468,448,-1,448,468,466,-1,448,466,449,-1,449,466,464,-1,449,464,451,-1,451,464,462,-1,451,462,453,-1,453,462,460,-1,453,460,455,-1,455,460,458,-1,455,458,415,-1,415,458,414,-1,490,426,428,-1,490,428,489,-1,489,428,430,-1,489,430,487,-1,487,430,433,-1,487,433,492,-1,492,433,425,-1,492,425,486,-1,486,425,424,-1,486,424,483,-1,483,424,423,-1,483,423,481,-1,426,490,488,-1,426,488,427,-1,427,488,491,-1,427,491,429,-1,429,491,485,-1,429,485,431,-1,431,485,484,-1,431,484,432,-1,432,484,493,-1,432,493,434,-1,434,493,482,-1,434,482,420,-1,
        ]
    }
}
Shape{
    appearance Appearance {
        material  Material 	{
            diffuseColor 0.20784313725490197 0.20784313725490197 0.20784313725490197
            specularColor 0.01568627450980392 0.01568627450980392 0.01568627450980392
            ambientIntensity 0.298
            transparency 0.0
            shininess 0.5
        }
    }
    geometry IndexedFaceSet {
        ccw TRUE
        solid FALSE
        coord DEF co Coordinate {
            point [
                -1.7327 2.8715 2.5197, -1.7323 2.8715 2.5197, -1.7327 3.1474 2.5197, -1.7323 3.147 2.5197, -1.7293 3.1988 2.5197, 1.6464 3.3925 2.5197, 1.6513 3.3871 2.5197, 1.6174 3.4258 2.5197, -1.5841 3.4549 2.5197, -1.5786 3.4598 2.5197, -1.6174 3.4258 2.5197, 1.3386 3.5407 2.5197, 1.4262 3.5309 2.5197, 1.4158 3.5336 2.5197, -1.7251 3.2242 2.5197, -1.7224 3.2346 2.5197, -1.7193 3.2493 2.5197, -1.7169 3.256 2.5197, -1.7118 3.274 2.5197, -1.7102 3.2771 2.5197, -1.7027 3.2981 2.5197, -1.7023 3.2977 2.5197, -1.6933 3.3179 2.5197, -1.6921 3.3216 2.5197, -1.6832 3.3375 2.5197, -1.6799 3.3443 2.5197, -1.6719 3.3565 2.5197, -1.6663 3.3662 2.5197, -1.6597 3.3749 2.5197, -1.6513 3.3871 2.5197, -1.6464 3.3925 2.5197, -1.617 3.4254 2.5197, 1.4409 3.5277 2.5197, 1.4476 3.5254 2.5197, 1.4655 3.5202 2.5197, 1.4686 3.5186 2.5197, 1.4896 3.5112 2.5197, 1.4892 3.5108 2.5197, 1.5094 3.5018 2.5197, 1.5131 3.5005 2.5197, 1.529 3.4916 2.5197, 1.5358 3.4884 2.5197, 1.548 3.4804 2.5197, 1.5577 3.4748 2.5197, 1.5664 3.4681 2.5197, 1.5786 3.4598 2.5197, 1.5841 3.4549 2.5197, 1.617 3.4254 2.5197, 1.6663 3.3662 2.5197, 1.6719 3.3565 2.5197, 1.6799 3.3443 2.5197, 1.6832 3.3375 2.5197, 1.6921 3.3216 2.5197, 1.6933 3.3179 2.5197, 1.7027 3.2981 2.5197, 1.7023 3.2977 2.5197, 1.7102 3.2771 2.5197, 1.7118 3.274 2.5197, 1.7169 3.256 2.5197, 1.7193 3.2493 2.5197, 1.7224 3.2346 2.5197, 1.7251 3.2242 2.5197, 1.7267 3.213 2.5197, 1.7293 3.1988 2.5197, 1.7298 3.1911 2.5197, 1.7327 3.1474 2.5197, 1.7323 3.147 2.5197, 1.7327 2.8715 2.5197, 1.7323 2.8715 2.5197, -1.5577 3.4748 2.5197, -1.548 3.4804 2.5197, -1.5358 3.4884 2.5197, -1.529 3.4916 2.5197, -1.5131 3.5005 2.5197, -1.5094 3.5018 2.5197, -1.4896 3.5112 2.5197, -1.4892 3.5108 2.5197, -1.4686 3.5186 2.5197, -1.4655 3.5202 2.5197, -1.4476 3.5254 2.5197, -1.4409 3.5277 2.5197, -1.4262 3.5309 2.5197, -1.4158 3.5336 2.5197, -1.4045 3.5352 2.5197, -1.3904 3.5378 2.5197, -1.3827 3.5383 2.5197, -1.339 3.5411 2.5197, -1.3386 3.5407 2.5197, 1.339 3.5411 2.5197, 1.3904 3.5378 2.5197, 1.339 3.5411 0.748, 1.4409 3.5277 0.748, 1.5358 3.4884 0.748, 1.6174 3.4258 0.748, 1.6799 3.3443 0.748, 1.7193 3.2493 0.748, 1.7327 3.1474 0.748, 1.7327 -0.1207 2.5197, 1.7327 -0.79 2.5197, 1.7327 -0.79 0.748, 1.7327 2.2372 0.748, 1.7327 0.5001 0.748, 1.7327 1.1627 0.748, 1.7327 1.5612 0.748, 1.7193 -0.8919 2.5197, 1.7193 -0.8919 0.748, 1.7125 -0.9081 0.748, 1.6799 -0.9868 2.5197, 1.6799 -0.9868 0.748, 1.6174 -1.0684 2.5197, 1.6174 -1.0684 0.748, 1.5358 -1.1309 2.5197, 1.5358 -1.1309 0.748, 1.4409 -1.1703 2.5197, 1.4409 -1.1703 0.748, 1.339 -1.1837 2.5197, 1.339 -1.1837 0.748, -1.2992 -1.1837 1.4567, -0.6693 -1.1837 1.4567, -1.339 -1.1837 0.748, -0.9617 -1.1837 0.748, -0.6693 -1.1837 1.2992, -0.4513 -1.1837 0.748, -1.2992 -1.1837 1.2992, -1.339 -1.1837 2.5197, 0.5545 -1.1837 0.748, 0.315 -1.1837 1.2992, 0.2065 -1.1837 0.748, -0.315 -1.1837 1.2992, -0.0816 -1.1837 0.748, 0.315 -1.1837 1.4567, -0.315 -1.1837 1.4567, 0.6693 -1.1837 1.2992, 0.9377 -1.1837 0.748, 0.6693 -1.1837 1.4567, 1.2992 -1.1837 1.4567, 1.2992 -1.1837 1.2992, -1.4409 -1.1703 2.5197, -1.4409 -1.1703 0.748, -1.5358 -1.1309 2.5197, -1.5358 -1.1309 0.748, -1.6174 -1.0684 2.5197, -1.6174 -1.0684 0.748, -1.6537 -1.0209 0.748, -1.6799 -0.9868 2.5197, -1.6799 -0.9868 0.748, -1.7125 -0.9081 0.748, -1.7193 -0.8919 2.5197, -1.7193 -0.8919 0.748, -1.7327 -0.79 2.5197, -1.7327 -0.79 0.748, -1.7327 3.1474 0.748, -1.7327 0.5001 0.748, -1.7327 -0.1207 2.5197, -1.7327 2.2372 0.748, -1.7327 1.5612 0.748, -1.7327 1.1627 0.748, -1.7193 3.2493 0.748, -1.6799 3.3443 0.748, -1.6174 3.4258 0.748, -1.6537 3.3784 0.748, -1.5358 3.4884 0.748, -1.4409 3.5277 0.748, -1.339 3.5411 0.748, 0.9377 3.5411 0.748, 0.5545 3.5411 0.748, 0.2065 3.5411 0.748, -0.0816 3.5411 0.748, -0.4513 3.5411 0.748, -0.9617 3.5411 0.748, -1.4262 -0.7801 2.5197, -1.5094 -0.751 2.5197, -1.6464 -0.6417 2.5197, -1.6933 -0.5671 2.5197, 1.7224 -0.4839 2.5197, 1.6933 -0.5671 2.5197, 1.6464 -0.6417 2.5197, 1.5841 -0.7041 2.5197, 1.5094 -0.751 2.5197, -1.3386 -0.79 2.5197, 1.3386 -0.79 2.5197, 1.7323 -0.3963 2.5197, 1.7323 -0.1207 2.5197, -1.7323 -0.1207 2.5197, -1.7323 -0.3963 2.5197, -1.7224 -0.4839 2.5197, 1.4262 -0.7801 2.5197, -1.5841 -0.7041 2.5197, -1.2324 3.2083 0.0, -1.2202 3.1788 0.0, -1.3386 3.147 0.0, -1.216 3.147 0.0, -1.2202 3.1153 0.0, -1.3069 3.2654 0.0, -1.2773 3.2532 0.0, -1.2519 3.2337 0.0, -1.3999 3.2532 0.0, -1.3703 3.2654 0.0, -1.3386 3.2696 0.0, -1.457 3.1788 0.0, -1.4447 3.2083 0.0, -1.4253 3.2337 0.0, -1.4447 3.0858 0.0, -1.457 3.1153 0.0, -1.4612 3.147 0.0, -1.3703 3.0286 0.0, -1.3999 3.0409 0.0, -1.4253 3.0604 0.0, -1.2773 3.0409 0.0, -1.3069 3.0286 0.0, -1.3386 3.0245 0.0, -1.2324 3.0858 0.0, -1.2519 3.0604 0.0, -1.1024 3.147 0.748, -1.1104 3.2082 0.1969, -1.1104 3.2082 0.748, -1.134 3.2652 0.1969, -1.134 3.2652 0.748, -1.1715 3.3141 0.1969, -1.1715 3.3141 0.748, -1.2205 3.3516 0.1969, -1.2205 3.3516 0.748, -1.2774 3.3752 0.1969, -1.2774 3.3752 0.748, -1.3386 3.3833 0.1969, -1.3386 3.3833 0.748, -1.3997 3.3752 0.1969, -1.3997 3.3752 0.748, -1.4567 3.3516 0.1969, -1.4567 3.3516 0.748, -1.5056 3.3141 0.1969, -1.5056 3.3141 0.748, -1.5432 3.2652 0.1969, -1.5432 3.2652 0.748, -1.5668 3.2082 0.1969, -1.5668 3.2082 0.748, -1.5748 3.147 0.1969, -1.5748 3.147 0.748, -1.5668 3.0859 0.1969, -1.5668 3.0859 0.748, -1.5432 3.0289 0.1969, -1.5432 3.0289 0.748, -1.5056 2.98 0.1969, -1.5056 2.98 0.748, -1.4567 2.9425 0.1969, -1.4567 2.9425 0.748, -1.3997 2.9189 0.1969, -1.3997 2.9189 0.748, -1.3386 2.9108 0.1969, -1.3386 2.9108 0.748, -1.2774 2.9189 0.1969, -1.2774 2.9189 0.748, -1.2205 2.9425 0.1969, -1.2205 2.9425 0.748, -1.1715 2.98 0.1969, -1.1715 2.98 0.748, -1.134 3.0289 0.1969, -1.134 3.0289 0.748, -1.1104 3.0859 0.1969, -1.1104 3.0859 0.748, -1.1024 3.147 0.1969, -1.3386 3.147 2.9134, -1.2795 3.1629 2.9053, -1.2856 3.1776 2.9053, -1.2774 3.147 2.9053, -1.308 3.2 2.9053, -1.3228 3.2061 2.9053, -1.2954 3.1903 2.9053, -1.3544 3.2061 2.9053, -1.3692 3.2 2.9053, -1.3386 3.2082 2.9053, -1.3915 3.1776 2.9053, -1.3976 3.1629 2.9053, -1.3818 3.1903 2.9053, -1.3976 3.1312 2.9053, -1.3915 3.1165 2.9053, -1.3997 3.147 2.9053, -1.3692 3.0941 2.9053, -1.3544 3.088 2.9053, -1.3818 3.1038 2.9053, -1.3228 3.088 2.9053, -1.308 3.0941 2.9053, -1.3386 3.0859 2.9053, -1.2856 3.1165 2.9053, -1.2795 3.1312 2.9053, -1.2954 3.1038 2.9053, -1.2245 3.1776 2.8817, -1.2363 3.2061 2.8817, -1.2551 3.2306 2.8817, -1.2795 3.2493 2.8817, -1.308 3.2611 2.8817, -1.3386 3.2652 2.8817, -1.3692 3.2611 2.8817, -1.3976 3.2493 2.8817, -1.4221 3.2306 2.8817, -1.4409 3.2061 2.8817, -1.4527 3.1776 2.8817, -1.4567 3.147 2.8817, -1.4527 3.1165 2.8817, -1.4409 3.088 2.8817, -1.4221 3.0635 2.8817, -1.3976 3.0448 2.8817, -1.3692 3.033 2.8817, -1.3386 3.0289 2.8817, -1.308 3.033 2.8817, -1.2795 3.0448 2.8817, -1.2551 3.0635 2.8817, -1.2363 3.088 2.8817, -1.2245 3.1165 2.8817, -1.2205 3.147 2.8817, -1.1772 3.1903 2.8442, -1.1939 3.2306 2.8442, -1.2205 3.2652 2.8442, -1.2551 3.2917 2.8442, -1.2954 3.3084 2.8442, -1.3386 3.3141 2.8442, -1.3818 3.3084 2.8442, -1.4221 3.2917 2.8442, -1.4567 3.2652 2.8442, -1.4832 3.2306 2.8442, -1.4999 3.1903 2.8442, -1.5056 3.147 2.8442, -1.4999 3.1038 2.8442, -1.4832 3.0635 2.8442, -1.4567 3.0289 2.8442, -1.4221 3.0024 2.8442, -1.3818 2.9857 2.8442, -1.3386 2.98 2.8442, -1.2954 2.9857 2.8442, -1.2551 3.0024 2.8442, -1.2205 3.0289 2.8442, -1.1939 3.0635 2.8442, -1.1772 3.1038 2.8442, -1.1715 3.147 2.8442, -1.141 3.2 2.7953, -1.1614 3.2493 2.7953, -1.1939 3.2917 2.7953, -1.2363 3.3242 2.7953, -1.2856 3.3446 2.7953, -1.3386 3.3516 2.7953, -1.3915 3.3446 2.7953, -1.4409 3.3242 2.7953, -1.4832 3.2917 2.7953, -1.5157 3.2493 2.7953, -1.5362 3.2 2.7953, -1.5432 3.147 2.7953, -1.5362 3.0941 2.7953, -1.5157 3.0448 2.7953, -1.4832 3.0024 2.7953, -1.4409 2.9699 2.7953, -1.3915 2.9494 2.7953, -1.3386 2.9425 2.7953, -1.2856 2.9494 2.7953, -1.2363 2.9699 2.7953, -1.1939 3.0024 2.7953, -1.1614 3.0448 2.7953, -1.141 3.0941 2.7953, -1.134 3.147 2.7953, -1.1182 3.2061 2.7383, -1.141 3.2611 2.7383, -1.1772 3.3084 2.7383, -1.2245 3.3446 2.7383, -1.2795 3.3674 2.7383, -1.3386 3.3752 2.7383, -1.3976 3.3674 2.7383, -1.4527 3.3446 2.7383, -1.4999 3.3084 2.7383, -1.5362 3.2611 2.7383, -1.559 3.2061 2.7383, -1.5668 3.147 2.7383, -1.559 3.088 2.7383, -1.5362 3.033 2.7383, -1.4999 2.9857 2.7383, -1.4527 2.9494 2.7383, -1.3976 2.9266 2.7383, -1.3386 2.9189 2.7383, -1.2795 2.9266 2.7383, -1.2245 2.9494 2.7383, -1.1772 2.9857 2.7383, -1.141 3.033 2.7383, -1.1182 3.088 2.7383, -1.1104 3.147 2.7383, -1.1104 3.2082 2.6772, -1.134 3.2652 2.6772, -1.1715 3.3141 2.6772, -1.2205 3.3516 2.6772, -1.2774 3.3752 2.6772, -1.3386 3.3833 2.6772, -1.3997 3.3752 2.6772, -1.4567 3.3516 2.6772, -1.5056 3.3141 2.6772, -1.5432 3.2652 2.6772, -1.5668 3.2082 2.6772, -1.5748 3.147 2.6772, -1.5668 3.0859 2.6772, -1.5432 3.0289 2.6772, -1.5056 2.98 2.6772, -1.4567 2.9425 2.6772, -1.3997 2.9189 2.6772, -1.3386 2.9108 2.6772, -1.2774 2.9189 2.6772, -1.2205 2.9425 2.6772, -1.1715 2.98 2.6772, -1.134 3.0289 2.6772, -1.1104 3.0859 2.6772, -1.1024 3.147 2.6772, 1.3386 3.147 2.9134, 1.2795 3.1312 2.9053, 1.2856 3.1165 2.9053, 1.2774 3.147 2.9053, 1.308 3.0941 2.9053, 1.3228 3.088 2.9053, 1.2954 3.1038 2.9053, 1.3544 3.088 2.9053, 1.3692 3.0941 2.9053, 1.3386 3.0859 2.9053, 1.3915 3.1165 2.9053, 1.3976 3.1312 2.9053, 1.3818 3.1038 2.9053, 1.3976 3.1629 2.9053, 1.3915 3.1776 2.9053, 1.3997 3.147 2.9053, 1.3692 3.2 2.9053, 1.3544 3.2061 2.9053, 1.3818 3.1903 2.9053, 1.3228 3.2061 2.9053, 1.308 3.2 2.9053, 1.3386 3.2082 2.9053, 1.2856 3.1776 2.9053, 1.2795 3.1629 2.9053, 1.2954 3.1903 2.9053, 1.2245 3.1165 2.8817, 1.2363 3.088 2.8817, 1.2551 3.0635 2.8817, 1.2795 3.0448 2.8817, 1.308 3.033 2.8817, 1.3386 3.0289 2.8817, 1.3692 3.033 2.8817, 1.3976 3.0448 2.8817, 1.4221 3.0635 2.8817, 1.4409 3.088 2.8817, 1.4527 3.1165 2.8817, 1.4567 3.147 2.8817, 1.4527 3.1776 2.8817, 1.4409 3.2061 2.8817, 1.4221 3.2306 2.8817, 1.3976 3.2493 2.8817, 1.3692 3.2611 2.8817, 1.3386 3.2652 2.8817, 1.308 3.2611 2.8817, 1.2795 3.2493 2.8817, 1.2551 3.2306 2.8817, 1.2363 3.2061 2.8817, 1.2245 3.1776 2.8817, 1.2205 3.147 2.8817, 1.1772 3.1038 2.8442, 1.1939 3.0635 2.8442, 1.2205 3.0289 2.8442, 1.2551 3.0024 2.8442, 1.2954 2.9857 2.8442, 1.3386 2.98 2.8442, 1.3818 2.9857 2.8442, 1.4221 3.0024 2.8442, 1.4567 3.0289 2.8442, 1.4832 3.0635 2.8442, 1.4999 3.1038 2.8442, 1.5056 3.147 2.8442, 1.4999 3.1903 2.8442, 1.4832 3.2306 2.8442, 1.4567 3.2652 2.8442, 1.4221 3.2917 2.8442, 1.3818 3.3084 2.8442, 1.3386 3.3141 2.8442, 1.2954 3.3084 2.8442, 1.2551 3.2917 2.8442, 1.2205 3.2652 2.8442, 1.1939 3.2306 2.8442, 1.1772 3.1903 2.8442, 1.1715 3.147 2.8442, 1.141 3.0941 2.7953, 1.1614 3.0448 2.7953, 1.1939 3.0024 2.7953, 1.2363 2.9699 2.7953, 1.2856 2.9494 2.7953, 1.3386 2.9425 2.7953, 1.3915 2.9494 2.7953, 1.4409 2.9699 2.7953, 1.4832 3.0024 2.7953, 1.5157 3.0448 2.7953, 1.5362 3.0941 2.7953, 1.5432 3.147 2.7953, 1.5362 3.2 2.7953, 1.5157 3.2493 2.7953, 1.4832 3.2917 2.7953, 1.4409 3.3242 2.7953, 1.3915 3.3446 2.7953, 1.3386 3.3516 2.7953, 1.2856 3.3446 2.7953, 1.2363 3.3242 2.7953, 1.1939 3.2917 2.7953, 1.1614 3.2493 2.7953, 1.141 3.2 2.7953, 1.134 3.147 2.7953, 1.1182 3.088 2.7383, 1.141 3.033 2.7383, 1.1772 2.9857 2.7383, 1.2245 2.9494 2.7383, 1.2795 2.9266 2.7383, 1.3386 2.9189 2.7383, 1.3976 2.9266 2.7383, 1.4527 2.9494 2.7383, 1.4999 2.9857 2.7383, 1.5362 3.033 2.7383, 1.559 3.088 2.7383, 1.5668 3.147 2.7383, 1.559 3.2061 2.7383, 1.5362 3.2611 2.7383, 1.4999 3.3084 2.7383, 1.4527 3.3446 2.7383, 1.3976 3.3674 2.7383, 1.3386 3.3752 2.7383, 1.2795 3.3674 2.7383, 1.2245 3.3446 2.7383, 1.1772 3.3084 2.7383, 1.141 3.2611 2.7383, 1.1182 3.2061 2.7383, 1.1104 3.147 2.7383, 1.1104 3.0859 2.6772, 1.134 3.0289 2.6772, 1.1715 2.98 2.6772, 1.2205 2.9425 2.6772, 1.2774 2.9189 2.6772, 1.3386 2.9108 2.6772, 1.3997 2.9189 2.6772, 1.4567 2.9425 2.6772, 1.5056 2.98 2.6772, 1.5432 3.0289 2.6772, 1.5668 3.0859 2.6772, 1.5748 3.147 2.6772, 1.5668 3.2082 2.6772, 1.5432 3.2652 2.6772, 1.5056 3.3141 2.6772, 1.4567 3.3516 2.6772, 1.3997 3.3752 2.6772, 1.3386 3.3833 2.6772, 1.2774 3.3752 2.6772, 1.2205 3.3516 2.6772, 1.1715 3.3141 2.6772, 1.134 3.2652 2.6772, 1.1104 3.2082 2.6772, 1.1024 3.147 2.6772, 1.2324 3.0858 0.0, 1.2202 3.1153 0.0, 1.3386 3.147 0.0, 1.216 3.147 0.0, 1.2202 3.1788 0.0, 1.3069 3.0286 0.0, 1.2773 3.0409 0.0, 1.2519 3.0604 0.0, 1.3999 3.0409 0.0, 1.3703 3.0286 0.0, 1.3386 3.0245 0.0, 1.457 3.1153 0.0, 1.4447 3.0858 0.0, 1.4253 3.0604 0.0, 1.4447 3.2083 0.0, 1.457 3.1788 0.0, 1.4612 3.147 0.0, 1.3703 3.2654 0.0, 1.3999 3.2532 0.0, 1.4253 3.2337 0.0, 1.2773 3.2532 0.0, 1.3069 3.2654 0.0, 1.3386 3.2696 0.0, 1.2324 3.2083 0.0, 1.2519 3.2337 0.0, 1.1024 3.147 0.748, 1.1104 3.0859 0.1969, 1.1104 3.0859 0.748, 1.134 3.0289 0.1969, 1.134 3.0289 0.748, 1.1715 2.98 0.1969, 1.1715 2.98 0.748, 1.2205 2.9425 0.1969, 1.2205 2.9425 0.748, 1.2774 2.9189 0.1969, 1.2774 2.9189 0.748, 1.3386 2.9108 0.1969, 1.3386 2.9108 0.748, 1.3997 2.9189 0.1969, 1.3997 2.9189 0.748, 1.4567 2.9425 0.1969, 1.4567 2.9425 0.748, 1.5056 2.98 0.1969, 1.5056 2.98 0.748, 1.5432 3.0289 0.1969, 1.5432 3.0289 0.748, 1.5668 3.0859 0.1969, 1.5668 3.0859 0.748, 1.5748 3.147 0.1969, 1.5748 3.147 0.748, 1.5668 3.2082 0.1969, 1.5668 3.2082 0.748, 1.5432 3.2652 0.1969, 1.5432 3.2652 0.748, 1.5056 3.3141 0.1969, 1.5056 3.3141 0.748, 1.4567 3.3516 0.1969, 1.4567 3.3516 0.748, 1.3997 3.3752 0.1969, 1.3997 3.3752 0.748, 1.3386 3.3833 0.1969, 1.3386 3.3833 0.748, 1.2774 3.3752 0.1969, 1.2774 3.3752 0.748, 1.2205 3.3516 0.1969, 1.2205 3.3516 0.748, 1.1715 3.3141 0.1969, 1.1715 3.3141 0.748, 1.134 3.2652 0.1969, 1.134 3.2652 0.748, 1.1104 3.2082 0.1969, 1.1104 3.2082 0.748, 1.1024 3.147 0.1969, -1.3386 -0.3963 2.9134, -1.2795 -0.3804 2.9053, -1.2856 -0.3657 2.9053, -1.2774 -0.3963 2.9053, -1.308 -0.3433 2.9053, -1.3228 -0.3372 2.9053, -1.2954 -0.353 2.9053, -1.3544 -0.3372 2.9053, -1.3692 -0.3433 2.9053, -1.3386 -0.3351 2.9053, -1.3915 -0.3657 2.9053, -1.3976 -0.3804 2.9053, -1.3818 -0.353 2.9053, -1.3976 -0.4121 2.9053, -1.3915 -0.4268 2.9053, -1.3997 -0.3963 2.9053, -1.3692 -0.4492 2.9053, -1.3544 -0.4553 2.9053, -1.3818 -0.4395 2.9053, -1.3228 -0.4553 2.9053, -1.308 -0.4492 2.9053, -1.3386 -0.4574 2.9053, -1.2856 -0.4268 2.9053, -1.2795 -0.4121 2.9053, -1.2954 -0.4395 2.9053, -1.2245 -0.3657 2.8817, -1.2363 -0.3372 2.8817, -1.2551 -0.3127 2.8817, -1.2795 -0.294 2.8817, -1.308 -0.2822 2.8817, -1.3386 -0.2782 2.8817, -1.3692 -0.2822 2.8817, -1.3976 -0.294 2.8817, -1.4221 -0.3127 2.8817, -1.4409 -0.3372 2.8817, -1.4527 -0.3657 2.8817, -1.4567 -0.3963 2.8817, -1.4527 -0.4268 2.8817, -1.4409 -0.4553 2.8817, -1.4221 -0.4798 2.8817, -1.3976 -0.4986 2.8817, -1.3692 -0.5104 2.8817, -1.3386 -0.5144 2.8817, -1.308 -0.5104 2.8817, -1.2795 -0.4986 2.8817, -1.2551 -0.4798 2.8817, -1.2363 -0.4553 2.8817, -1.2245 -0.4268 2.8817, -1.2205 -0.3963 2.8817, -1.1772 -0.353 2.8442, -1.1939 -0.3127 2.8442, -1.2205 -0.2782 2.8442, -1.2551 -0.2516 2.8442, -1.2954 -0.2349 2.8442, -1.3386 -0.2292 2.8442, -1.3818 -0.2349 2.8442, -1.4221 -0.2516 2.8442, -1.4567 -0.2782 2.8442, -1.4832 -0.3127 2.8442, -1.4999 -0.353 2.8442, -1.5056 -0.3963 2.8442, -1.4999 -0.4395 2.8442, -1.4832 -0.4798 2.8442, -1.4567 -0.5144 2.8442, -1.4221 -0.5409 2.8442, -1.3818 -0.5576 2.8442, -1.3386 -0.5633 2.8442, -1.2954 -0.5576 2.8442, -1.2551 -0.5409 2.8442, -1.2205 -0.5144 2.8442, -1.1939 -0.4798 2.8442, -1.1772 -0.4395 2.8442, -1.1715 -0.3963 2.8442, -1.141 -0.3433 2.7953, -1.1614 -0.294 2.7953, -1.1939 -0.2516 2.7953, -1.2363 -0.2191 2.7953, -1.2856 -0.1987 2.7953, -1.3386 -0.1917 2.7953, -1.3915 -0.1987 2.7953, -1.4409 -0.2191 2.7953, -1.4832 -0.2516 2.7953, -1.5157 -0.294 2.7953, -1.5362 -0.3433 2.7953, -1.5432 -0.3963 2.7953, -1.5362 -0.4492 2.7953, -1.5157 -0.4986 2.7953, -1.4832 -0.5409 2.7953, -1.4409 -0.5734 2.7953, -1.3915 -0.5939 2.7953, -1.3386 -0.6008 2.7953, -1.2856 -0.5939 2.7953, -1.2363 -0.5734 2.7953, -1.1939 -0.5409 2.7953, -1.1614 -0.4986 2.7953, -1.141 -0.4492 2.7953, -1.134 -0.3963 2.7953, -1.1182 -0.3372 2.7383, -1.141 -0.2822 2.7383, -1.1772 -0.2349 2.7383, -1.2245 -0.1987 2.7383, -1.2795 -0.1759 2.7383, -1.3386 -0.1681 2.7383, -1.3976 -0.1759 2.7383, -1.4527 -0.1987 2.7383, -1.4999 -0.2349 2.7383, -1.5362 -0.2822 2.7383, -1.559 -0.3372 2.7383, -1.5668 -0.3963 2.7383, -1.559 -0.4553 2.7383, -1.5362 -0.5104 2.7383, -1.4999 -0.5576 2.7383, -1.4527 -0.5939 2.7383, -1.3976 -0.6167 2.7383, -1.3386 -0.6244 2.7383, -1.2795 -0.6167 2.7383, -1.2245 -0.5939 2.7383, -1.1772 -0.5576 2.7383, -1.141 -0.5104 2.7383, -1.1182 -0.4553 2.7383, -1.1104 -0.3963 2.7383, -1.1104 -0.3351 2.6772, -1.134 -0.2782 2.6772, -1.1715 -0.2292 2.6772, -1.2205 -0.1917 2.6772, -1.2774 -0.1681 2.6772, -1.3386 -0.16 2.6772, -1.3997 -0.1681 2.6772, -1.4567 -0.1917 2.6772, -1.5056 -0.2292 2.6772, -1.5432 -0.2782 2.6772, -1.5668 -0.3351 2.6772, -1.5748 -0.3963 2.6772, -1.5668 -0.4574 2.6772, -1.5432 -0.5144 2.6772, -1.5056 -0.5633 2.6772, -1.4567 -0.6008 2.6772, -1.3997 -0.6244 2.6772, -1.3386 -0.6325 2.6772, -1.2774 -0.6244 2.6772, -1.2205 -0.6008 2.6772, -1.1715 -0.5633 2.6772, -1.134 -0.5144 2.6772, -1.1104 -0.4574 2.6772, -1.1024 -0.3963 2.6772, 1.3386 -0.3963 2.9134, 1.2795 -0.4121 2.9053, 1.2856 -0.4268 2.9053, 1.2774 -0.3963 2.9053, 1.308 -0.4492 2.9053, 1.3228 -0.4553 2.9053, 1.2954 -0.4395 2.9053, 1.3544 -0.4553 2.9053, 1.3692 -0.4492 2.9053, 1.3386 -0.4574 2.9053, 1.3915 -0.4268 2.9053, 1.3976 -0.4121 2.9053, 1.3818 -0.4395 2.9053, 1.3976 -0.3804 2.9053, 1.3915 -0.3657 2.9053, 1.3997 -0.3963 2.9053, 1.3692 -0.3433 2.9053, 1.3544 -0.3372 2.9053, 1.3818 -0.353 2.9053, 1.3228 -0.3372 2.9053, 1.308 -0.3433 2.9053, 1.3386 -0.3351 2.9053, 1.2856 -0.3657 2.9053, 1.2795 -0.3804 2.9053, 1.2954 -0.353 2.9053, 1.2245 -0.4268 2.8817, 1.2363 -0.4553 2.8817, 1.2551 -0.4798 2.8817, 1.2795 -0.4986 2.8817, 1.308 -0.5104 2.8817, 1.3386 -0.5144 2.8817, 1.3692 -0.5104 2.8817, 1.3976 -0.4986 2.8817, 1.4221 -0.4798 2.8817, 1.4409 -0.4553 2.8817, 1.4527 -0.4268 2.8817, 1.4567 -0.3963 2.8817, 1.4527 -0.3657 2.8817, 1.4409 -0.3372 2.8817, 1.4221 -0.3127 2.8817, 1.3976 -0.294 2.8817, 1.3692 -0.2822 2.8817, 1.3386 -0.2782 2.8817, 1.308 -0.2822 2.8817, 1.2795 -0.294 2.8817, 1.2551 -0.3127 2.8817, 1.2363 -0.3372 2.8817, 1.2245 -0.3657 2.8817, 1.2205 -0.3963 2.8817, 1.1772 -0.4395 2.8442, 1.1939 -0.4798 2.8442, 1.2205 -0.5144 2.8442, 1.2551 -0.5409 2.8442, 1.2954 -0.5576 2.8442, 1.3386 -0.5633 2.8442, 1.3818 -0.5576 2.8442, 1.4221 -0.5409 2.8442, 1.4567 -0.5144 2.8442, 1.4832 -0.4798 2.8442, 1.4999 -0.4395 2.8442, 1.5056 -0.3963 2.8442, 1.4999 -0.353 2.8442, 1.4832 -0.3127 2.8442, 1.4567 -0.2782 2.8442, 1.4221 -0.2516 2.8442, 1.3818 -0.2349 2.8442, 1.3386 -0.2292 2.8442, 1.2954 -0.2349 2.8442, 1.2551 -0.2516 2.8442, 1.2205 -0.2782 2.8442, 1.1939 -0.3127 2.8442, 1.1772 -0.353 2.8442, 1.1715 -0.3963 2.8442, 1.141 -0.4492 2.7953, 1.1614 -0.4986 2.7953, 1.1939 -0.5409 2.7953, 1.2363 -0.5734 2.7953, 1.2856 -0.5939 2.7953, 1.3386 -0.6008 2.7953, 1.3915 -0.5939 2.7953, 1.4409 -0.5734 2.7953, 1.4832 -0.5409 2.7953, 1.5157 -0.4986 2.7953, 1.5362 -0.4492 2.7953, 1.5432 -0.3963 2.7953, 1.5362 -0.3433 2.7953, 1.5157 -0.294 2.7953, 1.4832 -0.2516 2.7953, 1.4409 -0.2191 2.7953, 1.3915 -0.1987 2.7953, 1.3386 -0.1917 2.7953, 1.2856 -0.1987 2.7953, 1.2363 -0.2191 2.7953, 1.1939 -0.2516 2.7953, 1.1614 -0.294 2.7953, 1.141 -0.3433 2.7953, 1.134 -0.3963 2.7953, 1.1182 -0.4553 2.7383, 1.141 -0.5104 2.7383, 1.1772 -0.5576 2.7383, 1.2245 -0.5939 2.7383, 1.2795 -0.6167 2.7383, 1.3386 -0.6244 2.7383, 1.3976 -0.6167 2.7383, 1.4527 -0.5939 2.7383, 1.4999 -0.5576 2.7383, 1.5362 -0.5104 2.7383, 1.559 -0.4553 2.7383, 1.5668 -0.3963 2.7383, 1.559 -0.3372 2.7383, 1.5362 -0.2822 2.7383, 1.4999 -0.2349 2.7383, 1.4527 -0.1987 2.7383, 1.3976 -0.1759 2.7383, 1.3386 -0.1681 2.7383, 1.2795 -0.1759 2.7383, 1.2245 -0.1987 2.7383, 1.1772 -0.2349 2.7383, 1.141 -0.2822 2.7383, 1.1182 -0.3372 2.7383, 1.1104 -0.3963 2.7383, 1.1104 -0.4574 2.6772, 1.134 -0.5144 2.6772, 1.1715 -0.5633 2.6772, 1.2205 -0.6008 2.6772, 1.2774 -0.6244 2.6772, 1.3386 -0.6325 2.6772, 1.3997 -0.6244 2.6772, 1.4567 -0.6008 2.6772, 1.5056 -0.5633 2.6772, 1.5432 -0.5144 2.6772, 1.5668 -0.4574 2.6772, 1.5748 -0.3963 2.6772, 1.5668 -0.3351 2.6772, 1.5432 -0.2782 2.6772, 1.5056 -0.2292 2.6772, 1.4567 -0.1917 2.6772, 1.3997 -0.1681 2.6772, 1.3386 -0.16 2.6772, 1.2774 -0.1681 2.6772, 1.2205 -0.1917 2.6772, 1.1715 -0.2292 2.6772, 1.134 -0.2782 2.6772, 1.1104 -0.3351 2.6772, 1.1024 -0.3963 2.6772, -1.2324 -0.335 0.0, -1.2202 -0.3645 0.0, -1.3386 -0.3963 0.0, -1.216 -0.3963 0.0, -1.2202 -0.428 0.0, -1.3069 -0.2779 0.0, -1.2773 -0.2901 0.0, -1.2519 -0.3096 0.0, -1.3999 -0.2901 0.0, -1.3703 -0.2779 0.0, -1.3386 -0.2737 0.0, -1.457 -0.3645 0.0, -1.4447 -0.335 0.0, -1.4253 -0.3096 0.0, -1.4447 -0.4575 0.0, -1.457 -0.428 0.0, -1.4612 -0.3963 0.0, -1.3703 -0.5147 0.0, -1.3999 -0.5024 0.0, -1.4253 -0.4829 0.0, -1.2773 -0.5024 0.0, -1.3069 -0.5147 0.0, -1.3386 -0.5188 0.0, -1.2324 -0.4575 0.0, -1.2519 -0.4829 0.0, -1.1024 -0.3963 0.748, -1.1104 -0.3351 0.1969, -1.1104 -0.3351 0.748, -1.134 -0.2782 0.1969, -1.134 -0.2782 0.748, -1.1715 -0.2292 0.1969, -1.1715 -0.2292 0.748, -1.2205 -0.1917 0.1969, -1.2205 -0.1917 0.748, -1.2774 -0.1681 0.1969, -1.2774 -0.1681 0.748, -1.3386 -0.16 0.1969, -1.3386 -0.16 0.748, -1.3997 -0.1681 0.1969, -1.3997 -0.1681 0.748, -1.4567 -0.1917 0.1969, -1.4567 -0.1917 0.748, -1.5056 -0.2292 0.1969, -1.5056 -0.2292 0.748, -1.5432 -0.2782 0.1969, -1.5432 -0.2782 0.748, -1.5668 -0.3351 0.1969, -1.5668 -0.3351 0.748, -1.5748 -0.3963 0.1969, -1.5748 -0.3963 0.748, -1.5668 -0.4574 0.1969, -1.5668 -0.4574 0.748, -1.5432 -0.5144 0.1969, -1.5432 -0.5144 0.748, -1.5056 -0.5633 0.1969, -1.5056 -0.5633 0.748, -1.4567 -0.6008 0.1969, -1.4567 -0.6008 0.748, -1.3997 -0.6244 0.1969, -1.3997 -0.6244 0.748, -1.3386 -0.6325 0.1969, -1.3386 -0.6325 0.748, -1.2774 -0.6244 0.1969, -1.2774 -0.6244 0.748, -1.2205 -0.6008 0.1969, -1.2205 -0.6008 0.748, -1.1715 -0.5633 0.1969, -1.1715 -0.5633 0.748, -1.134 -0.5144 0.1969, -1.134 -0.5144 0.748, -1.1104 -0.4574 0.1969, -1.1104 -0.4574 0.748, -1.1024 -0.3963 0.1969, 1.2324 -0.4575 0.0, 1.2202 -0.428 0.0, 1.3386 -0.3963 0.0, 1.216 -0.3963 0.0, 1.2202 -0.3645 0.0, 1.3069 -0.5147 0.0, 1.2773 -0.5024 0.0, 1.2519 -0.4829 0.0, 1.3999 -0.5024 0.0, 1.3703 -0.5147 0.0, 1.3386 -0.5188 0.0, 1.457 -0.428 0.0, 1.4447 -0.4575 0.0, 1.4253 -0.4829 0.0, 1.4447 -0.335 0.0, 1.457 -0.3645 0.0, 1.4612 -0.3963 0.0, 1.3703 -0.2779 0.0, 1.3999 -0.2901 0.0, 1.4253 -0.3096 0.0, 1.2773 -0.2901 0.0, 1.3069 -0.2779 0.0, 1.3386 -0.2737 0.0, 1.2324 -0.335 0.0, 1.2519 -0.3096 0.0, 1.1024 -0.3963 0.748, 1.1104 -0.4574 0.1969, 1.1104 -0.4574 0.748, 1.134 -0.5144 0.1969, 1.134 -0.5144 0.748, 1.1715 -0.5633 0.1969, 1.1715 -0.5633 0.748, 1.2205 -0.6008 0.1969, 1.2205 -0.6008 0.748, 1.2774 -0.6244 0.1969, 1.2774 -0.6244 0.748, 1.3386 -0.6325 0.1969, 1.3386 -0.6325 0.748, 1.3997 -0.6244 0.1969, 1.3997 -0.6244 0.748, 1.4567 -0.6008 0.1969, 1.4567 -0.6008 0.748, 1.5056 -0.5633 0.1969, 1.5056 -0.5633 0.748, 1.5432 -0.5144 0.1969, 1.5432 -0.5144 0.748, 1.5668 -0.4574 0.1969, 1.5668 -0.4574 0.748, 1.5748 -0.3963 0.1969, 1.5748 -0.3963 0.748, 1.5668 -0.3351 0.1969, 1.5668 -0.3351 0.748, 1.5432 -0.2782 0.1969, 1.5432 -0.2782 0.748, 1.5056 -0.2292 0.1969, 1.5056 -0.2292 0.748, 1.4567 -0.1917 0.1969, 1.4567 -0.1917 0.748, 1.3997 -0.1681 0.1969, 1.3997 -0.1681 0.748, 1.3386 -0.16 0.1969, 1.3386 -0.16 0.748, 1.2774 -0.1681 0.1969, 1.2774 -0.1681 0.748, 1.2205 -0.1917 0.1969, 1.2205 -0.1917 0.748, 1.1715 -0.2292 0.1969, 1.1715 -0.2292 0.748, 1.134 -0.2782 0.1969, 1.134 -0.2782 0.748, 1.1104 -0.3351 0.1969, 1.1104 -0.3351 0.748, 1.1024 -0.3963 0.1969
            ]
        }
        coordIndex [
            0,1,2,-1,2,1,3,-1,2,3,4,-1,5,6,7,-1,8,9,10,-1,11,12,13,-1,4,3,14,-1,14,3,15,-1,14,15,16,-1,16,15,17,-1,16,17,18,-1,18,17,19,-1,18,19,20,-1,19,21,20,-1,20,21,22,-1,20,22,23,-1,23,22,24,-1,23,24,25,-1,25,24,26,-1,25,26,27,-1,27,26,28,-1,27,28,29,-1,29,28,30,-1,29,30,10,-1,10,30,31,-1,10,31,8,-1,13,12,32,-1,32,12,33,-1,32,33,34,-1,34,33,35,-1,34,35,36,-1,35,37,36,-1,36,37,38,-1,36,38,39,-1,39,38,40,-1,39,40,41,-1,41,40,42,-1,41,42,43,-1,43,42,44,-1,43,44,45,-1,45,44,46,-1,45,46,7,-1,7,46,47,-1,7,47,5,-1,6,5,48,-1,48,5,49,-1,48,49,50,-1,50,49,51,-1,50,51,52,-1,52,51,53,-1,52,53,54,-1,53,55,54,-1,54,55,56,-1,54,56,57,-1,57,56,58,-1,57,58,59,-1,59,58,60,-1,59,60,61,-1,61,60,62,-1,61,62,63,-1,63,62,64,-1,63,64,65,-1,65,64,66,-1,65,66,67,-1,67,66,68,-1,9,8,69,-1,69,8,70,-1,69,70,71,-1,71,70,72,-1,71,72,73,-1,73,72,74,-1,73,74,75,-1,74,76,75,-1,75,76,77,-1,75,77,78,-1,78,77,79,-1,78,79,80,-1,80,79,81,-1,80,81,82,-1,82,81,83,-1,82,83,84,-1,84,83,85,-1,84,85,86,-1,86,85,87,-1,86,87,88,-1,88,87,11,-1,88,11,89,-1,89,11,13,-1,88,89,90,-1,90,89,13,-1,90,13,91,-1,91,13,32,-1,91,32,34,-1,41,92,39,-1,39,92,91,-1,39,91,36,-1,36,91,34,-1,7,93,45,-1,45,93,92,-1,45,92,43,-1,43,92,41,-1,7,6,93,-1,93,6,48,-1,93,48,94,-1,94,48,50,-1,94,50,52,-1,59,95,57,-1,57,95,94,-1,57,94,54,-1,54,94,52,-1,65,96,63,-1,63,96,95,-1,63,95,61,-1,61,95,59,-1,97,98,99,-1,96,65,67,-1,96,67,100,-1,99,101,97,-1,97,101,102,-1,97,102,67,-1,67,102,103,-1,67,103,100,-1,98,104,99,-1,99,104,105,-1,105,104,106,-1,106,104,107,-1,106,107,108,-1,108,107,109,-1,108,109,110,-1,110,109,111,-1,110,111,112,-1,112,111,113,-1,112,113,114,-1,114,113,115,-1,114,115,116,-1,117,118,115,-1,119,120,121,-1,121,120,122,-1,121,123,119,-1,119,123,117,-1,119,117,124,-1,124,117,115,-1,125,126,127,-1,127,126,128,-1,127,128,129,-1,130,115,131,-1,131,115,118,-1,131,118,128,-1,128,118,121,-1,128,121,129,-1,129,121,122,-1,132,133,116,-1,125,133,126,-1,126,133,132,-1,126,132,130,-1,130,132,134,-1,130,134,115,-1,115,134,135,-1,115,135,116,-1,116,135,136,-1,116,136,132,-1,119,124,137,-1,119,137,138,-1,138,137,139,-1,138,139,140,-1,140,139,141,-1,140,141,142,-1,142,141,143,-1,143,141,144,-1,143,144,145,-1,145,144,146,-1,146,144,147,-1,146,147,148,-1,148,147,149,-1,148,149,150,-1,0,2,151,-1,150,149,152,-1,152,149,153,-1,151,154,0,-1,0,154,155,-1,0,155,153,-1,153,155,156,-1,153,156,152,-1,2,4,151,-1,151,4,14,-1,151,14,157,-1,157,14,16,-1,157,16,18,-1,18,20,157,-1,157,20,23,-1,157,23,158,-1,10,159,29,-1,29,159,160,-1,29,160,27,-1,27,160,158,-1,27,158,25,-1,25,158,23,-1,10,9,159,-1,159,9,69,-1,159,69,161,-1,161,69,71,-1,161,71,73,-1,80,162,78,-1,78,162,161,-1,78,161,75,-1,75,161,73,-1,86,163,84,-1,84,163,162,-1,84,162,82,-1,82,162,80,-1,88,90,164,-1,164,165,88,-1,88,165,166,-1,88,166,86,-1,86,166,167,-1,167,168,86,-1,86,168,169,-1,86,169,163,-1,170,171,141,-1,172,173,149,-1,174,175,98,-1,98,175,176,-1,98,176,104,-1,104,176,177,-1,104,177,107,-1,107,177,178,-1,141,139,170,-1,170,139,137,-1,170,137,179,-1,179,137,124,-1,179,124,180,-1,174,98,181,-1,181,98,97,-1,181,97,182,-1,183,153,184,-1,184,153,149,-1,184,149,185,-1,185,149,173,-1,124,115,180,-1,180,115,113,-1,180,113,186,-1,186,113,111,-1,186,111,178,-1,178,111,109,-1,178,109,107,-1,172,149,187,-1,187,149,147,-1,187,147,171,-1,171,147,144,-1,171,144,141,-1,188,189,190,-1,190,189,191,-1,190,191,192,-1,193,194,190,-1,190,194,195,-1,190,195,188,-1,196,197,190,-1,190,197,198,-1,190,198,193,-1,199,200,190,-1,190,200,201,-1,190,201,196,-1,202,203,190,-1,190,203,204,-1,190,204,199,-1,205,206,190,-1,190,206,207,-1,190,207,202,-1,208,209,190,-1,190,209,210,-1,190,210,205,-1,192,211,190,-1,190,211,212,-1,190,212,208,-1,213,214,215,-1,215,214,216,-1,215,216,217,-1,217,216,218,-1,217,218,219,-1,219,218,220,-1,219,220,221,-1,221,220,222,-1,221,222,223,-1,223,222,224,-1,223,224,225,-1,225,224,226,-1,225,226,227,-1,227,226,228,-1,227,228,229,-1,229,228,230,-1,229,230,231,-1,231,230,232,-1,231,232,233,-1,233,232,234,-1,233,234,235,-1,235,234,236,-1,235,236,237,-1,237,236,238,-1,237,238,239,-1,239,238,240,-1,239,240,241,-1,241,240,242,-1,241,242,243,-1,243,242,244,-1,243,244,245,-1,245,244,246,-1,245,246,247,-1,247,246,248,-1,247,248,249,-1,249,248,250,-1,249,250,251,-1,251,250,252,-1,251,252,253,-1,253,252,254,-1,253,254,255,-1,255,254,256,-1,255,256,257,-1,257,256,258,-1,257,258,259,-1,259,258,260,-1,259,260,213,-1,213,260,214,-1,261,262,263,-1,264,262,261,-1,261,265,266,-1,267,265,261,-1,263,267,261,-1,261,268,269,-1,270,268,261,-1,266,270,261,-1,261,271,272,-1,273,271,261,-1,269,273,261,-1,261,274,275,-1,276,274,261,-1,272,276,261,-1,261,277,278,-1,279,277,261,-1,275,279,261,-1,261,280,281,-1,282,280,261,-1,278,282,261,-1,261,283,284,-1,285,283,261,-1,281,285,261,-1,284,264,261,-1,264,286,262,-1,262,286,287,-1,262,287,263,-1,263,287,288,-1,263,288,267,-1,267,288,289,-1,267,289,265,-1,265,289,290,-1,265,290,266,-1,266,290,291,-1,266,291,270,-1,270,291,292,-1,270,292,268,-1,268,292,293,-1,268,293,269,-1,269,293,294,-1,269,294,273,-1,273,294,295,-1,273,295,271,-1,271,295,296,-1,271,296,272,-1,272,296,297,-1,272,297,276,-1,276,297,298,-1,276,298,274,-1,274,298,299,-1,274,299,275,-1,275,299,300,-1,275,300,279,-1,279,300,301,-1,279,301,277,-1,277,301,302,-1,277,302,278,-1,278,302,303,-1,278,303,282,-1,282,303,304,-1,282,304,280,-1,280,304,305,-1,280,305,281,-1,281,305,306,-1,281,306,285,-1,285,306,307,-1,285,307,283,-1,283,307,308,-1,283,308,284,-1,284,308,309,-1,284,309,264,-1,264,309,286,-1,309,310,286,-1,286,310,311,-1,286,311,287,-1,287,311,312,-1,287,312,288,-1,288,312,313,-1,288,313,289,-1,289,313,314,-1,289,314,290,-1,290,314,315,-1,290,315,291,-1,291,315,316,-1,291,316,292,-1,292,316,317,-1,292,317,293,-1,293,317,318,-1,293,318,294,-1,294,318,319,-1,294,319,295,-1,295,319,320,-1,295,320,296,-1,296,320,321,-1,296,321,297,-1,297,321,322,-1,297,322,298,-1,298,322,323,-1,298,323,299,-1,299,323,324,-1,299,324,300,-1,300,324,325,-1,300,325,301,-1,301,325,326,-1,301,326,302,-1,302,326,327,-1,302,327,303,-1,303,327,328,-1,303,328,304,-1,304,328,329,-1,304,329,305,-1,305,329,330,-1,305,330,306,-1,306,330,331,-1,306,331,307,-1,307,331,332,-1,307,332,308,-1,308,332,333,-1,308,333,309,-1,309,333,310,-1,333,334,310,-1,310,334,335,-1,310,335,311,-1,311,335,336,-1,311,336,312,-1,312,336,337,-1,312,337,313,-1,313,337,338,-1,313,338,314,-1,314,338,339,-1,314,339,315,-1,315,339,340,-1,315,340,316,-1,316,340,341,-1,316,341,317,-1,317,341,342,-1,317,342,318,-1,318,342,343,-1,318,343,319,-1,319,343,344,-1,319,344,320,-1,320,344,345,-1,320,345,321,-1,321,345,346,-1,321,346,322,-1,322,346,347,-1,322,347,323,-1,323,347,348,-1,323,348,324,-1,324,348,349,-1,324,349,325,-1,325,349,350,-1,325,350,326,-1,326,350,351,-1,326,351,327,-1,327,351,352,-1,327,352,328,-1,328,352,353,-1,328,353,329,-1,329,353,354,-1,329,354,330,-1,330,354,355,-1,330,355,331,-1,331,355,356,-1,331,356,332,-1,332,356,357,-1,332,357,333,-1,333,357,334,-1,357,358,334,-1,334,358,359,-1,334,359,335,-1,335,359,360,-1,335,360,336,-1,336,360,361,-1,336,361,337,-1,337,361,362,-1,337,362,338,-1,338,362,363,-1,338,363,339,-1,339,363,364,-1,339,364,340,-1,340,364,365,-1,340,365,341,-1,341,365,366,-1,341,366,342,-1,342,366,367,-1,342,367,343,-1,343,367,368,-1,343,368,344,-1,344,368,369,-1,344,369,345,-1,345,369,370,-1,345,370,346,-1,346,370,371,-1,346,371,347,-1,347,371,372,-1,347,372,348,-1,348,372,373,-1,348,373,349,-1,349,373,374,-1,349,374,350,-1,350,374,375,-1,350,375,351,-1,351,375,376,-1,351,376,352,-1,352,376,377,-1,352,377,353,-1,353,377,378,-1,353,378,354,-1,354,378,379,-1,354,379,355,-1,355,379,380,-1,355,380,356,-1,356,380,381,-1,356,381,357,-1,357,381,358,-1,381,382,358,-1,358,382,383,-1,358,383,359,-1,359,383,384,-1,359,384,360,-1,360,384,385,-1,360,385,361,-1,361,385,386,-1,361,386,362,-1,362,386,387,-1,362,387,363,-1,363,387,388,-1,363,388,364,-1,364,388,389,-1,364,389,365,-1,365,389,390,-1,365,390,366,-1,366,390,391,-1,366,391,367,-1,367,391,392,-1,367,392,368,-1,368,392,393,-1,368,393,369,-1,369,393,394,-1,369,394,370,-1,370,394,395,-1,370,395,371,-1,371,395,396,-1,371,396,372,-1,372,396,397,-1,372,397,373,-1,373,397,398,-1,373,398,374,-1,374,398,399,-1,374,399,375,-1,375,399,400,-1,375,400,376,-1,376,400,401,-1,376,401,377,-1,377,401,402,-1,377,402,378,-1,378,402,403,-1,378,403,379,-1,379,403,404,-1,379,404,380,-1,380,404,405,-1,380,405,381,-1,381,405,382,-1,260,189,214,-1,214,189,188,-1,214,188,216,-1,216,188,195,-1,216,195,218,-1,218,195,194,-1,218,194,220,-1,220,194,193,-1,220,193,222,-1,222,193,198,-1,222,198,224,-1,224,198,197,-1,224,197,226,-1,226,197,196,-1,226,196,228,-1,228,196,201,-1,228,201,230,-1,230,201,200,-1,230,200,232,-1,232,200,199,-1,232,199,234,-1,234,199,204,-1,234,204,236,-1,236,204,203,-1,236,203,238,-1,238,203,202,-1,238,202,240,-1,240,202,207,-1,240,207,242,-1,242,207,206,-1,242,206,244,-1,244,206,205,-1,244,205,246,-1,246,205,210,-1,246,210,248,-1,248,210,209,-1,248,209,250,-1,250,209,208,-1,250,208,252,-1,252,208,212,-1,252,212,254,-1,254,212,211,-1,254,211,256,-1,256,211,192,-1,256,192,258,-1,258,192,191,-1,258,191,260,-1,260,191,189,-1,406,407,408,-1,409,407,406,-1,406,410,411,-1,412,410,406,-1,408,412,406,-1,406,413,414,-1,415,413,406,-1,411,415,406,-1,406,416,417,-1,418,416,406,-1,414,418,406,-1,406,419,420,-1,421,419,406,-1,417,421,406,-1,406,422,423,-1,424,422,406,-1,420,424,406,-1,406,425,426,-1,427,425,406,-1,423,427,406,-1,406,428,429,-1,430,428,406,-1,426,430,406,-1,429,409,406,-1,409,431,407,-1,407,431,432,-1,407,432,408,-1,408,432,433,-1,408,433,412,-1,412,433,434,-1,412,434,410,-1,410,434,435,-1,410,435,411,-1,411,435,436,-1,411,436,415,-1,415,436,437,-1,415,437,413,-1,413,437,438,-1,413,438,414,-1,414,438,439,-1,414,439,418,-1,418,439,440,-1,418,440,416,-1,416,440,441,-1,416,441,417,-1,417,441,442,-1,417,442,421,-1,421,442,443,-1,421,443,419,-1,419,443,444,-1,419,444,420,-1,420,444,445,-1,420,445,424,-1,424,445,446,-1,424,446,422,-1,422,446,447,-1,422,447,423,-1,423,447,448,-1,423,448,427,-1,427,448,449,-1,427,449,425,-1,425,449,450,-1,425,450,426,-1,426,450,451,-1,426,451,430,-1,430,451,452,-1,430,452,428,-1,428,452,453,-1,428,453,429,-1,429,453,454,-1,429,454,409,-1,409,454,431,-1,454,455,431,-1,431,455,456,-1,431,456,432,-1,432,456,457,-1,432,457,433,-1,433,457,458,-1,433,458,434,-1,434,458,459,-1,434,459,435,-1,435,459,460,-1,435,460,436,-1,436,460,461,-1,436,461,437,-1,437,461,462,-1,437,462,438,-1,438,462,463,-1,438,463,439,-1,439,463,464,-1,439,464,440,-1,440,464,465,-1,440,465,441,-1,441,465,466,-1,441,466,442,-1,442,466,467,-1,442,467,443,-1,443,467,468,-1,443,468,444,-1,444,468,469,-1,444,469,445,-1,445,469,470,-1,445,470,446,-1,446,470,471,-1,446,471,447,-1,447,471,472,-1,447,472,448,-1,448,472,473,-1,448,473,449,-1,449,473,474,-1,449,474,450,-1,450,474,475,-1,450,475,451,-1,451,475,476,-1,451,476,452,-1,452,476,477,-1,452,477,453,-1,453,477,478,-1,453,478,454,-1,454,478,455,-1,478,479,455,-1,455,479,480,-1,455,480,456,-1,456,480,481,-1,456,481,457,-1,457,481,482,-1,457,482,458,-1,458,482,483,-1,458,483,459,-1,459,483,484,-1,459,484,460,-1,460,484,485,-1,460,485,461,-1,461,485,486,-1,461,486,462,-1,462,486,487,-1,462,487,463,-1,463,487,488,-1,463,488,464,-1,464,488,489,-1,464,489,465,-1,465,489,490,-1,465,490,466,-1,466,490,491,-1,466,491,467,-1,467,491,492,-1,467,492,468,-1,468,492,493,-1,468,493,469,-1,469,493,494,-1,469,494,470,-1,470,494,495,-1,470,495,471,-1,471,495,496,-1,471,496,472,-1,472,496,497,-1,472,497,473,-1,473,497,498,-1,473,498,474,-1,474,498,499,-1,474,499,475,-1,475,499,500,-1,475,500,476,-1,476,500,501,-1,476,501,477,-1,477,501,502,-1,477,502,478,-1,478,502,479,-1,502,503,479,-1,479,503,504,-1,479,504,480,-1,480,504,505,-1,480,505,481,-1,481,505,506,-1,481,506,482,-1,482,506,507,-1,482,507,483,-1,483,507,508,-1,483,508,484,-1,484,508,509,-1,484,509,485,-1,485,509,510,-1,485,510,486,-1,486,510,511,-1,486,511,487,-1,487,511,512,-1,487,512,488,-1,488,512,513,-1,488,513,489,-1,489,513,514,-1,489,514,490,-1,490,514,515,-1,490,515,491,-1,491,515,516,-1,491,516,492,-1,492,516,517,-1,492,517,493,-1,493,517,518,-1,493,518,494,-1,494,518,519,-1,494,519,495,-1,495,519,520,-1,495,520,496,-1,496,520,521,-1,496,521,497,-1,497,521,522,-1,497,522,498,-1,498,522,523,-1,498,523,499,-1,499,523,524,-1,499,524,500,-1,500,524,525,-1,500,525,501,-1,501,525,526,-1,501,526,502,-1,502,526,503,-1,526,527,503,-1,503,527,528,-1,503,528,504,-1,504,528,529,-1,504,529,505,-1,505,529,530,-1,505,530,506,-1,506,530,531,-1,506,531,507,-1,507,531,532,-1,507,532,508,-1,508,532,533,-1,508,533,509,-1,509,533,534,-1,509,534,510,-1,510,534,535,-1,510,535,511,-1,511,535,536,-1,511,536,512,-1,512,536,537,-1,512,537,513,-1,513,537,538,-1,513,538,514,-1,514,538,539,-1,514,539,515,-1,515,539,540,-1,515,540,516,-1,516,540,541,-1,516,541,517,-1,517,541,542,-1,517,542,518,-1,518,542,543,-1,518,543,519,-1,519,543,544,-1,519,544,520,-1,520,544,545,-1,520,545,521,-1,521,545,546,-1,521,546,522,-1,522,546,547,-1,522,547,523,-1,523,547,548,-1,523,548,524,-1,524,548,549,-1,524,549,525,-1,525,549,550,-1,525,550,526,-1,526,550,527,-1,551,552,553,-1,553,552,554,-1,553,554,555,-1,556,557,553,-1,553,557,558,-1,553,558,551,-1,559,560,553,-1,553,560,561,-1,553,561,556,-1,562,563,553,-1,553,563,564,-1,553,564,559,-1,565,566,553,-1,553,566,567,-1,553,567,562,-1,568,569,553,-1,553,569,570,-1,553,570,565,-1,571,572,553,-1,553,572,573,-1,553,573,568,-1,555,574,553,-1,553,574,575,-1,553,575,571,-1,576,577,578,-1,578,577,579,-1,578,579,580,-1,580,579,581,-1,580,581,582,-1,582,581,583,-1,582,583,584,-1,584,583,585,-1,584,585,586,-1,586,585,587,-1,586,587,588,-1,588,587,589,-1,588,589,590,-1,590,589,591,-1,590,591,592,-1,592,591,593,-1,592,593,594,-1,594,593,595,-1,594,595,596,-1,596,595,597,-1,596,597,598,-1,598,597,599,-1,598,599,600,-1,600,599,601,-1,600,601,602,-1,602,601,603,-1,602,603,604,-1,604,603,605,-1,604,605,606,-1,606,605,607,-1,606,607,608,-1,608,607,609,-1,608,609,610,-1,610,609,611,-1,610,611,612,-1,612,611,613,-1,612,613,614,-1,614,613,615,-1,614,615,616,-1,616,615,617,-1,616,617,618,-1,618,617,619,-1,618,619,620,-1,620,619,621,-1,620,621,622,-1,622,621,623,-1,622,623,576,-1,576,623,577,-1,623,552,577,-1,577,552,551,-1,577,551,579,-1,579,551,558,-1,579,558,581,-1,581,558,557,-1,581,557,583,-1,583,557,556,-1,583,556,585,-1,585,556,561,-1,585,561,587,-1,587,561,560,-1,587,560,589,-1,589,560,559,-1,589,559,591,-1,591,559,564,-1,591,564,593,-1,593,564,563,-1,593,563,595,-1,595,563,562,-1,595,562,597,-1,597,562,567,-1,597,567,599,-1,599,567,566,-1,599,566,601,-1,601,566,565,-1,601,565,603,-1,603,565,570,-1,603,570,605,-1,605,570,569,-1,605,569,607,-1,607,569,568,-1,607,568,609,-1,609,568,573,-1,609,573,611,-1,611,573,572,-1,611,572,613,-1,613,572,571,-1,613,571,615,-1,615,571,575,-1,615,575,617,-1,617,575,574,-1,617,574,619,-1,619,574,555,-1,619,555,621,-1,621,555,554,-1,621,554,623,-1,623,554,552,-1,624,625,626,-1,627,625,624,-1,624,628,629,-1,630,628,624,-1,626,630,624,-1,624,631,632,-1,633,631,624,-1,629,633,624,-1,624,634,635,-1,636,634,624,-1,632,636,624,-1,624,637,638,-1,639,637,624,-1,635,639,624,-1,624,640,641,-1,642,640,624,-1,638,642,624,-1,624,643,644,-1,645,643,624,-1,641,645,624,-1,624,646,647,-1,648,646,624,-1,644,648,624,-1,647,627,624,-1,627,649,625,-1,625,649,650,-1,625,650,626,-1,626,650,651,-1,626,651,630,-1,630,651,652,-1,630,652,628,-1,628,652,653,-1,628,653,629,-1,629,653,654,-1,629,654,633,-1,633,654,655,-1,633,655,631,-1,631,655,656,-1,631,656,632,-1,632,656,657,-1,632,657,636,-1,636,657,658,-1,636,658,634,-1,634,658,659,-1,634,659,635,-1,635,659,660,-1,635,660,639,-1,639,660,661,-1,639,661,637,-1,637,661,662,-1,637,662,638,-1,638,662,663,-1,638,663,642,-1,642,663,664,-1,642,664,640,-1,640,664,665,-1,640,665,641,-1,641,665,666,-1,641,666,645,-1,645,666,667,-1,645,667,643,-1,643,667,668,-1,643,668,644,-1,644,668,669,-1,644,669,648,-1,648,669,670,-1,648,670,646,-1,646,670,671,-1,646,671,647,-1,647,671,672,-1,647,672,627,-1,627,672,649,-1,672,673,649,-1,649,673,674,-1,649,674,650,-1,650,674,675,-1,650,675,651,-1,651,675,676,-1,651,676,652,-1,652,676,677,-1,652,677,653,-1,653,677,678,-1,653,678,654,-1,654,678,679,-1,654,679,655,-1,655,679,680,-1,655,680,656,-1,656,680,681,-1,656,681,657,-1,657,681,682,-1,657,682,658,-1,658,682,683,-1,658,683,659,-1,659,683,684,-1,659,684,660,-1,660,684,685,-1,660,685,661,-1,661,685,686,-1,661,686,662,-1,662,686,687,-1,662,687,663,-1,663,687,688,-1,663,688,664,-1,664,688,689,-1,664,689,665,-1,665,689,690,-1,665,690,666,-1,666,690,691,-1,666,691,667,-1,667,691,692,-1,667,692,668,-1,668,692,693,-1,668,693,669,-1,669,693,694,-1,669,694,670,-1,670,694,695,-1,670,695,671,-1,671,695,696,-1,671,696,672,-1,672,696,673,-1,696,697,673,-1,673,697,698,-1,673,698,674,-1,674,698,699,-1,674,699,675,-1,675,699,700,-1,675,700,676,-1,676,700,701,-1,676,701,677,-1,677,701,702,-1,677,702,678,-1,678,702,703,-1,678,703,679,-1,679,703,704,-1,679,704,680,-1,680,704,705,-1,680,705,681,-1,681,705,706,-1,681,706,682,-1,682,706,707,-1,682,707,683,-1,683,707,708,-1,683,708,684,-1,684,708,709,-1,684,709,685,-1,685,709,710,-1,685,710,686,-1,686,710,711,-1,686,711,687,-1,687,711,712,-1,687,712,688,-1,688,712,713,-1,688,713,689,-1,689,713,714,-1,689,714,690,-1,690,714,715,-1,690,715,691,-1,691,715,716,-1,691,716,692,-1,692,716,717,-1,692,717,693,-1,693,717,718,-1,693,718,694,-1,694,718,719,-1,694,719,695,-1,695,719,720,-1,695,720,696,-1,696,720,697,-1,720,721,697,-1,697,721,722,-1,697,722,698,-1,698,722,723,-1,698,723,699,-1,699,723,724,-1,699,724,700,-1,700,724,725,-1,700,725,701,-1,701,725,726,-1,701,726,702,-1,702,726,727,-1,702,727,703,-1,703,727,728,-1,703,728,704,-1,704,728,729,-1,704,729,705,-1,705,729,730,-1,705,730,706,-1,706,730,731,-1,706,731,707,-1,707,731,732,-1,707,732,708,-1,708,732,733,-1,708,733,709,-1,709,733,734,-1,709,734,710,-1,710,734,735,-1,710,735,711,-1,711,735,736,-1,711,736,712,-1,712,736,737,-1,712,737,713,-1,713,737,738,-1,713,738,714,-1,714,738,739,-1,714,739,715,-1,715,739,740,-1,715,740,716,-1,716,740,741,-1,716,741,717,-1,717,741,742,-1,717,742,718,-1,718,742,743,-1,718,743,719,-1,719,743,744,-1,719,744,720,-1,720,744,721,-1,744,745,721,-1,721,745,746,-1,721,746,722,-1,722,746,747,-1,722,747,723,-1,723,747,748,-1,723,748,724,-1,724,748,749,-1,724,749,725,-1,725,749,750,-1,725,750,726,-1,726,750,751,-1,726,751,727,-1,727,751,752,-1,727,752,728,-1,728,752,753,-1,728,753,729,-1,729,753,754,-1,729,754,730,-1,730,754,755,-1,730,755,731,-1,731,755,756,-1,731,756,732,-1,732,756,757,-1,732,757,733,-1,733,757,758,-1,733,758,734,-1,734,758,759,-1,734,759,735,-1,735,759,760,-1,735,760,736,-1,736,760,761,-1,736,761,737,-1,737,761,762,-1,737,762,738,-1,738,762,763,-1,738,763,739,-1,739,763,764,-1,739,764,740,-1,740,764,765,-1,740,765,741,-1,741,765,766,-1,741,766,742,-1,742,766,767,-1,742,767,743,-1,743,767,768,-1,743,768,744,-1,744,768,745,-1,769,770,771,-1,772,770,769,-1,769,773,774,-1,775,773,769,-1,771,775,769,-1,769,776,777,-1,778,776,769,-1,774,778,769,-1,769,779,780,-1,781,779,769,-1,777,781,769,-1,769,782,783,-1,784,782,769,-1,780,784,769,-1,769,785,786,-1,787,785,769,-1,783,787,769,-1,769,788,789,-1,790,788,769,-1,786,790,769,-1,769,791,792,-1,793,791,769,-1,789,793,769,-1,792,772,769,-1,772,794,770,-1,770,794,795,-1,770,795,771,-1,771,795,796,-1,771,796,775,-1,775,796,797,-1,775,797,773,-1,773,797,798,-1,773,798,774,-1,774,798,799,-1,774,799,778,-1,778,799,800,-1,778,800,776,-1,776,800,801,-1,776,801,777,-1,777,801,802,-1,777,802,781,-1,781,802,803,-1,781,803,779,-1,779,803,804,-1,779,804,780,-1,780,804,805,-1,780,805,784,-1,784,805,806,-1,784,806,782,-1,782,806,807,-1,782,807,783,-1,783,807,808,-1,783,808,787,-1,787,808,809,-1,787,809,785,-1,785,809,810,-1,785,810,786,-1,786,810,811,-1,786,811,790,-1,790,811,812,-1,790,812,788,-1,788,812,813,-1,788,813,789,-1,789,813,814,-1,789,814,793,-1,793,814,815,-1,793,815,791,-1,791,815,816,-1,791,816,792,-1,792,816,817,-1,792,817,772,-1,772,817,794,-1,817,818,794,-1,794,818,819,-1,794,819,795,-1,795,819,820,-1,795,820,796,-1,796,820,821,-1,796,821,797,-1,797,821,822,-1,797,822,798,-1,798,822,823,-1,798,823,799,-1,799,823,824,-1,799,824,800,-1,800,824,825,-1,800,825,801,-1,801,825,826,-1,801,826,802,-1,802,826,827,-1,802,827,803,-1,803,827,828,-1,803,828,804,-1,804,828,829,-1,804,829,805,-1,805,829,830,-1,805,830,806,-1,806,830,831,-1,806,831,807,-1,807,831,832,-1,807,832,808,-1,808,832,833,-1,808,833,809,-1,809,833,834,-1,809,834,810,-1,810,834,835,-1,810,835,811,-1,811,835,836,-1,811,836,812,-1,812,836,837,-1,812,837,813,-1,813,837,838,-1,813,838,814,-1,814,838,839,-1,814,839,815,-1,815,839,840,-1,815,840,816,-1,816,840,841,-1,816,841,817,-1,817,841,818,-1,841,842,818,-1,818,842,843,-1,818,843,819,-1,819,843,844,-1,819,844,820,-1,820,844,845,-1,820,845,821,-1,821,845,846,-1,821,846,822,-1,822,846,847,-1,822,847,823,-1,823,847,848,-1,823,848,824,-1,824,848,849,-1,824,849,825,-1,825,849,850,-1,825,850,826,-1,826,850,851,-1,826,851,827,-1,827,851,852,-1,827,852,828,-1,828,852,853,-1,828,853,829,-1,829,853,854,-1,829,854,830,-1,830,854,855,-1,830,855,831,-1,831,855,856,-1,831,856,832,-1,832,856,857,-1,832,857,833,-1,833,857,858,-1,833,858,834,-1,834,858,859,-1,834,859,835,-1,835,859,860,-1,835,860,836,-1,836,860,861,-1,836,861,837,-1,837,861,862,-1,837,862,838,-1,838,862,863,-1,838,863,839,-1,839,863,864,-1,839,864,840,-1,840,864,865,-1,840,865,841,-1,841,865,842,-1,865,866,842,-1,842,866,867,-1,842,867,843,-1,843,867,868,-1,843,868,844,-1,844,868,869,-1,844,869,845,-1,845,869,870,-1,845,870,846,-1,846,870,871,-1,846,871,847,-1,847,871,872,-1,847,872,848,-1,848,872,873,-1,848,873,849,-1,849,873,874,-1,849,874,850,-1,850,874,875,-1,850,875,851,-1,851,875,876,-1,851,876,852,-1,852,876,877,-1,852,877,853,-1,853,877,878,-1,853,878,854,-1,854,878,879,-1,854,879,855,-1,855,879,880,-1,855,880,856,-1,856,880,881,-1,856,881,857,-1,857,881,882,-1,857,882,858,-1,858,882,883,-1,858,883,859,-1,859,883,884,-1,859,884,860,-1,860,884,885,-1,860,885,861,-1,861,885,886,-1,861,886,862,-1,862,886,887,-1,862,887,863,-1,863,887,888,-1,863,888,864,-1,864,888,889,-1,864,889,865,-1,865,889,866,-1,889,890,866,-1,866,890,891,-1,866,891,867,-1,867,891,892,-1,867,892,868,-1,868,892,893,-1,868,893,869,-1,869,893,894,-1,869,894,870,-1,870,894,895,-1,870,895,871,-1,871,895,896,-1,871,896,872,-1,872,896,897,-1,872,897,873,-1,873,897,898,-1,873,898,874,-1,874,898,899,-1,874,899,875,-1,875,899,900,-1,875,900,876,-1,876,900,901,-1,876,901,877,-1,877,901,902,-1,877,902,878,-1,878,902,903,-1,878,903,879,-1,879,903,904,-1,879,904,880,-1,880,904,905,-1,880,905,881,-1,881,905,906,-1,881,906,882,-1,882,906,907,-1,882,907,883,-1,883,907,908,-1,883,908,884,-1,884,908,909,-1,884,909,885,-1,885,909,910,-1,885,910,886,-1,886,910,911,-1,886,911,887,-1,887,911,912,-1,887,912,888,-1,888,912,913,-1,888,913,889,-1,889,913,890,-1,914,915,916,-1,916,915,917,-1,916,917,918,-1,919,920,916,-1,916,920,921,-1,916,921,914,-1,922,923,916,-1,916,923,924,-1,916,924,919,-1,925,926,916,-1,916,926,927,-1,916,927,922,-1,928,929,916,-1,916,929,930,-1,916,930,925,-1,931,932,916,-1,916,932,933,-1,916,933,928,-1,934,935,916,-1,916,935,936,-1,916,936,931,-1,918,937,916,-1,916,937,938,-1,916,938,934,-1,939,940,941,-1,941,940,942,-1,941,942,943,-1,943,942,944,-1,943,944,945,-1,945,944,946,-1,945,946,947,-1,947,946,948,-1,947,948,949,-1,949,948,950,-1,949,950,951,-1,951,950,952,-1,951,952,953,-1,953,952,954,-1,953,954,955,-1,955,954,956,-1,955,956,957,-1,957,956,958,-1,957,958,959,-1,959,958,960,-1,959,960,961,-1,961,960,962,-1,961,962,963,-1,963,962,964,-1,963,964,965,-1,965,964,966,-1,965,966,967,-1,967,966,968,-1,967,968,969,-1,969,968,970,-1,969,970,971,-1,971,970,972,-1,971,972,973,-1,973,972,974,-1,973,974,975,-1,975,974,976,-1,975,976,977,-1,977,976,978,-1,977,978,979,-1,979,978,980,-1,979,980,981,-1,981,980,982,-1,981,982,983,-1,983,982,984,-1,983,984,985,-1,985,984,986,-1,985,986,939,-1,939,986,940,-1,986,915,940,-1,940,915,914,-1,940,914,942,-1,942,914,921,-1,942,921,944,-1,944,921,920,-1,944,920,946,-1,946,920,919,-1,946,919,948,-1,948,919,924,-1,948,924,950,-1,950,924,923,-1,950,923,952,-1,952,923,922,-1,952,922,954,-1,954,922,927,-1,954,927,956,-1,956,927,926,-1,956,926,958,-1,958,926,925,-1,958,925,960,-1,960,925,930,-1,960,930,962,-1,962,930,929,-1,962,929,964,-1,964,929,928,-1,964,928,966,-1,966,928,933,-1,966,933,968,-1,968,933,932,-1,968,932,970,-1,970,932,931,-1,970,931,972,-1,972,931,936,-1,972,936,974,-1,974,936,935,-1,974,935,976,-1,976,935,934,-1,976,934,978,-1,978,934,938,-1,978,938,980,-1,980,938,937,-1,980,937,982,-1,982,937,918,-1,982,918,984,-1,984,918,917,-1,984,917,986,-1,986,917,915,-1,987,988,989,-1,989,988,990,-1,989,990,991,-1,992,993,989,-1,989,993,994,-1,989,994,987,-1,995,996,989,-1,989,996,997,-1,989,997,992,-1,998,999,989,-1,989,999,1000,-1,989,1000,995,-1,1001,1002,989,-1,989,1002,1003,-1,989,1003,998,-1,1004,1005,989,-1,989,1005,1006,-1,989,1006,1001,-1,1007,1008,989,-1,989,1008,1009,-1,989,1009,1004,-1,991,1010,989,-1,989,1010,1011,-1,989,1011,1007,-1,1012,1013,1014,-1,1014,1013,1015,-1,1014,1015,1016,-1,1016,1015,1017,-1,1016,1017,1018,-1,1018,1017,1019,-1,1018,1019,1020,-1,1020,1019,1021,-1,1020,1021,1022,-1,1022,1021,1023,-1,1022,1023,1024,-1,1024,1023,1025,-1,1024,1025,1026,-1,1026,1025,1027,-1,1026,1027,1028,-1,1028,1027,1029,-1,1028,1029,1030,-1,1030,1029,1031,-1,1030,1031,1032,-1,1032,1031,1033,-1,1032,1033,1034,-1,1034,1033,1035,-1,1034,1035,1036,-1,1036,1035,1037,-1,1036,1037,1038,-1,1038,1037,1039,-1,1038,1039,1040,-1,1040,1039,1041,-1,1040,1041,1042,-1,1042,1041,1043,-1,1042,1043,1044,-1,1044,1043,1045,-1,1044,1045,1046,-1,1046,1045,1047,-1,1046,1047,1048,-1,1048,1047,1049,-1,1048,1049,1050,-1,1050,1049,1051,-1,1050,1051,1052,-1,1052,1051,1053,-1,1052,1053,1054,-1,1054,1053,1055,-1,1054,1055,1056,-1,1056,1055,1057,-1,1056,1057,1058,-1,1058,1057,1059,-1,1058,1059,1012,-1,1012,1059,1013,-1,1059,988,1013,-1,1013,988,987,-1,1013,987,1015,-1,1015,987,994,-1,1015,994,1017,-1,1017,994,993,-1,1017,993,1019,-1,1019,993,992,-1,1019,992,1021,-1,1021,992,997,-1,1021,997,1023,-1,1023,997,996,-1,1023,996,1025,-1,1025,996,995,-1,1025,995,1027,-1,1027,995,1000,-1,1027,1000,1029,-1,1029,1000,999,-1,1029,999,1031,-1,1031,999,998,-1,1031,998,1033,-1,1033,998,1003,-1,1033,1003,1035,-1,1035,1003,1002,-1,1035,1002,1037,-1,1037,1002,1001,-1,1037,1001,1039,-1,1039,1001,1006,-1,1039,1006,1041,-1,1041,1006,1005,-1,1041,1005,1043,-1,1043,1005,1004,-1,1043,1004,1045,-1,1045,1004,1009,-1,1045,1009,1047,-1,1047,1009,1008,-1,1047,1008,1049,-1,1049,1008,1007,-1,1049,1007,1051,-1,1051,1007,1011,-1,1051,1011,1053,-1,1053,1011,1010,-1,1053,1010,1055,-1,1055,1010,991,-1,1055,991,1057,-1,1057,991,990,-1,1057,990,1059,-1,1059,990,988,-1,
        ]
    }
}
Shape{
    appearance Appearance {
        material  Material 	{
            diffuseColor 0.6666666666666666 0.6666666666666666 0.6666666666666666
            specularColor 0.4666666666666667 0.4666666666666667 0.4666666666666667
            ambientIntensity 0.6667
            transparency 0.0
            shininess 0.5
        }
    }
    geometry IndexedFaceSet {
        ccw TRUE
        solid FALSE
        coord DEF co Coordinate {
            point [
                1.1417 -1.6167 0.0, 1.2992 -1.6167 0.0, 1.2992 -1.6167 1.1024, 0.6693 -1.6167 1.1024, 0.6693 -1.6167 0.0, 0.8268 -1.6167 0.0, 0.8479 -1.6167 -1.1811, 0.8729 -1.6167 -1.2137, 1.1417 -1.6167 -1.1024, 0.8321 -1.6167 -1.1431, 1.063 -1.6167 -1.2387, 1.0956 -1.6167 -1.2137, 1.1206 -1.6167 -1.1811, 0.8268 -1.6167 -1.1024, 0.9055 -1.6167 -1.2387, 0.9435 -1.6167 -1.2545, 0.9843 -1.6167 -1.2598, 1.025 -1.6167 -1.2545, 1.1364 -1.6167 -1.1431, 0.6693 -1.4593 0.0, 0.8268 -1.4593 0.0, 0.6693 -1.4593 1.1024, 1.2992 -1.4593 1.1024, 1.2992 -1.4593 0.0, 1.1417 -1.4593 0.0, 1.1206 -1.4593 -1.1811, 1.0956 -1.4593 -1.2137, 1.063 -1.4593 -1.2387, 1.025 -1.4593 -1.2545, 0.9843 -1.4593 -1.2598, 1.1417 -1.4593 -1.1024, 0.9435 -1.4593 -1.2545, 1.1364 -1.4593 -1.1431, 0.9055 -1.4593 -1.2387, 0.8729 -1.4593 -1.2137, 0.8479 -1.4593 -1.1811, 0.8268 -1.4593 -1.1024, 0.8321 -1.4593 -1.1431, 1.2992 -1.4543 1.1462, 0.6693 -1.4543 1.1462, 1.2992 -1.4398 1.1878, 0.6693 -1.4398 1.1878, 1.2992 -1.4163 1.2251, 0.6693 -1.4163 1.2251, 1.2992 -1.3851 1.2563, 0.6693 -1.3851 1.2563, 1.2992 -1.3478 1.2797, 0.6693 -1.3478 1.2797, 1.2992 -1.3062 1.2943, 0.6693 -1.3062 1.2943, 1.2992 -1.2624 1.2992, 0.6693 -1.2624 1.2992, 1.2992 -1.1837 1.2992, 0.6693 -1.1837 1.2992, 1.2992 -1.2624 1.4567, 1.2992 -1.1837 1.4567, 0.6693 -1.2624 1.4567, 0.6693 -1.1837 1.4567, 0.6693 -1.3413 1.4478, 1.2992 -1.3413 1.4478, 0.6693 -1.4161 1.4216, 1.2992 -1.4161 1.4216, 0.6693 -1.4833 1.3794, 1.2992 -1.4833 1.3794, 0.6693 -1.5394 1.3233, 1.2992 -1.5394 1.3233, 0.6693 -1.5816 1.2561, 1.2992 -1.5816 1.2561, 0.6693 -1.6079 1.1812, 1.2992 -1.6079 1.1812, 0.1575 -1.6167 0.0, 0.315 -1.6167 0.0, 0.315 -1.6167 1.1024, -0.315 -1.6167 1.1024, -0.315 -1.6167 0.0, -0.1575 -1.6167 0.0, 0.1575 -1.6167 -1.1024, -0.1575 -1.6167 -1.1024, 0.0787 -1.6167 -1.2387, 0.0408 -1.6167 -1.2545, 0.0 -1.6167 -1.2598, -0.1521 -1.6167 -1.1431, -0.1364 -1.6167 -1.1811, -0.1114 -1.6167 -1.2137, -0.0787 -1.6167 -1.2387, -0.0408 -1.6167 -1.2545, 0.1114 -1.6167 -1.2137, 0.1364 -1.6167 -1.1811, 0.1521 -1.6167 -1.1431, -0.315 -1.4593 0.0, -0.1575 -1.4593 0.0, -0.315 -1.4593 1.1024, 0.315 -1.4593 1.1024, 0.315 -1.4593 0.0, 0.1575 -1.4593 0.0, 0.0408 -1.4593 -1.2545, 0.0 -1.4593 -1.2598, 0.1575 -1.4593 -1.1024, -0.1575 -1.4593 -1.1024, 0.1364 -1.4593 -1.1811, 0.1114 -1.4593 -1.2137, 0.0787 -1.4593 -1.2387, 0.1521 -1.4593 -1.1431, -0.0408 -1.4593 -1.2545, -0.0787 -1.4593 -1.2387, -0.1114 -1.4593 -1.2137, -0.1364 -1.4593 -1.1811, -0.1521 -1.4593 -1.1431, 0.315 -1.4543 1.1462, -0.315 -1.4543 1.1462, 0.315 -1.4398 1.1878, -0.315 -1.4398 1.1878, 0.315 -1.4163 1.2251, -0.315 -1.4163 1.2251, 0.315 -1.3851 1.2563, -0.315 -1.3851 1.2563, 0.315 -1.3478 1.2797, -0.315 -1.3478 1.2797, 0.315 -1.3062 1.2943, -0.315 -1.3062 1.2943, 0.315 -1.2624 1.2992, -0.315 -1.2624 1.2992, 0.315 -1.1837 1.2992, -0.315 -1.1837 1.2992, 0.315 -1.2624 1.4567, 0.315 -1.1837 1.4567, -0.315 -1.2624 1.4567, -0.315 -1.1837 1.4567, -0.315 -1.3413 1.4478, 0.315 -1.3413 1.4478, -0.315 -1.4161 1.4216, 0.315 -1.4161 1.4216, -0.315 -1.4833 1.3794, 0.315 -1.4833 1.3794, -0.315 -1.5394 1.3233, 0.315 -1.5394 1.3233, -0.315 -1.5816 1.2561, 0.315 -1.5816 1.2561, -0.315 -1.6079 1.1812, 0.315 -1.6079 1.1812, -0.8268 -1.6167 0.0, -0.6693 -1.6167 0.0, -0.6693 -1.6167 1.1024, -1.2992 -1.6167 1.1024, -1.2992 -1.6167 0.0, -1.1417 -1.6167 0.0, -1.1206 -1.6167 -1.1811, -1.0956 -1.6167 -1.2137, -0.8268 -1.6167 -1.1024, -1.1364 -1.6167 -1.1431, -0.9055 -1.6167 -1.2387, -0.8729 -1.6167 -1.2137, -0.8479 -1.6167 -1.1811, -1.1417 -1.6167 -1.1024, -1.063 -1.6167 -1.2387, -1.025 -1.6167 -1.2545, -0.9843 -1.6167 -1.2598, -0.9435 -1.6167 -1.2545, -0.8321 -1.6167 -1.1431, -1.2992 -1.4593 0.0, -1.1417 -1.4593 0.0, -1.2992 -1.4593 1.1024, -0.6693 -1.4593 1.1024, -0.6693 -1.4593 0.0, -0.8268 -1.4593 0.0, -0.8479 -1.4593 -1.1811, -0.8729 -1.4593 -1.2137, -0.9055 -1.4593 -1.2387, -0.9435 -1.4593 -1.2545, -0.9843 -1.4593 -1.2598, -0.8268 -1.4593 -1.1024, -1.025 -1.4593 -1.2545, -0.8321 -1.4593 -1.1431, -1.063 -1.4593 -1.2387, -1.0956 -1.4593 -1.2137, -1.1206 -1.4593 -1.1811, -1.1417 -1.4593 -1.1024, -1.1364 -1.4593 -1.1431, -0.6693 -1.4543 1.1462, -1.2992 -1.4543 1.1462, -0.6693 -1.4398 1.1878, -1.2992 -1.4398 1.1878, -0.6693 -1.4163 1.2251, -1.2992 -1.4163 1.2251, -0.6693 -1.3851 1.2563, -1.2992 -1.3851 1.2563, -0.6693 -1.3478 1.2797, -1.2992 -1.3478 1.2797, -0.6693 -1.3062 1.2943, -1.2992 -1.3062 1.2943, -0.6693 -1.2624 1.2992, -1.2992 -1.2624 1.2992, -0.6693 -1.1837 1.2992, -1.2992 -1.1837 1.2992, -0.6693 -1.2624 1.4567, -0.6693 -1.1837 1.4567, -1.2992 -1.2624 1.4567, -1.2992 -1.1837 1.4567, -1.2992 -1.3413 1.4478, -0.6693 -1.3413 1.4478, -1.2992 -1.4161 1.4216, -0.6693 -1.4161 1.4216, -1.2992 -1.4833 1.3794, -0.6693 -1.4833 1.3794, -1.2992 -1.5394 1.3233, -0.6693 -1.5394 1.3233, -1.2992 -1.5816 1.2561, -0.6693 -1.5816 1.2561, -1.2992 -1.6079 1.1812, -0.6693 -1.6079 1.1812
            ]
        }
        coordIndex [
            0,1,2,-1,3,4,5,-1,6,7,8,-1,6,8,9,-1,10,11,12,-1,2,3,0,-1,0,3,5,-1,0,5,8,-1,8,5,13,-1,8,13,9,-1,7,14,8,-1,8,14,15,-1,8,15,16,-1,16,17,8,-1,8,17,10,-1,8,10,18,-1,18,10,12,-1,4,19,5,-1,5,19,20,-1,20,19,21,-1,22,23,24,-1,25,26,27,-1,28,29,30,-1,30,29,31,-1,28,30,27,-1,27,30,32,-1,27,32,25,-1,31,33,30,-1,30,33,34,-1,30,34,35,-1,21,22,20,-1,20,22,24,-1,20,24,36,-1,36,24,30,-1,36,30,37,-1,37,30,35,-1,22,21,38,-1,38,21,39,-1,38,39,40,-1,40,39,41,-1,40,41,42,-1,42,41,43,-1,42,43,44,-1,44,43,45,-1,44,45,46,-1,46,45,47,-1,46,47,48,-1,48,47,49,-1,48,49,50,-1,50,49,51,-1,52,50,53,-1,53,50,51,-1,54,55,56,-1,56,55,57,-1,54,56,58,-1,54,58,59,-1,59,58,60,-1,59,60,61,-1,61,60,62,-1,61,62,63,-1,63,62,64,-1,63,64,65,-1,65,64,66,-1,65,66,67,-1,67,66,68,-1,67,68,69,-1,69,68,3,-1,69,3,2,-1,52,55,50,-1,50,55,54,-1,50,54,48,-1,48,54,59,-1,48,59,46,-1,46,59,61,-1,46,61,44,-1,44,61,63,-1,44,63,42,-1,42,63,65,-1,42,65,40,-1,40,65,67,-1,40,67,38,-1,38,67,69,-1,38,69,22,-1,22,69,2,-1,22,2,23,-1,23,2,1,-1,19,4,21,-1,21,4,3,-1,21,3,39,-1,39,3,68,-1,39,68,41,-1,41,68,66,-1,41,66,43,-1,43,66,64,-1,43,64,45,-1,45,64,62,-1,45,62,47,-1,47,62,60,-1,47,60,49,-1,49,60,58,-1,49,58,51,-1,51,58,56,-1,51,56,53,-1,53,56,57,-1,13,5,36,-1,36,5,20,-1,30,24,8,-1,8,24,0,-1,16,29,28,-1,16,28,17,-1,17,28,27,-1,17,27,10,-1,10,27,26,-1,10,26,11,-1,11,26,25,-1,11,25,12,-1,12,25,32,-1,12,32,18,-1,18,32,30,-1,18,30,8,-1,13,36,37,-1,13,37,9,-1,9,37,35,-1,9,35,6,-1,6,35,34,-1,6,34,7,-1,7,34,33,-1,7,33,14,-1,14,33,31,-1,14,31,15,-1,15,31,29,-1,15,29,16,-1,70,71,72,-1,73,74,75,-1,72,73,70,-1,70,73,75,-1,70,75,76,-1,76,75,77,-1,78,76,79,-1,79,76,80,-1,77,81,76,-1,76,81,82,-1,76,82,83,-1,83,84,76,-1,76,84,85,-1,76,85,80,-1,86,87,78,-1,78,87,88,-1,78,88,76,-1,74,89,75,-1,75,89,90,-1,90,89,91,-1,92,93,94,-1,95,96,97,-1,91,92,90,-1,90,92,94,-1,90,94,98,-1,98,94,97,-1,99,100,101,-1,95,97,101,-1,101,97,102,-1,101,102,99,-1,96,103,97,-1,97,103,104,-1,97,104,105,-1,105,106,97,-1,97,106,107,-1,97,107,98,-1,92,91,108,-1,108,91,109,-1,108,109,110,-1,110,109,111,-1,110,111,112,-1,112,111,113,-1,112,113,114,-1,114,113,115,-1,114,115,116,-1,116,115,117,-1,116,117,118,-1,118,117,119,-1,118,119,120,-1,120,119,121,-1,122,120,123,-1,123,120,121,-1,124,125,126,-1,126,125,127,-1,124,126,128,-1,124,128,129,-1,129,128,130,-1,129,130,131,-1,131,130,132,-1,131,132,133,-1,133,132,134,-1,133,134,135,-1,135,134,136,-1,135,136,137,-1,137,136,138,-1,137,138,139,-1,139,138,73,-1,139,73,72,-1,122,125,120,-1,120,125,124,-1,120,124,118,-1,118,124,129,-1,118,129,116,-1,116,129,131,-1,116,131,114,-1,114,131,133,-1,114,133,112,-1,112,133,135,-1,112,135,110,-1,110,135,137,-1,110,137,108,-1,108,137,139,-1,108,139,92,-1,92,139,72,-1,92,72,93,-1,93,72,71,-1,89,74,91,-1,91,74,73,-1,91,73,109,-1,109,73,138,-1,109,138,111,-1,111,138,136,-1,111,136,113,-1,113,136,134,-1,113,134,115,-1,115,134,132,-1,115,132,117,-1,117,132,130,-1,117,130,119,-1,119,130,128,-1,119,128,121,-1,121,128,126,-1,121,126,123,-1,123,126,127,-1,140,141,142,-1,143,144,145,-1,146,147,148,-1,146,148,149,-1,150,151,152,-1,142,143,140,-1,140,143,145,-1,140,145,148,-1,148,145,153,-1,148,153,149,-1,147,154,148,-1,148,154,155,-1,148,155,156,-1,156,157,148,-1,148,157,150,-1,148,150,158,-1,158,150,152,-1,144,159,145,-1,145,159,160,-1,160,159,161,-1,162,163,164,-1,165,166,167,-1,168,169,170,-1,170,169,171,-1,168,170,167,-1,167,170,172,-1,167,172,165,-1,171,173,170,-1,170,173,174,-1,170,174,175,-1,161,162,160,-1,160,162,164,-1,160,164,176,-1,176,164,170,-1,176,170,177,-1,177,170,175,-1,162,161,178,-1,178,161,179,-1,178,179,180,-1,180,179,181,-1,180,181,182,-1,182,181,183,-1,182,183,184,-1,184,183,185,-1,184,185,186,-1,186,185,187,-1,186,187,188,-1,188,187,189,-1,188,189,190,-1,190,189,191,-1,192,190,193,-1,193,190,191,-1,194,195,196,-1,196,195,197,-1,194,196,198,-1,194,198,199,-1,199,198,200,-1,199,200,201,-1,201,200,202,-1,201,202,203,-1,203,202,204,-1,203,204,205,-1,205,204,206,-1,205,206,207,-1,207,206,208,-1,207,208,209,-1,209,208,143,-1,209,143,142,-1,192,195,190,-1,190,195,194,-1,190,194,188,-1,188,194,199,-1,188,199,186,-1,186,199,201,-1,186,201,184,-1,184,201,203,-1,184,203,182,-1,182,203,205,-1,182,205,180,-1,180,205,207,-1,180,207,178,-1,178,207,209,-1,178,209,162,-1,162,209,142,-1,162,142,163,-1,163,142,141,-1,159,144,161,-1,161,144,143,-1,161,143,179,-1,179,143,208,-1,179,208,181,-1,181,208,206,-1,181,206,183,-1,183,206,204,-1,183,204,185,-1,185,204,202,-1,185,202,187,-1,187,202,200,-1,187,200,189,-1,189,200,198,-1,189,198,191,-1,191,198,196,-1,191,196,193,-1,193,196,197,-1,77,75,98,-1,98,75,90,-1,97,94,76,-1,76,94,70,-1,153,145,176,-1,176,145,160,-1,170,164,148,-1,148,164,140,-1,80,96,95,-1,80,95,79,-1,79,95,101,-1,79,101,78,-1,78,101,100,-1,78,100,86,-1,86,100,99,-1,86,99,87,-1,87,99,102,-1,87,102,88,-1,88,102,97,-1,88,97,76,-1,77,98,107,-1,77,107,81,-1,81,107,106,-1,81,106,82,-1,82,106,105,-1,82,105,83,-1,83,105,104,-1,83,104,84,-1,84,104,103,-1,84,103,85,-1,85,103,96,-1,85,96,80,-1,156,169,168,-1,156,168,157,-1,157,168,167,-1,157,167,150,-1,150,167,166,-1,150,166,151,-1,151,166,165,-1,151,165,152,-1,152,165,172,-1,152,172,158,-1,158,172,170,-1,158,170,148,-1,153,176,177,-1,153,177,149,-1,149,177,175,-1,149,175,146,-1,146,175,174,-1,146,174,147,-1,147,174,173,-1,147,173,154,-1,154,173,171,-1,154,171,155,-1,155,171,169,-1,155,169,156,-1,
        ]
    }
}
Shape{
    appearance Appearance {
        material  Material 	{
            diffuseColor 1.0 1.0 1.0
            specularColor 0.8784313725490196 0.8784313725490196 0.8784313725490196
            ambientIntensity 1.0
            transparency 0.0
            shininess 0.5
        }
    }
    geometry IndexedFaceSet {
        ccw TRUE
        solid FALSE
        coord DEF co Coordinate {
            point [
                -0.6674 1.5588 0.7559, -0.821 1.1651 0.7559, -0.6674 1.5588 0.748, -0.821 1.1651 0.748, -0.7634 1.1651 0.7559, -0.7634 1.1651 0.748, -0.7236 1.2755 0.7559, -0.7236 1.2755 0.748, -0.5609 1.2755 0.7559, -0.5609 1.2755 0.748, -0.5233 1.1651 0.7559, -0.5233 1.1651 0.748, -0.4657 1.1651 0.7559, -0.4657 1.1651 0.748, -0.6146 1.5588 0.7559, -0.6146 1.5588 0.748, -0.5742 1.3187 0.7559, -0.7059 1.3187 0.7559, -0.6329 1.4831 0.7559, -0.6367 1.4968 0.7559, -0.6392 1.5107 0.7559, -0.6405 1.5107 0.7559, -0.6431 1.4968 0.7559, -0.6466 1.4831 0.7559, -0.5742 1.3187 0.748, -0.7059 1.3187 0.748, -0.6329 1.4831 0.748, -0.6367 1.4968 0.748, -0.6392 1.5107 0.748, -0.6405 1.5107 0.748, -0.6431 1.4968 0.748, -0.6466 1.4831 0.748, -0.2271 1.1651 0.7559, -0.12 1.1651 0.7559, -0.2271 1.1651 0.748, -0.12 1.1651 0.748, -0.12 1.5588 0.7559, -0.12 1.5588 0.748, -0.2311 1.5588 0.7559, -0.2311 1.5588 0.748, -0.4369 1.3669 0.7559, -0.4369 1.3669 0.748, -0.4341 1.4039 0.748, -0.4341 1.4039 0.7559, -0.4235 1.4427 0.748, -0.4235 1.4427 0.7559, -0.4052 1.4765 0.748, -0.4052 1.4765 0.7559, -0.3773 1.5074 0.748, -0.3773 1.5074 0.7559, -0.3769 1.5078 0.748, -0.3769 1.5078 0.7559, -0.3341 1.5365 0.748, -0.3341 1.5365 0.7559, -0.288 1.5527 0.748, -0.288 1.5527 0.7559, -0.2758 1.1693 0.748, -0.2758 1.1693 0.7559, -0.3212 1.1828 0.748, -0.3212 1.1828 0.7559, -0.3623 1.2067 0.748, -0.3623 1.2067 0.7559, -0.3947 1.2377 0.748, -0.3947 1.2377 0.7559, -0.4173 1.273 0.748, -0.4173 1.273 0.7559, -0.4314 1.3142 0.748, -0.4314 1.3142 0.7559, -0.3579 1.4603 0.7559, -0.3388 1.4806 0.7559, -0.31 1.4992 0.7559, -0.2775 1.5106 0.7559, -0.2309 1.5155 0.7559, -0.1728 1.5155 0.7559, -0.1728 1.2083 0.7559, -0.2287 1.2083 0.7559, -0.2703 1.2121 0.7559, -0.3034 1.2225 0.7559, -0.3302 1.2384 0.7559, -0.3523 1.2602 0.7559, -0.3689 1.2874 0.7559, -0.3805 1.3244 0.7559, -0.3841 1.3657 0.7559, -0.3808 1.4049 0.7559, -0.3716 1.436 0.7559, -0.2309 1.5155 0.748, -0.1728 1.5155 0.748, -0.2775 1.5106 0.748, -0.31 1.4992 0.748, -0.3388 1.4806 0.748, -0.3579 1.4603 0.748, -0.3716 1.436 0.748, -0.3808 1.4049 0.748, -0.3841 1.3657 0.748, -0.3805 1.3244 0.748, -0.3689 1.2874 0.748, -0.3523 1.2602 0.748, -0.3302 1.2384 0.748, -0.3034 1.2225 0.748, -0.2703 1.2121 0.748, -0.2287 1.2083 0.748, -0.1728 1.2083 0.748, -0.0432 1.2083 0.7559, -0.0432 1.1651 0.7559, -0.0432 1.2083 0.748, -0.0432 1.1651 0.748, 0.168 1.1651 0.7559, 0.168 1.1651 0.748, 0.168 1.5588 0.7559, 0.168 1.5588 0.748, -0.0336 1.5588 0.7559, -0.0336 1.5588 0.748, -0.0336 1.5155 0.7559, -0.0336 1.5155 0.748, 0.1152 1.5155 0.7559, 0.1152 1.5155 0.748, 0.1152 1.3859 0.7559, 0.1152 1.3859 0.748, -0.024 1.3859 0.7559, -0.024 1.3859 0.748, -0.024 1.3427 0.7559, -0.024 1.3427 0.748, 0.1152 1.3427 0.7559, 0.1152 1.3427 0.748, 0.1152 1.2083 0.7559, 0.1152 1.2083 0.748, 0.2449 1.2287 0.7559, 0.2449 1.1855 0.7559, 0.2449 1.2287 0.748, 0.2449 1.1855 0.748, 0.2868 1.1682 0.7559, 0.3532 1.1602 0.7559, 0.3532 1.1602 0.748, 0.3424 1.1604 0.748, 0.3424 1.1604 0.7559, 0.3266 1.1627 0.748, 0.2868 1.1682 0.748, 0.5377 1.3545 0.7559, 0.5377 1.3545 0.748, 0.5339 1.3089 0.748, 0.5339 1.3089 0.7559, 0.5221 1.2672 0.748, 0.5221 1.2672 0.7559, 0.5011 1.2298 0.748, 0.5011 1.2298 0.7559, 0.4715 1.1986 0.748, 0.4715 1.1986 0.7559, 0.4399 1.1784 0.748, 0.4399 1.1784 0.7559, 0.4017 1.1653 0.748, 0.4017 1.1653 0.7559, 0.3763 1.1627 0.748, 0.3375 1.5636 0.7559, 0.3375 1.5636 0.748, 0.3771 1.5603 0.7559, 0.3669 1.5612 0.748, 0.3771 1.5603 0.748, 0.4209 1.5476 0.748, 0.4209 1.5476 0.7559, 0.4583 1.526 0.748, 0.4583 1.526 0.7559, 0.4939 1.4919 0.748, 0.4939 1.4919 0.7559, 0.517 1.4551 0.748, 0.517 1.4551 0.7559, 0.5321 1.4104 0.748, 0.5321 1.4104 0.7559, 0.3027 1.5612 0.748, 0.2904 1.5603 0.7559, 0.2904 1.5603 0.748, 0.2449 1.5479 0.7559, 0.2449 1.5479 0.748, 0.2449 1.4951 0.7559, 0.2449 1.4951 0.748, 0.3371 1.5203 0.7559, 0.3371 1.5203 0.748, 0.2892 1.5141 0.748, 0.2892 1.5141 0.7559, 0.4849 1.3577 0.7559, 0.4849 1.3577 0.748, 0.483 1.3883 0.748, 0.483 1.3883 0.7559, 0.4726 1.4305 0.748, 0.4726 1.4305 0.7559, 0.4563 1.4609 0.748, 0.4563 1.4609 0.7559, 0.4325 1.4871 0.748, 0.4325 1.4871 0.7559, 0.4053 1.5054 0.748, 0.4053 1.5054 0.7559, 0.3758 1.516 0.748, 0.3758 1.516 0.7559, 0.3459 1.2035 0.7559, 0.3459 1.2035 0.748, 0.3826 1.2076 0.748, 0.3826 1.2076 0.7559, 0.4113 1.2181 0.748, 0.4113 1.2181 0.7559, 0.4355 1.2344 0.748, 0.4355 1.2344 0.7559, 0.454 1.2539 0.748, 0.454 1.2539 0.7559, 0.4702 1.2812 0.748, 0.4702 1.2812 0.7559, 0.4809 1.3151 0.748, 0.4809 1.3151 0.7559, 0.2519 1.2248 0.748, 0.2519 1.2248 0.7559, 0.2937 1.2093 0.748, 0.2937 1.2093 0.7559, 0.5713 1.2083 0.7559, 0.5713 1.1651 0.7559, 0.5713 1.2083 0.748, 0.5713 1.1651 0.748, 0.773 1.1651 0.7559, 0.773 1.1651 0.748, 0.773 1.5588 0.7559, 0.773 1.5588 0.748, 0.7202 1.5588 0.7559, 0.7202 1.5588 0.748, 0.7202 1.2083 0.7559, 0.7202 1.2083 0.748
            ]
        }
        coordIndex [
            0,1,2,-1,2,1,3,-1,1,4,3,-1,3,4,5,-1,4,6,5,-1,5,6,7,-1,6,8,7,-1,7,8,9,-1,8,10,9,-1,9,10,11,-1,10,12,11,-1,11,12,13,-1,12,14,13,-1,13,14,15,-1,14,0,15,-1,15,0,2,-1,16,8,17,-1,17,8,6,-1,18,14,16,-1,16,14,12,-1,16,12,8,-1,8,12,10,-1,18,19,14,-1,14,19,20,-1,14,20,0,-1,0,20,21,-1,0,21,22,-1,22,23,0,-1,0,23,17,-1,0,17,1,-1,1,17,6,-1,1,6,4,-1,16,17,24,-1,24,17,25,-1,18,16,26,-1,26,16,24,-1,18,26,27,-1,18,27,19,-1,19,27,28,-1,19,28,20,-1,21,20,29,-1,29,20,28,-1,21,29,30,-1,21,30,22,-1,22,30,31,-1,22,31,23,-1,17,23,25,-1,25,23,31,-1,32,33,34,-1,34,33,35,-1,33,36,35,-1,35,36,37,-1,36,38,37,-1,37,38,39,-1,40,41,42,-1,40,42,43,-1,43,42,44,-1,43,44,45,-1,45,44,46,-1,45,46,47,-1,47,46,48,-1,47,48,49,-1,49,48,50,-1,49,50,51,-1,51,50,52,-1,51,52,53,-1,53,52,54,-1,53,54,55,-1,55,54,39,-1,55,39,38,-1,32,34,56,-1,32,56,57,-1,57,56,58,-1,57,58,59,-1,59,58,60,-1,59,60,61,-1,61,60,62,-1,61,62,63,-1,63,62,64,-1,63,64,65,-1,65,64,66,-1,65,66,67,-1,67,66,41,-1,67,41,40,-1,45,47,68,-1,68,47,49,-1,68,49,69,-1,69,49,51,-1,69,51,70,-1,70,51,53,-1,70,53,71,-1,71,53,55,-1,71,55,72,-1,72,55,38,-1,72,38,73,-1,73,38,36,-1,73,36,74,-1,74,36,33,-1,74,33,75,-1,75,33,32,-1,75,32,76,-1,76,32,57,-1,76,57,77,-1,77,57,59,-1,77,59,78,-1,78,59,61,-1,78,61,79,-1,79,61,63,-1,79,63,80,-1,80,63,65,-1,80,65,81,-1,81,65,67,-1,81,67,82,-1,82,67,40,-1,82,40,83,-1,83,40,43,-1,83,43,84,-1,84,43,45,-1,84,45,68,-1,72,73,85,-1,85,73,86,-1,72,85,87,-1,72,87,71,-1,71,87,88,-1,71,88,70,-1,70,88,89,-1,70,89,69,-1,69,89,90,-1,69,90,68,-1,68,90,91,-1,68,91,84,-1,84,91,92,-1,84,92,83,-1,83,92,93,-1,83,93,82,-1,82,93,94,-1,82,94,81,-1,81,94,95,-1,81,95,80,-1,80,95,96,-1,80,96,79,-1,79,96,97,-1,79,97,78,-1,78,97,98,-1,78,98,77,-1,77,98,99,-1,77,99,76,-1,76,99,100,-1,76,100,75,-1,74,75,101,-1,101,75,100,-1,73,74,86,-1,86,74,101,-1,102,103,104,-1,104,103,105,-1,103,106,105,-1,105,106,107,-1,106,108,107,-1,107,108,109,-1,108,110,109,-1,109,110,111,-1,110,112,111,-1,111,112,113,-1,112,114,113,-1,113,114,115,-1,114,116,115,-1,115,116,117,-1,116,118,117,-1,117,118,119,-1,118,120,119,-1,119,120,121,-1,120,122,121,-1,121,122,123,-1,122,124,123,-1,123,124,125,-1,124,102,125,-1,125,102,104,-1,106,103,102,-1,102,124,106,-1,106,124,122,-1,106,122,108,-1,112,110,114,-1,114,110,108,-1,114,108,116,-1,116,108,122,-1,116,122,118,-1,118,122,120,-1,126,127,128,-1,128,127,129,-1,129,127,130,-1,131,132,133,-1,131,133,134,-1,134,133,135,-1,134,135,130,-1,130,135,136,-1,130,136,129,-1,137,138,139,-1,137,139,140,-1,140,139,141,-1,140,141,142,-1,142,141,143,-1,142,143,144,-1,144,143,145,-1,144,145,146,-1,146,145,147,-1,146,147,148,-1,148,147,149,-1,148,149,150,-1,150,149,131,-1,131,149,151,-1,131,151,132,-1,152,153,154,-1,154,153,155,-1,155,156,154,-1,154,156,157,-1,154,157,158,-1,158,157,159,-1,158,159,160,-1,160,159,161,-1,160,161,162,-1,162,161,163,-1,162,163,164,-1,164,163,165,-1,164,165,166,-1,166,165,138,-1,166,138,137,-1,153,152,167,-1,167,152,168,-1,167,168,169,-1,169,168,170,-1,169,170,171,-1,170,172,171,-1,171,172,173,-1,174,175,176,-1,174,176,177,-1,177,176,173,-1,177,173,172,-1,178,179,180,-1,178,180,181,-1,181,180,182,-1,181,182,183,-1,183,182,184,-1,183,184,185,-1,185,184,186,-1,185,186,187,-1,187,186,188,-1,187,188,189,-1,189,188,190,-1,189,190,191,-1,191,190,175,-1,191,175,174,-1,192,193,194,-1,192,194,195,-1,195,194,196,-1,195,196,197,-1,197,196,198,-1,197,198,199,-1,199,198,200,-1,199,200,201,-1,201,200,202,-1,201,202,203,-1,203,202,204,-1,203,204,205,-1,205,204,179,-1,205,179,178,-1,126,128,206,-1,126,206,207,-1,207,206,208,-1,207,208,209,-1,209,208,193,-1,209,193,192,-1,195,131,192,-1,192,131,134,-1,192,134,209,-1,209,134,130,-1,209,130,207,-1,207,130,127,-1,207,127,126,-1,172,170,177,-1,177,170,168,-1,177,168,174,-1,174,168,152,-1,174,152,191,-1,191,152,154,-1,191,154,189,-1,189,154,158,-1,189,158,187,-1,187,158,160,-1,187,160,185,-1,185,160,162,-1,185,162,183,-1,183,162,164,-1,183,164,181,-1,181,164,166,-1,181,166,178,-1,178,166,137,-1,178,137,205,-1,205,137,140,-1,205,140,203,-1,203,140,142,-1,203,142,201,-1,201,142,144,-1,201,144,199,-1,199,144,146,-1,199,146,197,-1,197,146,148,-1,197,148,195,-1,195,148,150,-1,195,150,131,-1,210,211,212,-1,212,211,213,-1,211,214,213,-1,213,214,215,-1,214,216,215,-1,215,216,217,-1,216,218,217,-1,217,218,219,-1,218,220,219,-1,219,220,221,-1,220,210,221,-1,221,210,212,-1,218,216,220,-1,220,216,214,-1,220,214,210,-1,210,214,211,-1,
        ]
    }
}
Shape{
    appearance Appearance {
        material  Material 	{
            diffuseColor 0.20784313725490197 0.20784313725490197 0.20784313725490197
            specularColor 0.01568627450980392 0.01568627450980392 0.01568627450980392
            ambientIntensity 0.298
            transparency 0.0
            shininess 0.5
        }
    }
    geometry IndexedFaceSet {
        ccw TRUE
        solid FALSE
        coord DEF co Coordinate {
            point [
                -0.5742 1.3187 0.748, -0.7059 1.3187 0.748, -0.6329 1.4831 0.748, -0.6466 1.4831 0.748, -0.6367 1.4968 0.748, -0.6431 1.4968 0.748, -0.6392 1.5107 0.748, -0.6405 1.5107 0.748, -0.1728 1.5155 0.748, -0.1728 1.2083 0.748, -0.2309 1.5155 0.748, -0.2287 1.2083 0.748, -0.2703 1.2121 0.748, -0.3841 1.3657 0.748, -0.3808 1.4049 0.748, -0.3716 1.436 0.748, -0.2775 1.5106 0.748, -0.3034 1.2225 0.748, -0.3302 1.2384 0.748, -0.3523 1.2602 0.748, -0.3689 1.2874 0.748, -0.3805 1.3244 0.748, -0.3579 1.4603 0.748, -0.3388 1.4806 0.748, -0.31 1.4992 0.748
            ]
        }
        coordIndex [
            0,1,2,-1,2,1,3,-1,2,3,4,-1,4,3,5,-1,4,5,6,-1,6,5,7,-1,8,9,10,-1,10,9,11,-1,10,11,12,-1,13,14,10,-1,10,14,15,-1,10,15,16,-1,12,17,10,-1,10,17,18,-1,10,18,19,-1,19,20,10,-1,10,20,21,-1,10,21,13,-1,22,23,15,-1,15,23,24,-1,15,24,16,-1,
        ]
    }
}