#VRML V2.0 utf8
# 3D model generated by easyeda2kicad.py (https://github.com/uPesy/easyeda2kicad.py)

Shape{
    appearance Appearance {
        material  Material 	{
            diffuseColor 0.0 1.0 1.0
            specularColor 0.0 0.5019607843137255 0.5019607843137255
            ambientIntensity 0.701
            transparency 0.0
            shininess 0.5
        }
    }
    geometry IndexedFaceSet {
        ccw TRUE
        solid FALSE
        coord DEF co Coordinate {
            point [
                -1.441 3.6886 1.437, -1.8938 3.6886 1.437, -1.8938 3.6886 1.4567, 1.9251 3.6886 1.4567, 1.9251 3.6886 1.437, 1.4527 3.6886 1.4567, 1.4724 3.6886 1.437, 1.4527 3.6886 0.9644, 1.4724 3.6886 0.8856, 0.926 3.6886 0.8856, 0.926 3.6886 0.9447, -1.4213 3.6886 0.9644, -0.9434 3.6886 0.9447, -0.9434 3.6886 0.8856, -1.4213 3.6886 1.4567, -1.441 3.6886 0.8856, 1.4724 0.1059 1.437, 1.9251 0.1059 1.437, 1.9251 0.1059 1.4567, -1.8938 0.1059 1.4567, -1.8938 0.1059 1.437, -1.4213 0.1059 1.4567, -1.441 0.1059 1.437, -1.4213 0.1059 0.9644, -1.441 0.1059 0.8856, -0.9434 0.1059 0.8856, -0.9434 0.1059 0.9447, 0.926 0.1059 0.9447, 1.4527 0.1059 0.9644, 1.4527 0.1059 1.4567, 1.4724 0.1059 0.8856, 0.926 0.1059 0.8856, 2.0432 0.1059 2.7953, 2.0432 0.1059 1.4567, 2.0432 0.224 2.7953, 2.0432 3.6886 1.4567, 2.0432 0.224 3.0315, 2.0432 3.6886 3.0315, 2.0432 3.6886 1.437, 2.0432 0.1059 1.437, 2.0432 3.6886 0.2756, 2.0432 0.1059 0.2756, -2.0119 0.1059 1.437, -2.0119 3.6886 1.437, -2.0119 0.1059 0.2756, -2.0119 3.6886 0.2756, 0.5078 -0.0122 1.8872, -0.4764 -0.0122 1.8872, -0.4764 -0.0122 1.8075, 1.3313 -0.0122 2.6181, 1.2468 -0.0122 2.6181, 1.2468 -0.0122 1.8872, -0.7323 -0.0122 1.2992, -0.4764 -0.0122 1.5531, -1.2048 -0.0122 1.2992, -1.4213 -0.0122 1.4567, -1.2048 -0.0122 1.2205, -1.4213 -0.0122 0.9644, -0.7323 -0.0122 1.2205, -0.4764 -0.0122 0.9644, -1.8938 -0.0122 1.4567, -1.5493 -0.0122 1.4567, -1.5493 -0.0122 1.5531, 1.5325 -0.0122 1.4567, 1.9251 -0.0122 1.4567, 1.9251 -0.0122 1.5531, 1.4628 -0.0122 1.4567, 1.5325 -0.0122 1.5531, 1.4628 -0.0122 1.8075, 1.4705 -0.0122 1.874, 1.4628 -0.0122 1.8872, 1.4705 -0.0122 1.8827, 1.4789 -0.0122 1.8861, 1.4821 -0.0122 1.8075, 1.4796 -0.0122 1.8077, 1.4705 -0.0122 1.8102, 1.4705 -0.0122 1.8207, 1.4794 -0.0122 1.817, 1.4719 -0.0122 1.8748, 1.489 -0.0122 1.8157, 1.4967 -0.0122 1.8166, 1.5026 -0.0122 1.8187, 1.5081 -0.0122 1.8224, 1.5128 -0.0122 1.8276, 1.5185 -0.0122 1.8482, 1.5177 -0.0122 1.8568, 1.5156 -0.0122 1.8635, 1.4981 -0.0122 1.8783, 1.4907 -0.0122 1.8791, 1.5038 -0.0122 1.8761, 1.5087 -0.0122 1.8729, 1.5123 -0.0122 1.869, 1.4803 -0.0122 1.8779, 1.5161 -0.0122 1.8337, 1.5182 -0.0122 1.8421, 1.4949 -0.0122 1.8075, 1.4891 -0.0122 1.8071, 1.4628 -0.0122 1.5531, 1.5095 -0.0122 1.8841, 1.5159 -0.0122 1.88, 1.5325 -0.0122 1.8872, 1.5218 -0.0122 1.8738, 1.526 -0.0122 1.8663, 1.5249 -0.0122 1.8288, 1.5203 -0.0122 1.8214, 1.5325 -0.0122 1.8075, 1.5132 -0.0122 1.8146, 1.5057 -0.0122 1.8103, 1.4527 -0.0122 1.4567, 1.497 -0.0122 1.8077, 1.5283 -0.0122 1.858, 1.5291 -0.0122 1.8489, 1.528 -0.0122 1.8377, 1.4869 -0.0122 1.8872, 1.49 -0.0122 1.8877, 1.4628 -0.0122 2.6181, 1.5325 -0.0122 2.6181, 1.4922 -0.0122 1.8877, 1.4968 -0.0122 1.8872, 1.5019 -0.0122 1.8867, 1.5325 -0.0122 2.7953, 1.4628 -0.0122 2.7953, 1.4052 -0.0122 2.6181, 1.2468 -0.0122 2.7953, 1.3313 -0.0122 2.7953, 1.4052 -0.0122 2.7953, -1.5493 -0.0122 2.7953, -1.5493 -0.0122 2.6181, -0.4764 -0.0122 2.7953, -0.4764 -0.0122 2.6181, 0.5078 -0.0122 2.7953, 0.5078 -0.0122 2.6181, 1.4052 -0.0122 1.8872, 1.3313 -0.0122 1.8872, 0.7637 -0.0122 2.4409, 0.7637 -0.0122 2.3622, 1.2362 -0.0122 2.3622, 0.2519 -0.0122 2.4409, -0.2205 -0.0122 2.4409, -0.2205 -0.0122 2.3622, 0.2519 -0.0122 2.3622, -0.7323 -0.0122 2.3622, -0.7323 -0.0122 2.4409, -1.2048 -0.0122 2.4409, -1.2048 -0.0122 2.3622, -1.5493 -0.0122 1.8872, 1.5656 -0.0122 1.8781, 1.5358 -0.0122 1.8781, 1.5656 -0.0122 1.808, 1.5358 -0.0122 1.8868, 1.5762 -0.0122 1.8868, 1.5762 -0.0122 1.808, 1.9251 -0.0122 1.8075, 1.9251 -0.0122 1.8872, 1.9251 -0.0122 2.6181, 1.9251 -0.0122 2.7953, 1.4552 -0.0122 1.808, 1.4552 -0.0122 1.8868, 1.4129 -0.0122 1.8868, 1.4129 -0.0122 1.8781, 1.4052 -0.0122 1.8075, 1.4148 -0.0122 1.8167, 1.4148 -0.0122 1.808, 1.4446 -0.0122 1.8512, 1.4446 -0.0122 1.8781, 1.4168 -0.0122 1.8512, 1.4168 -0.0122 1.8426, 1.4446 -0.0122 1.8426, 1.4446 -0.0122 1.8167, 1.364 -0.0122 1.8092, 1.3547 -0.0122 1.8125, 1.3313 -0.0122 1.8075, 1.3753 -0.0122 1.808, 1.3426 -0.0122 1.8722, 1.3491 -0.0122 1.8784, 1.3573 -0.0122 1.8832, 1.3462 -0.0122 1.8182, 1.3461 -0.0122 1.8183, 1.3405 -0.0122 1.8245, 1.3342 -0.0122 1.8464, 1.3353 -0.0122 1.8569, 1.3381 -0.0122 1.8652, 1.3975 -0.0122 1.808, 1.3975 -0.0122 1.8868, 1.3761 -0.0122 1.8868, 1.3664 -0.0122 1.8859, 1.3369 -0.0122 1.8312, 1.3347 -0.0122 1.839, 1.3169 -0.0122 1.8868, 1.3284 -0.0122 1.8868, 1.2986 -0.0122 1.808, 1.2574 -0.0122 1.8868, 1.2689 -0.0122 1.8868, 1.2768 -0.0122 1.8647, 1.3094 -0.0122 1.8647, -1.5493 -0.0122 1.8075, 1.4052 -0.0122 1.5531, 1.2881 -0.0122 1.808, 1.2468 -0.0122 1.8075, 1.2468 -0.0122 1.5531, 0.5078 -0.0122 1.5531, 0.5078 -0.0122 1.8075, 1.2362 -0.0122 2.4409, -1.8938 -0.0122 1.5531, -1.8938 -0.0122 1.8075, -1.8938 -0.0122 1.8872, -1.8938 -0.0122 2.6181, -1.8938 -0.0122 2.7953, 1.3313 -0.0122 0.9644, 1.4052 -0.0122 0.9644, 1.4527 -0.0122 0.9644, 1.3313 -0.0122 1.5531, 1.2468 -0.0122 0.9644, 1.2362 -0.0122 1.2205, 0.5078 -0.0122 0.9644, 0.7637 -0.0122 1.2205, 0.7637 -0.0122 1.2992, 1.2362 -0.0122 1.2992, 0.2519 -0.0122 1.2992, -0.2205 -0.0122 1.2992, -0.2205 -0.0122 1.2205, 0.2519 -0.0122 1.2205, 1.9251 -0.0122 0.2756, 1.9251 -0.0122 1.437, 1.4724 -0.0122 1.437, 1.4724 -0.0122 0.8856, 0.926 -0.0122 0.8856, -1.8938 -0.0122 0.2756, -1.441 -0.0122 1.437, -1.8938 -0.0122 1.437, -1.441 -0.0122 0.8856, -0.9434 -0.0122 0.8856, -0.9434 -0.0122 0.9447, 0.926 -0.0122 0.9447, -2.0119 0.224 3.0315, -2.0119 3.6886 3.0315, -2.0119 0.224 2.7953, -2.0119 3.6886 1.4567, -2.0119 0.1059 2.7953, -2.0119 0.1059 1.4567, -1.8938 3.8067 0.2756, -1.8938 3.8067 1.437, -1.441 3.8067 1.437, -1.441 3.8067 0.8856, -0.9434 3.8067 0.8856, 1.9251 3.8067 0.2756, 1.4724 3.8067 1.437, 1.9251 3.8067 1.437, 1.4724 3.8067 0.8856, 0.926 3.8067 0.8856, 0.926 3.8067 0.9447, -0.9434 3.8067 0.9447
            ]
        }
        coordIndex [
            0,1,2,-1,3,4,5,-1,5,4,6,-1,5,6,7,-1,8,9,10,-1,6,8,7,-1,7,8,10,-1,7,10,11,-1,11,10,12,-1,11,12,13,-1,2,14,0,-1,0,14,11,-1,0,11,15,-1,15,11,13,-1,16,17,18,-1,19,20,21,-1,21,20,22,-1,21,22,23,-1,23,22,24,-1,23,24,25,-1,25,26,23,-1,23,26,27,-1,23,27,28,-1,18,29,16,-1,16,29,28,-1,16,28,30,-1,30,28,27,-1,30,27,31,-1,32,33,34,-1,34,33,35,-1,34,35,36,-1,36,35,37,-1,38,39,40,-1,40,39,41,-1,42,43,44,-1,44,43,45,-1,46,47,48,-1,49,50,51,-1,52,53,54,-1,54,53,55,-1,54,55,56,-1,56,55,57,-1,56,57,58,-1,58,57,59,-1,58,59,52,-1,52,59,53,-1,60,61,62,-1,63,64,65,-1,66,63,67,-1,68,69,70,-1,70,69,71,-1,70,71,72,-1,68,73,74,-1,74,75,68,-1,68,75,76,-1,68,76,69,-1,69,76,77,-1,69,77,78,-1,78,77,79,-1,78,79,80,-1,80,81,78,-1,78,81,82,-1,78,82,83,-1,84,85,78,-1,78,85,86,-1,87,88,89,-1,89,88,90,-1,86,91,78,-1,78,91,90,-1,78,90,92,-1,92,90,88,-1,83,93,78,-1,78,93,94,-1,78,94,84,-1,95,96,97,-1,97,96,73,-1,98,99,100,-1,100,99,101,-1,100,101,102,-1,103,104,105,-1,105,104,106,-1,105,106,107,-1,108,66,97,-1,97,66,67,-1,97,67,95,-1,95,67,105,-1,95,105,109,-1,109,105,107,-1,102,110,100,-1,100,110,111,-1,100,111,105,-1,105,111,112,-1,105,112,103,-1,113,114,115,-1,115,114,116,-1,114,117,116,-1,116,117,118,-1,116,118,100,-1,100,118,119,-1,100,119,98,-1,116,120,115,-1,115,120,121,-1,115,121,122,-1,123,50,124,-1,124,50,49,-1,124,49,125,-1,126,127,128,-1,128,127,129,-1,128,129,130,-1,130,129,131,-1,72,113,70,-1,70,113,115,-1,70,115,132,-1,132,115,122,-1,132,122,133,-1,134,50,131,-1,131,50,123,-1,131,123,130,-1,134,131,135,-1,135,131,46,-1,135,46,136,-1,137,131,138,-1,138,131,129,-1,138,129,139,-1,139,129,47,-1,139,47,140,-1,140,47,46,-1,140,46,137,-1,137,46,131,-1,141,47,142,-1,142,47,129,-1,142,129,143,-1,143,129,127,-1,143,127,144,-1,144,127,145,-1,146,147,148,-1,148,147,105,-1,105,147,100,-1,100,147,149,-1,100,149,150,-1,151,152,150,-1,150,152,153,-1,150,153,100,-1,100,153,154,-1,100,154,116,-1,116,154,155,-1,116,155,120,-1,156,68,157,-1,157,68,70,-1,157,70,158,-1,158,70,132,-1,158,132,159,-1,159,132,160,-1,159,160,161,-1,161,160,162,-1,163,164,165,-1,165,164,159,-1,165,159,166,-1,166,159,161,-1,166,161,167,-1,167,161,168,-1,169,170,171,-1,169,171,172,-1,173,174,133,-1,133,174,175,-1,170,176,171,-1,171,176,177,-1,171,177,178,-1,179,180,133,-1,133,180,181,-1,133,181,173,-1,182,160,183,-1,183,160,132,-1,183,132,184,-1,184,132,133,-1,184,133,185,-1,185,133,175,-1,178,186,171,-1,171,186,187,-1,171,187,179,-1,188,189,133,-1,179,133,171,-1,171,133,189,-1,171,189,190,-1,51,191,192,-1,193,194,192,-1,192,194,188,-1,192,188,51,-1,51,188,133,-1,51,133,49,-1,49,133,122,-1,49,122,125,-1,125,122,121,-1,62,48,195,-1,195,48,47,-1,195,47,145,-1,145,47,141,-1,145,141,144,-1,63,65,67,-1,67,65,152,-1,67,152,105,-1,105,152,151,-1,105,151,148,-1,73,68,97,-1,97,68,196,-1,97,196,108,-1,190,197,171,-1,171,197,198,-1,171,198,199,-1,199,198,200,-1,53,200,201,-1,201,200,198,-1,201,198,51,-1,51,198,197,-1,51,197,191,-1,134,202,50,-1,50,202,136,-1,50,136,51,-1,51,136,46,-1,51,46,201,-1,201,46,48,-1,201,48,53,-1,53,48,62,-1,53,62,55,-1,55,62,61,-1,60,62,203,-1,203,62,195,-1,203,195,204,-1,204,195,145,-1,204,145,205,-1,205,145,127,-1,205,127,206,-1,206,127,126,-1,206,126,207,-1,208,209,196,-1,196,209,210,-1,196,210,108,-1,156,162,68,-1,68,162,160,-1,68,160,196,-1,196,160,211,-1,196,211,208,-1,208,211,212,-1,182,172,160,-1,160,172,171,-1,160,171,211,-1,211,171,199,-1,211,199,212,-1,212,199,213,-1,212,213,214,-1,214,213,215,-1,214,215,200,-1,200,215,216,-1,200,216,199,-1,199,216,217,-1,199,217,213,-1,218,200,219,-1,219,200,53,-1,219,53,220,-1,220,53,59,-1,220,59,221,-1,221,59,214,-1,221,214,218,-1,218,214,200,-1,222,223,224,-1,224,225,222,-1,222,225,226,-1,222,226,227,-1,228,229,230,-1,230,229,227,-1,230,227,231,-1,231,227,226,-1,231,226,232,-1,232,226,233,-1,234,235,236,-1,236,235,237,-1,236,237,238,-1,238,237,239,-1,240,241,242,-1,242,243,240,-1,240,243,244,-1,240,244,245,-1,246,247,248,-1,248,247,245,-1,248,245,249,-1,249,245,244,-1,249,244,250,-1,250,244,251,-1,
        ]
    }
}
Shape{
    appearance Appearance {
        material  Material 	{
            diffuseColor 0.7529411764705882 0.7529411764705882 0.7529411764705882
            specularColor 0.3764705882352941 0.3764705882352941 0.3764705882352941
            ambientIntensity 0.7529
            transparency 0.0
            shininess 0.5
        }
    }
    geometry IndexedFaceSet {
        ccw TRUE
        solid FALSE
        coord DEF co Coordinate {
            point [
                -1.9331 0.224 3.0354, -1.9331 0.2634 3.0354, 1.9645 0.224 3.0354, 1.9645 0.2634 3.0354, -1.815 3.8067 3.0354, 1.8464 3.8067 3.0354, 1.9344 3.7673 3.0354, 1.9299 3.7721 3.0354, 1.877 3.8027 3.0354, 1.9055 3.7909 3.0354, -1.9031 3.7673 3.0354, -1.8985 3.7721 3.0354, -1.8456 3.8027 3.0354, -1.8741 3.7909 3.0354, -1.815 -0.0122 3.8189, -1.815 -0.0122 3.2717, -1.5197 -0.0122 3.8189, -1.5096 -0.0122 3.8202, 1.5131 -0.0122 3.8481, 1.517 -0.0122 3.8386, 1.5233 -0.0122 3.8304, 1.5118 -0.0122 3.8583, 1.5118 -0.0122 3.9173, -1.4804 -0.0122 3.9173, 1.8464 -0.0122 3.8189, 1.5511 -0.0122 3.8189, 1.8464 -0.0122 3.2717, 1.5409 -0.0122 3.8202, 1.5314 -0.0122 3.8242, -1.4804 -0.0122 3.8583, -1.4817 -0.0122 3.8481, -1.4856 -0.0122 3.8386, -1.4919 -0.0122 3.8304, -1.5001 -0.0122 3.8242, 1.5511 3.8067 3.8189, 1.8464 3.8067 3.8189, 1.5118 3.8067 3.8583, 1.5131 3.8067 3.8481, -1.4817 3.8067 3.8481, 1.5233 3.8067 3.8304, 1.5314 3.8067 3.8242, 1.5409 3.8067 3.8202, -1.815 3.8067 3.8189, -1.5197 3.8067 3.8189, -1.5096 3.8067 3.8202, -1.5001 3.8067 3.8242, -1.4919 3.8067 3.8304, -1.4856 3.8067 3.8386, 1.517 3.8067 3.8386, 1.5118 3.8067 3.9173, -1.4804 3.8067 3.8583, -1.4804 3.8067 3.9173, -1.4804 2.9209 3.937, -1.9134 2.9209 3.937, -1.9134 2.4287 3.937, -1.9134 1.3657 3.937, -1.9134 0.8736 3.937, -1.4804 0.8736 3.937, 1.9448 2.4287 3.937, 1.9448 2.9209 3.937, 1.5118 2.9209 3.937, -1.4804 0.0075 3.937, -0.1928 0.7147 3.937, -0.395 0.7689 3.937, 1.1982 2.1057 3.937, 1.2165 1.8972 3.937, 1.5118 0.8736 3.937, 1.1982 1.6887 3.937, 1.1441 1.4865 3.937, 2.0432 1.3657 3.937, 2.0432 2.4287 3.937, 1.9448 1.3657 3.937, -0.9042 1.1254 3.937, -1.0242 1.2968 3.937, -2.0119 2.4287 3.937, -2.0119 1.3657 3.937, -0.7562 0.9774 3.937, -0.5847 0.8573 3.937, 0.7875 2.8171 3.937, 0.9355 2.6691 3.937, -1.4804 3.787 3.937, -0.5847 2.9371 3.937, -0.395 3.0256 3.937, -1.1127 1.4865 3.937, -1.1669 1.6887 3.937, -1.1851 1.8972 3.937, 0.6161 0.8573 3.937, 0.4264 0.7689 3.937, 1.5118 0.0075 3.937, 0.2242 0.7147 3.937, 0.0157 0.6964 3.937, 1.9448 0.8736 3.937, 1.1441 2.3079 3.937, 1.0556 2.4976 3.937, -0.9042 2.6691 3.937, -0.7562 2.8171 3.937, 1.0556 1.2968 3.937, 0.9355 1.1254 3.937, 0.7875 0.9774 3.937, -1.1669 2.1057 3.937, -1.1127 2.3079 3.937, -1.0242 2.4976 3.937, -0.1928 3.0798 3.937, 0.0157 3.098 3.937, 1.5118 3.787 3.937, 0.2242 3.0798 3.937, 0.4264 3.0256 3.937, 0.6161 2.9371 3.937, -1.9331 0.224 3.2717, 1.9645 0.224 3.2717, 1.9645 0.1059 3.2717, -1.9291 0.0753 3.2717, -1.9331 0.1059 3.2717, 1.877 -0.0082 3.2717, 1.9605 0.0753 3.2717, 1.9487 0.0468 3.2717, 1.9299 0.0224 3.2717, 1.9055 0.0036 3.2717, -1.8741 0.0036 3.2717, -1.8985 0.0224 3.2717, -1.9173 0.0468 3.2717, -1.8456 -0.0082 3.2717
            ]
        }
        coordIndex [
            0,1,2,-1,2,1,3,-1,4,5,6,-1,6,5,7,-1,7,5,8,-1,7,8,9,-1,6,10,4,-1,4,10,11,-1,4,11,12,-1,12,11,13,-1,14,15,16,-1,16,15,17,-1,18,15,19,-1,19,15,20,-1,21,22,23,-1,24,25,26,-1,26,25,27,-1,26,27,15,-1,15,27,28,-1,15,28,20,-1,21,23,18,-1,18,23,29,-1,18,29,30,-1,30,31,18,-1,18,31,32,-1,18,32,15,-1,15,32,33,-1,15,33,17,-1,34,35,5,-1,36,37,38,-1,39,40,5,-1,5,40,41,-1,5,41,34,-1,42,43,4,-1,4,43,44,-1,4,44,5,-1,5,44,45,-1,5,45,39,-1,39,45,46,-1,46,47,39,-1,39,47,38,-1,39,38,48,-1,48,38,37,-1,36,38,49,-1,49,38,50,-1,49,50,51,-1,52,53,54,-1,55,56,57,-1,58,59,60,-1,61,62,63,-1,64,65,66,-1,66,65,67,-1,66,67,68,-1,69,70,71,-1,71,70,58,-1,54,72,73,-1,74,75,54,-1,54,75,55,-1,54,55,72,-1,72,55,57,-1,72,57,76,-1,76,57,61,-1,76,61,77,-1,77,61,63,-1,78,79,58,-1,80,81,82,-1,73,83,54,-1,54,83,84,-1,54,84,85,-1,86,87,88,-1,88,87,89,-1,88,89,61,-1,61,89,90,-1,61,90,62,-1,66,91,64,-1,64,91,71,-1,64,71,92,-1,92,71,58,-1,92,58,93,-1,93,58,79,-1,52,94,80,-1,80,94,95,-1,80,95,81,-1,68,96,66,-1,66,96,97,-1,66,97,88,-1,88,97,98,-1,88,98,86,-1,85,99,54,-1,54,99,100,-1,54,100,52,-1,52,100,101,-1,52,101,94,-1,82,102,80,-1,80,102,103,-1,80,103,104,-1,104,103,105,-1,104,105,60,-1,60,105,106,-1,60,106,58,-1,58,106,107,-1,58,107,78,-1,108,109,110,-1,111,112,15,-1,15,112,108,-1,15,108,26,-1,26,108,110,-1,26,110,113,-1,113,110,114,-1,114,115,113,-1,113,115,116,-1,113,116,117,-1,118,119,120,-1,111,15,120,-1,120,15,121,-1,120,121,118,-1,
        ]
    }
}
Shape{
    appearance Appearance {
        material  Material 	{
            diffuseColor 0.0 1.0 1.0
            specularColor 0.0 0.5019607843137255 0.5019607843137255
            ambientIntensity 0.701
            transparency 0.0
            shininess 0.5
        }
    }
    geometry IndexedFaceSet {
        ccw TRUE
        solid FALSE
        coord DEF co Coordinate {
            point [
                -1.9331 0.224 3.2717, -1.9331 0.224 3.0354, 1.9645 0.224 3.2717, 1.9645 0.224 3.0354
            ]
        }
        coordIndex [
            0,1,2,-1,2,1,3,-1,
        ]
    }
}
Shape{
    appearance Appearance {
        material  Material 	{
            diffuseColor 0.7529411764705882 0.7529411764705882 0.7529411764705882
            specularColor 0.3764705882352941 0.3764705882352941 0.3764705882352941
            ambientIntensity 0.7529
            transparency 0.0
            shininess 0.5
        }
    }
    geometry IndexedFaceSet {
        ccw TRUE
        solid FALSE
        coord DEF co Coordinate {
            point [
                1.9448 2.9405 3.8583, 1.5511 2.9405 3.8583, 1.9448 2.9405 3.9173, 1.5511 2.9405 3.9173, 1.5511 2.9602 3.8386, 1.9448 2.9602 3.8386, 1.5511 3.787 3.8386, 1.9448 3.6886 3.8386, 1.8464 3.787 3.8386, 1.8719 3.7836 3.8386, 1.9415 3.714 3.8386, 1.9316 3.7378 3.8386, 1.916 3.7582 3.8386, 1.8956 3.7738 3.8386, 1.9448 0.8539 3.9173, 1.5511 0.8539 3.9173, 1.9448 0.8539 3.8583, 1.5511 0.8539 3.8583, 1.9448 0.1059 3.8386, 1.9448 0.8342 3.8386, 1.5511 0.8342 3.8386, 1.9316 0.0567 3.8386, 1.8464 0.0075 3.8386, 1.916 0.0363 3.8386, 1.8719 0.0108 3.8386, 1.8956 0.0207 3.8386, 1.5511 0.0075 3.8386, 1.9415 0.0804 3.8386, -1.9134 2.9405 3.9173, -1.5197 2.9405 3.9173, -1.9134 2.9405 3.8583, -1.5197 2.9405 3.8583, -1.8642 3.7738 3.8386, -1.8846 3.7582 3.8386, -1.9134 3.6886 3.8386, -1.9003 3.7378 3.8386, -1.9101 3.714 3.8386, -1.5197 2.9602 3.8386, -1.5197 3.787 3.8386, -1.9134 2.9602 3.8386, -1.815 3.787 3.8386, -1.8405 3.7836 3.8386, -1.9134 0.8539 3.8583, -1.5197 0.8539 3.8583, -1.9134 0.8539 3.9173, -1.5197 0.8539 3.9173, -1.5197 0.8342 3.8386, -1.9134 0.8342 3.8386, -1.5197 0.0075 3.8386, -1.9134 0.1059 3.8386, -1.815 0.0075 3.8386, -1.9101 0.0804 3.8386, -1.9003 0.0567 3.8386, -1.8846 0.0363 3.8386, -1.8642 0.0207 3.8386, -1.8405 0.0108 3.8386, -1.9725 3.7673 3.0354, -1.9725 3.7673 3.0315, -1.9725 0.2634 3.0354, -1.9725 0.2634 3.0315, 2.0039 3.7673 3.0315, 2.0039 3.7673 3.0354, 2.0039 0.2634 3.0315, 2.0039 0.2634 3.0354
            ]
        }
        coordIndex [
            0,1,2,-1,2,1,3,-1,4,5,6,-1,6,5,7,-1,6,7,8,-1,8,7,9,-1,10,11,12,-1,10,12,7,-1,7,12,13,-1,7,13,9,-1,14,15,16,-1,16,15,17,-1,18,19,20,-1,21,22,23,-1,23,22,24,-1,23,24,25,-1,20,26,18,-1,18,26,22,-1,18,22,27,-1,27,22,21,-1,28,29,30,-1,30,29,31,-1,32,33,34,-1,34,33,35,-1,34,35,36,-1,37,38,39,-1,39,38,40,-1,39,40,34,-1,34,40,41,-1,34,41,32,-1,42,43,44,-1,44,43,45,-1,46,47,48,-1,48,47,49,-1,48,49,50,-1,50,49,51,-1,50,51,52,-1,52,53,50,-1,50,53,54,-1,50,54,55,-1,56,57,58,-1,58,57,59,-1,60,61,62,-1,62,61,63,-1,
        ]
    }
}
Shape{
    appearance Appearance {
        material  Material 	{
            diffuseColor 0.0 1.0 1.0
            specularColor 0.0 0.5019607843137255 0.5019607843137255
            ambientIntensity 0.701
            transparency 0.0
            shininess 0.5
        }
    }
    geometry IndexedFaceSet {
        ccw TRUE
        solid FALSE
        coord DEF co Coordinate {
            point [
                -2.0119 0.224 3.0315, -2.0119 0.224 2.7953, 2.0432 0.224 3.0315, 2.0432 0.224 2.7953
            ]
        }
        coordIndex [
            0,1,2,-1,2,1,3,-1,
        ]
    }
}
Shape{
    appearance Appearance {
        material  Material 	{
            diffuseColor 0.7529411764705882 0.7529411764705882 0.7529411764705882
            specularColor 0.3764705882352941 0.3764705882352941 0.3764705882352941
            ambientIntensity 0.7529
            transparency 0.0
            shininess 0.5
        }
    }
    geometry IndexedFaceSet {
        ccw TRUE
        solid FALSE
        coord DEF co Coordinate {
            point [
                0.2881 0.748 4.0498, 0.2365 0.7401 4.047, 0.2367 0.7383 3.9567, 1.1839 2.0449 6.799, 1.1875 2.0453 7.1654, 1.1965 1.9243 6.7927, 1.1968 1.8972 7.1654, 1.1863 1.7493 6.7837, 1.1765 2.1152 6.8027, 1.1247 2.3035 6.8133, 1.1139 2.332 7.1654, 0.9683 2.5895 6.8309, 0.9712 2.5915 7.1654, 1.0423 2.4813 6.8239, 1.1119 2.3311 6.8149, 0.9329 2.6414 6.8343, 0.8015 2.779 6.844, 0.7686 2.8073 7.1654, 0.7669 2.8051 6.8463, 0.6475 2.8951 6.8542, 0.5186 2.9659 7.1654, 0.5172 2.9632 6.8621, 0.4741 2.9857 6.8648, 0.237 3.0574 7.1654, 0.2881 3.0465 6.8754, -0.0584 3.0737 6.8936, -0.0585 3.076 7.1654, 0.0971 3.0755 6.8856, 0.2365 3.0543 6.8782, -0.093 3.0733 6.8953, -0.2838 3.0397 6.9056, -0.3493 3.0205 7.1654, -0.6142 2.8906 11.5748, -0.5749 2.9201 11.5748, -0.5749 2.9201 7.1654, -0.3481 3.017 6.9093, -0.4685 2.9745 6.9163, -0.6163 2.8928 6.9254, -1.1217 2.1897 11.5748, -1.1244 2.19 6.9726, -1.1499 2.0879 6.9783, -1.1629 1.9745 11.5748, -1.1654 1.8972 6.9882, -1.1584 1.8976 11.5748, -1.0186 2.4658 6.9565, -1.0245 2.4568 6.9571, -1.1081 2.2606 11.5748, -1.1027 2.2771 6.9678, -0.6395 2.88 6.9269, -0.7903 2.7606 6.9369, -0.8011 2.7504 11.5748, -0.8426 2.7033 6.9409, -0.8406 2.7019 11.5748, -0.9186 2.6198 6.9467, -0.985 2.5246 11.5748, -1.0135 2.4635 11.5748, 1.1101 1.464 6.7677, 1.1427 1.544 6.7725, 1.1055 1.4656 11.5748, 1.1854 1.7339 6.7829, 1.1629 1.6165 11.5748, 1.1791 1.7502 11.5748, 1.1968 1.8972 11.5748, 1.0688 1.3625 6.7618, 1.0593 1.3442 11.5748, 0.9707 1.2033 6.7517, 0.964 1.2081 11.5748, 0.9666 1.1967 6.7513, 0.8923 1.1056 11.5748, 0.8412 1.0526 6.7414, 0.7628 0.9938 11.5748, 0.7661 0.9902 6.7364, -0.0385 0.7174 6.6902, 0.2352 0.7453 11.5748, 0.1272 0.7214 11.5748, -0.0583 0.7199 6.6891, 0.1517 0.724 6.6999, 0.2362 0.7409 6.7045, 0.4116 0.7844 11.5748, 0.3421 0.7621 6.7103, 0.5147 0.8362 11.5748, 0.5184 0.8291 6.7206, 0.6719 0.9152 11.5748, 0.5253 0.8317 6.721, 0.6938 0.9302 6.7315, -0.0582 0.7268 11.5748, -0.164 0.7299 11.5748, -0.2295 0.7419 6.68, -0.3471 0.7818 11.5748, -0.3482 0.7775 6.6733, -0.4168 0.7982 6.6695, -0.4442 0.8094 11.5748, -0.5924 0.8847 6.6588, -0.6132 0.9069 11.5748, -0.616 0.9016 6.6573, -0.7496 0.9976 6.6486, -0.6965 0.955 11.5748, -0.843 1.091 6.6418, -0.8399 1.0943 11.5748, -0.9054 1.1579 11.5748, -0.884 1.132 6.6388, -1.0129 1.3322 11.5748, -0.9968 1.2891 6.6286, -1.1459 1.6837 11.5748, -1.1397 1.652 6.6074, -1.1214 1.6057 11.5748, -1.1254 1.6044 6.6101, -1.0584 1.4059 11.5748, -1.0834 1.4648 6.618, -1.0167 1.3295 6.6261, -1.1642 1.843 6.5972, -1.1654 1.8972 6.6929, -1.1268 1.5978 5.9214, -1.1114 1.544 5.826, -1.0616 1.4131 5.932, -1.0374 1.3625 5.8367, -1.0158 1.3302 5.9372, -1.0171 1.3296 5.8387, -0.967 1.2421 5.9426, -0.9352 1.1967 5.8471, -0.8477 1.0913 5.9527, -0.843 1.0907 5.8544, -0.8451 1.0889 5.9528, -0.8099 1.0526 5.857, -0.7069 0.963 5.9625, -0.6624 0.9302 5.867, -0.615 0.9033 5.9683, -0.6155 0.9028 5.8699, -0.5439 0.8571 5.9729, -0.4939 0.8317 5.8775, -0.3641 0.7789 5.9835, -0.3483 0.7764 5.8859, -0.349 0.7751 5.9844, -0.3107 0.7621 5.8881, -0.175 0.7316 5.994, -0.1203 0.724 5.8985, -0.0582 0.7221 6.0001, -0.0584 0.7218 5.9017, 0.0157 0.7161 6.0039, 0.0699 0.7174 5.9083, 0.2064 0.7316 6.0139, 0.2368 0.7388 5.9171, 0.2365 0.7391 6.0155, 0.2609 0.7419 5.9184, 0.3955 0.7789 6.0244, 0.4482 0.7982 5.929, 0.5172 0.8318 6.0316, 0.5169 0.832 5.9331, 0.5752 0.8571 6.035, 0.6238 0.8847 5.9396, 0.7383 0.963 6.0454, 0.7678 0.9882 5.949, 0.7669 0.989 6.0474, 0.7809 0.9976 5.9499, 0.8791 1.0913 6.0552, 0.9154 1.132 5.9596, 0.9689 1.2048 6.0628, 0.968 1.2053 5.9644, 0.9984 1.2421 6.0653, 1.0282 1.2891 5.9698, 1.093 1.4131 6.0758, 1.1137 1.4625 5.9803, 1.1108 1.4635 6.0788, 1.1148 1.4648 5.9805, 1.1582 1.5978 6.0865, 1.1711 1.652 5.9911, 1.1849 1.7496 6.0947, 1.1836 1.7497 5.9962, 1.1918 1.7885 6.0968, 1.1955 1.843 6.0012, 1.194 1.9786 6.1065, 1.1889 2.0333 6.0109, 1.1839 2.0447 6.1101, 1.1866 2.0451 6.0116, 1.165 2.1696 6.1167, 1.1508 2.2236 6.0213, 1.1121 2.3315 6.126, 1.1102 2.3306 6.0275, 1.1042 2.3557 6.1274, 1.0812 2.4068 6.032, 1.0136 2.5291 6.138, 0.9828 2.5753 6.0425, 0.9682 2.5892 6.1419, 0.9701 2.5905 6.0435, 0.8974 2.6831 6.1481, 0.8604 2.7228 6.0525, 0.768 2.8067 6.1573, 0.7663 2.8046 6.0589, 0.7598 2.8144 6.1579, 0.7162 2.8481 6.0623, 0.5997 2.9238 6.1682, 0.5504 2.9503 6.0728, 0.5169 2.9623 6.1732, 0.5177 2.9637 6.0747, 0.422 3.0063 6.1789, 0.3689 3.0243 6.0835, 0.2369 3.0571 6.1892, 0.2363 3.0541 6.0908, 0.2337 3.058 6.1894, 0.179 3.067 6.0939, 0.0427 3.078 6.1994, -0.0114 3.078 6.1037, -0.0582 3.0722 6.2046, -0.0582 3.0731 6.1062, -0.1477 3.067 6.2092, -0.2023 3.058 6.1138, -0.3375 3.0243 6.2197, -0.3485 3.0178 6.1219, -0.3489 3.0196 6.2204, -0.3906 3.0063 6.1243, -0.5191 2.9503 6.2304, -0.5683 2.9238 6.135, -0.6151 2.8911 6.2364, -0.6153 2.8917 6.138, -0.6849 2.8481 6.2408, -0.7285 2.8144 6.1453, -0.829 2.7228 6.2507, -0.8439 2.7043 6.1535, -0.844 2.7047 6.2519, -0.866 2.6831 6.155, -0.9514 2.5753 6.2607, -0.9822 2.5291 6.1652, -1.0162 2.4644 6.2676, -1.016 2.4645 6.1691, -1.0498 2.4068 6.2712, -1.0728 2.3557 6.1758, -1.1194 2.2236 6.2818, -1.1268 2.1905 6.1852, -1.1261 2.1905 6.2836, -1.1336 2.1696 6.1864, -1.1576 2.0333 6.2922, -1.1626 1.9786 6.1966, -1.1623 1.8971 6.2992, -1.1617 1.8973 6.2008, -1.1642 1.843 6.302, -1.1604 1.7885 6.2064, -1.1397 1.652 6.3121, -1.1278 1.6036 6.2163, -1.1254 1.6044 6.3148, -1.1268 1.5978 6.2167, -1.0834 1.4648 6.3227, -1.0616 1.4131 6.2273, -1.0167 1.3295 6.3309, -1.0158 1.3302 6.2324, -0.9968 1.2891 6.3333, -0.967 1.2421 6.2379, -0.884 1.132 6.3436, -0.8477 1.0913 6.2479, -0.843 1.091 6.3465, -0.8451 1.0889 6.2481, -0.7496 0.9976 6.3533, -0.7069 0.963 6.2577, -0.616 0.9016 6.362, -0.615 0.9033 6.2636, -0.5924 0.8847 6.3635, -0.5439 0.8571 6.2681, -0.4168 0.7982 6.3742, -0.3641 0.7789 6.2788, -0.3482 0.7775 6.3781, -0.349 0.7751 6.2796, -0.2295 0.7419 6.3848, -0.175 0.7316 6.2893, -0.0583 0.7199 6.3938, -0.0582 0.7221 6.2954, -0.0385 0.7174 6.3949, 0.0157 0.7161 6.2992, 0.1517 0.724 6.4046, 0.2064 0.7316 6.3091, 0.2362 0.7409 6.4093, 0.2365 0.7391 6.3108, 0.3421 0.7621 6.415, 0.3955 0.7789 6.3196, 0.5184 0.8291 6.4253, 0.5172 0.8318 6.3268, 0.5253 0.8317 6.4257, 0.5752 0.8571 6.3303, 0.6938 0.9302 6.4362, 0.7383 0.963 6.3407, 0.7661 0.9902 6.4411, 0.7669 0.989 6.3427, 0.8412 1.0526 6.4462, 0.8791 1.0913 6.3505, 0.9666 1.1967 6.456, 0.9689 1.2048 6.3581, 0.9707 1.2033 6.4565, 0.9984 1.2421 6.3606, 1.0688 1.3625 6.4665, 1.093 1.4131 6.3711, 1.1101 1.464 6.4725, 1.1108 1.4635 6.374, 1.1427 1.544 6.4772, 1.1582 1.5978 6.3818, 1.1854 1.7339 6.4876, 1.1849 1.7496 6.39, 1.1863 1.7493 6.4884, 1.1918 1.7885 6.3921, 1.1965 1.9243 6.4974, 1.194 1.9786 6.4018, 1.1839 2.0449 6.5038, 1.1839 2.0447 6.4053, 1.1765 2.1152 6.5075, 1.165 2.1696 6.412, 1.1247 2.3035 6.518, 1.1121 2.3315 6.4212, 1.1119 2.3311 6.5197, 1.1042 2.3557 6.4226, 1.0423 2.4813 6.5287, 1.0136 2.5291 6.4332, 0.9683 2.5895 6.5356, 0.9682 2.5892 6.4372, 0.9329 2.6414 6.539, 0.8974 2.6831 6.4434, 0.8015 2.779 6.5487, 0.768 2.8067 6.4526, 0.7669 2.8051 6.551, 0.7598 2.8144 6.4531, 0.6475 2.8951 6.5589, 0.5997 2.9238 6.4635, 0.5172 2.9632 6.5669, 0.5169 2.9623 6.4684, 0.4741 2.9857 6.5695, 0.422 3.0063 6.4741, 0.2881 3.0465 6.5801, 0.2369 3.0571 6.4845, 0.2365 3.0543 6.5829, 0.2337 3.058 6.4847, 0.0971 3.0755 6.5903, 0.0427 3.078 6.4947, -0.0584 3.0737 6.5983, -0.0582 3.0722 6.4999, -0.093 3.0733 6.6001, -0.1477 3.067 6.5045, -0.2838 3.0397 6.6104, -0.3375 3.0243 6.515, -0.3481 3.017 6.6141, -0.3489 3.0196 6.5156, -0.4685 2.9745 6.621, -0.5191 2.9503 6.5256, -0.6163 2.8928 6.6301, -0.6151 2.8911 6.5317, -0.6395 2.88 6.6316, -0.6849 2.8481 6.5361, -0.7903 2.7606 6.6416, -0.829 2.7228 6.546, -0.8426 2.7033 6.6456, -0.844 2.7047 6.5472, -0.9186 2.6198 6.6514, -0.9514 2.5753 6.5559, -1.0186 2.4658 6.6613, -1.0162 2.4644 6.5629, -1.0245 2.4568 6.6618, -1.0498 2.4068 6.5665, -1.1027 2.2771 6.6725, -1.1194 2.2236 6.5771, -1.1244 2.19 6.6773, -1.1261 2.1905 6.5789, -1.1499 2.0879 6.683, -1.1576 2.0333 6.5875, -1.1623 1.8971 6.5945, -1.1451 1.6793 5.1295, -1.1336 1.6248 5.0341, -1.1246 1.6045 5.1337, -1.1268 1.604 5.0352, -1.0933 1.491 5.14, -1.0728 1.4388 5.0447, -1.0181 1.3288 5.1498, -1.016 1.33 5.0513, -1.0109 1.3132 5.1507, -0.9822 1.2654 5.0553, -0.9015 1.1531 5.161, -0.866 1.1114 5.0655, -0.8426 1.0913 5.1654, -0.8439 1.0902 5.067, -0.7702 1.0155 5.1708, -0.7285 0.98 5.0752, -0.6171 0.9001 5.1809, -0.6153 0.9027 5.0825, -0.6162 0.8994 5.1809, -0.5683 0.8706 5.0855, -0.4428 0.8087 5.1916, -0.3906 0.7882 5.0962, -0.348 0.7778 5.197, -0.3485 0.7766 5.0985, -0.2567 0.748 5.2022, -0.2023 0.7364 5.1067, -0.0657 0.7189 5.2124, -0.0582 0.7213 5.1143, -0.0585 0.719 5.2128, -0.0114 0.7164 5.1167, 0.1244 0.7211 5.2221, 0.179 0.7275 5.1266, 0.2363 0.7409 5.2282, 0.2363 0.7404 5.1297, 0.3152 0.7547 5.2324, 0.3689 0.7702 5.137, 0.4999 0.8199 5.2431, 0.5177 0.8308 5.1457, 0.5178 0.8299 5.2442, 0.5504 0.8441 5.1477, 0.6709 0.9145 5.2536, 0.7162 0.9463 5.1581, 0.7663 0.99 5.26, 0.7663 0.9898 5.1616, 0.8217 1.0339 5.2637, 0.8604 1.0717 5.168, 0.95 1.1746 5.2735, 0.9701 1.2039 5.1769, 0.9692 1.2043 5.2754, 0.9828 1.2192 5.178, 1.0558 1.3377 5.2839, 1.0812 1.3876 5.1885, 1.1107 1.4638 5.2914, 1.1102 1.4638 5.1929, 1.1341 1.5174 5.2946, 1.1508 1.5708 5.1992, 1.1813 1.7065 5.3051, 1.1866 1.7494 5.2089, 1.1848 1.7494 5.3073, 1.1889 1.7612 5.2095, 1.1968 1.8972 5.315, 1.1955 1.9514 5.2193, 1.1848 2.045 5.3226, 1.1836 2.0448 5.2242, 1.1813 2.0879 5.3249, 1.1711 2.1425 5.2294, 1.1341 2.2771 5.3354, 1.1148 2.3297 5.24, 1.1107 2.3307 5.3386, 1.1137 2.3319 5.2401, 1.0558 2.4568 5.346, 1.0282 2.5054 5.2506, 0.9692 2.5902 5.3546, 0.968 2.5892 5.2561, 0.95 2.6198 5.3564, 0.9154 2.6625 5.2609, 0.8217 2.7606 5.3662, 0.7809 2.7969 5.2706, 0.7663 2.8044 5.3699, 0.7678 2.8063 5.2715, 0.6709 2.88 5.3763, 0.6238 2.9097 5.2809, 0.5178 2.9646 5.3858, 0.5169 2.9625 5.2873, 0.4999 2.9745 5.3869, 0.4482 2.9963 5.2915, 0.3152 3.0397 5.3975, 0.2609 3.0526 5.3021, 0.2363 3.0536 5.4018, 0.2368 3.0557 5.3034, 0.1244 3.0733 5.4078, 0.0699 3.0771 5.3122, -0.0585 3.0754 5.4172, -0.0584 3.0726 5.3188, -0.0657 3.0755 5.4175, -0.1203 3.0705 5.322, -0.2567 3.0465 5.4278, -0.3107 3.0323 5.3323, -0.348 3.0167 5.433, -0.3483 3.018 5.3345, -0.4428 2.9857 5.4384, -0.4939 2.9627 5.343, -0.6162 2.8951 5.449, -0.6155 2.8917 5.3506, -0.6171 2.8944 5.449, -0.6624 2.8643 5.3535, -0.7702 2.779 5.4592, -0.8099 2.7419 5.3635, -0.8426 2.7031 5.4645, -0.843 2.7038 5.3661, -0.9015 2.6414 5.4689, -0.9352 2.5978 5.3734, -1.0109 2.4813 5.4792, -1.0171 2.4649 5.3817, -1.0181 2.4657 5.4802, -1.0374 2.432 5.3838, -1.0933 2.3035 5.4899, -1.1114 2.2504 5.3945, -1.1246 2.1899 5.4962, -1.1249 2.1902 5.3978, -1.1451 2.1152 5.5004, -1.1541 2.0606 5.4049, -1.1651 1.9243 5.5104, -1.1635 1.8971 5.4134, -1.1635 1.8973 5.5118, -1.1651 1.8702 5.4148, -1.1541 1.7339 5.5203, -1.1451 1.6793 5.4248, -1.1249 1.6043 5.5274, -1.1246 1.6045 5.429, -1.1114 1.544 5.5307, -1.0933 1.491 5.4353, -1.0374 1.3625 5.5414, -1.0181 1.3288 5.445, -1.0171 1.3296 5.5435, -1.0109 1.3132 5.446, -0.9352 1.1967 5.5518, -0.9015 1.1531 5.4563, -0.843 1.0907 5.5591, -0.8426 1.0913 5.4607, -0.8099 1.0526 5.5617, -0.7702 1.0155 5.4661, -0.6624 0.9302 5.5717, -0.6171 0.9001 5.4762, -0.6155 0.9028 5.5746, -0.6162 0.8994 5.4762, -0.4939 0.8317 5.5822, -0.4428 0.8087 5.4868, -0.3483 0.7764 5.5907, -0.348 0.7778 5.4922, -0.3107 0.7621 5.5929, -0.2567 0.748 5.4975, -0.1203 0.724 5.6032, -0.0657 0.7189 5.5077, -0.0584 0.7218 5.6064, -0.0585 0.719 5.508, 0.0699 0.7174 5.613, 0.1244 0.7211 5.5174, 0.2368 0.7388 5.6218, 0.2363 0.7409 5.5234, 0.2609 0.7419 5.6231, 0.3152 0.7547 5.5277, 0.4482 0.7982 5.6337, 0.4999 0.8199 5.5383, 0.5169 0.832 5.6379, 0.5178 0.8299 5.5394, 0.6238 0.8847 5.6443, 0.6709 0.9145 5.5489, 0.7678 0.9882 5.6537, 0.7663 0.99 5.5553, 0.7809 0.9976 5.6546, 0.8217 1.0339 5.559, 0.9154 1.132 5.6643, 0.95 1.1746 5.5688, 0.968 1.2053 5.6691, 0.9692 1.2043 5.5706, 1.0282 1.2891 5.6746, 1.0558 1.3377 5.5792, 1.1137 1.4625 5.6851, 1.1107 1.4638 5.5866, 1.1148 1.4648 5.6852, 1.1341 1.5174 5.5898, 1.1711 1.652 5.6958, 1.1813 1.7065 5.6003, 1.1836 1.7497 5.701, 1.1848 1.7494 5.6026, 1.1955 1.843 5.7059, 1.1968 1.8972 5.6102, 1.1889 2.0333 5.7157, 1.1848 2.045 5.6179, 1.1866 2.0451 5.7163, 1.1813 2.0879 5.6202, 1.1508 2.2236 5.726, 1.1341 2.2771 5.6306, 1.1102 2.3306 5.7323, 1.1107 2.3307 5.6338, 1.0812 2.4068 5.7367, 1.0558 2.4568 5.6413, 0.9828 2.5753 5.7472, 0.9692 2.5902 5.6498, 0.9701 2.5905 5.7483, 0.95 2.6198 5.6517, 0.8604 2.7228 5.7572, 0.8217 2.7606 5.6615, 0.7663 2.8046 5.7636, 0.7663 2.8044 5.6652, 0.7162 2.8481 5.7671, 0.6709 2.88 5.6716, 0.5504 2.9503 5.7775, 0.5178 2.9646 5.681, 0.5177 2.9637 5.7795, 0.4999 2.9745 5.6821, 0.3689 3.0243 5.7882, 0.3152 3.0397 5.6928, 0.2363 3.0541 5.7955, 0.2363 3.0536 5.6971, 0.179 3.067 5.7986, 0.1244 3.0733 5.7031, -0.0114 3.078 5.8085, -0.0585 3.0754 5.7124, -0.0582 3.0731 5.8109, -0.0657 3.0755 5.7128, -0.2023 3.058 5.8185, -0.2567 3.0465 5.723, -0.3485 3.0178 5.8267, -0.348 3.0167 5.7282, -0.3906 3.0063 5.829, -0.4428 2.9857 5.7337, -0.5683 2.9238 5.8397, -0.6162 2.8951 5.7443, -0.6153 2.8917 5.8427, -0.6171 2.8944 5.7443, -0.7285 2.8144 5.85, -0.7702 2.779 5.7544, -0.8439 2.7043 5.8582, -0.8426 2.7031 5.7598, -0.866 2.6831 5.8598, -0.9015 2.6414 5.7642, -0.9822 2.5291 5.8699, -1.0109 2.4813 5.7745, -1.016 2.4645 5.8739, -1.0181 2.4657 5.7754, -1.0728 2.3557 5.8805, -1.0933 2.3035 5.7852, -1.1268 2.1905 5.89, -1.1246 2.1899 5.7915, -1.1336 2.1696 5.8911, -1.1451 2.1152 5.7957, -1.1626 1.9786 5.9014, -1.1651 1.9243 5.8057, -1.1617 1.8973 5.9055, -1.1635 1.8973 5.8071, -1.1604 1.7885 5.9111, -1.1541 1.7339 5.8155, -1.1278 1.6036 5.9211, -1.1249 1.6043 5.8227, -1.1027 1.5174 3.9574, -1.1069 1.5301 3.9567, -1.0942 1.4933 3.9567, -1.0245 1.3377 3.9681, -1.0176 1.329 3.9567, -1.0186 1.3287 3.9687, -1.0072 1.3067 3.9567, -0.9186 1.1746 3.9785, -0.8891 1.138 3.9567, -0.8426 1.0912 3.9843, -0.8425 1.0915 3.9567, -0.7903 1.0339 3.9883, -0.7435 0.9925 3.9567, -0.6395 0.9145 3.9984, -0.6153 0.9027 3.9567, -0.6163 0.9017 3.9998, -0.5749 0.8744 3.9567, -0.4685 0.8199 4.0089, -0.3883 0.7874 3.9567, -0.3481 0.7774 4.0159, -0.3485 0.7767 3.9567, -0.2838 0.7547 4.0196, -0.093 0.7211 4.0299, -0.1894 0.7341 3.9567, -0.0584 0.7207 4.0316, -0.0581 0.7226 3.9567, 0.0971 0.7189 4.0396, 0.0157 0.7161 3.9567, 0.2208 0.7341 3.9567, 0.5167 0.8326 3.9567, 0.5172 0.8312 4.0631, 0.4741 0.8087 4.0604, 0.4197 0.7874 3.9567, 0.6475 0.8994 4.071, 0.6062 0.8744 3.9567, 0.7669 0.9894 4.0789, 0.7682 0.9877 3.9567, 0.7749 0.9925 3.9567, 0.8015 1.0155 4.0812, 0.9205 1.138 3.9567, 0.9329 1.1531 4.0909, 0.9683 1.205 4.0943, 0.9677 1.2055 3.9567, 1.0423 1.3132 4.1013, 1.0386 1.3067 3.9567, 1.1119 1.4633 4.1103, 1.1117 1.4635 3.9567, 1.1247 1.491 4.1119, 1.1256 1.4933 3.9567, 1.1765 1.6793 4.1225, 1.1788 1.6921 3.9567, 1.1839 1.7496 4.1262, 1.1839 1.7495 3.9567, 1.1965 1.8702 4.1325, 1.1968 1.8972 3.9567, 1.1863 2.0452 4.1415, 1.1839 2.0449 3.9567, 1.1854 2.0606 4.1423, 1.1788 2.1023 3.9567, 1.1427 2.2504 4.1528, 1.1256 2.3012 3.9567, 1.1101 2.3305 4.1575, 1.1117 2.331 3.9567, 1.0688 2.432 4.1634, 1.0386 2.4878 3.9567, 0.9707 2.5911 4.1735, 0.9677 2.589 3.9567, 0.9666 2.5978 4.1739, 0.9205 2.6564 3.9567, 0.8412 2.7419 4.1838, 0.7749 2.802 3.9567, 0.7661 2.8043 4.1888, 0.7682 2.8067 3.9567, 0.6938 2.8643 4.1937, 0.6062 2.9201 3.9567, 0.5253 2.9627 4.2042, 0.5167 2.9619 3.9567, 0.5184 2.9654 4.2046, 0.3421 3.0323 4.2149, 0.4197 3.0071 3.9567, 0.2362 3.0535 4.2207, 0.2367 3.0561 3.9567, 0.2208 3.0604 3.9567, 0.1517 3.0705 4.2253, 0.0157 3.0783 3.9567, -0.0385 3.0771 4.235, -0.0581 3.0719 3.9567, -0.0583 3.0746 4.2361, -1.1654 1.8972 4.2323, -1.1623 1.8973 4.3307, -1.1642 1.9514 4.328, -1.1626 1.8158 5.0238, -1.1651 1.8702 5.1195, -1.1617 1.8972 5.0197, -1.1635 1.8971 5.1181, -1.1604 2.0059 5.0141, -1.1541 2.0606 5.1097, -1.1278 2.1909 5.0041, -1.1249 2.1902 5.1025, -1.1268 2.1967 5.0038, -1.1114 2.2504 5.0992, -1.0616 2.3814 4.9932, -1.0374 2.432 5.0886, -1.0158 2.4643 4.9881, -1.0171 2.4649 5.0865, -0.967 2.5524 4.9826, -0.9352 2.5978 5.0781, -0.8477 2.7032 4.9725, -0.843 2.7038 5.0708, -0.8451 2.7055 4.9724, -0.8099 2.7419 5.0682, -0.7069 2.8315 4.9627, -0.6624 2.8643 5.0583, -0.615 2.8912 4.9569, -0.6155 2.8917 5.0553, -0.5439 2.9374 4.9523, -0.4939 2.9627 5.0477, -0.3641 3.0156 4.9417, -0.3483 3.018 5.0393, -0.349 3.0194 4.9408, -0.3107 3.0323 5.0371, -0.175 3.0628 4.9312, -0.1203 3.0705 5.0267, -0.0582 3.0723 4.9251, -0.0584 3.0726 5.0235, 0.0157 3.0783 4.9213, 0.0699 3.0771 5.0169, 0.2064 3.0628 4.9113, 0.2368 3.0557 5.0081, 0.2365 3.0553 4.9097, 0.2609 3.0526 5.0068, 0.3955 3.0156 4.9009, 0.4482 2.9963 4.9962, 0.5172 2.9627 4.8936, 0.5169 2.9625 4.9921, 0.5752 2.9374 4.8902, 0.6238 2.9097 4.9856, 0.7383 2.8315 4.8798, 0.7678 2.8063 4.9762, 0.7669 2.8054 4.8778, 0.7809 2.7969 4.9753, 0.8791 2.7032 4.87, 0.9154 2.6625 4.9656, 0.9689 2.5897 4.8624, 0.968 2.5892 4.9608, 0.9984 2.5524 4.8599, 1.0282 2.5054 4.9554, 1.093 2.3814 4.8494, 1.1137 2.3319 4.9449, 1.1108 2.331 4.8464, 1.1148 2.3297 4.9447, 1.1582 2.1967 4.8387, 1.1711 2.1425 4.9341, 1.1849 2.0448 4.8305, 1.1836 2.0448 4.929, 1.1918 2.0059 4.8284, 1.1955 1.9514 4.924, 1.194 1.8158 4.8187, 1.1889 1.7612 4.9143, 1.1839 1.7497 4.8152, 1.1866 1.7494 4.9136, 1.165 1.6248 4.8085, 1.1508 1.5708 4.9039, 1.1121 1.463 4.7992, 1.1102 1.4638 4.8977, 1.1042 1.4388 4.7978, 1.0812 1.3876 4.8932, 1.0136 1.2654 4.7872, 0.9828 1.2192 4.8827, 0.9682 1.2053 4.7833, 0.9701 1.2039 4.8817, 0.8974 1.1114 4.7771, 0.8604 1.0717 4.8727, 0.768 0.9878 4.7679, 0.7663 0.9898 4.8663, 0.7598 0.98 4.7673, 0.7162 0.9463 4.8629, 0.5997 0.8706 4.757, 0.5504 0.8441 4.8524, 0.5169 0.8322 4.752, 0.5177 0.8308 4.8505, 0.422 0.7882 4.7463, 0.3689 0.7702 4.8417, 0.2369 0.7373 4.736, 0.2363 0.7404 4.8344, 0.2337 0.7364 4.7358, 0.179 0.7275 4.8313, 0.0427 0.7164 4.7258, -0.0114 0.7164 4.8215, -0.0582 0.7223 4.7206, -0.0582 0.7213 4.819, -0.1477 0.7275 4.716, -0.2023 0.7364 4.8115, -0.3375 0.7702 4.7055, -0.3485 0.7766 4.8033, -0.3489 0.7748 4.7049, -0.3906 0.7882 4.8009, -0.5191 0.8441 4.6948, -0.5683 0.8706 4.7902, -0.6151 0.9033 4.6888, -0.6153 0.9027 4.7872, -0.6849 0.9463 4.6844, -0.7285 0.98 4.7799, -0.829 1.0717 4.6745, -0.8439 1.0902 4.7717, -0.844 1.0898 4.6733, -0.866 1.1114 4.7702, -0.9514 1.2192 4.6646, -0.9822 1.2654 4.76, -1.0162 1.3301 4.6576, -1.016 1.33 4.7561, -1.0498 1.3876 4.654, -1.0728 1.4388 4.7494, -1.1194 1.5708 4.6434, -1.1268 1.604 4.74, -1.1261 1.604 4.6416, -1.1336 1.6248 4.7388, -1.1576 1.7612 4.633, -1.1626 1.8158 4.7286, -1.1623 1.8973 4.626, -1.1617 1.8972 4.7244, -1.1642 1.9514 4.6232, -1.1604 2.0059 4.7188, -1.1397 2.1425 4.6131, -1.1278 2.1909 4.7089, -1.1254 2.1901 4.6104, -1.1268 2.1967 4.7085, -1.0834 2.3297 4.6025, -1.0616 2.3814 4.6979, -1.0167 2.465 4.5943, -1.0158 2.4643 4.6928, -0.9968 2.5054 4.5919, -0.967 2.5524 4.6873, -0.884 2.6625 4.5816, -0.8477 2.7032 4.6773, -0.843 2.7035 4.5787, -0.8451 2.7055 4.6771, -0.7496 2.7969 4.5719, -0.7069 2.8315 4.6675, -0.616 2.8928 4.5632, -0.615 2.8912 4.6616, -0.5924 2.9097 4.5617, -0.5439 2.9374 4.6571, -0.4168 2.9963 4.551, -0.3641 3.0156 4.6464, -0.3482 3.0169 4.5471, -0.349 3.0194 4.6456, -0.2295 3.0526 4.5404, -0.175 3.0628 4.6359, -0.0583 3.0746 4.5314, -0.0582 3.0723 4.6298, -0.0385 3.0771 4.5303, 0.0157 3.0783 4.626, 0.1517 3.0705 4.5206, 0.2064 3.0628 4.6161, 0.2362 3.0535 4.516, 0.2365 3.0553 4.6144, 0.3421 3.0323 4.5102, 0.3955 3.0156 4.6056, 0.5184 2.9654 4.4999, 0.5172 2.9627 4.5984, 0.5253 2.9627 4.4995, 0.5752 2.9374 4.5949, 0.6938 2.8643 4.489, 0.7383 2.8315 4.5845, 0.7661 2.8043 4.4841, 0.7669 2.8054 4.5825, 0.8412 2.7419 4.479, 0.8791 2.7032 4.5747, 0.9666 2.5978 4.4692, 0.9689 2.5897 4.5671, 0.9707 2.5911 4.4687, 0.9984 2.5524 4.5646, 1.0688 2.432 4.4587, 1.093 2.3814 4.5541, 1.1101 2.3305 4.4527, 1.1108 2.331 4.5512, 1.1427 2.2504 4.448, 1.1582 2.1967 4.5434, 1.1854 2.0606 4.4376, 1.1849 2.0448 4.5352, 1.1863 2.0452 4.4368, 1.1918 2.0059 4.5331, 1.1965 1.8702 4.4278, 1.194 1.8158 4.5234, 1.1839 1.7496 4.4214, 1.1839 1.7497 4.5199, 1.1765 1.6793 4.4178, 1.165 1.6248 4.5132, 1.1247 1.491 4.4072, 1.1121 1.463 4.504, 1.1119 1.4633 4.4055, 1.1042 1.4388 4.5026, 1.0423 1.3132 4.3965, 1.0136 1.2654 4.492, 0.9683 1.205 4.3896, 0.9682 1.2053 4.488, 0.9329 1.1531 4.3862, 0.8974 1.1114 4.4818, 0.8015 1.0155 4.3765, 0.768 0.9878 4.4726, 0.7669 0.9894 4.3742, 0.7598 0.98 4.4721, 0.6475 0.8994 4.3663, 0.5997 0.8706 4.4617, 0.5172 0.8312 4.3583, 0.5169 0.8322 4.4568, 0.4741 0.8087 4.3557, 0.422 0.7882 4.4511, 0.2881 0.748 4.3451, 0.2369 0.7373 4.4407, 0.2365 0.7401 4.3423, 0.2337 0.7364 4.4405, 0.0971 0.7189 4.3349, 0.0427 0.7164 4.4305, -0.0584 0.7207 4.3269, -0.0582 0.7223 4.4253, -0.093 0.7211 4.3251, -0.1477 0.7275 4.4207, -0.2838 0.7547 4.3148, -0.3375 0.7702 4.4102, -0.3481 0.7774 4.3111, -0.3489 0.7748 4.4096, -0.4685 0.8199 4.3042, -0.5191 0.8441 4.3996, -0.6163 0.9017 4.2951, -0.6151 0.9033 4.3935, -0.6395 0.9145 4.2936, -0.6849 0.9463 4.3891, -0.7903 1.0339 4.2836, -0.829 1.0717 4.3792, -0.8426 1.0912 4.2796, -0.844 1.0898 4.378, -0.9186 1.1746 4.2738, -0.9514 1.2192 4.3693, -1.0186 1.3287 4.2639, -1.0162 1.3301 4.3623, -1.0245 1.3377 4.2634, -1.0498 1.3876 4.3588, -1.1027 1.5174 4.2527, -1.1194 1.5708 4.3481, -1.1244 1.6045 4.2479, -1.1261 1.604 4.3463, -1.1499 1.7065 4.2422, -1.1576 1.7612 4.3377, -0.2295 3.0526 4.2452, -0.1894 3.0604 3.9567, -0.3482 3.0169 4.2519, -0.3485 3.0178 3.9567, -0.4168 2.9963 4.2557, -0.3883 3.0071 3.9567, -0.5924 2.9097 4.2664, -0.5749 2.9201 3.9567, -0.616 2.8928 4.2679, -0.6153 2.8918 3.9567, -0.7496 2.7969 4.2766, -0.7435 2.802 3.9567, -0.843 2.7035 4.2834, -0.8425 2.703 3.9567, -0.884 2.6625 4.2864, -0.8891 2.6564 3.9567, -0.9968 2.5054 4.2966, -1.0072 2.4878 3.9567, -1.0167 2.465 4.2991, -1.0176 2.4654 3.9567, -1.0834 2.3297 4.3073, -1.0942 2.3012 3.9567, -1.1254 2.1901 4.3151, -1.124 2.1898 3.9567, -1.1397 2.1425 4.3178, -1.1475 2.1023 3.9567, -1.1654 1.8972 3.9567, 0.857 1.6913 11.8898, 0.8818 1.9035 11.8898, -0.1161 1.0412 11.8898, 0.8597 2.0919 11.8898, -0.2377 2.7255 11.8898, -0.6598 1.3551 11.8898, -0.7719 1.5369 11.8898, -0.8362 1.7406 11.8898, -0.4119 2.6505 11.8898, -0.5833 2.5229 11.8898, -0.7182 2.3573 11.8898, -0.8085 2.1637 11.8898, -0.8486 1.9539 11.8898, -0.5066 1.2063 11.8898, -0.3216 1.0995 11.8898, 0.4969 1.1771 11.8898, 0.6585 1.3167 11.8898, 0.306 1.0812 11.8898, 0.0974 1.035 11.8898, 0.781 1.4917 11.8898
            ]
        }
        coordIndex [
            0,1,2,-1,3,4,5,-1,5,4,6,-1,5,6,7,-1,3,8,4,-1,4,8,9,-1,4,9,10,-1,11,12,13,-1,13,12,10,-1,13,10,14,-1,14,10,9,-1,11,15,12,-1,12,15,16,-1,12,16,17,-1,16,18,17,-1,17,18,19,-1,17,19,20,-1,19,21,20,-1,20,21,22,-1,20,22,23,-1,23,22,24,-1,25,26,27,-1,27,26,23,-1,27,23,28,-1,28,23,24,-1,25,29,26,-1,26,29,30,-1,26,30,31,-1,32,33,34,-1,30,35,31,-1,31,35,36,-1,31,36,34,-1,34,36,37,-1,34,37,32,-1,38,39,40,-1,38,40,41,-1,41,40,42,-1,41,42,43,-1,44,45,46,-1,46,45,38,-1,38,45,47,-1,38,47,39,-1,37,48,32,-1,32,48,49,-1,32,49,50,-1,50,49,51,-1,50,51,52,-1,52,51,53,-1,52,53,54,-1,54,53,44,-1,54,44,55,-1,55,44,46,-1,56,57,58,-1,58,57,59,-1,58,59,60,-1,60,59,7,-1,60,7,61,-1,61,7,6,-1,61,6,62,-1,56,58,63,-1,63,58,64,-1,63,64,65,-1,65,64,66,-1,65,66,67,-1,67,66,68,-1,67,68,69,-1,69,68,70,-1,69,70,71,-1,72,73,74,-1,72,74,75,-1,72,76,73,-1,73,76,77,-1,73,77,78,-1,78,77,79,-1,78,79,80,-1,80,79,81,-1,80,81,82,-1,82,81,83,-1,82,83,70,-1,70,83,84,-1,70,84,71,-1,74,85,75,-1,75,85,86,-1,75,86,87,-1,87,86,88,-1,87,88,89,-1,89,88,90,-1,90,88,91,-1,90,91,92,-1,92,91,93,-1,92,93,94,-1,94,93,95,-1,95,93,96,-1,95,96,97,-1,96,98,97,-1,97,98,99,-1,97,99,100,-1,100,99,101,-1,100,101,102,-1,103,104,105,-1,105,104,106,-1,105,106,107,-1,107,106,108,-1,107,108,101,-1,101,108,109,-1,101,109,102,-1,103,43,104,-1,104,43,42,-1,104,42,110,-1,110,42,111,-1,112,113,114,-1,114,113,115,-1,114,115,116,-1,116,115,117,-1,116,117,118,-1,118,117,119,-1,118,119,120,-1,120,119,121,-1,120,121,122,-1,122,121,123,-1,122,123,124,-1,124,123,125,-1,124,125,126,-1,126,125,127,-1,126,127,128,-1,128,127,129,-1,128,129,130,-1,130,129,131,-1,130,131,132,-1,132,131,133,-1,132,133,134,-1,134,133,135,-1,134,135,136,-1,136,135,137,-1,136,137,138,-1,138,137,139,-1,138,139,140,-1,140,139,141,-1,140,141,142,-1,142,141,143,-1,142,143,144,-1,144,143,145,-1,144,145,146,-1,146,145,147,-1,146,147,148,-1,148,147,149,-1,148,149,150,-1,150,149,151,-1,150,151,152,-1,152,151,153,-1,152,153,154,-1,154,153,155,-1,154,155,156,-1,156,155,157,-1,156,157,158,-1,158,157,159,-1,158,159,160,-1,160,159,161,-1,160,161,162,-1,162,161,163,-1,162,163,164,-1,164,163,165,-1,164,165,166,-1,166,165,167,-1,166,167,168,-1,168,167,169,-1,168,169,170,-1,170,169,171,-1,170,171,172,-1,172,171,173,-1,172,173,174,-1,174,173,175,-1,174,175,176,-1,176,175,177,-1,176,177,178,-1,178,177,179,-1,178,179,180,-1,180,179,181,-1,180,181,182,-1,182,181,183,-1,182,183,184,-1,184,183,185,-1,184,185,186,-1,186,185,187,-1,186,187,188,-1,188,187,189,-1,188,189,190,-1,190,189,191,-1,190,191,192,-1,192,191,193,-1,192,193,194,-1,194,193,195,-1,194,195,196,-1,196,195,197,-1,196,197,198,-1,198,197,199,-1,198,199,200,-1,200,199,201,-1,200,201,202,-1,202,201,203,-1,202,203,204,-1,204,203,205,-1,204,205,206,-1,206,205,207,-1,206,207,208,-1,208,207,209,-1,208,209,210,-1,210,209,211,-1,210,211,212,-1,212,211,213,-1,212,213,214,-1,214,213,215,-1,214,215,216,-1,216,215,217,-1,216,217,218,-1,218,217,219,-1,218,219,220,-1,220,219,221,-1,220,221,222,-1,222,221,223,-1,222,223,224,-1,224,223,225,-1,224,225,226,-1,226,225,227,-1,226,227,228,-1,228,227,229,-1,228,229,230,-1,230,229,231,-1,230,231,232,-1,232,231,233,-1,232,233,234,-1,234,233,235,-1,234,235,236,-1,236,235,237,-1,236,237,238,-1,238,237,239,-1,238,239,240,-1,240,239,241,-1,240,241,242,-1,242,241,243,-1,242,243,244,-1,244,243,245,-1,244,245,246,-1,246,245,247,-1,246,247,248,-1,248,247,249,-1,248,249,250,-1,250,249,251,-1,250,251,252,-1,252,251,253,-1,252,253,254,-1,254,253,255,-1,254,255,256,-1,256,255,257,-1,256,257,258,-1,258,257,259,-1,258,259,260,-1,260,259,261,-1,260,261,262,-1,262,261,263,-1,262,263,264,-1,264,263,265,-1,264,265,266,-1,266,265,267,-1,266,267,268,-1,268,267,269,-1,268,269,270,-1,270,269,271,-1,270,271,272,-1,272,271,273,-1,272,273,274,-1,274,273,275,-1,274,275,276,-1,276,275,277,-1,276,277,278,-1,278,277,279,-1,278,279,280,-1,280,279,281,-1,280,281,282,-1,282,281,283,-1,282,283,284,-1,284,283,285,-1,284,285,286,-1,286,285,287,-1,286,287,288,-1,288,287,289,-1,288,289,290,-1,290,289,291,-1,290,291,292,-1,292,291,293,-1,292,293,294,-1,294,293,295,-1,294,295,296,-1,296,295,297,-1,296,297,298,-1,298,297,299,-1,298,299,300,-1,300,299,301,-1,300,301,302,-1,302,301,303,-1,302,303,304,-1,304,303,305,-1,304,305,306,-1,306,305,307,-1,306,307,308,-1,308,307,309,-1,308,309,310,-1,310,309,311,-1,310,311,312,-1,312,311,313,-1,312,313,314,-1,314,313,315,-1,314,315,316,-1,316,315,317,-1,316,317,318,-1,318,317,319,-1,318,319,320,-1,320,319,321,-1,320,321,322,-1,322,321,323,-1,322,323,324,-1,324,323,325,-1,324,325,326,-1,326,325,327,-1,326,327,328,-1,328,327,329,-1,328,329,330,-1,330,329,331,-1,330,331,332,-1,332,331,333,-1,332,333,334,-1,334,333,335,-1,334,335,336,-1,336,335,337,-1,336,337,338,-1,338,337,339,-1,338,339,340,-1,340,339,341,-1,340,341,342,-1,342,341,343,-1,342,343,344,-1,344,343,345,-1,344,345,346,-1,346,345,347,-1,346,347,348,-1,348,347,349,-1,348,349,350,-1,350,349,351,-1,350,351,352,-1,352,351,353,-1,352,353,354,-1,354,353,355,-1,354,355,356,-1,356,355,357,-1,356,357,111,-1,111,357,358,-1,111,358,110,-1,359,360,361,-1,361,360,362,-1,361,362,363,-1,363,362,364,-1,363,364,365,-1,365,364,366,-1,365,366,367,-1,367,366,368,-1,367,368,369,-1,369,368,370,-1,369,370,371,-1,371,370,372,-1,371,372,373,-1,373,372,374,-1,373,374,375,-1,375,374,376,-1,375,376,377,-1,377,376,378,-1,377,378,379,-1,379,378,380,-1,379,380,381,-1,381,380,382,-1,381,382,383,-1,383,382,384,-1,383,384,385,-1,385,384,386,-1,385,386,387,-1,387,386,388,-1,387,388,389,-1,389,388,390,-1,389,390,391,-1,391,390,392,-1,391,392,393,-1,393,392,394,-1,393,394,395,-1,395,394,396,-1,395,396,397,-1,397,396,398,-1,397,398,399,-1,399,398,400,-1,399,400,401,-1,401,400,402,-1,401,402,403,-1,403,402,404,-1,403,404,405,-1,405,404,406,-1,405,406,407,-1,407,406,408,-1,407,408,409,-1,409,408,410,-1,409,410,411,-1,411,410,412,-1,411,412,413,-1,413,412,414,-1,413,414,415,-1,415,414,416,-1,415,416,417,-1,417,416,418,-1,417,418,419,-1,419,418,420,-1,419,420,421,-1,421,420,422,-1,421,422,423,-1,423,422,424,-1,423,424,425,-1,425,424,426,-1,425,426,427,-1,427,426,428,-1,427,428,429,-1,429,428,430,-1,429,430,431,-1,431,430,432,-1,431,432,433,-1,433,432,434,-1,433,434,435,-1,435,434,436,-1,435,436,437,-1,437,436,438,-1,437,438,439,-1,439,438,440,-1,439,440,441,-1,441,440,442,-1,441,442,443,-1,443,442,444,-1,443,444,445,-1,445,444,446,-1,445,446,447,-1,447,446,448,-1,447,448,449,-1,449,448,450,-1,449,450,451,-1,451,450,452,-1,451,452,453,-1,453,452,454,-1,453,454,455,-1,455,454,456,-1,455,456,457,-1,457,456,458,-1,457,458,459,-1,459,458,460,-1,459,460,461,-1,461,460,462,-1,461,462,463,-1,463,462,464,-1,463,464,465,-1,465,464,466,-1,465,466,467,-1,467,466,468,-1,467,468,469,-1,469,468,470,-1,469,470,471,-1,471,470,472,-1,471,472,473,-1,473,472,474,-1,473,474,475,-1,475,474,476,-1,475,476,477,-1,477,476,478,-1,477,478,479,-1,479,478,480,-1,479,480,481,-1,481,480,482,-1,481,482,483,-1,483,482,484,-1,483,484,485,-1,485,484,486,-1,485,486,487,-1,487,486,488,-1,487,488,489,-1,489,488,490,-1,489,490,491,-1,491,490,492,-1,491,492,493,-1,493,492,494,-1,493,494,495,-1,495,494,496,-1,495,496,497,-1,497,496,498,-1,497,498,499,-1,499,498,500,-1,499,500,501,-1,501,500,502,-1,501,502,503,-1,503,502,504,-1,503,504,505,-1,505,504,506,-1,505,506,507,-1,507,506,508,-1,507,508,509,-1,509,508,510,-1,509,510,511,-1,511,510,512,-1,511,512,513,-1,513,512,514,-1,513,514,515,-1,515,514,516,-1,515,516,517,-1,517,516,518,-1,517,518,519,-1,519,518,520,-1,519,520,521,-1,521,520,522,-1,521,522,523,-1,523,522,524,-1,523,524,525,-1,525,524,526,-1,525,526,527,-1,527,526,528,-1,527,528,529,-1,529,528,530,-1,529,530,531,-1,531,530,532,-1,531,532,533,-1,533,532,534,-1,533,534,535,-1,535,534,536,-1,535,536,537,-1,537,536,538,-1,537,538,539,-1,539,538,540,-1,539,540,541,-1,541,540,542,-1,541,542,543,-1,543,542,544,-1,543,544,545,-1,545,544,546,-1,545,546,547,-1,547,546,548,-1,547,548,549,-1,549,548,550,-1,549,550,551,-1,551,550,552,-1,551,552,553,-1,553,552,554,-1,553,554,555,-1,555,554,556,-1,555,556,557,-1,557,556,558,-1,557,558,559,-1,559,558,560,-1,559,560,561,-1,561,560,562,-1,561,562,563,-1,563,562,564,-1,563,564,565,-1,565,564,566,-1,565,566,567,-1,567,566,568,-1,567,568,569,-1,569,568,570,-1,569,570,571,-1,571,570,572,-1,571,572,573,-1,573,572,574,-1,573,574,575,-1,575,574,576,-1,575,576,577,-1,577,576,578,-1,577,578,579,-1,579,578,580,-1,579,580,581,-1,581,580,582,-1,581,582,583,-1,583,582,584,-1,583,584,585,-1,585,584,586,-1,585,586,587,-1,587,586,588,-1,587,588,589,-1,589,588,590,-1,589,590,591,-1,591,590,592,-1,591,592,593,-1,593,592,594,-1,593,594,595,-1,595,594,596,-1,595,596,597,-1,597,596,598,-1,597,598,599,-1,599,598,600,-1,599,600,601,-1,601,600,602,-1,601,602,603,-1,603,602,604,-1,603,604,605,-1,605,604,606,-1,605,606,607,-1,607,606,608,-1,607,608,609,-1,609,608,610,-1,609,610,611,-1,611,610,612,-1,611,612,613,-1,613,612,614,-1,613,614,112,-1,112,614,113,-1,615,616,617,-1,615,617,618,-1,618,617,619,-1,618,619,620,-1,620,619,621,-1,620,621,622,-1,622,621,623,-1,622,623,624,-1,624,623,625,-1,624,625,626,-1,626,625,627,-1,626,627,628,-1,628,627,629,-1,628,629,630,-1,630,629,631,-1,630,631,632,-1,632,631,633,-1,632,633,634,-1,634,633,635,-1,634,635,636,-1,636,635,637,-1,637,635,638,-1,637,638,639,-1,639,638,640,-1,639,640,641,-1,641,640,642,-1,641,642,1,-1,1,642,643,-1,1,643,2,-1,644,645,646,-1,0,2,646,-1,646,2,647,-1,646,647,644,-1,645,644,648,-1,648,644,649,-1,648,649,650,-1,649,651,650,-1,650,651,652,-1,650,652,653,-1,653,652,654,-1,653,654,655,-1,655,654,656,-1,656,654,657,-1,656,657,658,-1,658,657,659,-1,658,659,660,-1,660,659,661,-1,660,661,662,-1,662,661,663,-1,662,663,664,-1,664,663,665,-1,664,665,666,-1,666,665,667,-1,666,667,668,-1,668,667,669,-1,668,669,670,-1,670,669,671,-1,670,671,672,-1,672,671,673,-1,672,673,674,-1,674,673,675,-1,674,675,676,-1,676,675,677,-1,676,677,678,-1,678,677,679,-1,678,679,680,-1,680,679,681,-1,680,681,682,-1,682,681,683,-1,682,683,684,-1,684,683,685,-1,684,685,686,-1,686,685,687,-1,686,687,688,-1,688,687,689,-1,688,689,690,-1,690,689,691,-1,690,691,692,-1,692,691,693,-1,693,691,694,-1,693,694,695,-1,694,696,695,-1,695,696,697,-1,695,697,698,-1,698,697,699,-1,698,699,700,-1,700,699,701,-1,700,701,702,-1,703,704,705,-1,360,359,706,-1,706,359,707,-1,706,707,708,-1,708,707,709,-1,708,709,710,-1,710,709,711,-1,710,711,712,-1,712,711,713,-1,712,713,714,-1,714,713,715,-1,714,715,716,-1,716,715,717,-1,716,717,718,-1,718,717,719,-1,718,719,720,-1,720,719,721,-1,720,721,722,-1,722,721,723,-1,722,723,724,-1,724,723,725,-1,724,725,726,-1,726,725,727,-1,726,727,728,-1,728,727,729,-1,728,729,730,-1,730,729,731,-1,730,731,732,-1,732,731,733,-1,732,733,734,-1,734,733,735,-1,734,735,736,-1,736,735,737,-1,736,737,738,-1,738,737,739,-1,738,739,740,-1,740,739,741,-1,740,741,742,-1,742,741,743,-1,742,743,744,-1,744,743,745,-1,744,745,746,-1,746,745,747,-1,746,747,748,-1,748,747,749,-1,748,749,750,-1,750,749,751,-1,750,751,752,-1,752,751,753,-1,752,753,754,-1,754,753,755,-1,754,755,756,-1,756,755,757,-1,756,757,758,-1,758,757,759,-1,758,759,760,-1,760,759,761,-1,760,761,762,-1,762,761,763,-1,762,763,764,-1,764,763,765,-1,764,765,766,-1,766,765,767,-1,766,767,768,-1,768,767,769,-1,768,769,770,-1,770,769,771,-1,770,771,772,-1,772,771,773,-1,772,773,774,-1,774,773,775,-1,774,775,776,-1,776,775,777,-1,776,777,778,-1,778,777,779,-1,778,779,780,-1,780,779,781,-1,780,781,782,-1,782,781,783,-1,782,783,784,-1,784,783,785,-1,784,785,786,-1,786,785,787,-1,786,787,788,-1,788,787,789,-1,788,789,790,-1,790,789,791,-1,790,791,792,-1,792,791,793,-1,792,793,794,-1,794,793,795,-1,794,795,796,-1,796,795,797,-1,796,797,798,-1,798,797,799,-1,798,799,800,-1,800,799,801,-1,800,801,802,-1,802,801,803,-1,802,803,804,-1,804,803,805,-1,804,805,806,-1,806,805,807,-1,806,807,808,-1,808,807,809,-1,808,809,810,-1,810,809,811,-1,810,811,812,-1,812,811,813,-1,812,813,814,-1,814,813,815,-1,814,815,816,-1,816,815,817,-1,816,817,818,-1,818,817,819,-1,818,819,820,-1,820,819,821,-1,820,821,822,-1,822,821,823,-1,822,823,824,-1,824,823,825,-1,824,825,826,-1,826,825,827,-1,826,827,828,-1,828,827,829,-1,828,829,830,-1,830,829,831,-1,830,831,832,-1,832,831,833,-1,832,833,834,-1,834,833,835,-1,834,835,836,-1,836,835,837,-1,836,837,838,-1,838,837,839,-1,838,839,840,-1,840,839,841,-1,840,841,842,-1,842,841,843,-1,842,843,844,-1,844,843,845,-1,844,845,846,-1,846,845,847,-1,846,847,848,-1,848,847,849,-1,848,849,850,-1,850,849,851,-1,850,851,852,-1,852,851,853,-1,852,853,854,-1,854,853,855,-1,854,855,856,-1,856,855,857,-1,856,857,858,-1,858,857,859,-1,858,859,860,-1,860,859,861,-1,860,861,862,-1,862,861,863,-1,862,863,864,-1,864,863,865,-1,864,865,866,-1,866,865,867,-1,866,867,868,-1,868,867,869,-1,868,869,870,-1,870,869,871,-1,870,871,872,-1,872,871,873,-1,872,873,874,-1,874,873,875,-1,874,875,876,-1,876,875,877,-1,876,877,878,-1,878,877,879,-1,878,879,880,-1,880,879,881,-1,880,881,882,-1,882,881,883,-1,882,883,884,-1,884,883,885,-1,884,885,886,-1,886,885,887,-1,886,887,888,-1,888,887,889,-1,888,889,890,-1,890,889,891,-1,890,891,892,-1,892,891,893,-1,892,893,894,-1,894,893,895,-1,894,895,896,-1,896,895,897,-1,896,897,898,-1,898,897,899,-1,898,899,900,-1,900,899,901,-1,900,901,902,-1,902,901,903,-1,902,903,904,-1,904,903,905,-1,904,905,906,-1,906,905,907,-1,906,907,908,-1,908,907,909,-1,908,909,910,-1,910,909,911,-1,910,911,912,-1,912,911,913,-1,912,913,914,-1,914,913,915,-1,914,915,916,-1,916,915,917,-1,916,917,918,-1,918,917,919,-1,918,919,920,-1,920,919,921,-1,920,921,922,-1,922,921,923,-1,922,923,924,-1,924,923,925,-1,924,925,926,-1,926,925,927,-1,926,927,928,-1,928,927,929,-1,928,929,930,-1,930,929,931,-1,930,931,932,-1,932,931,933,-1,932,933,934,-1,934,933,935,-1,934,935,936,-1,936,935,937,-1,936,937,938,-1,938,937,939,-1,938,939,940,-1,940,939,941,-1,940,941,942,-1,942,941,943,-1,942,943,944,-1,944,943,945,-1,944,945,946,-1,946,945,947,-1,946,947,948,-1,948,947,949,-1,948,949,950,-1,950,949,951,-1,950,951,952,-1,952,951,953,-1,952,953,954,-1,954,953,955,-1,954,955,956,-1,956,955,957,-1,956,957,958,-1,958,957,959,-1,958,959,703,-1,703,959,704,-1,702,701,960,-1,960,701,961,-1,960,961,962,-1,962,961,963,-1,962,963,964,-1,964,963,965,-1,964,965,966,-1,966,965,967,-1,966,967,968,-1,968,967,969,-1,968,969,970,-1,970,969,971,-1,970,971,972,-1,972,971,973,-1,972,973,974,-1,974,973,975,-1,974,975,976,-1,976,975,977,-1,976,977,978,-1,978,977,979,-1,978,979,980,-1,980,979,981,-1,980,981,982,-1,982,981,983,-1,982,983,984,-1,984,983,985,-1,984,985,705,-1,705,985,986,-1,705,986,703,-1,987,988,989,-1,988,990,991,-1,992,988,993,-1,993,988,994,-1,991,995,988,-1,988,995,996,-1,988,996,997,-1,997,998,988,-1,988,998,999,-1,988,999,994,-1,992,1000,988,-1,988,1000,1001,-1,988,1001,989,-1,1002,1003,1004,-1,1004,1003,1005,-1,1005,1003,989,-1,989,1003,1006,-1,989,1006,987,-1,
        ]
    }
}
Shape{
    appearance Appearance {
        material  Material 	{
            diffuseColor 0.0 1.0 1.0
            specularColor 0.0 0.5019607843137255 0.5019607843137255
            ambientIntensity 0.701
            transparency 0.0
            shininess 0.5
        }
    }
    geometry IndexedFaceSet {
        ccw TRUE
        solid FALSE
        coord DEF co Coordinate {
            point [
                -1.9243 3.8027 3.0315, -1.9528 3.7909 3.0315, -1.9725 3.7673 3.0315, -1.9773 3.7721 3.0315, -1.996 3.7476 3.0315, 2.0392 3.7191 3.0315, 2.0274 3.7476 3.0315, 2.0039 3.7673 3.0315, 2.0087 3.7721 3.0315, 1.9842 3.7909 3.0315, 1.9557 3.8027 3.0315, 1.9251 3.8067 3.0315, -1.8938 3.8067 3.0315, -2.0078 3.7191 3.0315, -2.0119 3.6886 3.0315, -1.9725 0.2634 3.0315, -2.0119 0.224 3.0315, 2.0039 0.2634 3.0315, 2.0432 0.224 3.0315, 2.0432 3.6886 3.0315, -1.9243 3.8027 0.2756, -1.8938 3.8067 0.2756, -2.0119 3.6886 0.2756, -1.8938 -0.0122 0.2756, -1.996 0.0468 0.2756, -2.0078 0.0753 0.2756, -2.0119 0.1059 0.2756, -1.996 3.7476 0.2756, -1.9773 3.7721 0.2756, -1.9528 3.7909 0.2756, 2.0087 3.7721 0.2756, 2.0274 3.7476 0.2756, 2.0392 3.7191 0.2756, 2.0432 3.6886 0.2756, 2.0432 0.1059 0.2756, 1.9251 -0.0122 0.2756, -1.9773 0.0224 0.2756, -1.9243 -0.0082 0.2756, -1.9528 0.0036 0.2756, -2.0078 3.7191 0.2756, 1.9251 3.8067 0.2756, 1.9557 3.8027 0.2756, 1.9842 3.7909 0.2756, 2.0087 0.0224 0.2756, 2.0274 0.0468 0.2756, 2.0392 0.0753 0.2756, 1.9842 0.0036 0.2756, 1.9557 -0.0082 0.2756, 1.9251 3.8067 1.4567, 1.4527 3.8067 1.4567, -1.8938 3.8067 1.4567, -1.4213 3.8067 1.4567, -1.4213 3.8067 0.9644, 1.4527 3.8067 0.9644
            ]
        }
        coordIndex [
            0,1,2,-1,2,1,3,-1,2,3,4,-1,5,6,7,-1,7,6,8,-1,7,8,9,-1,9,10,7,-1,7,10,11,-1,7,11,2,-1,2,11,12,-1,2,12,0,-1,4,13,2,-1,2,13,14,-1,2,14,15,-1,15,14,16,-1,15,16,17,-1,17,16,18,-1,17,18,7,-1,7,18,19,-1,7,19,5,-1,20,21,22,-1,23,24,25,-1,22,21,26,-1,27,28,29,-1,30,31,32,-1,33,34,35,-1,24,23,36,-1,36,23,37,-1,36,37,38,-1,20,22,29,-1,29,22,39,-1,29,39,27,-1,25,26,23,-1,23,26,21,-1,23,21,35,-1,35,21,40,-1,35,40,33,-1,33,40,41,-1,33,41,32,-1,32,41,42,-1,32,42,30,-1,43,34,44,-1,44,34,45,-1,43,46,34,-1,34,46,47,-1,34,47,35,-1,11,48,12,-1,12,48,49,-1,50,12,51,-1,51,12,49,-1,51,49,52,-1,52,49,53,-1,
        ]
    }
}
Shape{
    appearance Appearance {
        material  Material 	{
            diffuseColor 0.7529411764705882 0.7529411764705882 0.7529411764705882
            specularColor 0.3764705882352941 0.3764705882352941 0.3764705882352941
            ambientIntensity 0.7529
            transparency 0.0
            shininess 0.5
        }
    }
    geometry IndexedFaceSet {
        ccw TRUE
        solid FALSE
        coord DEF co Coordinate {
            point [
                1.9344 3.7673 3.0354, 2.0039 3.7673 3.0354, 2.0039 3.7673 3.0315, -1.9031 3.7673 3.0354, -1.9725 3.7673 3.0315, -1.9725 3.7673 3.0354, -1.272 1.8972 4.1708, -1.1654 1.8972 4.2323, -1.1654 1.8972 3.9567, -1.272 1.8972 3.9985, -1.3785 1.8972 4.06, -1.3785 1.8972 4.0846, -1.1712 1.8972 3.9428, -1.1728 1.8972 3.9413, -1.168 1.8972 3.9469, -1.3785 1.8972 4.1093, -1.1661 1.8972 3.9516, -1.272 1.8972 6.9267, -1.3785 1.8972 6.8652, -1.3785 1.8972 6.8406, -1.1654 1.8972 6.9882, -1.1654 1.8972 6.6929, -1.272 1.8972 6.7544, -1.3785 1.8972 6.8159, 0.5569 3.1821 6.7171, 0.5569 3.1821 6.6925, 0.3372 3.2538 6.7278, 0.3372 3.2538 6.7032, 0.1118 3.2881 6.738, 0.1118 3.2881 6.7134, -0.1126 3.2855 6.7477, -0.1126 3.2855 6.7231, -0.3378 3.2459 6.758, -0.3378 3.2459 6.7334, -0.5558 3.1689 6.7686, -0.5558 3.1689 6.744, -0.7577 3.0573 6.7792, -0.7577 3.0573 6.7546, -0.9357 2.9164 6.7893, -0.9357 2.9164 6.7647, -1.0871 2.7502 6.7991, -1.0871 2.7502 6.7745, -1.2121 2.5577 6.8095, -1.2121 2.5577 6.7849, -1.3044 2.3456 6.8201, -1.3044 2.3456 6.7955, -1.3602 2.1223 6.8306, -1.3602 2.1223 6.806, 0.7891 0.7372 5.4013, 0.7891 0.7372 5.3767, 0.9671 0.8781 5.4113, 0.9671 0.8781 5.3867, 1.1185 1.0443 5.4211, 1.1185 1.0443 5.3965, 1.2435 1.2367 5.4315, 1.2435 1.2367 5.4069, 1.3358 1.4489 5.4422, 1.3358 1.4489 5.4176, 1.3916 1.6721 5.4527, 1.3916 1.6721 5.4281, 1.4099 1.8972 5.4626, 1.4099 1.8972 5.438, 1.3916 2.1223 5.4725, 1.3916 2.1223 5.4479, 1.3358 2.3456 5.483, 1.3358 2.3456 5.4584, 1.2435 2.5577 5.4937, 1.2435 2.5577 5.4691, 1.1185 2.7502 5.5041, 1.1185 2.7502 5.4795, 0.9671 2.9164 5.5139, 0.9671 2.9164 5.4893, 0.7891 3.0573 5.5239, 0.7891 3.0573 5.4993, 0.5872 3.1689 5.5345, 0.5872 3.1689 5.5099, 0.3692 3.2459 5.5452, 0.3692 3.2459 5.5206, 0.144 3.2855 5.5555, 0.144 3.2855 5.5308, -0.0804 3.2881 5.5652, -0.0804 3.2881 5.5406, -0.3059 3.2538 5.5754, -0.3059 3.2538 5.5508, -0.5255 3.1821 5.586, -0.5255 3.1821 5.5614, -0.7302 3.0752 5.5966, -0.7302 3.0752 5.572, -0.9119 2.938 5.6068, -0.9119 2.938 5.5822, -1.067 2.7756 5.6165, -1.067 2.7756 5.5919, -1.1961 2.5866 5.6269, -1.1961 2.5866 5.6023, -1.2934 2.3768 5.6375, -1.2934 2.3768 5.6129, -1.3546 2.1545 5.6481, -1.3546 2.1545 5.6235, -1.3781 1.9292 5.6581, -1.3781 1.9292 5.6335, -1.3651 1.7044 5.6679, -1.3651 1.7044 5.6433, -1.3147 1.4803 5.6783, -1.3147 1.4803 5.6537, -1.2274 1.266 5.689, -1.2274 1.266 5.6644, -1.1068 1.0703 5.6995, -1.1068 1.0703 5.6749, -0.9588 0.9002 5.7093, -0.9588 0.9002 5.6847, -0.7847 0.7557 5.7193, -0.7847 0.7557 5.6947, -0.5859 0.6395 5.7298, -0.5859 0.6395 5.7052, -0.3696 0.5573 5.7405, -0.3696 0.5573 5.7159, -0.1449 0.5123 5.7509, -0.1449 0.5123 5.7263, 0.0797 0.5045 5.7606, 0.0797 0.5045 5.736, 0.3052 0.5334 5.7707, 0.3052 0.5334 5.7461, 0.5262 0.5999 5.7813, 0.5262 0.5999 5.7567, 0.7335 0.702 5.792, 0.7335 0.702 5.7674, 0.919 0.8352 5.8022, 0.919 0.8352 5.7776, 1.0777 0.9939 5.8119, 1.0777 0.9939 5.7873, 1.2109 1.1794 5.8222, 1.2109 1.1794 5.7976, 1.3131 1.3867 5.8328, 1.3131 1.3867 5.8082, 1.3795 1.6078 5.8434, 1.3795 1.6078 5.8188, 1.4084 1.8333 5.8536, 1.4084 1.8333 5.8289, 1.4006 2.0578 5.8633, 1.4006 2.0578 5.8387, 1.3556 2.2825 5.8737, 1.3556 2.2825 5.8491, 1.2734 2.4988 5.8843, 1.2734 2.4988 5.8597, 1.1572 2.6977 5.8949, 1.1572 2.6977 5.8703, 1.0127 2.8717 5.9048, 1.0127 2.8717 5.8802, 0.8426 3.0197 5.9147, 0.8426 3.0197 5.8901, 0.6469 3.1404 5.9252, 0.6469 3.1404 5.9006, 0.4326 3.2276 5.9358, 0.4326 3.2276 5.9112, 0.2085 3.278 5.9463, 0.2085 3.278 5.9217, -0.0162 3.2911 5.9561, -0.0162 3.2911 5.9315, -0.2416 3.2675 5.9661, -0.2416 3.2675 5.9415, -0.4639 3.2064 5.9767, -0.4639 3.2064 5.9521, -0.6737 3.1091 5.9873, -0.6737 3.1091 5.9627, -0.8627 2.9799 5.9977, -0.8627 2.9799 5.973, -1.0251 2.8249 6.0074, -1.0251 2.8249 5.9828, -1.1622 2.6431 6.0176, -1.1622 2.6431 5.9929, -1.2692 2.4384 6.0282, -1.2692 2.4384 6.0036, -1.3409 2.2188 6.0388, -1.3409 2.2188 6.0142, -1.3752 1.9933 6.049, -1.3752 1.9933 6.0244, -1.3726 1.7689 6.0587, -1.3726 1.7689 6.0341, -1.333 1.5437 6.069, -1.333 1.5437 6.0444, -1.256 1.3257 6.0797, -1.256 1.3257 6.0551, -1.1443 1.1239 6.0902, -1.1443 1.1239 6.0656, -1.0035 0.9459 6.1003, -1.0035 0.9459 6.0757, -0.8373 0.7944 6.1101, -0.8373 0.7944 6.0855, -0.6448 0.6694 6.1205, -0.6448 0.6694 6.0959, -0.4327 0.5771 6.1312, -0.4327 0.5771 6.1066, -0.2094 0.5213 6.1417, -0.2094 0.5213 6.1171, 0.0157 0.503 6.1516, 0.0157 0.503 6.127, 0.2408 0.5213 6.1615, 0.2408 0.5213 6.1369, 0.464 0.5771 6.172, 0.464 0.5771 6.1474, 0.6762 0.6694 6.1827, 0.6762 0.6694 6.1581, 0.8686 0.7944 6.1931, 0.8686 0.7944 6.1685, 1.0348 0.9459 6.2028, 1.0348 0.9459 6.1782, 1.1757 1.1239 6.2129, 1.1757 1.1239 6.1883, 1.2874 1.3257 6.2235, 1.2874 1.3257 6.1989, 1.3643 1.5437 6.2341, 1.3643 1.5437 6.2095, 1.404 1.7689 6.2444, 1.404 1.7689 6.2198, 1.4066 1.9933 6.2542, 1.4066 1.9933 6.2296, 1.3723 2.2188 6.2644, 1.3723 2.2188 6.2398, 1.3006 2.4384 6.275, 1.3006 2.4384 6.2504, 1.1936 2.6431 6.2856, 1.1936 2.6431 6.261, 1.0565 2.8249 6.2958, 1.0565 2.8249 6.2712, 0.8941 2.9799 6.3055, 0.8941 2.9799 6.2809, 0.7051 3.1091 6.3158, 0.7051 3.1091 6.2912, 0.4953 3.2064 6.3265, 0.4953 3.2064 6.3019, 0.273 3.2675 6.337, 0.273 3.2675 6.3124, 0.0476 3.2911 6.3471, 0.0476 3.2911 6.3225, -0.1771 3.278 6.3569, -0.1771 3.278 6.3323, -0.4012 3.2276 6.3673, -0.4012 3.2276 6.3427, -0.6155 3.1404 6.378, -0.6155 3.1404 6.3534, -0.8113 3.0197 6.3885, -0.8113 3.0197 6.3639, -0.9814 2.8717 6.3983, -0.9814 2.8717 6.3737, -1.1259 2.6977 6.4083, -1.1259 2.6977 6.3837, -1.2421 2.4988 6.4188, -1.2421 2.4988 6.3942, -1.3242 2.2825 6.4295, -1.3242 2.2825 6.4049, -1.3692 2.0578 6.4398, -1.3692 2.0578 6.4152, -1.377 1.8333 6.4496, -1.377 1.8333 6.425, -1.3481 1.6078 6.4597, -1.3481 1.6078 6.4351, -1.2817 1.3867 6.4703, -1.2817 1.3867 6.4457, -1.1795 1.1794 6.481, -1.1795 1.1794 6.4563, -1.0463 0.9939 6.4912, -1.0463 0.9939 6.4666, -0.8876 0.8352 6.5009, -0.8876 0.8352 6.4763, -0.7022 0.702 6.5112, -0.7022 0.702 6.4866, -0.4948 0.5999 6.5218, -0.4948 0.5999 6.4972, -0.2738 0.5334 6.5324, -0.2738 0.5334 6.5078, -0.0483 0.5045 6.5425, -0.0483 0.5045 6.5179, 0.1762 0.5123 6.5523, 0.1762 0.5123 6.5277, 0.401 0.5573 6.5627, 0.401 0.5573 6.538, 0.6172 0.6395 6.5733, 0.6172 0.6395 6.5487, 0.8161 0.7557 6.5838, 0.8161 0.7557 6.5592, 0.9902 0.9002 6.5938, 0.9902 0.9002 6.5692, 1.1382 1.0703 6.6037, 1.1382 1.0703 6.5791, 1.2588 1.266 6.6141, 1.2588 1.266 6.5895, 1.3461 1.4803 6.6248, 1.3461 1.4803 6.6002, 1.3965 1.7044 6.6353, 1.3965 1.7044 6.6106, 1.4095 1.9292 6.6451, 1.4095 1.9292 6.6205, 1.3859 2.1545 6.6551, 1.3859 2.1545 6.6305, 1.3248 2.3768 6.6656, 1.3248 2.3768 6.641, 1.2275 2.5866 6.6763, 1.2275 2.5866 6.6517, 1.0984 2.7756 6.6866, 1.0984 2.7756 6.662, 0.9433 2.938 6.6964, 0.9433 2.938 6.6718, 0.7615 3.0752 6.7065, 0.7615 3.0752 6.6819, -1.3602 1.6721 4.0946, -1.3602 1.6721 4.07, -1.3044 1.4489 4.1051, -1.3044 1.4489 4.0805, -1.2121 1.2367 4.1157, -1.2121 1.2367 4.0911, -1.0871 1.0443 4.1261, -1.0871 1.0443 4.1015, -0.9357 0.8781 4.1359, -0.9357 0.8781 4.1113, -0.7577 0.7372 4.146, -0.7577 0.7372 4.1214, -0.5558 0.6256 4.1566, -0.5558 0.6256 4.132, -0.3378 0.5486 4.1672, -0.3378 0.5486 4.1426, -0.1126 0.509 4.1775, -0.1126 0.509 4.1529, 0.1118 0.5064 4.1872, 0.1118 0.5064 4.1626, 0.3372 0.5406 4.1974, 0.3372 0.5406 4.1728, 0.5569 0.6124 4.2081, 0.5569 0.6124 4.1835, 0.7615 0.7193 4.2187, 0.7615 0.7193 4.1941, 0.9433 0.8564 4.2288, 0.9433 0.8564 4.2042, 1.0984 1.0188 4.2386, 1.0984 1.0188 4.214, 1.2275 1.2078 4.2489, 1.2275 1.2078 4.2243, 1.3248 1.4177 4.2596, 1.3248 1.4177 4.235, 1.3859 1.6399 4.2701, 1.3859 1.6399 4.2455, 1.4095 1.8653 4.2801, 1.4095 1.8653 4.2555, 1.3965 2.0901 4.29, 1.3965 2.0901 4.2653, 1.3461 2.3142 4.3004, 1.3461 2.3142 4.2758, 1.2588 2.5285 4.3111, 1.2588 2.5285 4.2865, 1.1382 2.7242 4.3215, 1.1382 2.7242 4.2969, 0.9902 2.8943 4.3314, 0.9902 2.8943 4.3068, 0.8161 3.0388 4.3414, 0.8161 3.0388 4.3168, 0.6172 3.155 4.3519, 0.6172 3.155 4.3273, 0.401 3.2371 4.3625, 0.401 3.2371 4.3379, 0.1762 3.2822 4.3729, 0.1762 3.2822 4.3483, -0.0483 3.29 4.3827, -0.0483 3.29 4.3581, -0.2738 3.2611 4.3928, -0.2738 3.2611 4.3682, -0.4948 3.1946 4.4034, -0.4948 3.1946 4.3788, -0.7022 3.0924 4.414, -0.7022 3.0924 4.3894, -0.8876 2.9592 4.4243, -0.8876 2.9592 4.3997, -1.0463 2.8005 4.434, -1.0463 2.8005 4.4094, -1.1795 2.6151 4.4443, -1.1795 2.6151 4.4196, -1.2817 2.4077 4.4549, -1.2817 2.4077 4.4303, -1.3481 2.1867 4.4655, -1.3481 2.1867 4.4409, -1.377 1.9612 4.4756, -1.377 1.9612 4.451, -1.3692 1.7367 4.4854, -1.3692 1.7367 4.4607, -1.3242 1.5119 4.4957, -1.3242 1.5119 4.4711, -1.2421 1.2957 4.5064, -1.2421 1.2957 4.4818, -1.1259 1.0968 4.5169, -1.1259 1.0968 4.4923, -0.9814 0.9227 4.5269, -0.9814 0.9227 4.5023, -0.8113 0.7748 4.5367, -0.8113 0.7748 4.5121, -0.6155 0.6541 4.5472, -0.6155 0.6541 4.5226, -0.4012 0.5668 4.5579, -0.4012 0.5668 4.5333, -0.1771 0.5164 4.5683, -0.1771 0.5164 4.5437, 0.0476 0.5034 4.5781, 0.0476 0.5034 4.5535, 0.273 0.527 4.5882, 0.273 0.527 4.5636, 0.4953 0.5881 4.5987, 0.4953 0.5881 4.5741, 0.7051 0.6854 4.6094, 0.7051 0.6854 4.5848, 0.8941 0.8146 4.6197, 0.8941 0.8146 4.5951, 1.0565 0.9696 4.6294, 1.0565 0.9696 4.6048, 1.1936 1.1514 4.6396, 1.1936 1.1514 4.615, 1.3006 1.3561 4.6502, 1.3006 1.3561 4.6256, 1.3723 1.5757 4.6608, 1.3723 1.5757 4.6362, 1.4066 1.8011 4.671, 1.4066 1.8011 4.6464, 1.404 2.0255 4.6808, 1.404 2.0255 4.6562, 1.3643 2.2507 4.6911, 1.3643 2.2507 4.6665, 1.2874 2.4688 4.7017, 1.2874 2.4688 4.6771, 1.1757 2.6706 4.7123, 1.1757 2.6706 4.6877, 1.0348 2.8486 4.7224, 1.0348 2.8486 4.6977, 0.8686 3.0001 4.7321, 0.8686 3.0001 4.7075, 0.6762 3.125 4.7425, 0.6762 3.125 4.7179, 0.464 3.2174 4.7532, 0.464 3.2174 4.7286, 0.2408 3.2731 4.7637, 0.2408 3.2731 4.7391, 0.0157 3.2914 4.7736, 0.0157 3.2914 4.749, -0.2094 3.2731 4.7835, -0.2094 3.2731 4.7589, -0.4327 3.2174 4.794, -0.4327 3.2174 4.7694, -0.6448 3.125 4.8047, -0.6448 3.125 4.7801, -0.8373 3.0001 4.8151, -0.8373 3.0001 4.7905, -1.0035 2.8486 4.8249, -1.0035 2.8486 4.8003, -1.1443 2.6706 4.835, -1.1443 2.6706 4.8104, -1.256 2.4688 4.8455, -1.256 2.4688 4.8209, -1.333 2.2507 4.8562, -1.333 2.2507 4.8316, -1.3726 2.0255 4.8665, -1.3726 2.0255 4.8419, -1.3752 1.8011 4.8762, -1.3752 1.8011 4.8516, -1.3409 1.5757 4.8864, -1.3409 1.5757 4.8618, -1.2692 1.3561 4.897, -1.2692 1.3561 4.8724, -1.1622 1.1514 4.9076, -1.1622 1.1514 4.883, -1.0251 0.9696 4.9178, -1.0251 0.9696 4.8932, -0.8627 0.8146 4.9275, -0.8627 0.8146 4.9029, -0.6737 0.6854 4.9379, -0.6737 0.6854 4.9133, -0.4639 0.5881 4.9485, -0.4639 0.5881 4.9239, -0.2416 0.527 4.9591, -0.2416 0.527 4.9345, -0.0162 0.5034 4.9691, -0.0162 0.5034 4.9445, 0.2085 0.5164 4.9789, 0.2085 0.5164 4.9543, 0.4326 0.5668 4.9894, 0.4326 0.5668 4.9648, 0.6469 0.6541 5.0, 0.6469 0.6541 4.9754, 0.8426 0.7748 5.0105, 0.8426 0.7748 4.9859, 1.0127 0.9227 5.0204, 1.0127 0.9227 4.9958, 1.1572 1.0968 5.0303, 1.1572 1.0968 5.0057, 1.2734 1.2957 5.0409, 1.2734 1.2957 5.0163, 1.3556 1.5119 5.0515, 1.3556 1.5119 5.0269, 1.4006 1.7367 5.0619, 1.4006 1.7367 5.0373, 1.4084 1.9612 5.0717, 1.4084 1.9612 5.047, 1.3795 2.1867 5.0818, 1.3795 2.1867 5.0572, 1.3131 2.4077 5.0924, 1.3131 2.4077 5.0678, 1.2109 2.6151 5.103, 1.2109 2.6151 5.0784, 1.0777 2.8005 5.1133, 1.0777 2.8005 5.0886, 0.919 2.9592 5.123, 0.919 2.9592 5.0984, 0.7335 3.0924 5.1332, 0.7335 3.0924 5.1086, 0.5262 3.1946 5.1439, 0.5262 3.1946 5.1193, 0.3052 3.2611 5.1545, 0.3052 3.2611 5.1298, 0.0797 3.29 5.1646, 0.0797 3.29 5.14, -0.1449 3.2822 5.1743, -0.1449 3.2822 5.1497, -0.3696 3.2371 5.1847, -0.3696 3.2371 5.1601, -0.5859 3.155 5.1954, -0.5859 3.155 5.1708, -0.7847 3.0388 5.2059, -0.7847 3.0388 5.1813, -0.9588 2.8943 5.2159, -0.9588 2.8943 5.1913, -1.1068 2.7242 5.2257, -1.1068 2.7242 5.2011, -1.2274 2.5285 5.2362, -1.2274 2.5285 5.2116, -1.3147 2.3142 5.2469, -1.3147 2.3142 5.2223, -1.3651 2.0901 5.2573, -1.3651 2.0901 5.2327, -1.3781 1.8653 5.2671, -1.3781 1.8653 5.2425, -1.3546 1.6399 5.2771, -1.3546 1.6399 5.2525, -1.2934 1.4177 5.2877, -1.2934 1.4177 5.2631, -1.1961 1.2078 5.2983, -1.1961 1.2078 5.2737, -1.067 1.0188 5.3087, -1.067 1.0188 5.2841, -0.9119 0.8564 5.3184, -0.9119 0.8564 5.2938, -0.7302 0.7193 5.3286, -0.7302 0.7193 5.304, -0.5255 0.6124 5.3392, -0.5255 0.6124 5.3146, -0.3059 0.5406 5.3498, -0.3059 0.5406 5.3252, -0.0804 0.5064 5.36, -0.0804 0.5064 5.3354, 0.144 0.509 5.3697, 0.144 0.509 5.3451, 0.3692 0.5486 5.38, 0.3692 0.5486 5.3554, 0.5872 0.6256 5.3907, 0.5872 0.6256 5.3661, 0.5569 3.1821 6.7417, 0.3372 3.2538 6.7524, 0.1118 3.2881 6.7626, -0.1126 3.2855 6.7723, -0.3378 3.2459 6.7826, -0.5558 3.1689 6.7933, -0.7577 3.0573 6.8038, -0.9357 2.9164 6.8139, -1.0871 2.7502 6.8237, -1.2121 2.5577 6.8341, -1.3044 2.3456 6.8448, -1.3602 2.1223 6.8552, 0.7891 0.7372 5.4259, 0.9671 0.8781 5.4359, 1.1185 1.0443 5.4457, 1.2435 1.2367 5.4561, 1.3358 1.4489 5.4668, 1.3916 1.6721 5.4773, 1.4099 1.8972 5.4872, 1.3916 2.1223 5.4971, 1.3358 2.3456 5.5076, 1.2435 2.5577 5.5183, 1.1185 2.7502 5.5287, 0.9671 2.9164 5.5385, 0.7891 3.0573 5.5485, 0.5872 3.1689 5.5591, 0.3692 3.2459 5.5698, 0.144 3.2855 5.5801, -0.0804 3.2881 5.5898, -0.3059 3.2538 5.6, -0.5255 3.1821 5.6106, -0.7302 3.0752 5.6212, -0.9119 2.938 5.6314, -1.067 2.7756 5.6411, -1.1961 2.5866 5.6515, -1.2934 2.3768 5.6621, -1.3546 2.1545 5.6727, -1.3781 1.9292 5.6827, -1.3651 1.7044 5.6925, -1.3147 1.4803 5.7029, -1.2274 1.266 5.7136, -1.1068 1.0703 5.7241, -0.9588 0.9002 5.734, -0.7847 0.7557 5.7439, -0.5859 0.6395 5.7544, -0.3696 0.5573 5.7651, -0.1449 0.5123 5.7755, 0.0797 0.5045 5.7852, 0.3052 0.5334 5.7954, 0.5262 0.5999 5.8059, 0.7335 0.702 5.8166, 0.919 0.8352 5.8268, 1.0777 0.9939 5.8366, 1.2109 1.1794 5.8468, 1.3131 1.3867 5.8574, 1.3795 1.6078 5.868, 1.4084 1.8333 5.8782, 1.4006 2.0578 5.8879, 1.3556 2.2825 5.8983, 1.2734 2.4988 5.9089, 1.1572 2.6977 5.9195, 1.0127 2.8717 5.9294, 0.8426 3.0197 5.9393, 0.6469 3.1404 5.9498, 0.4326 3.2276 5.9604, 0.2085 3.278 5.9709, -0.0162 3.2911 5.9807, -0.2416 3.2675 5.9907, -0.4639 3.2064 6.0013, -0.6737 3.1091 6.0119, -0.8627 2.9799 6.0223, -1.0251 2.8249 6.032, -1.1622 2.6431 6.0422, -1.2692 2.4384 6.0528, -1.3409 2.2188 6.0634, -1.3752 1.9933 6.0736, -1.3726 1.7689 6.0833, -1.333 1.5437 6.0936, -1.256 1.3257 6.1043, -1.1443 1.1239 6.1148, -1.0035 0.9459 6.1249, -0.8373 0.7944 6.1347, -0.6448 0.6694 6.1451, -0.4327 0.5771 6.1558, -0.2094 0.5213 6.1663, 0.0157 0.503 6.1762, 0.2408 0.5213 6.1861, 0.464 0.5771 6.1966, 0.6762 0.6694 6.2073, 0.8686 0.7944 6.2177, 1.0348 0.9459 6.2275, 1.1757 1.1239 6.2375, 1.2874 1.3257 6.2481, 1.3643 1.5437 6.2587, 1.404 1.7689 6.269, 1.4066 1.9933 6.2788, 1.3723 2.2188 6.289, 1.3006 2.4384 6.2996, 1.1936 2.6431 6.3102, 1.0565 2.8249 6.3204, 0.8941 2.9799 6.3301, 0.7051 3.1091 6.3404, 0.4953 3.2064 6.3511, 0.273 3.2675 6.3616, 0.0476 3.2911 6.3717, -0.1771 3.278 6.3815, -0.4012 3.2276 6.3919, -0.6155 3.1404 6.4026, -0.8113 3.0197 6.4131, -0.9814 2.8717 6.4229, -1.1259 2.6977 6.4329, -1.2421 2.4988 6.4434, -1.3242 2.2825 6.4541, -1.3692 2.0578 6.4645, -1.377 1.8333 6.4742, -1.3481 1.6078 6.4843, -1.2817 1.3867 6.4949, -1.1795 1.1794 6.5056, -1.0463 0.9939 6.5158, -0.8876 0.8352 6.5255, -0.7022 0.702 6.5358, -0.4948 0.5999 6.5464, -0.2738 0.5334 6.557, -0.0483 0.5045 6.5671, 0.1762 0.5123 6.5769, 0.401 0.5573 6.5873, 0.6172 0.6395 6.5979, 0.8161 0.7557 6.6084, 0.9902 0.9002 6.6184, 1.1382 1.0703 6.6283, 1.2588 1.266 6.6387, 1.3461 1.4803 6.6494, 1.3965 1.7044 6.6599, 1.4095 1.9292 6.6697, 1.3859 2.1545 6.6797, 1.3248 2.3768 6.6902, 1.2275 2.5866 6.7009, 1.0984 2.7756 6.7112, 0.9433 2.938 6.721, 0.7615 3.0752 6.7311, -1.3602 1.6721 4.1192, -1.3044 1.4489 4.1297, -1.2121 1.2367 4.1403, -1.0871 1.0443 4.1507, -0.9357 0.8781 4.1605, -0.7577 0.7372 4.1706, -0.5558 0.6256 4.1812, -0.3378 0.5486 4.1918, -0.1126 0.509 4.2021, 0.1118 0.5064 4.2118, 0.3372 0.5406 4.222, 0.5569 0.6124 4.2327, 0.7615 0.7193 4.2433, 0.9433 0.8564 4.2534, 1.0984 1.0188 4.2632, 1.2275 1.2078 4.2735, 1.3248 1.4177 4.2842, 1.3859 1.6399 4.2947, 1.4095 1.8653 4.3047, 1.3965 2.0901 4.3146, 1.3461 2.3142 4.325, 1.2588 2.5285 4.3357, 1.1382 2.7242 4.3461, 0.9902 2.8943 4.356, 0.8161 3.0388 4.366, 0.6172 3.155 4.3765, 0.401 3.2371 4.3872, 0.1762 3.2822 4.3975, -0.0483 3.29 4.4073, -0.2738 3.2611 4.4174, -0.4948 3.1946 4.428, -0.7022 3.0924 4.4386, -0.8876 2.9592 4.4489, -1.0463 2.8005 4.4586, -1.1795 2.6151 4.4689, -1.2817 2.4077 4.4795, -1.3481 2.1867 4.4901, -1.377 1.9612 4.5002, -1.3692 1.7367 4.51, -1.3242 1.5119 4.5203, -1.2421 1.2957 4.531, -1.1259 1.0968 4.5415, -0.9814 0.9227 4.5515, -0.8113 0.7748 4.5614, -0.6155 0.6541 4.5718, -0.4012 0.5668 4.5825, -0.1771 0.5164 4.5929, 0.0476 0.5034 4.6027, 0.273 0.527 4.6128, 0.4953 0.5881 4.6233, 0.7051 0.6854 4.634, 0.8941 0.8146 4.6443, 1.0565 0.9696 4.654, 1.1936 1.1514 4.6642, 1.3006 1.3561 4.6748, 1.3723 1.5757 4.6854, 1.4066 1.8011 4.6957, 1.404 2.0255 4.7054, 1.3643 2.2507 4.7157, 1.2874 2.4688 4.7263, 1.1757 2.6706 4.7369, 1.0348 2.8486 4.747, 0.8686 3.0001 4.7567, 0.6762 3.125 4.7672, 0.464 3.2174 4.7778, 0.2408 3.2731 4.7883, 0.0157 3.2914 4.7982, -0.2094 3.2731 4.8081, -0.4327 3.2174 4.8186, -0.6448 3.125 4.8293, -0.8373 3.0001 4.8397, -1.0035 2.8486 4.8495, -1.1443 2.6706 4.8596, -1.256 2.4688 4.8701, -1.333 2.2507 4.8808, -1.3726 2.0255 4.8911, -1.3752 1.8011 4.9008, -1.3409 1.5757 4.911, -1.2692 1.3561 4.9216, -1.1622 1.1514 4.9323, -1.0251 0.9696 4.9424, -0.8627 0.8146 4.9522, -0.6737 0.6854 4.9625, -0.4639 0.5881 4.9731, -0.2416 0.527 4.9837, -0.0162 0.5034 4.9937, 0.2085 0.5164 5.0035, 0.4326 0.5668 5.014, 0.6469 0.6541 5.0246, 0.8426 0.7748 5.0351, 1.0127 0.9227 5.045, 1.1572 1.0968 5.0549, 1.2734 1.2957 5.0655, 1.3556 1.5119 5.0761, 1.4006 1.7367 5.0865, 1.4084 1.9612 5.0963, 1.3795 2.1867 5.1064, 1.3131 2.4077 5.117, 1.2109 2.6151 5.1276, 1.0777 2.8005 5.1379, 0.919 2.9592 5.1476, 0.7335 3.0924 5.1578, 0.5262 3.1946 5.1685, 0.3052 3.2611 5.1791, 0.0797 3.29 5.1892, -0.1449 3.2822 5.1989, -0.3696 3.2371 5.2093, -0.5859 3.155 5.22, -0.7847 3.0388 5.2305, -0.9588 2.8943 5.2405, -1.1068 2.7242 5.2503, -1.2274 2.5285 5.2608, -1.3147 2.3142 5.2715, -1.3651 2.0901 5.2819, -1.3781 1.8653 5.2917, -1.3546 1.6399 5.3017, -1.2934 1.4177 5.3123, -1.1961 1.2078 5.3229, -1.067 1.0188 5.3333, -0.9119 0.8564 5.343, -0.7302 0.7193 5.3532, -0.5255 0.6124 5.3638, -0.3059 0.5406 5.3744, -0.0804 0.5064 5.3846, 0.144 0.509 5.3944, 0.3692 0.5486 5.4046, 0.5872 0.6256 5.4153, -0.6986 0.8259 4.0599, -0.863 0.956 4.0498, -0.7903 1.0339 3.9883, -0.1028 0.615 4.0914, -0.3108 0.6517 4.0811, -0.2838 0.7547 4.0196, -0.0434 3.1835 4.2966, 0.164 3.1763 4.2868, 0.1517 3.0705 4.2253, -0.6473 3.0011 4.3279, -0.4558 3.0955 4.3173, -0.4168 2.9963 4.2557, 0.827 0.8973 4.5336, 0.6524 0.778 4.5232, 0.5997 0.8706 4.4617, 1.2024 1.3974 4.5641, 1.1036 1.2084 4.5535, 1.0136 1.2654 4.492, 1.2979 2.0157 4.5946, 1.3003 1.8085 4.5849, 1.194 1.8158 4.5234, -1.2372 1.6003 4.8003, -1.2689 1.8085 4.7901, -1.1626 1.8158 4.7286, -0.9456 1.0405 4.8317, -1.0722 1.2084 4.8215, -0.9822 1.2654 4.76, 0.85 2.8781 5.0369, 0.9965 2.7315 5.0271, 0.9154 2.6625 4.9656, 0.283 3.1568 5.0683, 0.4872 3.0955 5.0577, 0.4482 2.9963 4.9962, -0.3402 3.1347 5.0986, -0.1326 3.1763 5.0882, -0.1203 3.0705 5.0267, 0.5435 0.7227 5.3046, 0.3422 0.6517 5.2939, 0.3152 0.7547 5.2324, 1.0342 1.1095 5.335, 0.8944 0.956 5.3252, 0.8217 1.0339 5.2637, 1.2864 1.6893 5.3666, 1.2349 1.4831 5.3561, 1.1341 1.5174 5.2946, -1.1035 2.5339 5.5407, -0.9842 2.7085 5.5304, -0.9015 2.6414 5.4689, -1.2716 1.9267 5.572, -1.2498 2.1349 5.5619, -1.1451 2.1152 5.5004, -1.1324 1.3142 5.6029, -1.213 1.5122 5.5922, -1.1114 1.544 5.5307, 1.07 2.6365 5.8087, 1.1773 2.4528 5.7982, 1.0812 2.4068 5.7367, 0.5987 3.0453 5.839, 0.7794 2.9339 5.8286, 0.7162 2.8481 5.7671, -0.0138 3.1845 5.87, 0.1938 3.1725 5.8602, 0.179 3.067 5.7986, -0.3984 0.678 6.045, -0.5943 0.7633 6.0344, -0.5439 0.8571 5.9729, 0.2236 0.6265 6.0754, 0.0157 0.6096 6.0655, 0.0157 0.7161 6.0039, 0.8035 0.8787 6.1069, 0.6257 0.7633 6.0965, 0.5752 0.8571 6.035, -0.3694 3.126 6.2812, -0.1624 3.1725 6.2708, -0.1477 3.067 6.2092, -0.9052 2.7973 6.3122, -0.7481 2.9339 6.3023, -0.6849 2.8481 6.2408, -1.2218 2.2531 6.3434, -1.1459 2.4528 6.3327, -1.0498 2.4068 6.2712, 1.291 1.7191 6.5491, 1.2444 1.5122 6.5387, 1.1427 1.544 6.4772, 1.2248 2.3401 6.5795, 1.2812 2.1349 6.569, 1.1765 2.1152 6.5075, 0.8724 2.8585 6.6102, 1.0156 2.7085 6.6005, 0.9329 2.6414 6.539, -1.2551 1.6893 4.0084, -1.1519 1.7062 3.9481, -1.151 1.7015 3.9483, -1.1487 1.692 3.9487, -1.1336 1.63 3.9517, -1.2036 1.4831 4.0189, -1.1171 1.5626 3.9549, -1.1114 1.5442 3.9559, -1.1069 1.5301 3.9567, -1.1027 1.5174 3.9574, -1.1183 1.2872 4.0296, -1.1708 1.8579 3.9425, -1.1697 1.8489 3.9428, -1.1561 1.7362 3.9469, -1.1539 1.7173 3.9476, -1.1499 2.0879 6.683, -1.2551 2.1051 6.7445, -1.1244 2.19 6.6773, -1.2036 2.3113 6.734, -1.0029 2.685 6.7129, -1.0186 2.4658 6.6613, -1.1183 2.5073 6.7234, -1.0245 2.4568 6.6618, -1.1027 2.2771 6.6725, -0.863 2.8385 6.7032, -0.8426 2.7033 6.6456, -0.9186 2.6198 6.6514, -0.5122 3.0717 6.6825, -0.6163 2.8928 6.6301, -0.6986 2.9686 6.6931, -0.6395 2.88 6.6316, -0.7903 2.7606 6.6416, -0.3108 3.1428 6.6719, -0.3481 3.017 6.6141, -0.4685 2.9745 6.621, 0.1044 3.1818 6.6519, -0.0584 3.0737 6.5983, -0.1028 3.1794 6.6616, -0.093 3.0733 6.6001, -0.2838 3.0397 6.6104, 0.3127 3.1502 6.6416, 0.2365 3.0543 6.5829, 0.0971 3.0755 6.5903, 0.7045 2.9851 6.6204, 0.5172 2.9632 6.5669, 0.5155 3.0839 6.631, 0.4741 2.9857 6.5695, 0.2881 3.0465 6.5801, 0.8015 2.779 6.5487, 0.7669 2.8051 6.551, 0.6475 2.8951 6.5589, 1.1247 2.3035 6.518, 1.1119 2.3311 6.5197, 1.1349 2.5339 6.5902, 1.0423 2.4813 6.5287, 0.9683 2.5895 6.5356, 1.1854 1.7339 6.4876, 1.1863 1.7493 6.4884, 1.303 1.9267 6.5589, 1.1965 1.9243 6.4974, 1.1839 2.0449 6.5038, 1.0524 1.1335 6.5176, 0.9707 1.2033 6.4565, 1.1638 1.3142 6.528, 1.0688 1.3625 6.4665, 1.1101 1.464 6.4725, 0.7549 0.8429 6.4977, 0.7661 0.9902 6.4411, 0.9157 0.9764 6.5077, 0.8412 1.0526 6.4462, 0.9666 1.1967 6.456, 0.3715 0.6597 6.4765, 0.5184 0.8291 6.4253, 0.5713 0.7356 6.4872, 0.5253 0.8317 6.4257, 0.6938 0.9302 6.4362, 0.164 0.6181 6.4662, 0.2362 0.7409 6.4093, 0.3421 0.7621 6.415, -0.2517 0.6376 6.4463, -0.0583 0.7199 6.3938, -0.0434 0.6109 6.4564, -0.0385 0.7174 6.3949, 0.1517 0.724 6.4046, -0.4558 0.699 6.4357, -0.3482 0.7775 6.3781, -0.2295 0.7419 6.3848, -0.8186 0.9164 6.4148, -0.616 0.9016 6.362, -0.6473 0.7934 6.4251, -0.5924 0.8847 6.3635, -0.4168 0.7982 6.3742, -0.9651 1.063 6.4051, -0.843 1.091 6.3465, -0.7496 0.9976 6.3533, -1.1825 1.4257 6.3842, -1.0167 1.3295 6.3309, -1.0882 1.2342 6.3948, -0.9968 1.2891 6.3333, -0.884 1.132 6.3436, -1.2439 1.6299 6.3736, -1.1254 1.6044 6.3148, -1.0834 1.4648 6.3227, -1.2634 2.0455 6.3537, -1.1623 1.8971 6.2992, -1.2706 1.8382 6.3635, -1.1642 1.843 6.302, -1.1397 1.652 6.3121, -1.1194 2.2236 6.2818, -1.1261 2.1905 6.2836, -1.1576 2.0333 6.2922, -0.829 2.7228 6.2507, -0.844 2.7047 6.2519, -1.0386 2.6365 6.3222, -0.9514 2.5753 6.2607, -1.0162 2.4644 6.2676, -0.3375 3.0243 6.2197, -0.3489 3.0196 6.2204, -0.5673 3.0453 6.2919, -0.5191 2.9503 6.2304, -0.6151 2.8911 6.2364, 0.4586 3.1063 6.2404, 0.2369 3.0571 6.1892, 0.2533 3.1628 6.2509, 0.2337 3.058 6.1894, 0.0452 3.1845 6.2609, 0.0427 3.078 6.1994, -0.0582 3.0722 6.2046, 0.6524 3.0164 6.2297, 0.5169 2.9623 6.1732, 0.422 3.0063 6.1789, 0.977 2.754 6.2096, 0.768 2.8067 6.1573, 0.827 2.8972 6.2194, 0.7598 2.8144 6.1579, 0.5997 2.9238 6.1682, 1.1036 2.5861 6.1995, 0.9682 2.5892 6.1419, 0.8974 2.6831 6.1481, 1.2686 2.1942 6.1782, 1.1121 2.3315 6.126, 1.2024 2.3971 6.1889, 1.1042 2.3557 6.1274, 1.0136 2.5291 6.138, 1.3003 1.986 6.168, 1.1839 2.0447 6.1101, 1.165 2.1696 6.1167, 1.2613 1.5708 6.148, 1.1849 1.7496 6.0947, 1.2979 1.7787 6.1583, 1.1918 1.7885 6.0968, 1.194 1.9786 6.1065, 1.1902 1.3694 6.1374, 1.1108 1.4635 6.0788, 1.1582 1.5978 6.0865, 0.957 1.0186 6.1167, 0.9689 1.2048 6.0628, 1.0871 1.183 6.1268, 0.9984 1.2421 6.0653, 1.093 1.4131 6.0758, 0.7383 0.963 6.0454, 0.7669 0.989 6.0474, 0.8791 1.0913 6.0552, 0.2064 0.7316 6.0139, 0.2365 0.7391 6.0155, 0.4298 0.678 6.0859, 0.3955 0.7789 6.0244, 0.5172 0.8318 6.0316, -0.3641 0.7789 5.9835, -0.349 0.7751 5.9844, -0.1922 0.6265 6.0555, -0.175 0.7316 5.994, -0.0582 0.7221 6.0001, -0.9256 1.0186 6.0142, -0.8451 1.0889 5.9528, -0.7721 0.8787 6.024, -0.7069 0.963 5.9625, -0.615 0.9033 5.9683, -1.1588 1.3694 5.9935, -1.0158 1.3302 5.9372, -1.0557 1.183 6.0041, -0.967 1.2421 5.9426, -0.8477 1.0913 5.9527, -1.2665 1.7787 5.9726, -1.1278 1.6036 5.9211, -1.2299 1.5708 5.9829, -1.1268 1.5978 5.9214, -1.0616 1.4131 5.932, -1.2689 1.986 5.9629, -1.1617 1.8973 5.9055, -1.1604 1.7885 5.9111, -1.171 2.3971 5.942, -1.1268 2.1905 5.89, -1.2372 2.1942 5.9527, -1.1336 2.1696 5.8911, -1.1626 1.9786 5.9014, -1.0722 2.5861 5.9314, -1.016 2.4645 5.8739, -1.0728 2.3557 5.8805, -0.7956 2.8972 5.9115, -0.8439 2.7043 5.8582, -0.9456 2.754 5.9213, -0.866 2.6831 5.8598, -0.9822 2.5291 5.8699, -0.621 3.0164 5.9012, -0.6153 2.8917 5.8427, -0.7285 2.8144 5.85, -0.222 3.1628 5.88, -0.3485 3.0178 5.8267, -0.4272 3.1063 5.8905, -0.3906 3.0063 5.829, -0.5683 2.9238 5.8397, -0.0114 3.078 5.8085, -0.0582 3.0731 5.8109, -0.2023 3.058 5.8185, 0.5504 2.9503 5.7775, 0.5177 2.9637 5.7795, 0.4008 3.126 5.8497, 0.3689 3.0243 5.7882, 0.2363 3.0541 5.7955, 0.9828 2.5753 5.7472, 0.9701 2.5905 5.7483, 0.9365 2.7973 5.8187, 0.8604 2.7228 5.7572, 0.7663 2.8046 5.7636, 1.2948 2.0455 5.7772, 1.1866 2.0451 5.7163, 1.2532 2.2531 5.7876, 1.1508 2.2236 5.726, 1.1102 2.3306 5.7323, 1.2753 1.6299 5.7573, 1.1836 1.7497 5.701, 1.302 1.8382 5.7674, 1.1955 1.843 5.7059, 1.1889 2.0333 5.7157, 1.1195 1.2342 5.7361, 1.1137 1.4625 5.6851, 1.2139 1.4257 5.7467, 1.1148 1.4648 5.6852, 1.1711 1.652 5.6958, 0.9965 1.063 5.7258, 0.968 1.2053 5.6691, 1.0282 1.2891 5.6746, 0.6787 0.7934 5.7059, 0.7678 0.9882 5.6537, 0.85 0.9164 5.7161, 0.7809 0.9976 5.6546, 0.9154 1.132 5.6643, 0.4872 0.699 5.6952, 0.5169 0.832 5.6379, 0.6238 0.8847 5.6443, 0.0748 0.6109 5.6745, 0.2368 0.7388 5.6218, 0.283 0.6376 5.6846, 0.2609 0.7419 5.6231, 0.4482 0.7982 5.6337, -0.1326 0.6181 5.6647, -0.0584 0.7218 5.6064, 0.0699 0.7174 5.613, -0.5399 0.7356 5.6437, -0.3483 0.7764 5.5907, -0.3402 0.6597 5.6544, -0.3107 0.7621 5.5929, -0.1203 0.724 5.6032, -0.7236 0.8429 5.6332, -0.6155 0.9028 5.5746, -0.4939 0.8317 5.5822, -1.021 1.1335 5.6134, -0.843 1.0907 5.5591, -0.8843 0.9764 5.6232, -0.8099 1.0526 5.5617, -0.6624 0.9302 5.5717, -1.0374 1.3625 5.5414, -1.0171 1.3296 5.5435, -0.9352 1.1967 5.5518, -1.1651 1.9243 5.5104, -1.1635 1.8973 5.5118, -1.2596 1.7191 5.5818, -1.1541 1.7339 5.5203, -1.1249 1.6043 5.5274, -1.0109 2.4813 5.4792, -1.0181 2.4657 5.4802, -1.1934 2.3401 5.5514, -1.0933 2.3035 5.4899, -1.1246 2.1899 5.4962, -0.6732 2.9851 5.5105, -0.6171 2.8944 5.449, -0.8411 2.8585 5.5207, -0.7702 2.779 5.4592, -0.8426 2.7031 5.4645, -0.2813 3.1502 5.4893, -0.348 3.0167 5.433, -0.4841 3.0839 5.4999, -0.4428 2.9857 5.4384, -0.6162 2.8951 5.449, 0.1342 3.1794 5.4693, -0.0585 3.0754 5.4172, -0.0731 3.1818 5.4791, -0.0657 3.0755 5.4175, -0.2567 3.0465 5.4278, 0.3422 3.1428 5.459, 0.2363 3.0536 5.4018, 0.1244 3.0733 5.4078, 0.73 2.9686 5.4378, 0.5178 2.9646 5.3858, 0.5435 3.0717 5.4484, 0.4999 2.9745 5.3869, 0.3152 3.0397 5.3975, 0.8944 2.8385 5.4277, 0.7663 2.8044 5.3699, 0.6709 2.88 5.3763, 1.1497 2.5073 5.4076, 0.9692 2.5902 5.3546, 1.0342 2.685 5.418, 0.95 2.6198 5.3564, 0.8217 2.7606 5.3662, 1.2349 2.3113 5.3969, 1.1107 2.3307 5.3386, 1.0558 2.4568 5.346, 1.3033 1.8972 5.3765, 1.1848 2.045 5.3226, 1.2864 2.1051 5.3864, 1.1813 2.0879 5.3249, 1.1341 2.2771 5.3354, 1.1813 1.7065 5.3051, 1.1848 1.7494 5.3073, 1.1968 1.8972 5.315, 0.95 1.1746 5.2735, 0.9692 1.2043 5.2754, 1.1497 1.2872 5.3454, 1.0558 1.3377 5.2839, 1.1107 1.4638 5.2914, 0.4999 0.8199 5.2431, 0.5178 0.8299 5.2442, 0.73 0.8259 5.3151, 0.6709 0.9145 5.2536, 0.7663 0.99 5.26, -0.0731 0.6126 5.2739, -0.0585 0.719 5.2128, 0.1342 0.615 5.2836, 0.1244 0.7211 5.2221, 0.2363 0.7409 5.2282, -0.4841 0.7105 5.2531, -0.348 0.7778 5.197, -0.2813 0.6443 5.2637, -0.2567 0.748 5.2022, -0.0657 0.7189 5.2124, -0.8411 0.936 5.2323, -0.6171 0.9001 5.1809, -0.6732 0.8093 5.2425, -0.6162 0.8994 5.1809, -0.4428 0.8087 5.1916, -0.9842 1.0859 5.2226, -0.8426 1.0913 5.1654, -0.7702 1.0155 5.1708, -1.1934 1.4543 5.2016, -1.0181 1.3288 5.1498, -1.1035 1.2605 5.2122, -1.0109 1.3132 5.1507, -0.9015 1.1531 5.161, -1.2498 1.6596 5.191, -1.1246 1.6045 5.1337, -1.0933 1.491 5.14, -1.2596 2.0753 5.1712, -1.1635 1.8971 5.1181, -1.2716 1.8678 5.181, -1.1651 1.8702 5.1195, -1.1451 1.6793 5.1295, -1.213 2.2823 5.1607, -1.1249 2.1902 5.1025, -1.1541 2.0606 5.1097, -1.021 2.661 5.1396, -1.0171 2.4649 5.0865, -1.1324 2.4802 5.1501, -1.0374 2.432 5.0886, -1.1114 2.2504 5.0992, -0.8843 2.8181 5.1297, -0.843 2.7038 5.0708, -0.9352 2.5978 5.0781, -0.5399 3.0589 5.1092, -0.6155 2.8917 5.0553, -0.7236 2.9515 5.1198, -0.6624 2.8643 5.0583, -0.8099 2.7419 5.0682, -0.3107 3.0323 5.0371, -0.3483 3.018 5.0393, -0.4939 2.9627 5.0477, 0.2609 3.0526 5.0068, 0.2368 3.0557 5.0081, 0.0748 3.1835 5.0785, 0.0699 3.0771 5.0169, -0.0584 3.0726 5.0235, 0.7809 2.7969 4.9753, 0.7678 2.8063 4.9762, 0.6787 3.0011 5.0471, 0.6238 2.9097 4.9856, 0.5169 2.9625 4.9921, 1.2139 2.3687 5.0062, 1.1137 2.3319 4.9449, 1.1195 2.5602 5.0169, 1.0282 2.5054 4.9554, 0.968 2.5892 4.9608, 1.302 1.9563 4.9855, 1.1836 2.0448 4.929, 1.2753 2.1646 4.9956, 1.1711 2.1425 4.9341, 1.1148 2.3297 4.9447, 1.2532 1.5414 4.9654, 1.1866 1.7494 4.9136, 1.2948 1.7489 4.9758, 1.1889 1.7612 4.9143, 1.1955 1.9514 4.924, 1.1773 1.3416 4.9547, 1.1102 1.4638 4.8977, 1.1508 1.5708 4.9039, 0.9365 0.9972 4.9342, 0.9701 1.2039 4.8817, 1.07 1.158 4.9442, 0.9828 1.2192 4.8827, 1.0812 1.3876 4.8932, 0.7794 0.8605 4.9244, 0.7663 0.9898 4.8663, 0.8604 1.0717 4.8727, 0.4008 0.6685 4.9032, 0.5177 0.8308 4.8505, 0.5987 0.7491 4.9139, 0.5504 0.8441 4.8524, 0.7162 0.9463 4.8629, 0.1938 0.622 4.8928, 0.2363 0.7404 4.8344, 0.3689 0.7702 4.8417, -0.222 0.6317 4.873, -0.0582 0.7213 4.819, -0.0138 0.6099 4.883, -0.0114 0.7164 4.8215, 0.179 0.7275 4.8313, -0.4272 0.6882 4.8624, -0.3485 0.7766 4.8033, -0.2023 0.7364 4.8115, -0.7956 0.8973 4.8414, -0.6153 0.9027 4.7872, -0.621 0.778 4.8518, -0.5683 0.8706 4.7902, -0.3906 0.7882 4.8009, -0.866 1.1114 4.7702, -0.8439 1.0902 4.7717, -0.7285 0.98 4.7799, -1.1336 1.6248 4.7388, -1.1268 1.604 4.74, -1.171 1.3974 4.8109, -1.0728 1.4388 4.7494, -1.016 1.33 4.7561, -1.2299 2.2237 4.7701, -1.1278 2.1909 4.7089, -1.2665 2.0157 4.7804, -1.1604 2.0059 4.7188, -1.1617 1.8972 4.7244, -1.0557 2.6115 4.7488, -1.0158 2.4643 4.6928, -1.1588 2.4251 4.7594, -1.0616 2.3814 4.6979, -1.1268 2.1967 4.7085, -0.7721 2.9158 4.729, -0.8451 2.7055 4.6771, -0.9256 2.7759 4.7388, -0.8477 2.7032 4.6773, -0.967 2.5524 4.6873, -0.5943 3.0312 4.7186, -0.615 2.8912 4.6616, -0.7069 2.8315 4.6675, -0.1922 3.168 4.6974, -0.349 3.0194 4.6456, -0.3984 3.1165 4.7079, -0.3641 3.0156 4.6464, -0.5439 2.9374 4.6571, 0.0157 3.1849 4.6875, -0.0582 3.0723 4.6298, -0.175 3.0628 4.6359, 0.4298 3.1165 4.6671, 0.2365 3.0553 4.6144, 0.2236 3.168 4.6776, 0.2064 3.0628 4.6161, 0.0157 3.0783 4.626, 0.6257 3.0312 4.6564, 0.5172 2.9627 4.5984, 0.3955 3.0156 4.6056, 0.957 2.7759 4.6362, 0.7669 2.8054 4.5825, 0.8035 2.9158 4.646, 0.7383 2.8315 4.5845, 0.5752 2.9374 4.5949, 1.0871 2.6115 4.6262, 0.9689 2.5897 4.5671, 0.8791 2.7032 4.5747, 1.2613 2.2237 4.6049, 1.1108 2.331 4.5512, 1.1902 2.4251 4.6156, 1.093 2.3814 4.5541, 0.9984 2.5524 4.5646, 1.1918 2.0059 4.5331, 1.1849 2.0448 4.5352, 1.1582 2.1967 4.5434, 1.1042 1.4388 4.5026, 1.1121 1.463 4.504, 1.2686 1.6003 4.5747, 1.165 1.6248 4.5132, 1.1839 1.7497 4.5199, 0.7598 0.98 4.4721, 0.768 0.9878 4.4726, 0.977 1.0405 4.5433, 0.8974 1.1114 4.4818, 0.9682 1.2053 4.488, 0.2533 0.6317 4.502, 0.2369 0.7373 4.4407, 0.4586 0.6882 4.5126, 0.422 0.7882 4.4511, 0.5169 0.8322 4.4568, -0.1624 0.622 4.4822, -0.0582 0.7223 4.4253, 0.0452 0.6099 4.492, 0.0427 0.7164 4.4305, 0.2337 0.7364 4.4405, -0.5673 0.7491 4.4611, -0.3489 0.7748 4.4096, -0.3694 0.6685 4.4718, -0.3375 0.7702 4.4102, -0.1477 0.7275 4.4207, -0.7481 0.8605 4.4506, -0.6151 0.9033 4.3935, -0.5191 0.8441 4.3996, -1.0386 1.158 4.4308, -0.844 1.0898 4.378, -0.9052 0.9972 4.4408, -0.829 1.0717 4.3792, -0.6849 0.9463 4.3891, -1.1459 1.3416 4.4203, -1.0162 1.3301 4.3623, -0.9514 1.2192 4.3693, -1.2634 1.7489 4.3992, -1.1261 1.604 4.3463, -1.2218 1.5414 4.4096, -1.1194 1.5708 4.3481, -1.0498 1.3876 4.3588, -1.2706 1.9563 4.3895, -1.1623 1.8973 4.3307, -1.1576 1.7612 4.3377, -1.1825 2.3687 4.3688, -1.1254 2.1901 4.3151, -1.2439 2.1646 4.3794, -1.1397 2.1425 4.3178, -1.1642 1.9514 4.328, -1.0882 2.5602 4.3581, -1.0167 2.465 4.2991, -1.0834 2.3297 4.3073, -0.8186 2.8781 4.3382, -0.843 2.7035 4.2834, -0.9651 2.7315 4.3479, -0.884 2.6625 4.2864, -0.9968 2.5054 4.2966, -0.5924 2.9097 4.2664, -0.616 2.8928 4.2679, -0.7496 2.7969 4.2766, -0.0385 3.0771 4.235, -0.0583 3.0746 4.2361, -0.2517 3.1568 4.3067, -0.2295 3.0526 4.2452, -0.3482 3.0169 4.2519, 0.5713 3.0589 4.2658, 0.5184 2.9654 4.2046, 0.3715 3.1347 4.2764, 0.3421 3.0323 4.2149, 0.2362 3.0535 4.2207, 0.9157 2.8181 4.2453, 0.7661 2.8043 4.1888, 0.7549 2.9515 4.2552, 0.6938 2.8643 4.1937, 0.5253 2.9627 4.2042, 1.1638 2.4802 4.2249, 0.9707 2.5911 4.1735, 1.0524 2.661 4.2354, 0.9666 2.5978 4.1739, 0.8412 2.7419 4.1838, 1.2444 2.2823 4.2143, 1.1101 2.3305 4.1575, 1.0688 2.432 4.1634, 1.303 1.8678 4.194, 1.1863 2.0452 4.1415, 1.291 2.0753 4.2038, 1.1854 2.0606 4.1423, 1.1427 2.2504 4.1528, 1.2812 1.6596 4.184, 1.1839 1.7496 4.1262, 1.1965 1.8702 4.1325, 1.1349 1.2605 4.1628, 1.1119 1.4633 4.1103, 1.2248 1.4543 4.1734, 1.1247 1.491 4.1119, 1.1765 1.6793 4.1225, 1.0156 1.0859 4.1525, 0.9683 1.205 4.0943, 1.0423 1.3132 4.1013, 0.7045 0.8093 4.1325, 0.7669 0.9894 4.0789, 0.8724 0.936 4.1427, 0.8015 1.0155 4.0812, 0.9329 1.1531 4.0909, 0.5155 0.7105 4.1219, 0.5172 0.8312 4.0631, 0.6475 0.8994 4.071, 0.1044 0.6126 4.1011, 0.2365 0.7401 4.047, 0.3127 0.6443 4.1113, 0.2881 0.748 4.0498, 0.4741 0.8087 4.0604, -0.093 0.7211 4.0299, -0.0584 0.7207 4.0316, 0.0971 0.7189 4.0396, -0.6395 0.9145 3.9984, -0.6163 0.9017 3.9998, -0.5122 0.7227 4.0704, -0.4685 0.8199 4.0089, -0.3481 0.7774 4.0159, -1.0245 1.3377 3.9681, -1.0186 1.3287 3.9687, -1.0029 1.1095 4.04, -0.9186 1.1746 3.9785, -0.8426 1.0912 3.9843, -0.5122 0.7227 4.2427, -0.6986 0.8259 4.2321, 0.1044 0.6126 4.2733, -0.1028 0.615 4.2636, 0.7045 0.8093 4.3048, 0.5155 0.7105 4.2942, 1.2248 1.4543 4.3457, 1.1349 1.2605 4.335, 1.291 2.0753 4.3761, 1.303 1.8678 4.3663, 0.3715 3.1347 4.4487, 0.5713 3.0589 4.438, -0.2517 3.1568 4.4789, -0.0434 3.1835 4.4688, -0.8186 2.8781 4.5104, -0.6473 3.0011 4.5001, -1.1825 2.3687 4.541, -1.0882 2.5602 4.5304, -1.2634 1.7489 4.5715, -1.2706 1.9563 4.5617, -0.9052 0.9972 4.613, -1.0386 1.158 4.603, -0.3694 0.6685 4.644, -0.5673 0.7491 4.6333, 0.4586 0.6882 4.6848, 0.2533 0.6317 4.6743, 0.977 1.0405 4.7156, 0.827 0.8973 4.7058, 1.2686 1.6003 4.747, 1.2024 1.3974 4.7363, 1.2613 2.2237 4.7772, 1.2979 2.0157 4.7669, 0.957 2.7759 4.8085, 1.0871 2.6115 4.7984, 0.2236 3.168 4.8498, 0.4298 3.1165 4.8393, -0.3984 3.1165 4.8802, -0.1922 3.168 4.8697, -1.2665 2.0157 4.9526, -1.2299 2.2237 4.9423, -1.171 1.3974 4.9832, -1.2372 1.6003 4.9725, -0.7956 0.8973 5.0137, -0.9456 1.0405 5.0039, -0.222 0.6317 5.0452, -0.4272 0.6882 5.0347, 0.5987 0.7491 5.0862, 0.4008 0.6685 5.0755, 1.07 1.158 5.1165, 0.9365 0.9972 5.1065, 1.1195 2.5602 5.1891, 1.2139 2.3687 5.1785, 0.6787 3.0011 5.2193, 0.85 2.8781 5.2091, 0.0748 3.1835 5.2507, 0.283 3.1568 5.2406, -0.5399 3.0589 5.2815, -0.3402 3.1347 5.2708, -1.021 2.661 5.3118, -0.8843 2.8181 5.302, -1.2716 1.8678 5.3532, -1.2596 2.0753 5.3434, -1.1035 1.2605 5.3845, -1.1934 1.4543 5.3738, 0.1342 0.615 5.4559, -0.0731 0.6126 5.4461, 0.73 0.8259 5.4874, 0.5435 0.7227 5.4768, 1.1497 1.2872 5.5176, 1.0342 1.1095 5.5072, 1.3033 1.8972 5.5487, 1.2864 1.6893 5.5388, 1.0342 2.685 5.5902, 1.1497 2.5073 5.5798, 0.5435 3.0717 5.6206, 0.73 2.9686 5.6101, -0.8411 2.8585 5.6929, -0.6732 2.9851 5.6827, -1.1934 2.3401 5.7236, -1.1035 2.5339 5.713, -1.2596 1.7191 5.754, -1.2716 1.9267 5.7442, -1.021 1.1335 5.7856, -1.1324 1.3142 5.7751, -0.5399 0.7356 5.816, -0.7236 0.8429 5.8054, 0.283 0.6376 5.8569, 0.0748 0.6109 5.8468, 0.85 0.9164 5.8884, 0.6787 0.7934 5.8781, 1.2532 2.2531 5.9598, 1.2948 2.0455 5.9494, 0.9365 2.7973 5.991, 1.07 2.6365 5.981, 0.4008 3.126 6.022, 0.5987 3.0453 6.0113, -0.222 3.1628 6.0522, -0.0138 3.1845 6.0422, -0.7956 2.8972 6.0838, -0.621 3.0164 6.0734, -1.2372 2.1942 6.1249, -1.171 2.3971 6.1143, -0.7721 0.8787 6.1962, -0.9256 1.0186 6.1864, -0.1922 0.6265 6.2278, -0.3984 0.678 6.2173, 0.4298 0.678 6.2581, 0.2236 0.6265 6.2476, 0.957 1.0186 6.289, 0.8035 0.8787 6.2792, 1.2613 1.5708 6.3203, 1.1902 1.3694 6.3096, 1.2024 2.3971 6.3611, 1.2686 2.1942 6.3505, 0.827 2.8972 6.3916, 0.977 2.754 6.3819, -0.5673 3.0453 6.4641, -0.3694 3.126 6.4534, -1.0386 2.6365 6.4944, -0.9052 2.7973 6.4844, -1.2634 2.0455 6.526, -1.2218 2.2531 6.5156, -1.1825 1.4257 6.5564, -1.2439 1.6299 6.5458, -0.8186 0.9164 6.587, -0.9651 1.063 6.5773, -0.0434 0.6109 6.6286, -0.2517 0.6376 6.6185, 1.1638 1.3142 6.7003, 1.0524 1.1335 6.6898, 1.303 1.9267 6.7312, 1.291 1.7191 6.7214, 1.1349 2.5339 6.7624, 1.2248 2.3401 6.7518, 0.7045 2.9851 6.7927, 0.8724 2.8585 6.7825, 0.1044 3.1818 6.8241, 0.3127 3.1502 6.8139, -0.6986 2.9686 6.8653, -0.5122 3.0717 6.8548, -1.1183 2.5073 6.8956, -1.0029 2.685 6.8852, -1.2551 2.1051 6.9168, -1.2036 2.3113 6.9063, -0.863 2.8385 6.8754, -0.3108 3.1428 6.8441, -0.1028 3.1794 6.8338, 0.5155 3.0839 6.8033, 1.0156 2.7085 6.7728, 1.2812 2.1349 6.7412, 1.2444 1.5122 6.7109, 0.9157 0.9764 6.6799, 0.7549 0.8429 6.67, 0.5713 0.7356 6.6594, 0.3715 0.6597 6.6488, 0.164 0.6181 6.6384, -0.4558 0.699 6.6079, -0.6473 0.7934 6.5973, -1.0882 1.2342 6.5671, -1.2706 1.8382 6.5357, -1.1459 2.4528 6.5049, -0.7481 2.9339 6.4746, -0.1624 3.1725 6.443, 0.0452 3.1845 6.4332, 0.2533 3.1628 6.4232, 0.4586 3.1063 6.4126, 0.6524 3.0164 6.402, 1.1036 2.5861 6.3717, 1.3003 1.986 6.3403, 1.2979 1.7787 6.3306, 1.0871 1.183 6.299, 0.6257 0.7633 6.2688, 0.0157 0.6096 6.2377, -0.5943 0.7633 6.2066, -1.0557 1.183 6.1764, -1.1588 1.3694 6.1658, -1.2299 1.5708 6.1551, -1.2665 1.7787 6.1448, -1.2689 1.986 6.1351, -1.0722 2.5861 6.1037, -0.9456 2.754 6.0935, -0.4272 3.1063 6.0628, 0.1938 3.1725 6.0324, 0.7794 2.9339 6.0008, 1.1773 2.4528 5.9705, 1.302 1.8382 5.9397, 1.2753 1.6299 5.9296, 1.2139 1.4257 5.919, 1.1195 1.2342 5.9083, 0.9965 1.063 5.8981, 0.4872 0.699 5.8675, -0.1326 0.6181 5.837, -0.3402 0.6597 5.8266, -0.8843 0.9764 5.7955, -1.213 1.5122 5.7645, -1.2498 2.1349 5.7342, -0.9842 2.7085 5.7026, -0.4841 3.0839 5.6721, -0.2813 3.1502 5.6615, -0.0731 3.1818 5.6513, 0.1342 3.1794 5.6416, 0.3422 3.1428 5.6313, 0.8944 2.8385 5.6, 1.2349 2.3113 5.5691, 1.2864 2.1051 5.5586, 1.2349 1.4831 5.5283, 0.8944 0.956 5.4975, 0.3422 0.6517 5.4662, -0.2813 0.6443 5.4359, -0.4841 0.7105 5.4253, -0.6732 0.8093 5.4147, -0.8411 0.936 5.4045, -0.9842 1.0859 5.3948, -1.2498 1.6596 5.3633, -1.213 2.2823 5.333, -1.1324 2.4802 5.3223, -0.7236 2.9515 5.292, -0.1326 3.1763 5.2605, 0.4872 3.0955 5.23, 0.9965 2.7315 5.1994, 1.2753 2.1646 5.1679, 1.302 1.9563 5.1578, 1.2948 1.7489 5.148, 1.2532 1.5414 5.1376, 1.1773 1.3416 5.127, 0.7794 0.8605 5.0966, 0.1938 0.622 5.065, -0.0138 0.6099 5.0552, -0.621 0.778 5.024, -1.0722 1.2084 4.9938, -1.2689 1.8085 4.9623, -1.1588 2.4251 4.9317, -1.0557 2.6115 4.9211, -0.9256 2.7759 4.911, -0.7721 2.9158 4.9012, -0.5943 3.0312 4.8908, 0.0157 3.1849 4.8597, 0.6257 3.0312 4.8287, 0.8035 2.9158 4.8183, 1.1902 2.4251 4.7878, 1.3003 1.8085 4.7572, 1.1036 1.2084 4.7257, 0.6524 0.778 4.6955, 0.0452 0.6099 4.6643, -0.1624 0.622 4.6544, -0.7481 0.8605 4.6229, -1.1459 1.3416 4.5925, -1.2218 1.5414 4.5818, -1.2439 2.1646 4.5516, -0.9651 2.7315 4.5201, -0.4558 3.0955 4.4895, 0.164 3.1763 4.459, 0.7549 2.9515 4.4275, 0.9157 2.8181 4.4175, 1.0524 2.661 4.4077, 1.1638 2.4802 4.3972, 1.2444 2.2823 4.3865, 1.2812 1.6596 4.3562, 1.0156 1.0859 4.3247, 0.8724 0.936 4.315, 0.3127 0.6443 4.2836, -0.3108 0.6517 4.2533, -0.863 0.956 4.222, -1.2551 1.6893 4.1807, -1.2036 1.4831 4.1912, -1.1183 1.2872 4.2019, -1.0029 1.1095 4.2123, -1.1499 2.0879 6.9783, -1.1244 2.19 6.9726, -1.1027 2.2771 6.9678, -1.0245 2.4568 6.9571, -1.0186 2.4658 6.9565, -0.9186 2.6198 6.9467, -0.8426 2.7033 6.9409, -0.7903 2.7606 6.9369, -0.6395 2.88 6.9269, -0.6163 2.8928 6.9254, -0.4685 2.9745 6.9163, -0.093 3.0733 6.8953, -0.2838 3.0397 6.9056, -0.3481 3.017 6.9093, -0.0584 3.0737 6.8936, 0.4741 2.9857 6.8648, 0.2881 3.0465 6.8754, 0.2365 3.0543 6.8782, 0.0971 3.0755 6.8856, 0.5172 2.9632 6.8621, 0.9329 2.6414 6.8343, 0.8015 2.779 6.844, 0.7669 2.8051 6.8463, 0.6475 2.8951 6.8542, 0.9683 2.5895 6.8309, 1.1765 2.1152 6.8027, 1.1247 2.3035 6.8133, 1.1119 2.3311 6.8149, 1.0423 2.4813 6.8239, 1.1839 2.0449 6.799, 1.1427 1.544 6.7725, 1.1854 1.7339 6.7829, 1.1863 1.7493 6.7837, 1.1965 1.9243 6.7927, 1.1101 1.464 6.7677, 1.0688 1.3625 6.7618, 0.9707 1.2033 6.7517, 0.9666 1.1967 6.7513, 0.8412 1.0526 6.7414, 0.7661 0.9902 6.7364, 0.6938 0.9302 6.7315, 0.5253 0.8317 6.721, 0.5184 0.8291 6.7206, 0.3421 0.7621 6.7103, 0.2362 0.7409 6.7045, 0.1517 0.724 6.6999, -0.0385 0.7174 6.6902, -0.0583 0.7199 6.6891, -0.2295 0.7419 6.68, -0.5924 0.8847 6.6588, -0.4168 0.7982 6.6695, -0.3482 0.7775 6.6733, -0.616 0.9016 6.6573, -0.9968 1.2891 6.6286, -0.884 1.132 6.6388, -0.843 1.091 6.6418, -0.7496 0.9976 6.6486, -1.0167 1.3295 6.6261, -1.1642 1.843 6.5972, -1.1397 1.652 6.6074, -1.1254 1.6044 6.6101, -1.0834 1.4648 6.618, -1.1623 1.8971 6.5945, -1.0498 2.4068 6.5665, -1.1194 2.2236 6.5771, -1.1261 2.1905 6.5789, -1.1576 2.0333 6.5875, -1.0162 2.4644 6.5629, -0.6849 2.8481 6.5361, -0.829 2.7228 6.546, -0.844 2.7047 6.5472, -0.9514 2.5753 6.5559, -0.6151 2.8911 6.5317, -0.5191 2.9503 6.5256, -0.3489 3.0196 6.5156, -0.3375 3.0243 6.515, -0.1477 3.067 6.5045, -0.0582 3.0722 6.4999, 0.0427 3.078 6.4947, 0.2337 3.058 6.4847, 0.2369 3.0571 6.4845, 0.422 3.0063 6.4741, 0.5169 2.9623 6.4684, 0.5997 2.9238 6.4635, 0.7598 2.8144 6.4531, 0.768 2.8067 6.4526, 0.8974 2.6831 6.4434, 0.9682 2.5892 6.4372, 1.0136 2.5291 6.4332, 1.1042 2.3557 6.4226, 1.1121 2.3315 6.4212, 1.165 2.1696 6.412, 1.1918 1.7885 6.3921, 1.194 1.9786 6.4018, 1.1839 2.0447 6.4053, 1.1849 1.7496 6.39, 0.9984 1.2421 6.3606, 1.093 1.4131 6.3711, 1.1108 1.4635 6.374, 1.1582 1.5978 6.3818, 0.9689 1.2048 6.3581, 0.5752 0.8571 6.3303, 0.7383 0.963 6.3407, 0.7669 0.989 6.3427, 0.8791 1.0913 6.3505, 0.5172 0.8318 6.3268, 0.0157 0.7161 6.2992, 0.2064 0.7316 6.3091, 0.2365 0.7391 6.3108, 0.3955 0.7789 6.3196, -0.0582 0.7221 6.2954, -0.5439 0.8571 6.2681, -0.3641 0.7789 6.2788, -0.349 0.7751 6.2796, -0.175 0.7316 6.2893, -0.615 0.9033 6.2636, -0.7069 0.963 6.2577, -0.8451 1.0889 6.2481, -0.8477 1.0913 6.2479, -0.967 1.2421 6.2379, -1.0158 1.3302 6.2324, -1.0616 1.4131 6.2273, -1.1268 1.5978 6.2167, -1.1278 1.6036 6.2163, -1.1604 1.7885 6.2064, -1.1617 1.8973 6.2008, -1.1626 1.9786 6.1966, -1.1336 2.1696 6.1864, -1.1268 2.1905 6.1852, -1.0728 2.3557 6.1758, -0.866 2.6831 6.155, -0.9822 2.5291 6.1652, -1.016 2.4645 6.1691, -0.8439 2.7043 6.1535, -0.3906 3.0063 6.1243, -0.5683 2.9238 6.135, -0.6153 2.8917 6.138, -0.7285 2.8144 6.1453, -0.3485 3.0178 6.1219, 0.179 3.067 6.0939, -0.0114 3.078 6.1037, -0.0582 3.0731 6.1062, -0.2023 3.058 6.1138, 0.2363 3.0541 6.0908, 0.7162 2.8481 6.0623, 0.5504 2.9503 6.0728, 0.5177 2.9637 6.0747, 0.3689 3.0243 6.0835, 0.7663 2.8046 6.0589, 1.0812 2.4068 6.032, 0.9828 2.5753 6.0425, 0.9701 2.5905 6.0435, 0.8604 2.7228 6.0525, 1.1102 2.3306 6.0275, 1.1508 2.2236 6.0213, 1.1866 2.0451 6.0116, 1.1889 2.0333 6.0109, 1.1955 1.843 6.0012, 1.1836 1.7497 5.9962, 1.1711 1.652 5.9911, 1.1148 1.4648 5.9805, 1.1137 1.4625 5.9803, 1.0282 1.2891 5.9698, 0.968 1.2053 5.9644, 0.9154 1.132 5.9596, 0.7809 0.9976 5.9499, 0.7678 0.9882 5.949, 0.6238 0.8847 5.9396, 0.5169 0.832 5.9331, 0.4482 0.7982 5.929, 0.2609 0.7419 5.9184, 0.2368 0.7388 5.9171, 0.0699 0.7174 5.9083, -0.3107 0.7621 5.8881, -0.1203 0.724 5.8985, -0.0584 0.7218 5.9017, -0.3483 0.7764 5.8859, -0.8099 1.0526 5.857, -0.6624 0.9302 5.867, -0.6155 0.9028 5.8699, -0.4939 0.8317 5.8775, -0.843 1.0907 5.8544, -1.1114 1.544 5.826, -1.0374 1.3625 5.8367, -1.0171 1.3296 5.8387, -0.9352 1.1967 5.8471, -1.1249 1.6043 5.8227, -1.1451 2.1152 5.7957, -1.1651 1.9243 5.8057, -1.1635 1.8973 5.8071, -1.1541 1.7339 5.8155, -1.1246 2.1899 5.7915, -0.9015 2.6414 5.7642, -1.0109 2.4813 5.7745, -1.0181 2.4657 5.7754, -1.0933 2.3035 5.7852, -0.8426 2.7031 5.7598, -0.7702 2.779 5.7544, -0.6171 2.8944 5.7443, -0.6162 2.8951 5.7443, -0.4428 2.9857 5.7337, -0.348 3.0167 5.7282, -0.2567 3.0465 5.723, -0.0657 3.0755 5.7128, -0.0585 3.0754 5.7124, 0.1244 3.0733 5.7031, 0.2363 3.0536 5.6971, 0.3152 3.0397 5.6928, 0.4999 2.9745 5.6821, 0.5178 2.9646 5.681, 0.6709 2.88 5.6716, 0.7663 2.8044 5.6652, 0.8217 2.7606 5.6615, 0.95 2.6198 5.6517, 0.9692 2.5902 5.6498, 1.0558 2.4568 5.6413, 1.1813 2.0879 5.6202, 1.1341 2.2771 5.6306, 1.1107 2.3307 5.6338, 1.1848 2.045 5.6179, 1.1341 1.5174 5.5898, 1.1813 1.7065 5.6003, 1.1848 1.7494 5.6026, 1.1968 1.8972 5.6102, 1.1107 1.4638 5.5866, 0.8217 1.0339 5.559, 0.95 1.1746 5.5688, 0.9692 1.2043 5.5706, 1.0558 1.3377 5.5792, 0.7663 0.99 5.5553, 0.3152 0.7547 5.5277, 0.4999 0.8199 5.5383, 0.5178 0.8299 5.5394, 0.6709 0.9145 5.5489, 0.2363 0.7409 5.5234, 0.1244 0.7211 5.5174, -0.0585 0.719 5.508, -0.0657 0.7189 5.5077, -0.2567 0.748 5.4975, -0.348 0.7778 5.4922, -0.4428 0.8087 5.4868, -0.6162 0.8994 5.4762, -0.6171 0.9001 5.4762, -0.7702 1.0155 5.4661, -0.8426 1.0913 5.4607, -0.9015 1.1531 5.4563, -1.0109 1.3132 5.446, -1.0181 1.3288 5.445, -1.0933 1.491 5.4353, -1.1246 1.6045 5.429, -1.1451 1.6793 5.4248, -1.1651 1.8702 5.4148, -1.1635 1.8971 5.4134, -1.1541 2.0606 5.4049, -1.0374 2.432 5.3838, -1.1114 2.2504 5.3945, -1.1249 2.1902 5.3978, -1.0171 2.4649 5.3817, -0.6624 2.8643 5.3535, -0.8099 2.7419 5.3635, -0.843 2.7038 5.3661, -0.9352 2.5978 5.3734, -0.6155 2.8917 5.3506, -0.1203 3.0705 5.322, -0.3107 3.0323 5.3323, -0.3483 3.018 5.3345, -0.4939 2.9627 5.343, -0.0584 3.0726 5.3188, 0.4482 2.9963 5.2915, 0.2609 3.0526 5.3021, 0.2368 3.0557 5.3034, 0.0699 3.0771 5.3122, 0.5169 2.9625 5.2873, 0.9154 2.6625 5.2609, 0.7809 2.7969 5.2706, 0.7678 2.8063 5.2715, 0.6238 2.9097 5.2809, 0.968 2.5892 5.2561, 1.0282 2.5054 5.2506, 1.1137 2.3319 5.2401, 1.1148 2.3297 5.24, 1.1711 2.1425 5.2294, 1.1836 2.0448 5.2242, 1.1955 1.9514 5.2193, 1.1889 1.7612 5.2095, 1.1866 1.7494 5.2089, 1.1508 1.5708 5.1992, 1.1102 1.4638 5.1929, 1.0812 1.3876 5.1885, 0.9828 1.2192 5.178, 0.9701 1.2039 5.1769, 0.8604 1.0717 5.168, 0.7663 0.9898 5.1616, 0.7162 0.9463 5.1581, 0.5504 0.8441 5.1477, 0.5177 0.8308 5.1457, 0.3689 0.7702 5.137, -0.0114 0.7164 5.1167, 0.179 0.7275 5.1266, 0.2363 0.7404 5.1297, -0.0582 0.7213 5.1143, -0.5683 0.8706 5.0855, -0.3906 0.7882 5.0962, -0.3485 0.7766 5.0985, -0.2023 0.7364 5.1067, -0.6153 0.9027 5.0825, -0.9822 1.2654 5.0553, -0.866 1.1114 5.0655, -0.8439 1.0902 5.067, -0.7285 0.98 5.0752, -1.016 1.33 5.0513, -1.1626 1.8158 5.0238, -1.1336 1.6248 5.0341, -1.1268 1.604 5.0352, -1.0728 1.4388 5.0447, -1.1617 1.8972 5.0197, -1.1604 2.0059 5.0141, -1.1278 2.1909 5.0041, -1.1268 2.1967 5.0038, -1.0616 2.3814 4.9932, -1.0158 2.4643 4.9881, -0.967 2.5524 4.9826, -0.8477 2.7032 4.9725, -0.8451 2.7055 4.9724, -0.7069 2.8315 4.9627, -0.615 2.8912 4.9569, -0.5439 2.9374 4.9523, -0.3641 3.0156 4.9417, -0.349 3.0194 4.9408, -0.175 3.0628 4.9312, -0.0582 3.0723 4.9251, 0.0157 3.0783 4.9213, 0.2064 3.0628 4.9113, 0.2365 3.0553 4.9097, 0.3955 3.0156 4.9009, 0.7383 2.8315 4.8798, 0.5752 2.9374 4.8902, 0.5172 2.9627 4.8936, 0.7669 2.8054 4.8778, 1.093 2.3814 4.8494, 0.9984 2.5524 4.8599, 0.9689 2.5897 4.8624, 0.8791 2.7032 4.87, 1.1108 2.331 4.8464, 1.194 1.8158 4.8187, 1.1918 2.0059 4.8284, 1.1849 2.0448 4.8305, 1.1582 2.1967 4.8387, 1.1839 1.7497 4.8152, 1.0136 1.2654 4.7872, 1.1042 1.4388 4.7978, 1.1121 1.463 4.7992, 1.165 1.6248 4.8085, 0.9682 1.2053 4.7833, 0.5997 0.8706 4.757, 0.7598 0.98 4.7673, 0.768 0.9878 4.7679, 0.8974 1.1114 4.7771, 0.5169 0.8322 4.752, 0.422 0.7882 4.7463, 0.2369 0.7373 4.736, 0.2337 0.7364 4.7358, 0.0427 0.7164 4.7258, -0.0582 0.7223 4.7206, -0.1477 0.7275 4.716, -0.3375 0.7702 4.7055, -0.3489 0.7748 4.7049, -0.5191 0.8441 4.6948, -0.6151 0.9033 4.6888, -0.6849 0.9463 4.6844, -0.829 1.0717 4.6745, -0.844 1.0898 4.6733, -0.9514 1.2192 4.6646, -1.1194 1.5708 4.6434, -1.0498 1.3876 4.654, -1.0162 1.3301 4.6576, -1.1261 1.604 4.6416, -1.1397 2.1425 4.6131, -1.1642 1.9514 4.6232, -1.1623 1.8973 4.626, -1.1576 1.7612 4.633, -1.1254 2.1901 4.6104, -0.884 2.6625 4.5816, -0.9968 2.5054 4.5919, -1.0167 2.465 4.5943, -1.0834 2.3297 4.6025, -0.843 2.7035 4.5787, -0.4168 2.9963 4.551, -0.5924 2.9097 4.5617, -0.616 2.8928 4.5632, -0.7496 2.7969 4.5719, -0.3482 3.0169 4.5471, 0.1517 3.0705 4.5206, -0.0385 3.0771 4.5303, -0.0583 3.0746 4.5314, -0.2295 3.0526 4.5404, 0.2362 3.0535 4.516, 0.3421 3.0323 4.5102, 0.5184 2.9654 4.4999, 0.5253 2.9627 4.4995, 0.6938 2.8643 4.489, 0.7661 2.8043 4.4841, 0.8412 2.7419 4.479, 0.9666 2.5978 4.4692, 0.9707 2.5911 4.4687, 1.0688 2.432 4.4587, 1.1101 2.3305 4.4527, 1.1427 2.2504 4.448, 1.1854 2.0606 4.4376, 1.1863 2.0452 4.4368, 1.1965 1.8702 4.4278, 1.1839 1.7496 4.4214, 1.1765 1.6793 4.4178, 1.1247 1.491 4.4072, 1.1119 1.4633 4.4055, 1.0423 1.3132 4.3965, 0.8015 1.0155 4.3765, 0.9329 1.1531 4.3862, 0.9683 1.205 4.3896, 0.7669 0.9894 4.3742, 0.2881 0.748 4.3451, 0.4741 0.8087 4.3557, 0.5172 0.8312 4.3583, 0.6475 0.8994 4.3663, 0.2365 0.7401 4.3423, -0.2838 0.7547 4.3148, -0.093 0.7211 4.3251, -0.0584 0.7207 4.3269, 0.0971 0.7189 4.3349, -0.3481 0.7774 4.3111, -0.7903 1.0339 4.2836, -0.6395 0.9145 4.2936, -0.6163 0.9017 4.2951, -0.4685 0.8199 4.3042, -0.8426 1.0912 4.2796, -0.9186 1.1746 4.2738, -1.0186 1.3287 4.2639, -1.0245 1.3377 4.2634, -1.1499 1.7065 4.2422, -1.1244 1.6045 4.2479, -1.1027 1.5174 4.2527, -1.5001 3.787 3.8583, -1.5001 2.9602 3.8583, -1.5001 3.787 3.9173, -1.5001 2.9602 3.9173, 1.5314 2.9602 3.8583, 1.5314 3.787 3.8583, 1.5314 2.9602 3.9173, 1.5314 3.787 3.9173, 1.5314 0.0075 3.8583, 1.5314 0.8342 3.8583, 1.5314 0.0075 3.9173, 1.5314 0.8342 3.9173, -1.5001 0.8342 3.8583, -1.5001 0.0075 3.8583, -1.5001 0.8342 3.9173, -1.5001 0.0075 3.9173, 1.1968 1.8972 11.5748, 1.1968 1.8972 7.1654, 1.184 1.9046 11.5873, -0.5749 2.9201 7.1654, 1.0234 1.9973 11.7432, -0.5749 2.9201 11.5748, -0.5602 2.9116 11.5894, -0.4015 2.82 11.7432, -0.2377 2.7255 11.8898, 0.8597 2.0919 11.8898, 0.237 3.0574 7.1654, -0.0585 3.076 7.1654, 1.1139 2.332 7.1654, -0.3493 3.0205 7.1654, 1.1875 2.0453 7.1654, 0.5186 2.9659 7.1654, 0.9712 2.5915 7.1654, 0.7686 2.8073 7.1654
            ]
        }
        coordIndex [
            0,1,2,-1,0,2,3,-1,3,2,4,-1,3,4,5,-1,6,7,8,-1,9,10,11,-1,12,13,9,-1,12,9,14,-1,15,6,11,-1,11,6,8,-1,11,8,9,-1,9,8,16,-1,9,16,14,-1,17,18,19,-1,20,17,21,-1,21,17,19,-1,21,19,22,-1,22,19,23,-1,24,25,26,-1,26,25,27,-1,26,27,28,-1,28,27,29,-1,28,29,30,-1,30,29,31,-1,30,31,32,-1,32,31,33,-1,32,33,34,-1,34,33,35,-1,34,35,36,-1,36,35,37,-1,36,37,38,-1,38,37,39,-1,38,39,40,-1,40,39,41,-1,40,41,42,-1,42,41,43,-1,42,43,44,-1,44,43,45,-1,44,45,46,-1,46,45,47,-1,46,47,19,-1,19,47,23,-1,48,49,50,-1,50,49,51,-1,50,51,52,-1,52,51,53,-1,52,53,54,-1,54,53,55,-1,54,55,56,-1,56,55,57,-1,56,57,58,-1,58,57,59,-1,58,59,60,-1,60,59,61,-1,60,61,62,-1,62,61,63,-1,62,63,64,-1,64,63,65,-1,64,65,66,-1,66,65,67,-1,66,67,68,-1,68,67,69,-1,68,69,70,-1,70,69,71,-1,70,71,72,-1,72,71,73,-1,72,73,74,-1,74,73,75,-1,74,75,76,-1,76,75,77,-1,76,77,78,-1,78,77,79,-1,78,79,80,-1,80,79,81,-1,80,81,82,-1,82,81,83,-1,82,83,84,-1,84,83,85,-1,84,85,86,-1,86,85,87,-1,86,87,88,-1,88,87,89,-1,88,89,90,-1,90,89,91,-1,90,91,92,-1,92,91,93,-1,92,93,94,-1,94,93,95,-1,94,95,96,-1,96,95,97,-1,96,97,98,-1,98,97,99,-1,98,99,100,-1,100,99,101,-1,100,101,102,-1,102,101,103,-1,102,103,104,-1,104,103,105,-1,104,105,106,-1,106,105,107,-1,106,107,108,-1,108,107,109,-1,108,109,110,-1,110,109,111,-1,110,111,112,-1,112,111,113,-1,112,113,114,-1,114,113,115,-1,114,115,116,-1,116,115,117,-1,116,117,118,-1,118,117,119,-1,118,119,120,-1,120,119,121,-1,120,121,122,-1,122,121,123,-1,122,123,124,-1,124,123,125,-1,124,125,126,-1,126,125,127,-1,126,127,128,-1,128,127,129,-1,128,129,130,-1,130,129,131,-1,130,131,132,-1,132,131,133,-1,132,133,134,-1,134,133,135,-1,134,135,136,-1,136,135,137,-1,136,137,138,-1,138,137,139,-1,138,139,140,-1,140,139,141,-1,140,141,142,-1,142,141,143,-1,142,143,144,-1,144,143,145,-1,144,145,146,-1,146,145,147,-1,146,147,148,-1,148,147,149,-1,148,149,150,-1,150,149,151,-1,150,151,152,-1,152,151,153,-1,152,153,154,-1,154,153,155,-1,154,155,156,-1,156,155,157,-1,156,157,158,-1,158,157,159,-1,158,159,160,-1,160,159,161,-1,160,161,162,-1,162,161,163,-1,162,163,164,-1,164,163,165,-1,164,165,166,-1,166,165,167,-1,166,167,168,-1,168,167,169,-1,168,169,170,-1,170,169,171,-1,170,171,172,-1,172,171,173,-1,172,173,174,-1,174,173,175,-1,174,175,176,-1,176,175,177,-1,176,177,178,-1,178,177,179,-1,178,179,180,-1,180,179,181,-1,180,181,182,-1,182,181,183,-1,182,183,184,-1,184,183,185,-1,184,185,186,-1,186,185,187,-1,186,187,188,-1,188,187,189,-1,188,189,190,-1,190,189,191,-1,190,191,192,-1,192,191,193,-1,192,193,194,-1,194,193,195,-1,194,195,196,-1,196,195,197,-1,196,197,198,-1,198,197,199,-1,198,199,200,-1,200,199,201,-1,200,201,202,-1,202,201,203,-1,202,203,204,-1,204,203,205,-1,204,205,206,-1,206,205,207,-1,206,207,208,-1,208,207,209,-1,208,209,210,-1,210,209,211,-1,210,211,212,-1,212,211,213,-1,212,213,214,-1,214,213,215,-1,214,215,216,-1,216,215,217,-1,216,217,218,-1,218,217,219,-1,218,219,220,-1,220,219,221,-1,220,221,222,-1,222,221,223,-1,222,223,224,-1,224,223,225,-1,224,225,226,-1,226,225,227,-1,226,227,228,-1,228,227,229,-1,228,229,230,-1,230,229,231,-1,230,231,232,-1,232,231,233,-1,232,233,234,-1,234,233,235,-1,234,235,236,-1,236,235,237,-1,236,237,238,-1,238,237,239,-1,238,239,240,-1,240,239,241,-1,240,241,242,-1,242,241,243,-1,242,243,244,-1,244,243,245,-1,244,245,246,-1,246,245,247,-1,246,247,248,-1,248,247,249,-1,248,249,250,-1,250,249,251,-1,250,251,252,-1,252,251,253,-1,252,253,254,-1,254,253,255,-1,254,255,256,-1,256,255,257,-1,256,257,258,-1,258,257,259,-1,258,259,260,-1,260,259,261,-1,260,261,262,-1,262,261,263,-1,262,263,264,-1,264,263,265,-1,264,265,266,-1,266,265,267,-1,266,267,268,-1,268,267,269,-1,268,269,270,-1,270,269,271,-1,270,271,272,-1,272,271,273,-1,272,273,274,-1,274,273,275,-1,274,275,276,-1,276,275,277,-1,276,277,278,-1,278,277,279,-1,278,279,280,-1,280,279,281,-1,280,281,282,-1,282,281,283,-1,282,283,284,-1,284,283,285,-1,284,285,286,-1,286,285,287,-1,286,287,288,-1,288,287,289,-1,288,289,290,-1,290,289,291,-1,290,291,292,-1,292,291,293,-1,292,293,294,-1,294,293,295,-1,294,295,296,-1,296,295,297,-1,296,297,298,-1,298,297,299,-1,298,299,300,-1,300,299,301,-1,300,301,302,-1,302,301,303,-1,302,303,24,-1,24,303,25,-1,11,10,304,-1,304,10,305,-1,304,305,306,-1,306,305,307,-1,306,307,308,-1,308,307,309,-1,308,309,310,-1,310,309,311,-1,310,311,312,-1,312,311,313,-1,312,313,314,-1,314,313,315,-1,314,315,316,-1,316,315,317,-1,316,317,318,-1,318,317,319,-1,318,319,320,-1,320,319,321,-1,320,321,322,-1,322,321,323,-1,322,323,324,-1,324,323,325,-1,324,325,326,-1,326,325,327,-1,326,327,328,-1,328,327,329,-1,328,329,330,-1,330,329,331,-1,330,331,332,-1,332,331,333,-1,332,333,334,-1,334,333,335,-1,334,335,336,-1,336,335,337,-1,336,337,338,-1,338,337,339,-1,338,339,340,-1,340,339,341,-1,340,341,342,-1,342,341,343,-1,342,343,344,-1,344,343,345,-1,344,345,346,-1,346,345,347,-1,346,347,348,-1,348,347,349,-1,348,349,350,-1,350,349,351,-1,350,351,352,-1,352,351,353,-1,352,353,354,-1,354,353,355,-1,354,355,356,-1,356,355,357,-1,356,357,358,-1,358,357,359,-1,358,359,360,-1,360,359,361,-1,360,361,362,-1,362,361,363,-1,362,363,364,-1,364,363,365,-1,364,365,366,-1,366,365,367,-1,366,367,368,-1,368,367,369,-1,368,369,370,-1,370,369,371,-1,370,371,372,-1,372,371,373,-1,372,373,374,-1,374,373,375,-1,374,375,376,-1,376,375,377,-1,376,377,378,-1,378,377,379,-1,378,379,380,-1,380,379,381,-1,380,381,382,-1,382,381,383,-1,382,383,384,-1,384,383,385,-1,384,385,386,-1,386,385,387,-1,386,387,388,-1,388,387,389,-1,388,389,390,-1,390,389,391,-1,390,391,392,-1,392,391,393,-1,392,393,394,-1,394,393,395,-1,394,395,396,-1,396,395,397,-1,396,397,398,-1,398,397,399,-1,398,399,400,-1,400,399,401,-1,400,401,402,-1,402,401,403,-1,402,403,404,-1,404,403,405,-1,404,405,406,-1,406,405,407,-1,406,407,408,-1,408,407,409,-1,408,409,410,-1,410,409,411,-1,410,411,412,-1,412,411,413,-1,412,413,414,-1,414,413,415,-1,414,415,416,-1,416,415,417,-1,416,417,418,-1,418,417,419,-1,418,419,420,-1,420,419,421,-1,420,421,422,-1,422,421,423,-1,422,423,424,-1,424,423,425,-1,424,425,426,-1,426,425,427,-1,426,427,428,-1,428,427,429,-1,428,429,430,-1,430,429,431,-1,430,431,432,-1,432,431,433,-1,432,433,434,-1,434,433,435,-1,434,435,436,-1,436,435,437,-1,436,437,438,-1,438,437,439,-1,438,439,440,-1,440,439,441,-1,440,441,442,-1,442,441,443,-1,442,443,444,-1,444,443,445,-1,444,445,446,-1,446,445,447,-1,446,447,448,-1,448,447,449,-1,448,449,450,-1,450,449,451,-1,450,451,452,-1,452,451,453,-1,452,453,454,-1,454,453,455,-1,454,455,456,-1,456,455,457,-1,456,457,458,-1,458,457,459,-1,458,459,460,-1,460,459,461,-1,460,461,462,-1,462,461,463,-1,462,463,464,-1,464,463,465,-1,464,465,466,-1,466,465,467,-1,466,467,468,-1,468,467,469,-1,468,469,470,-1,470,469,471,-1,470,471,472,-1,472,471,473,-1,472,473,474,-1,474,473,475,-1,474,475,476,-1,476,475,477,-1,476,477,478,-1,478,477,479,-1,478,479,480,-1,480,479,481,-1,480,481,482,-1,482,481,483,-1,482,483,484,-1,484,483,485,-1,484,485,486,-1,486,485,487,-1,486,487,488,-1,488,487,489,-1,488,489,490,-1,490,489,491,-1,490,491,492,-1,492,491,493,-1,492,493,494,-1,494,493,495,-1,494,495,496,-1,496,495,497,-1,496,497,498,-1,498,497,499,-1,498,499,500,-1,500,499,501,-1,500,501,502,-1,502,501,503,-1,502,503,504,-1,504,503,505,-1,504,505,506,-1,506,505,507,-1,506,507,508,-1,508,507,509,-1,508,509,510,-1,510,509,511,-1,510,511,512,-1,512,511,513,-1,512,513,514,-1,514,513,515,-1,514,515,516,-1,516,515,517,-1,516,517,518,-1,518,517,519,-1,518,519,520,-1,520,519,521,-1,520,521,522,-1,522,521,523,-1,522,523,524,-1,524,523,525,-1,524,525,526,-1,526,525,527,-1,526,527,528,-1,528,527,529,-1,528,529,530,-1,530,529,531,-1,530,531,532,-1,532,531,533,-1,532,533,534,-1,534,533,535,-1,534,535,536,-1,536,535,537,-1,536,537,538,-1,538,537,539,-1,538,539,540,-1,540,539,541,-1,540,541,542,-1,542,541,543,-1,542,543,544,-1,544,543,545,-1,544,545,546,-1,546,545,547,-1,546,547,548,-1,548,547,549,-1,548,549,550,-1,550,549,551,-1,550,551,552,-1,552,551,553,-1,552,553,554,-1,554,553,555,-1,554,555,556,-1,556,555,557,-1,556,557,48,-1,48,557,49,-1,558,24,559,-1,559,24,26,-1,559,26,560,-1,560,26,28,-1,560,28,561,-1,561,28,30,-1,561,30,562,-1,562,30,32,-1,562,32,563,-1,563,32,34,-1,563,34,564,-1,564,34,36,-1,564,36,565,-1,565,36,38,-1,565,38,566,-1,566,38,40,-1,566,40,567,-1,567,40,42,-1,567,42,568,-1,568,42,44,-1,568,44,569,-1,569,44,46,-1,569,46,18,-1,18,46,19,-1,570,48,571,-1,571,48,50,-1,571,50,572,-1,572,50,52,-1,572,52,573,-1,573,52,54,-1,573,54,574,-1,574,54,56,-1,574,56,575,-1,575,56,58,-1,575,58,576,-1,576,58,60,-1,576,60,577,-1,577,60,62,-1,577,62,578,-1,578,62,64,-1,578,64,579,-1,579,64,66,-1,579,66,580,-1,580,66,68,-1,580,68,581,-1,581,68,70,-1,581,70,582,-1,582,70,72,-1,582,72,583,-1,583,72,74,-1,583,74,584,-1,584,74,76,-1,584,76,585,-1,585,76,78,-1,585,78,586,-1,586,78,80,-1,586,80,587,-1,587,80,82,-1,587,82,588,-1,588,82,84,-1,588,84,589,-1,589,84,86,-1,589,86,590,-1,590,86,88,-1,590,88,591,-1,591,88,90,-1,591,90,592,-1,592,90,92,-1,592,92,593,-1,593,92,94,-1,593,94,594,-1,594,94,96,-1,594,96,595,-1,595,96,98,-1,595,98,596,-1,596,98,100,-1,596,100,597,-1,597,100,102,-1,597,102,598,-1,598,102,104,-1,598,104,599,-1,599,104,106,-1,599,106,600,-1,600,106,108,-1,600,108,601,-1,601,108,110,-1,601,110,602,-1,602,110,112,-1,602,112,603,-1,603,112,114,-1,603,114,604,-1,604,114,116,-1,604,116,605,-1,605,116,118,-1,605,118,606,-1,606,118,120,-1,606,120,607,-1,607,120,122,-1,607,122,608,-1,608,122,124,-1,608,124,609,-1,609,124,126,-1,609,126,610,-1,610,126,128,-1,610,128,611,-1,611,128,130,-1,611,130,612,-1,612,130,132,-1,612,132,613,-1,613,132,134,-1,613,134,614,-1,614,134,136,-1,614,136,615,-1,615,136,138,-1,615,138,616,-1,616,138,140,-1,616,140,617,-1,617,140,142,-1,617,142,618,-1,618,142,144,-1,618,144,619,-1,619,144,146,-1,619,146,620,-1,620,146,148,-1,620,148,621,-1,621,148,150,-1,621,150,622,-1,622,150,152,-1,622,152,623,-1,623,152,154,-1,623,154,624,-1,624,154,156,-1,624,156,625,-1,625,156,158,-1,625,158,626,-1,626,158,160,-1,626,160,627,-1,627,160,162,-1,627,162,628,-1,628,162,164,-1,628,164,629,-1,629,164,166,-1,629,166,630,-1,630,166,168,-1,630,168,631,-1,631,168,170,-1,631,170,632,-1,632,170,172,-1,632,172,633,-1,633,172,174,-1,633,174,634,-1,634,174,176,-1,634,176,635,-1,635,176,178,-1,635,178,636,-1,636,178,180,-1,636,180,637,-1,637,180,182,-1,637,182,638,-1,638,182,184,-1,638,184,639,-1,639,184,186,-1,639,186,640,-1,640,186,188,-1,640,188,641,-1,641,188,190,-1,641,190,642,-1,642,190,192,-1,642,192,643,-1,643,192,194,-1,643,194,644,-1,644,194,196,-1,644,196,645,-1,645,196,198,-1,645,198,646,-1,646,198,200,-1,646,200,647,-1,647,200,202,-1,647,202,648,-1,648,202,204,-1,648,204,649,-1,649,204,206,-1,649,206,650,-1,650,206,208,-1,650,208,651,-1,651,208,210,-1,651,210,652,-1,652,210,212,-1,652,212,653,-1,653,212,214,-1,653,214,654,-1,654,214,216,-1,654,216,655,-1,655,216,218,-1,655,218,656,-1,656,218,220,-1,656,220,657,-1,657,220,222,-1,657,222,658,-1,658,222,224,-1,658,224,659,-1,659,224,226,-1,659,226,660,-1,660,226,228,-1,660,228,661,-1,661,228,230,-1,661,230,662,-1,662,230,232,-1,662,232,663,-1,663,232,234,-1,663,234,664,-1,664,234,236,-1,664,236,665,-1,665,236,238,-1,665,238,666,-1,666,238,240,-1,666,240,667,-1,667,240,242,-1,667,242,668,-1,668,242,244,-1,668,244,669,-1,669,244,246,-1,669,246,670,-1,670,246,248,-1,670,248,671,-1,671,248,250,-1,671,250,672,-1,672,250,252,-1,672,252,673,-1,673,252,254,-1,673,254,674,-1,674,254,256,-1,674,256,675,-1,675,256,258,-1,675,258,676,-1,676,258,260,-1,676,260,677,-1,677,260,262,-1,677,262,678,-1,678,262,264,-1,678,264,679,-1,679,264,266,-1,679,266,680,-1,680,266,268,-1,680,268,681,-1,681,268,270,-1,681,270,682,-1,682,270,272,-1,682,272,683,-1,683,272,274,-1,683,274,684,-1,684,274,276,-1,684,276,685,-1,685,276,278,-1,685,278,686,-1,686,278,280,-1,686,280,687,-1,687,280,282,-1,687,282,688,-1,688,282,284,-1,688,284,689,-1,689,284,286,-1,689,286,690,-1,690,286,288,-1,690,288,691,-1,691,288,290,-1,691,290,692,-1,692,290,292,-1,692,292,693,-1,693,292,294,-1,693,294,694,-1,694,294,296,-1,694,296,695,-1,695,296,298,-1,695,298,696,-1,696,298,300,-1,696,300,697,-1,697,300,302,-1,697,302,558,-1,558,302,24,-1,15,11,698,-1,698,11,304,-1,698,304,699,-1,699,304,306,-1,699,306,700,-1,700,306,308,-1,700,308,701,-1,701,308,310,-1,701,310,702,-1,702,310,312,-1,702,312,703,-1,703,312,314,-1,703,314,704,-1,704,314,316,-1,704,316,705,-1,705,316,318,-1,705,318,706,-1,706,318,320,-1,706,320,707,-1,707,320,322,-1,707,322,708,-1,708,322,324,-1,708,324,709,-1,709,324,326,-1,709,326,710,-1,710,326,328,-1,710,328,711,-1,711,328,330,-1,711,330,712,-1,712,330,332,-1,712,332,713,-1,713,332,334,-1,713,334,714,-1,714,334,336,-1,714,336,715,-1,715,336,338,-1,715,338,716,-1,716,338,340,-1,716,340,717,-1,717,340,342,-1,717,342,718,-1,718,342,344,-1,718,344,719,-1,719,344,346,-1,719,346,720,-1,720,346,348,-1,720,348,721,-1,721,348,350,-1,721,350,722,-1,722,350,352,-1,722,352,723,-1,723,352,354,-1,723,354,724,-1,724,354,356,-1,724,356,725,-1,725,356,358,-1,725,358,726,-1,726,358,360,-1,726,360,727,-1,727,360,362,-1,727,362,728,-1,728,362,364,-1,728,364,729,-1,729,364,366,-1,729,366,730,-1,730,366,368,-1,730,368,731,-1,731,368,370,-1,731,370,732,-1,732,370,372,-1,732,372,733,-1,733,372,374,-1,733,374,734,-1,734,374,376,-1,734,376,735,-1,735,376,378,-1,735,378,736,-1,736,378,380,-1,736,380,737,-1,737,380,382,-1,737,382,738,-1,738,382,384,-1,738,384,739,-1,739,384,386,-1,739,386,740,-1,740,386,388,-1,740,388,741,-1,741,388,390,-1,741,390,742,-1,742,390,392,-1,742,392,743,-1,743,392,394,-1,743,394,744,-1,744,394,396,-1,744,396,745,-1,745,396,398,-1,745,398,746,-1,746,398,400,-1,746,400,747,-1,747,400,402,-1,747,402,748,-1,748,402,404,-1,748,404,749,-1,749,404,406,-1,749,406,750,-1,750,406,408,-1,750,408,751,-1,751,408,410,-1,751,410,752,-1,752,410,412,-1,752,412,753,-1,753,412,414,-1,753,414,754,-1,754,414,416,-1,754,416,755,-1,755,416,418,-1,755,418,756,-1,756,418,420,-1,756,420,757,-1,757,420,422,-1,757,422,758,-1,758,422,424,-1,758,424,759,-1,759,424,426,-1,759,426,760,-1,760,426,428,-1,760,428,761,-1,761,428,430,-1,761,430,762,-1,762,430,432,-1,762,432,763,-1,763,432,434,-1,763,434,764,-1,764,434,436,-1,764,436,765,-1,765,436,438,-1,765,438,766,-1,766,438,440,-1,766,440,767,-1,767,440,442,-1,767,442,768,-1,768,442,444,-1,768,444,769,-1,769,444,446,-1,769,446,770,-1,770,446,448,-1,770,448,771,-1,771,448,450,-1,771,450,772,-1,772,450,452,-1,772,452,773,-1,773,452,454,-1,773,454,774,-1,774,454,456,-1,774,456,775,-1,775,456,458,-1,775,458,776,-1,776,458,460,-1,776,460,777,-1,777,460,462,-1,777,462,778,-1,778,462,464,-1,778,464,779,-1,779,464,466,-1,779,466,780,-1,780,466,468,-1,780,468,781,-1,781,468,470,-1,781,470,782,-1,782,470,472,-1,782,472,783,-1,783,472,474,-1,783,474,784,-1,784,474,476,-1,784,476,785,-1,785,476,478,-1,785,478,786,-1,786,478,480,-1,786,480,787,-1,787,480,482,-1,787,482,788,-1,788,482,484,-1,788,484,789,-1,789,484,486,-1,789,486,790,-1,790,486,488,-1,790,488,791,-1,791,488,490,-1,791,490,792,-1,792,490,492,-1,792,492,793,-1,793,492,494,-1,793,494,794,-1,794,494,496,-1,794,496,795,-1,795,496,498,-1,795,498,796,-1,796,498,500,-1,796,500,797,-1,797,500,502,-1,797,502,798,-1,798,502,504,-1,798,504,799,-1,799,504,506,-1,799,506,800,-1,800,506,508,-1,800,508,801,-1,801,508,510,-1,801,510,802,-1,802,510,512,-1,802,512,803,-1,803,512,514,-1,803,514,804,-1,804,514,516,-1,804,516,805,-1,805,516,518,-1,805,518,806,-1,806,518,520,-1,806,520,807,-1,807,520,522,-1,807,522,808,-1,808,522,524,-1,808,524,809,-1,809,524,526,-1,809,526,810,-1,810,526,528,-1,810,528,811,-1,811,528,530,-1,811,530,812,-1,812,530,532,-1,812,532,813,-1,813,532,534,-1,813,534,814,-1,814,534,536,-1,814,536,815,-1,815,536,538,-1,815,538,816,-1,816,538,540,-1,816,540,817,-1,817,540,542,-1,817,542,818,-1,818,542,544,-1,818,544,819,-1,819,544,546,-1,819,546,820,-1,820,546,548,-1,820,548,821,-1,821,548,550,-1,821,550,822,-1,822,550,552,-1,822,552,823,-1,823,552,554,-1,823,554,824,-1,824,554,556,-1,824,556,570,-1,570,556,48,-1,825,826,827,-1,828,829,830,-1,831,832,833,-1,834,835,836,-1,837,838,839,-1,840,841,842,-1,843,844,845,-1,846,847,848,-1,849,850,851,-1,852,853,854,-1,855,856,857,-1,858,859,860,-1,861,862,863,-1,864,865,866,-1,867,868,869,-1,870,871,872,-1,873,874,875,-1,876,877,878,-1,879,880,881,-1,882,883,884,-1,885,886,887,-1,888,889,890,-1,891,892,893,-1,894,895,896,-1,897,898,899,-1,900,901,902,-1,903,904,905,-1,906,907,908,-1,909,910,911,-1,912,913,914,-1,915,916,917,-1,917,918,915,-1,915,918,919,-1,915,919,920,-1,920,919,921,-1,920,921,922,-1,922,923,920,-1,920,923,924,-1,920,924,925,-1,9,13,926,-1,926,927,9,-1,9,927,928,-1,9,928,915,-1,915,928,929,-1,915,929,916,-1,21,22,930,-1,930,22,931,-1,930,931,932,-1,932,931,933,-1,934,935,936,-1,936,935,937,-1,936,937,933,-1,933,937,938,-1,933,938,932,-1,939,940,934,-1,934,940,941,-1,934,941,935,-1,942,943,944,-1,944,943,945,-1,944,945,939,-1,939,945,946,-1,939,946,940,-1,947,948,942,-1,942,948,949,-1,942,949,943,-1,950,951,952,-1,952,951,953,-1,952,953,947,-1,947,953,954,-1,947,954,948,-1,955,956,950,-1,950,956,957,-1,950,957,951,-1,958,959,960,-1,960,959,961,-1,960,961,955,-1,955,961,962,-1,955,962,956,-1,914,963,912,-1,912,963,964,-1,912,964,958,-1,958,964,965,-1,958,965,959,-1,911,966,909,-1,909,966,967,-1,909,967,968,-1,968,967,969,-1,968,969,913,-1,913,969,970,-1,913,970,914,-1,908,971,906,-1,906,971,972,-1,906,972,973,-1,973,972,974,-1,973,974,910,-1,910,974,975,-1,910,975,911,-1,976,977,978,-1,978,977,979,-1,978,979,907,-1,907,979,980,-1,907,980,908,-1,981,982,983,-1,983,982,984,-1,983,984,976,-1,976,984,985,-1,976,985,977,-1,986,987,988,-1,988,987,989,-1,988,989,981,-1,981,989,990,-1,981,990,982,-1,991,992,986,-1,986,992,993,-1,986,993,987,-1,994,995,996,-1,996,995,997,-1,996,997,991,-1,991,997,998,-1,991,998,992,-1,999,1000,994,-1,994,1000,1001,-1,994,1001,995,-1,1002,1003,1004,-1,1004,1003,1005,-1,1004,1005,999,-1,999,1005,1006,-1,999,1006,1000,-1,1007,1008,1002,-1,1002,1008,1009,-1,1002,1009,1003,-1,1010,1011,1012,-1,1012,1011,1013,-1,1012,1013,1007,-1,1007,1013,1014,-1,1007,1014,1008,-1,1015,1016,1010,-1,1010,1016,1017,-1,1010,1017,1011,-1,1018,1019,1020,-1,1020,1019,1021,-1,1020,1021,1015,-1,1015,1021,1022,-1,1015,1022,1016,-1,905,1023,903,-1,903,1023,1024,-1,903,1024,1018,-1,1018,1024,1025,-1,1018,1025,1019,-1,902,1026,900,-1,900,1026,1027,-1,900,1027,1028,-1,1028,1027,1029,-1,1028,1029,904,-1,904,1029,1030,-1,904,1030,905,-1,899,1031,897,-1,897,1031,1032,-1,897,1032,1033,-1,1033,1032,1034,-1,1033,1034,901,-1,901,1034,1035,-1,901,1035,902,-1,1036,1037,1038,-1,1038,1037,1039,-1,1038,1039,1040,-1,1040,1039,1041,-1,1040,1041,898,-1,898,1041,1042,-1,898,1042,899,-1,1043,1044,1036,-1,1036,1044,1045,-1,1036,1045,1037,-1,1046,1047,1048,-1,1048,1047,1049,-1,1048,1049,1043,-1,1043,1049,1050,-1,1043,1050,1044,-1,1051,1052,1046,-1,1046,1052,1053,-1,1046,1053,1047,-1,1054,1055,1056,-1,1056,1055,1057,-1,1056,1057,1051,-1,1051,1057,1058,-1,1051,1058,1052,-1,1059,1060,1054,-1,1054,1060,1061,-1,1054,1061,1055,-1,1062,1063,1064,-1,1064,1063,1065,-1,1064,1065,1059,-1,1059,1065,1066,-1,1059,1066,1060,-1,1067,1068,1062,-1,1062,1068,1069,-1,1062,1069,1063,-1,1070,1071,1072,-1,1072,1071,1073,-1,1072,1073,1067,-1,1067,1073,1074,-1,1067,1074,1068,-1,896,1075,894,-1,894,1075,1076,-1,894,1076,1070,-1,1070,1076,1077,-1,1070,1077,1071,-1,893,1078,891,-1,891,1078,1079,-1,891,1079,1080,-1,1080,1079,1081,-1,1080,1081,895,-1,895,1081,1082,-1,895,1082,896,-1,890,1083,888,-1,888,1083,1084,-1,888,1084,1085,-1,1085,1084,1086,-1,1085,1086,892,-1,892,1086,1087,-1,892,1087,893,-1,1088,1089,1090,-1,1090,1089,1091,-1,1090,1091,889,-1,889,1091,1092,-1,889,1092,890,-1,1093,1094,1095,-1,1095,1094,1096,-1,1095,1096,1088,-1,1088,1096,1097,-1,1088,1097,1089,-1,1098,1099,1100,-1,1100,1099,1101,-1,1100,1101,1093,-1,1093,1101,1102,-1,1093,1102,1094,-1,1103,1104,1098,-1,1098,1104,1105,-1,1098,1105,1099,-1,1106,1107,1108,-1,1108,1107,1109,-1,1108,1109,1103,-1,1103,1109,1110,-1,1103,1110,1104,-1,1111,1112,1106,-1,1106,1112,1113,-1,1106,1113,1107,-1,1114,1115,1116,-1,1116,1115,1117,-1,1116,1117,1111,-1,1111,1117,1118,-1,1111,1118,1112,-1,1119,1120,1114,-1,1114,1120,1121,-1,1114,1121,1115,-1,1122,1123,1124,-1,1124,1123,1125,-1,1124,1125,1119,-1,1119,1125,1126,-1,1119,1126,1120,-1,887,1127,885,-1,885,1127,1128,-1,885,1128,1122,-1,1122,1128,1129,-1,1122,1129,1123,-1,884,1130,882,-1,882,1130,1131,-1,882,1131,1132,-1,1132,1131,1133,-1,1132,1133,886,-1,886,1133,1134,-1,886,1134,887,-1,881,1135,879,-1,879,1135,1136,-1,879,1136,1137,-1,1137,1136,1138,-1,1137,1138,883,-1,883,1138,1139,-1,883,1139,884,-1,1140,1141,1142,-1,1142,1141,1143,-1,1142,1143,880,-1,880,1143,1144,-1,880,1144,881,-1,1145,1146,1147,-1,1147,1146,1148,-1,1147,1148,1140,-1,1140,1148,1149,-1,1140,1149,1141,-1,1150,1151,1152,-1,1152,1151,1153,-1,1152,1153,1145,-1,1145,1153,1154,-1,1145,1154,1146,-1,1155,1156,1150,-1,1150,1156,1157,-1,1150,1157,1151,-1,1158,1159,1160,-1,1160,1159,1161,-1,1160,1161,1155,-1,1155,1161,1162,-1,1155,1162,1156,-1,1163,1164,1158,-1,1158,1164,1165,-1,1158,1165,1159,-1,1166,1167,1168,-1,1168,1167,1169,-1,1168,1169,1163,-1,1163,1169,1170,-1,1163,1170,1164,-1,1171,1172,1166,-1,1166,1172,1173,-1,1166,1173,1167,-1,1174,1175,1176,-1,1176,1175,1177,-1,1176,1177,1171,-1,1171,1177,1178,-1,1171,1178,1172,-1,1179,1180,1174,-1,1174,1180,1181,-1,1174,1181,1175,-1,1182,1183,1184,-1,1184,1183,1185,-1,1184,1185,1179,-1,1179,1185,1186,-1,1179,1186,1180,-1,878,1187,876,-1,876,1187,1188,-1,876,1188,1182,-1,1182,1188,1189,-1,1182,1189,1183,-1,875,1190,873,-1,873,1190,1191,-1,873,1191,1192,-1,1192,1191,1193,-1,1192,1193,877,-1,877,1193,1194,-1,877,1194,878,-1,872,1195,870,-1,870,1195,1196,-1,870,1196,1197,-1,1197,1196,1198,-1,1197,1198,874,-1,874,1198,1199,-1,874,1199,875,-1,1200,1201,1202,-1,1202,1201,1203,-1,1202,1203,871,-1,871,1203,1204,-1,871,1204,872,-1,1205,1206,1207,-1,1207,1206,1208,-1,1207,1208,1200,-1,1200,1208,1209,-1,1200,1209,1201,-1,1210,1211,1212,-1,1212,1211,1213,-1,1212,1213,1205,-1,1205,1213,1214,-1,1205,1214,1206,-1,1215,1216,1210,-1,1210,1216,1217,-1,1210,1217,1211,-1,1218,1219,1220,-1,1220,1219,1221,-1,1220,1221,1215,-1,1215,1221,1222,-1,1215,1222,1216,-1,1223,1224,1218,-1,1218,1224,1225,-1,1218,1225,1219,-1,1226,1227,1228,-1,1228,1227,1229,-1,1228,1229,1223,-1,1223,1229,1230,-1,1223,1230,1224,-1,1231,1232,1226,-1,1226,1232,1233,-1,1226,1233,1227,-1,1234,1235,1236,-1,1236,1235,1237,-1,1236,1237,1231,-1,1231,1237,1238,-1,1231,1238,1232,-1,869,1239,867,-1,867,1239,1240,-1,867,1240,1234,-1,1234,1240,1241,-1,1234,1241,1235,-1,866,1242,864,-1,864,1242,1243,-1,864,1243,1244,-1,1244,1243,1245,-1,1244,1245,868,-1,868,1245,1246,-1,868,1246,869,-1,863,1247,861,-1,861,1247,1248,-1,861,1248,1249,-1,1249,1248,1250,-1,1249,1250,865,-1,865,1250,1251,-1,865,1251,866,-1,1252,1253,1254,-1,1254,1253,1255,-1,1254,1255,862,-1,862,1255,1256,-1,862,1256,863,-1,1257,1258,1259,-1,1259,1258,1260,-1,1259,1260,1252,-1,1252,1260,1261,-1,1252,1261,1253,-1,1262,1263,1264,-1,1264,1263,1265,-1,1264,1265,1257,-1,1257,1265,1266,-1,1257,1266,1258,-1,1267,1268,1262,-1,1262,1268,1269,-1,1262,1269,1263,-1,1270,1271,1272,-1,1272,1271,1273,-1,1272,1273,1267,-1,1267,1273,1274,-1,1267,1274,1268,-1,1275,1276,1270,-1,1270,1276,1277,-1,1270,1277,1271,-1,1278,1279,1280,-1,1280,1279,1281,-1,1280,1281,1275,-1,1275,1281,1282,-1,1275,1282,1276,-1,1283,1284,1278,-1,1278,1284,1285,-1,1278,1285,1279,-1,1286,1287,1288,-1,1288,1287,1289,-1,1288,1289,1283,-1,1283,1289,1290,-1,1283,1290,1284,-1,1291,1292,1286,-1,1286,1292,1293,-1,1286,1293,1287,-1,1294,1295,1296,-1,1296,1295,1297,-1,1296,1297,1291,-1,1291,1297,1298,-1,1291,1298,1292,-1,860,1299,858,-1,858,1299,1300,-1,858,1300,1294,-1,1294,1300,1301,-1,1294,1301,1295,-1,857,1302,855,-1,855,1302,1303,-1,855,1303,1304,-1,1304,1303,1305,-1,1304,1305,859,-1,859,1305,1306,-1,859,1306,860,-1,854,1307,852,-1,852,1307,1308,-1,852,1308,1309,-1,1309,1308,1310,-1,1309,1310,856,-1,856,1310,1311,-1,856,1311,857,-1,1312,1313,1314,-1,1314,1313,1315,-1,1314,1315,853,-1,853,1315,1316,-1,853,1316,854,-1,1317,1318,1319,-1,1319,1318,1320,-1,1319,1320,1312,-1,1312,1320,1321,-1,1312,1321,1313,-1,1322,1323,1324,-1,1324,1323,1325,-1,1324,1325,1317,-1,1317,1325,1326,-1,1317,1326,1318,-1,1327,1328,1322,-1,1322,1328,1329,-1,1322,1329,1323,-1,1330,1331,1332,-1,1332,1331,1333,-1,1332,1333,1327,-1,1327,1333,1334,-1,1327,1334,1328,-1,1335,1336,1330,-1,1330,1336,1337,-1,1330,1337,1331,-1,1338,1339,1340,-1,1340,1339,1341,-1,1340,1341,1335,-1,1335,1341,1342,-1,1335,1342,1336,-1,1343,1344,1338,-1,1338,1344,1345,-1,1338,1345,1339,-1,1346,1347,1348,-1,1348,1347,1349,-1,1348,1349,1343,-1,1343,1349,1350,-1,1343,1350,1344,-1,1351,1352,1346,-1,1346,1352,1353,-1,1346,1353,1347,-1,1354,1355,1356,-1,1356,1355,1357,-1,1356,1357,1351,-1,1351,1357,1358,-1,1351,1358,1352,-1,851,1359,849,-1,849,1359,1360,-1,849,1360,1354,-1,1354,1360,1361,-1,1354,1361,1355,-1,848,1362,846,-1,846,1362,1363,-1,846,1363,1364,-1,1364,1363,1365,-1,1364,1365,850,-1,850,1365,1366,-1,850,1366,851,-1,1367,1368,1369,-1,1369,1368,1370,-1,1369,1370,847,-1,847,1370,1371,-1,847,1371,848,-1,1372,1373,1374,-1,1374,1373,1375,-1,1374,1375,1367,-1,1367,1375,1376,-1,1367,1376,1368,-1,1377,1378,1379,-1,1379,1378,1380,-1,1379,1380,1372,-1,1372,1380,1381,-1,1372,1381,1373,-1,1382,1383,1377,-1,1377,1383,1384,-1,1377,1384,1378,-1,1385,1386,1387,-1,1387,1386,1388,-1,1387,1388,1382,-1,1382,1388,1389,-1,1382,1389,1383,-1,1390,1391,1385,-1,1385,1391,1392,-1,1385,1392,1386,-1,1393,1394,1395,-1,1395,1394,1396,-1,1395,1396,1390,-1,1390,1396,1397,-1,1390,1397,1391,-1,1398,1399,1393,-1,1393,1399,1400,-1,1393,1400,1394,-1,1401,1402,1403,-1,1403,1402,1404,-1,1403,1404,1398,-1,1398,1404,1405,-1,1398,1405,1399,-1,1406,1407,1401,-1,1401,1407,1408,-1,1401,1408,1402,-1,1409,1410,1411,-1,1411,1410,1412,-1,1411,1412,1406,-1,1406,1412,1413,-1,1406,1413,1407,-1,845,1414,843,-1,843,1414,1415,-1,843,1415,1409,-1,1409,1415,1416,-1,1409,1416,1410,-1,842,1417,840,-1,840,1417,1418,-1,840,1418,1419,-1,1419,1418,1420,-1,1419,1420,844,-1,844,1420,1421,-1,844,1421,845,-1,839,1422,837,-1,837,1422,1423,-1,837,1423,1424,-1,1424,1423,1425,-1,1424,1425,841,-1,841,1425,1426,-1,841,1426,842,-1,1427,1428,1429,-1,1429,1428,1430,-1,1429,1430,838,-1,838,1430,1431,-1,838,1431,839,-1,1432,1433,1434,-1,1434,1433,1435,-1,1434,1435,1427,-1,1427,1435,1436,-1,1427,1436,1428,-1,1437,1438,1439,-1,1439,1438,1440,-1,1439,1440,1432,-1,1432,1440,1441,-1,1432,1441,1433,-1,1442,1443,1437,-1,1437,1443,1444,-1,1437,1444,1438,-1,1445,1446,1447,-1,1447,1446,1448,-1,1447,1448,1442,-1,1442,1448,1449,-1,1442,1449,1443,-1,1450,1451,1445,-1,1445,1451,1452,-1,1445,1452,1446,-1,1453,1454,1455,-1,1455,1454,1456,-1,1455,1456,1450,-1,1450,1456,1457,-1,1450,1457,1451,-1,1458,1459,1453,-1,1453,1459,1460,-1,1453,1460,1454,-1,1461,1462,1463,-1,1463,1462,1464,-1,1463,1464,1458,-1,1458,1464,1465,-1,1458,1465,1459,-1,1466,1467,1461,-1,1461,1467,1468,-1,1461,1468,1462,-1,1469,1470,1471,-1,1471,1470,1472,-1,1471,1472,1466,-1,1466,1472,1473,-1,1466,1473,1467,-1,836,1474,834,-1,834,1474,1475,-1,834,1475,1469,-1,1469,1475,1476,-1,1469,1476,1470,-1,833,1477,831,-1,831,1477,1478,-1,831,1478,1479,-1,1479,1478,1480,-1,1479,1480,835,-1,835,1480,1481,-1,835,1481,836,-1,1482,1483,1484,-1,1484,1483,1485,-1,1484,1485,832,-1,832,1485,1486,-1,832,1486,833,-1,1487,1488,1489,-1,1489,1488,1490,-1,1489,1490,1482,-1,1482,1490,1491,-1,1482,1491,1483,-1,1492,1493,1494,-1,1494,1493,1495,-1,1494,1495,1487,-1,1487,1495,1496,-1,1487,1496,1488,-1,1497,1498,1492,-1,1492,1498,1499,-1,1492,1499,1493,-1,1500,1501,1502,-1,1502,1501,1503,-1,1502,1503,1497,-1,1497,1503,1504,-1,1497,1504,1498,-1,1505,1506,1500,-1,1500,1506,1507,-1,1500,1507,1501,-1,1508,1509,1510,-1,1510,1509,1511,-1,1510,1511,1505,-1,1505,1511,1512,-1,1505,1512,1506,-1,1513,1514,1508,-1,1508,1514,1515,-1,1508,1515,1509,-1,1516,1517,1518,-1,1518,1517,1519,-1,1518,1519,1513,-1,1513,1519,1520,-1,1513,1520,1514,-1,1521,1522,1516,-1,1516,1522,1523,-1,1516,1523,1517,-1,1524,1525,1526,-1,1526,1525,1527,-1,1526,1527,1521,-1,1521,1527,1528,-1,1521,1528,1522,-1,830,1529,828,-1,828,1529,1530,-1,828,1530,1524,-1,1524,1530,1531,-1,1524,1531,1525,-1,827,1532,825,-1,825,1532,1533,-1,825,1533,1534,-1,1534,1533,1535,-1,1534,1535,829,-1,829,1535,1536,-1,829,1536,830,-1,924,1537,925,-1,925,1537,1538,-1,925,1538,1539,-1,1539,1538,1540,-1,1539,1540,826,-1,826,1540,1541,-1,826,1541,827,-1,25,960,27,-1,27,960,955,-1,27,955,29,-1,29,955,950,-1,29,950,31,-1,31,950,952,-1,31,952,33,-1,33,952,947,-1,33,947,35,-1,35,947,942,-1,35,942,37,-1,37,942,944,-1,37,944,39,-1,39,944,939,-1,39,939,41,-1,41,939,934,-1,41,934,43,-1,43,934,936,-1,43,936,45,-1,45,936,933,-1,45,933,47,-1,47,933,931,-1,47,931,23,-1,23,931,22,-1,49,1249,51,-1,51,1249,865,-1,51,865,53,-1,53,865,864,-1,53,864,55,-1,55,864,1244,-1,55,1244,57,-1,57,1244,868,-1,57,868,59,-1,59,868,867,-1,59,867,61,-1,61,867,1234,-1,61,1234,63,-1,63,1234,1236,-1,63,1236,65,-1,65,1236,1231,-1,65,1231,67,-1,67,1231,1226,-1,67,1226,69,-1,69,1226,1228,-1,69,1228,71,-1,71,1228,1223,-1,71,1223,73,-1,73,1223,1218,-1,73,1218,75,-1,75,1218,1220,-1,75,1220,77,-1,77,1220,1215,-1,77,1215,79,-1,79,1215,1210,-1,79,1210,81,-1,81,1210,1212,-1,81,1212,83,-1,83,1212,1205,-1,83,1205,85,-1,85,1205,1207,-1,85,1207,87,-1,87,1207,1200,-1,87,1200,89,-1,89,1200,1202,-1,89,1202,91,-1,91,1202,871,-1,91,871,93,-1,93,871,870,-1,93,870,95,-1,95,870,1197,-1,95,1197,97,-1,97,1197,874,-1,97,874,99,-1,99,874,873,-1,99,873,101,-1,101,873,1192,-1,101,1192,103,-1,103,1192,877,-1,103,877,105,-1,105,877,876,-1,105,876,107,-1,107,876,1182,-1,107,1182,109,-1,109,1182,1184,-1,109,1184,111,-1,111,1184,1179,-1,111,1179,113,-1,113,1179,1174,-1,113,1174,115,-1,115,1174,1176,-1,115,1176,117,-1,117,1176,1171,-1,117,1171,119,-1,119,1171,1166,-1,119,1166,121,-1,121,1166,1168,-1,121,1168,123,-1,123,1168,1163,-1,123,1163,125,-1,125,1163,1158,-1,125,1158,127,-1,127,1158,1160,-1,127,1160,129,-1,129,1160,1155,-1,129,1155,131,-1,131,1155,1150,-1,131,1150,133,-1,133,1150,1152,-1,133,1152,135,-1,135,1152,1145,-1,135,1145,137,-1,137,1145,1147,-1,137,1147,139,-1,139,1147,1140,-1,139,1140,141,-1,141,1140,1142,-1,141,1142,143,-1,143,1142,880,-1,143,880,145,-1,145,880,879,-1,145,879,147,-1,147,879,1137,-1,147,1137,149,-1,149,1137,883,-1,149,883,151,-1,151,883,882,-1,151,882,153,-1,153,882,1132,-1,153,1132,155,-1,155,1132,886,-1,155,886,157,-1,157,886,885,-1,157,885,159,-1,159,885,1122,-1,159,1122,161,-1,161,1122,1124,-1,161,1124,163,-1,163,1124,1119,-1,163,1119,165,-1,165,1119,1114,-1,165,1114,167,-1,167,1114,1116,-1,167,1116,169,-1,169,1116,1111,-1,169,1111,171,-1,171,1111,1106,-1,171,1106,173,-1,173,1106,1108,-1,173,1108,175,-1,175,1108,1103,-1,175,1103,177,-1,177,1103,1098,-1,177,1098,179,-1,179,1098,1100,-1,179,1100,181,-1,181,1100,1093,-1,181,1093,183,-1,183,1093,1095,-1,183,1095,185,-1,185,1095,1088,-1,185,1088,187,-1,187,1088,1090,-1,187,1090,189,-1,189,1090,889,-1,189,889,191,-1,191,889,888,-1,191,888,193,-1,193,888,1085,-1,193,1085,195,-1,195,1085,892,-1,195,892,197,-1,197,892,891,-1,197,891,199,-1,199,891,1080,-1,199,1080,201,-1,201,1080,895,-1,201,895,203,-1,203,895,894,-1,203,894,205,-1,205,894,1070,-1,205,1070,207,-1,207,1070,1072,-1,207,1072,209,-1,209,1072,1067,-1,209,1067,211,-1,211,1067,1062,-1,211,1062,213,-1,213,1062,1064,-1,213,1064,215,-1,215,1064,1059,-1,215,1059,217,-1,217,1059,1054,-1,217,1054,219,-1,219,1054,1056,-1,219,1056,221,-1,221,1056,1051,-1,221,1051,223,-1,223,1051,1046,-1,223,1046,225,-1,225,1046,1048,-1,225,1048,227,-1,227,1048,1043,-1,227,1043,229,-1,229,1043,1036,-1,229,1036,231,-1,231,1036,1038,-1,231,1038,233,-1,233,1038,1040,-1,233,1040,235,-1,235,1040,898,-1,235,898,237,-1,237,898,897,-1,237,897,239,-1,239,897,1033,-1,239,1033,241,-1,241,1033,901,-1,241,901,243,-1,243,901,900,-1,243,900,245,-1,245,900,1028,-1,245,1028,247,-1,247,1028,904,-1,247,904,249,-1,249,904,903,-1,249,903,251,-1,251,903,1018,-1,251,1018,253,-1,253,1018,1020,-1,253,1020,255,-1,255,1020,1015,-1,255,1015,257,-1,257,1015,1010,-1,257,1010,259,-1,259,1010,1012,-1,259,1012,261,-1,261,1012,1007,-1,261,1007,263,-1,263,1007,1002,-1,263,1002,265,-1,265,1002,1004,-1,265,1004,267,-1,267,1004,999,-1,267,999,269,-1,269,999,994,-1,269,994,271,-1,271,994,996,-1,271,996,273,-1,273,996,991,-1,273,991,275,-1,275,991,986,-1,275,986,277,-1,277,986,988,-1,277,988,279,-1,279,988,981,-1,279,981,281,-1,281,981,983,-1,281,983,283,-1,283,983,976,-1,283,976,285,-1,285,976,978,-1,285,978,287,-1,287,978,907,-1,287,907,289,-1,289,907,906,-1,289,906,291,-1,291,906,973,-1,291,973,293,-1,293,973,910,-1,293,910,295,-1,295,910,909,-1,295,909,297,-1,297,909,968,-1,297,968,299,-1,299,968,913,-1,299,913,301,-1,301,913,912,-1,301,912,303,-1,303,912,958,-1,303,958,25,-1,25,958,960,-1,10,9,305,-1,305,9,915,-1,305,915,307,-1,307,915,920,-1,307,920,309,-1,309,920,925,-1,309,925,311,-1,311,925,1539,-1,311,1539,313,-1,313,1539,826,-1,313,826,315,-1,315,826,825,-1,315,825,317,-1,317,825,1534,-1,317,1534,319,-1,319,1534,829,-1,319,829,321,-1,321,829,828,-1,321,828,323,-1,323,828,1524,-1,323,1524,325,-1,325,1524,1526,-1,325,1526,327,-1,327,1526,1521,-1,327,1521,329,-1,329,1521,1516,-1,329,1516,331,-1,331,1516,1518,-1,331,1518,333,-1,333,1518,1513,-1,333,1513,335,-1,335,1513,1508,-1,335,1508,337,-1,337,1508,1510,-1,337,1510,339,-1,339,1510,1505,-1,339,1505,341,-1,341,1505,1500,-1,341,1500,343,-1,343,1500,1502,-1,343,1502,345,-1,345,1502,1497,-1,345,1497,347,-1,347,1497,1492,-1,347,1492,349,-1,349,1492,1494,-1,349,1494,351,-1,351,1494,1487,-1,351,1487,353,-1,353,1487,1489,-1,353,1489,355,-1,355,1489,1482,-1,355,1482,357,-1,357,1482,1484,-1,357,1484,359,-1,359,1484,832,-1,359,832,361,-1,361,832,831,-1,361,831,363,-1,363,831,1479,-1,363,1479,365,-1,365,1479,835,-1,365,835,367,-1,367,835,834,-1,367,834,369,-1,369,834,1469,-1,369,1469,371,-1,371,1469,1471,-1,371,1471,373,-1,373,1471,1466,-1,373,1466,375,-1,375,1466,1461,-1,375,1461,377,-1,377,1461,1463,-1,377,1463,379,-1,379,1463,1458,-1,379,1458,381,-1,381,1458,1453,-1,381,1453,383,-1,383,1453,1455,-1,383,1455,385,-1,385,1455,1450,-1,385,1450,387,-1,387,1450,1445,-1,387,1445,389,-1,389,1445,1447,-1,389,1447,391,-1,391,1447,1442,-1,391,1442,393,-1,393,1442,1437,-1,393,1437,395,-1,395,1437,1439,-1,395,1439,397,-1,397,1439,1432,-1,397,1432,399,-1,399,1432,1434,-1,399,1434,401,-1,401,1434,1427,-1,401,1427,403,-1,403,1427,1429,-1,403,1429,405,-1,405,1429,838,-1,405,838,407,-1,407,838,837,-1,407,837,409,-1,409,837,1424,-1,409,1424,411,-1,411,1424,841,-1,411,841,413,-1,413,841,840,-1,413,840,415,-1,415,840,1419,-1,415,1419,417,-1,417,1419,844,-1,417,844,419,-1,419,844,843,-1,419,843,421,-1,421,843,1409,-1,421,1409,423,-1,423,1409,1411,-1,423,1411,425,-1,425,1411,1406,-1,425,1406,427,-1,427,1406,1401,-1,427,1401,429,-1,429,1401,1403,-1,429,1403,431,-1,431,1403,1398,-1,431,1398,433,-1,433,1398,1393,-1,433,1393,435,-1,435,1393,1395,-1,435,1395,437,-1,437,1395,1390,-1,437,1390,439,-1,439,1390,1385,-1,439,1385,441,-1,441,1385,1387,-1,441,1387,443,-1,443,1387,1382,-1,443,1382,445,-1,445,1382,1377,-1,445,1377,447,-1,447,1377,1379,-1,447,1379,449,-1,449,1379,1372,-1,449,1372,451,-1,451,1372,1374,-1,451,1374,453,-1,453,1374,1367,-1,453,1367,455,-1,455,1367,1369,-1,455,1369,457,-1,457,1369,847,-1,457,847,459,-1,459,847,846,-1,459,846,461,-1,461,846,1364,-1,461,1364,463,-1,463,1364,850,-1,463,850,465,-1,465,850,849,-1,465,849,467,-1,467,849,1354,-1,467,1354,469,-1,469,1354,1356,-1,469,1356,471,-1,471,1356,1351,-1,471,1351,473,-1,473,1351,1346,-1,473,1346,475,-1,475,1346,1348,-1,475,1348,477,-1,477,1348,1343,-1,477,1343,479,-1,479,1343,1338,-1,479,1338,481,-1,481,1338,1340,-1,481,1340,483,-1,483,1340,1335,-1,483,1335,485,-1,485,1335,1330,-1,485,1330,487,-1,487,1330,1332,-1,487,1332,489,-1,489,1332,1327,-1,489,1327,491,-1,491,1327,1322,-1,491,1322,493,-1,493,1322,1324,-1,493,1324,495,-1,495,1324,1317,-1,495,1317,497,-1,497,1317,1319,-1,497,1319,499,-1,499,1319,1312,-1,499,1312,501,-1,501,1312,1314,-1,501,1314,503,-1,503,1314,853,-1,503,853,505,-1,505,853,852,-1,505,852,507,-1,507,852,1309,-1,507,1309,509,-1,509,1309,856,-1,509,856,511,-1,511,856,855,-1,511,855,513,-1,513,855,1304,-1,513,1304,515,-1,515,1304,859,-1,515,859,517,-1,517,859,858,-1,517,858,519,-1,519,858,1294,-1,519,1294,521,-1,521,1294,1296,-1,521,1296,523,-1,523,1296,1291,-1,523,1291,525,-1,525,1291,1286,-1,525,1286,527,-1,527,1286,1288,-1,527,1288,529,-1,529,1288,1283,-1,529,1283,531,-1,531,1283,1278,-1,531,1278,533,-1,533,1278,1280,-1,533,1280,535,-1,535,1280,1275,-1,535,1275,537,-1,537,1275,1270,-1,537,1270,539,-1,539,1270,1272,-1,539,1272,541,-1,541,1272,1267,-1,541,1267,543,-1,543,1267,1262,-1,543,1262,545,-1,545,1262,1264,-1,545,1264,547,-1,547,1264,1257,-1,547,1257,549,-1,549,1257,1259,-1,549,1259,551,-1,551,1259,1252,-1,551,1252,553,-1,553,1252,1254,-1,553,1254,555,-1,555,1254,862,-1,555,862,557,-1,557,862,861,-1,557,861,49,-1,49,861,1249,-1,1542,1543,703,-1,1544,1545,706,-1,1546,1547,709,-1,1548,1549,713,-1,1550,1551,716,-1,1552,1553,723,-1,1554,1555,726,-1,1556,1557,729,-1,1558,1559,732,-1,1560,1561,735,-1,1562,1563,739,-1,1564,1565,742,-1,1566,1567,746,-1,1568,1569,749,-1,1570,1571,752,-1,1572,1573,755,-1,1574,1575,758,-1,1576,1577,762,-1,1578,1579,765,-1,1580,1581,772,-1,1582,1583,775,-1,1584,1585,778,-1,1586,1587,781,-1,1588,1589,785,-1,1590,1591,788,-1,1592,1593,795,-1,1594,1595,798,-1,1596,1597,801,-1,1598,1599,804,-1,1600,1601,807,-1,1602,1603,811,-1,1604,1605,814,-1,1606,1607,821,-1,1608,1609,824,-1,1610,1611,572,-1,1612,1613,575,-1,1614,1615,579,-1,1616,1617,582,-1,1618,1619,589,-1,1620,1621,592,-1,1622,1623,595,-1,1624,1625,598,-1,1626,1627,601,-1,1628,1629,605,-1,1630,1631,608,-1,1632,1633,615,-1,1634,1635,618,-1,1636,1637,621,-1,1638,1639,624,-1,1640,1641,627,-1,1642,1643,631,-1,1644,1645,638,-1,1646,1647,641,-1,1648,1649,644,-1,1650,1651,647,-1,1652,1653,650,-1,1654,1655,654,-1,1656,1657,657,-1,1658,1659,664,-1,1660,1661,667,-1,1662,1663,670,-1,1664,1665,673,-1,1666,1667,676,-1,1668,1669,680,-1,1670,1671,687,-1,1672,1673,690,-1,1674,1675,693,-1,1676,1677,696,-1,1678,1679,559,-1,1680,1681,563,-1,1682,1683,566,-1,18,17,569,-1,569,17,1684,-1,569,1684,568,-1,568,1684,1685,-1,568,1685,567,-1,566,1683,565,-1,565,1683,1686,-1,565,1686,564,-1,563,1681,562,-1,562,1681,1687,-1,562,1687,561,-1,561,1687,1688,-1,561,1688,560,-1,559,1679,558,-1,558,1679,1689,-1,558,1689,697,-1,696,1677,695,-1,695,1677,1690,-1,695,1690,694,-1,693,1675,692,-1,692,1675,1691,-1,692,1691,691,-1,690,1673,689,-1,689,1673,1692,-1,689,1692,688,-1,687,1671,686,-1,686,1671,1693,-1,686,1693,685,-1,685,1693,1694,-1,685,1694,684,-1,684,1694,1695,-1,684,1695,683,-1,683,1695,1696,-1,683,1696,682,-1,682,1696,1697,-1,682,1697,681,-1,680,1669,679,-1,679,1669,1698,-1,679,1698,678,-1,678,1698,1699,-1,678,1699,677,-1,676,1667,675,-1,675,1667,1700,-1,675,1700,674,-1,673,1665,672,-1,672,1665,1701,-1,672,1701,671,-1,670,1663,669,-1,669,1663,1702,-1,669,1702,668,-1,667,1661,666,-1,666,1661,1703,-1,666,1703,665,-1,664,1659,663,-1,663,1659,1704,-1,663,1704,662,-1,662,1704,1705,-1,662,1705,661,-1,661,1705,1706,-1,661,1706,660,-1,660,1706,1707,-1,660,1707,659,-1,659,1707,1708,-1,659,1708,658,-1,657,1657,656,-1,656,1657,1709,-1,656,1709,655,-1,654,1655,653,-1,653,1655,1710,-1,653,1710,652,-1,652,1710,1711,-1,652,1711,651,-1,650,1653,649,-1,649,1653,1712,-1,649,1712,648,-1,647,1651,646,-1,646,1651,1713,-1,646,1713,645,-1,644,1649,643,-1,643,1649,1714,-1,643,1714,642,-1,641,1647,640,-1,640,1647,1715,-1,640,1715,639,-1,638,1645,637,-1,637,1645,1716,-1,637,1716,636,-1,636,1716,1717,-1,636,1717,635,-1,635,1717,1718,-1,635,1718,634,-1,634,1718,1719,-1,634,1719,633,-1,633,1719,1720,-1,633,1720,632,-1,631,1643,630,-1,630,1643,1721,-1,630,1721,629,-1,629,1721,1722,-1,629,1722,628,-1,627,1641,626,-1,626,1641,1723,-1,626,1723,625,-1,624,1639,623,-1,623,1639,1724,-1,623,1724,622,-1,621,1637,620,-1,620,1637,1725,-1,620,1725,619,-1,618,1635,617,-1,617,1635,1726,-1,617,1726,616,-1,615,1633,614,-1,614,1633,1727,-1,614,1727,613,-1,613,1727,1728,-1,613,1728,612,-1,612,1728,1729,-1,612,1729,611,-1,611,1729,1730,-1,611,1730,610,-1,610,1730,1731,-1,610,1731,609,-1,608,1631,607,-1,607,1631,1732,-1,607,1732,606,-1,605,1629,604,-1,604,1629,1733,-1,604,1733,603,-1,603,1733,1734,-1,603,1734,602,-1,601,1627,600,-1,600,1627,1735,-1,600,1735,599,-1,598,1625,597,-1,597,1625,1736,-1,597,1736,596,-1,595,1623,594,-1,594,1623,1737,-1,594,1737,593,-1,592,1621,591,-1,591,1621,1738,-1,591,1738,590,-1,589,1619,588,-1,588,1619,1739,-1,588,1739,587,-1,587,1739,1740,-1,587,1740,586,-1,586,1740,1741,-1,586,1741,585,-1,585,1741,1742,-1,585,1742,584,-1,584,1742,1743,-1,584,1743,583,-1,582,1617,581,-1,581,1617,1744,-1,581,1744,580,-1,579,1615,578,-1,578,1615,1745,-1,578,1745,577,-1,577,1745,1746,-1,577,1746,576,-1,575,1613,574,-1,574,1613,1747,-1,574,1747,573,-1,572,1611,571,-1,571,1611,1748,-1,571,1748,570,-1,824,1609,823,-1,823,1609,1749,-1,823,1749,822,-1,821,1607,820,-1,820,1607,1750,-1,820,1750,819,-1,819,1750,1751,-1,819,1751,818,-1,818,1751,1752,-1,818,1752,817,-1,817,1752,1753,-1,817,1753,816,-1,816,1753,1754,-1,816,1754,815,-1,814,1605,813,-1,813,1605,1755,-1,813,1755,812,-1,811,1603,810,-1,810,1603,1756,-1,810,1756,809,-1,809,1756,1757,-1,809,1757,808,-1,807,1601,806,-1,806,1601,1758,-1,806,1758,805,-1,804,1599,803,-1,803,1599,1759,-1,803,1759,802,-1,801,1597,800,-1,800,1597,1760,-1,800,1760,799,-1,798,1595,797,-1,797,1595,1761,-1,797,1761,796,-1,795,1593,794,-1,794,1593,1762,-1,794,1762,793,-1,793,1762,1763,-1,793,1763,792,-1,792,1763,1764,-1,792,1764,791,-1,791,1764,1765,-1,791,1765,790,-1,790,1765,1766,-1,790,1766,789,-1,788,1591,787,-1,787,1591,1767,-1,787,1767,786,-1,785,1589,784,-1,784,1589,1768,-1,784,1768,783,-1,783,1768,1769,-1,783,1769,782,-1,781,1587,780,-1,780,1587,1770,-1,780,1770,779,-1,778,1585,777,-1,777,1585,1771,-1,777,1771,776,-1,775,1583,774,-1,774,1583,1772,-1,774,1772,773,-1,772,1581,771,-1,771,1581,1773,-1,771,1773,770,-1,770,1773,1774,-1,770,1774,769,-1,769,1774,1775,-1,769,1775,768,-1,768,1775,1776,-1,768,1776,767,-1,767,1776,1777,-1,767,1777,766,-1,765,1579,764,-1,764,1579,1778,-1,764,1778,763,-1,762,1577,761,-1,761,1577,1779,-1,761,1779,760,-1,760,1779,1780,-1,760,1780,759,-1,758,1575,757,-1,757,1575,1781,-1,757,1781,756,-1,755,1573,754,-1,754,1573,1782,-1,754,1782,753,-1,752,1571,751,-1,751,1571,1783,-1,751,1783,750,-1,749,1569,748,-1,748,1569,1784,-1,748,1784,747,-1,746,1567,745,-1,745,1567,1785,-1,745,1785,744,-1,744,1785,1786,-1,744,1786,743,-1,742,1565,741,-1,741,1565,1787,-1,741,1787,740,-1,739,1563,738,-1,738,1563,1788,-1,738,1788,737,-1,737,1788,1789,-1,737,1789,736,-1,735,1561,734,-1,734,1561,1790,-1,734,1790,733,-1,732,1559,731,-1,731,1559,1791,-1,731,1791,730,-1,729,1557,728,-1,728,1557,1792,-1,728,1792,727,-1,726,1555,725,-1,725,1555,1793,-1,725,1793,724,-1,723,1553,722,-1,722,1553,1794,-1,722,1794,721,-1,721,1794,1795,-1,721,1795,720,-1,720,1795,1796,-1,720,1796,719,-1,719,1796,1797,-1,719,1797,718,-1,718,1797,1798,-1,718,1798,717,-1,716,1551,715,-1,715,1551,1799,-1,715,1799,714,-1,713,1549,712,-1,712,1549,1800,-1,712,1800,711,-1,711,1800,1801,-1,711,1801,710,-1,709,1547,708,-1,708,1547,1802,-1,708,1802,707,-1,706,1545,705,-1,705,1545,1803,-1,705,1803,704,-1,703,1543,702,-1,702,1543,1804,-1,702,1804,701,-1,6,15,1805,-1,1805,15,698,-1,1805,698,1806,-1,1806,698,699,-1,1806,699,1807,-1,1807,699,700,-1,1807,700,1808,-1,17,20,1684,-1,1684,20,1809,-1,1684,1809,1685,-1,1685,1809,1810,-1,1810,1811,1685,-1,1685,1811,1682,-1,1685,1682,567,-1,567,1682,566,-1,1811,1812,1682,-1,1682,1812,1813,-1,1682,1813,1683,-1,1683,1813,1814,-1,1683,1814,1686,-1,1686,1814,1815,-1,1815,1816,1686,-1,1686,1816,1680,-1,1686,1680,564,-1,564,1680,563,-1,1816,1817,1680,-1,1680,1817,1818,-1,1680,1818,1681,-1,1681,1818,1819,-1,1681,1819,1687,-1,1820,1688,1821,-1,1821,1688,1687,-1,1821,1687,1822,-1,1822,1687,1819,-1,1820,1823,1688,-1,1688,1823,1678,-1,1688,1678,560,-1,560,1678,559,-1,1824,1689,1825,-1,1825,1689,1679,-1,1825,1679,1826,-1,1826,1679,1678,-1,1826,1678,1827,-1,1827,1678,1823,-1,1824,1828,1689,-1,1689,1828,1676,-1,1689,1676,697,-1,697,1676,696,-1,1829,1690,1830,-1,1830,1690,1677,-1,1830,1677,1831,-1,1831,1677,1676,-1,1831,1676,1832,-1,1832,1676,1828,-1,1829,1833,1690,-1,1690,1833,1674,-1,1690,1674,694,-1,694,1674,693,-1,1834,1691,1835,-1,1835,1691,1675,-1,1835,1675,1836,-1,1836,1675,1674,-1,1836,1674,1837,-1,1837,1674,1833,-1,1834,1838,1691,-1,1691,1838,1672,-1,1691,1672,691,-1,691,1672,690,-1,1839,1692,1840,-1,1840,1692,1673,-1,1840,1673,1841,-1,1841,1673,1672,-1,1841,1672,1842,-1,1842,1672,1838,-1,1839,1843,1692,-1,1692,1843,1670,-1,1692,1670,688,-1,688,1670,687,-1,1843,1844,1670,-1,1670,1844,1845,-1,1670,1845,1671,-1,1671,1845,1846,-1,1671,1846,1693,-1,1846,1847,1693,-1,1693,1847,1848,-1,1693,1848,1694,-1,1694,1848,1849,-1,1694,1849,1695,-1,1849,1850,1695,-1,1695,1850,1851,-1,1695,1851,1696,-1,1696,1851,1852,-1,1696,1852,1697,-1,1697,1852,1853,-1,1853,1854,1697,-1,1697,1854,1668,-1,1697,1668,681,-1,681,1668,680,-1,1854,1855,1668,-1,1668,1855,1856,-1,1668,1856,1669,-1,1669,1856,1857,-1,1669,1857,1698,-1,1858,1699,1859,-1,1859,1699,1698,-1,1859,1698,1860,-1,1860,1698,1857,-1,1858,1861,1699,-1,1699,1861,1666,-1,1699,1666,677,-1,677,1666,676,-1,1862,1700,1863,-1,1863,1700,1667,-1,1863,1667,1864,-1,1864,1667,1666,-1,1864,1666,1865,-1,1865,1666,1861,-1,1862,1866,1700,-1,1700,1866,1664,-1,1700,1664,674,-1,674,1664,673,-1,1867,1701,1868,-1,1868,1701,1665,-1,1868,1665,1869,-1,1869,1665,1664,-1,1869,1664,1870,-1,1870,1664,1866,-1,1867,1871,1701,-1,1701,1871,1662,-1,1701,1662,671,-1,671,1662,670,-1,1872,1702,1873,-1,1873,1702,1663,-1,1873,1663,1874,-1,1874,1663,1662,-1,1874,1662,1875,-1,1875,1662,1871,-1,1872,1876,1702,-1,1702,1876,1660,-1,1702,1660,668,-1,668,1660,667,-1,1877,1703,1878,-1,1878,1703,1661,-1,1878,1661,1879,-1,1879,1661,1660,-1,1879,1660,1880,-1,1880,1660,1876,-1,1877,1881,1703,-1,1703,1881,1658,-1,1703,1658,665,-1,665,1658,664,-1,1881,1882,1658,-1,1658,1882,1883,-1,1658,1883,1659,-1,1659,1883,1884,-1,1659,1884,1704,-1,1884,1885,1704,-1,1704,1885,1886,-1,1704,1886,1705,-1,1705,1886,1887,-1,1705,1887,1706,-1,1887,1888,1706,-1,1706,1888,1889,-1,1706,1889,1707,-1,1707,1889,1890,-1,1707,1890,1708,-1,1708,1890,1891,-1,1891,1892,1708,-1,1708,1892,1656,-1,1708,1656,658,-1,658,1656,657,-1,1892,1893,1656,-1,1656,1893,1894,-1,1656,1894,1657,-1,1657,1894,1895,-1,1657,1895,1709,-1,1709,1895,1896,-1,1896,1897,1709,-1,1709,1897,1654,-1,1709,1654,655,-1,655,1654,654,-1,1897,1898,1654,-1,1654,1898,1899,-1,1654,1899,1655,-1,1655,1899,1900,-1,1655,1900,1710,-1,1901,1711,1902,-1,1902,1711,1710,-1,1902,1710,1903,-1,1903,1710,1900,-1,1901,1904,1711,-1,1711,1904,1652,-1,1711,1652,651,-1,651,1652,650,-1,1905,1712,1906,-1,1906,1712,1653,-1,1906,1653,1907,-1,1907,1653,1652,-1,1907,1652,1908,-1,1908,1652,1904,-1,1905,1909,1712,-1,1712,1909,1650,-1,1712,1650,648,-1,648,1650,647,-1,1910,1713,1911,-1,1911,1713,1651,-1,1911,1651,1912,-1,1912,1651,1650,-1,1912,1650,1913,-1,1913,1650,1909,-1,1910,1914,1713,-1,1713,1914,1648,-1,1713,1648,645,-1,645,1648,644,-1,1915,1714,1916,-1,1916,1714,1649,-1,1916,1649,1917,-1,1917,1649,1648,-1,1917,1648,1918,-1,1918,1648,1914,-1,1915,1919,1714,-1,1714,1919,1646,-1,1714,1646,642,-1,642,1646,641,-1,1920,1715,1921,-1,1921,1715,1647,-1,1921,1647,1922,-1,1922,1647,1646,-1,1922,1646,1923,-1,1923,1646,1919,-1,1920,1924,1715,-1,1715,1924,1644,-1,1715,1644,639,-1,639,1644,638,-1,1924,1925,1644,-1,1644,1925,1926,-1,1644,1926,1645,-1,1645,1926,1927,-1,1645,1927,1716,-1,1927,1928,1716,-1,1716,1928,1929,-1,1716,1929,1717,-1,1717,1929,1930,-1,1717,1930,1718,-1,1930,1931,1718,-1,1718,1931,1932,-1,1718,1932,1719,-1,1719,1932,1933,-1,1719,1933,1720,-1,1720,1933,1934,-1,1934,1935,1720,-1,1720,1935,1642,-1,1720,1642,632,-1,632,1642,631,-1,1935,1936,1642,-1,1642,1936,1937,-1,1642,1937,1643,-1,1643,1937,1938,-1,1643,1938,1721,-1,1939,1722,1940,-1,1940,1722,1721,-1,1940,1721,1941,-1,1941,1721,1938,-1,1939,1942,1722,-1,1722,1942,1640,-1,1722,1640,628,-1,628,1640,627,-1,1943,1723,1944,-1,1944,1723,1641,-1,1944,1641,1945,-1,1945,1641,1640,-1,1945,1640,1946,-1,1946,1640,1942,-1,1943,1947,1723,-1,1723,1947,1638,-1,1723,1638,625,-1,625,1638,624,-1,1948,1724,1949,-1,1949,1724,1639,-1,1949,1639,1950,-1,1950,1639,1638,-1,1950,1638,1951,-1,1951,1638,1947,-1,1948,1952,1724,-1,1724,1952,1636,-1,1724,1636,622,-1,622,1636,621,-1,1953,1725,1954,-1,1954,1725,1637,-1,1954,1637,1955,-1,1955,1637,1636,-1,1955,1636,1956,-1,1956,1636,1952,-1,1953,1957,1725,-1,1725,1957,1634,-1,1725,1634,619,-1,619,1634,618,-1,1958,1726,1959,-1,1959,1726,1635,-1,1959,1635,1960,-1,1960,1635,1634,-1,1960,1634,1961,-1,1961,1634,1957,-1,1958,1962,1726,-1,1726,1962,1632,-1,1726,1632,616,-1,616,1632,615,-1,1962,1963,1632,-1,1632,1963,1964,-1,1632,1964,1633,-1,1633,1964,1965,-1,1633,1965,1727,-1,1965,1966,1727,-1,1727,1966,1967,-1,1727,1967,1728,-1,1728,1967,1968,-1,1728,1968,1729,-1,1968,1969,1729,-1,1729,1969,1970,-1,1729,1970,1730,-1,1730,1970,1971,-1,1730,1971,1731,-1,1731,1971,1972,-1,1972,1973,1731,-1,1731,1973,1630,-1,1731,1630,609,-1,609,1630,608,-1,1973,1974,1630,-1,1630,1974,1975,-1,1630,1975,1631,-1,1631,1975,1976,-1,1631,1976,1732,-1,1732,1976,1977,-1,1977,1978,1732,-1,1732,1978,1628,-1,1732,1628,606,-1,606,1628,605,-1,1978,1979,1628,-1,1628,1979,1980,-1,1628,1980,1629,-1,1629,1980,1981,-1,1629,1981,1733,-1,1982,1734,1983,-1,1983,1734,1733,-1,1983,1733,1984,-1,1984,1733,1981,-1,1982,1985,1734,-1,1734,1985,1626,-1,1734,1626,602,-1,602,1626,601,-1,1986,1735,1987,-1,1987,1735,1627,-1,1987,1627,1988,-1,1988,1627,1626,-1,1988,1626,1989,-1,1989,1626,1985,-1,1986,1990,1735,-1,1735,1990,1624,-1,1735,1624,599,-1,599,1624,598,-1,1991,1736,1992,-1,1992,1736,1625,-1,1992,1625,1993,-1,1993,1625,1624,-1,1993,1624,1994,-1,1994,1624,1990,-1,1991,1995,1736,-1,1736,1995,1622,-1,1736,1622,596,-1,596,1622,595,-1,1996,1737,1997,-1,1997,1737,1623,-1,1997,1623,1998,-1,1998,1623,1622,-1,1998,1622,1999,-1,1999,1622,1995,-1,1996,2000,1737,-1,1737,2000,1620,-1,1737,1620,593,-1,593,1620,592,-1,2001,1738,2002,-1,2002,1738,1621,-1,2002,1621,2003,-1,2003,1621,1620,-1,2003,1620,2004,-1,2004,1620,2000,-1,2001,2005,1738,-1,1738,2005,1618,-1,1738,1618,590,-1,590,1618,589,-1,2005,2006,1618,-1,1618,2006,2007,-1,1618,2007,1619,-1,1619,2007,2008,-1,1619,2008,1739,-1,2008,2009,1739,-1,1739,2009,2010,-1,1739,2010,1740,-1,1740,2010,2011,-1,1740,2011,1741,-1,2011,2012,1741,-1,1741,2012,2013,-1,1741,2013,1742,-1,1742,2013,2014,-1,1742,2014,1743,-1,1743,2014,2015,-1,2015,2016,1743,-1,1743,2016,1616,-1,1743,1616,583,-1,583,1616,582,-1,2016,2017,1616,-1,1616,2017,2018,-1,1616,2018,1617,-1,1617,2018,2019,-1,1617,2019,1744,-1,1744,2019,2020,-1,2020,2021,1744,-1,1744,2021,1614,-1,1744,1614,580,-1,580,1614,579,-1,2021,2022,1614,-1,1614,2022,2023,-1,1614,2023,1615,-1,1615,2023,2024,-1,1615,2024,1745,-1,2025,1746,2026,-1,2026,1746,1745,-1,2026,1745,2027,-1,2027,1745,2024,-1,2025,2028,1746,-1,1746,2028,1612,-1,1746,1612,576,-1,576,1612,575,-1,2029,1747,2030,-1,2030,1747,1613,-1,2030,1613,2031,-1,2031,1613,1612,-1,2031,1612,2032,-1,2032,1612,2028,-1,2029,2033,1747,-1,1747,2033,1610,-1,1747,1610,573,-1,573,1610,572,-1,2034,1748,2035,-1,2035,1748,1611,-1,2035,1611,2036,-1,2036,1611,1610,-1,2036,1610,2037,-1,2037,1610,2033,-1,2034,2038,1748,-1,1748,2038,1608,-1,1748,1608,570,-1,570,1608,824,-1,2039,1749,2040,-1,2040,1749,1609,-1,2040,1609,2041,-1,2041,1609,1608,-1,2041,1608,2042,-1,2042,1608,2038,-1,2039,2043,1749,-1,1749,2043,1606,-1,1749,1606,822,-1,822,1606,821,-1,2043,2044,1606,-1,1606,2044,2045,-1,1606,2045,1607,-1,1607,2045,2046,-1,1607,2046,1750,-1,2046,2047,1750,-1,1750,2047,2048,-1,1750,2048,1751,-1,1751,2048,2049,-1,1751,2049,1752,-1,2049,2050,1752,-1,1752,2050,2051,-1,1752,2051,1753,-1,1753,2051,2052,-1,1753,2052,1754,-1,1754,2052,2053,-1,2053,2054,1754,-1,1754,2054,1604,-1,1754,1604,815,-1,815,1604,814,-1,2054,2055,1604,-1,1604,2055,2056,-1,1604,2056,1605,-1,1605,2056,2057,-1,1605,2057,1755,-1,1755,2057,2058,-1,2058,2059,1755,-1,1755,2059,1602,-1,1755,1602,812,-1,812,1602,811,-1,2059,2060,1602,-1,1602,2060,2061,-1,1602,2061,1603,-1,1603,2061,2062,-1,1603,2062,1756,-1,2063,1757,2064,-1,2064,1757,1756,-1,2064,1756,2065,-1,2065,1756,2062,-1,2063,2066,1757,-1,1757,2066,1600,-1,1757,1600,808,-1,808,1600,807,-1,2067,1758,2068,-1,2068,1758,1601,-1,2068,1601,2069,-1,2069,1601,1600,-1,2069,1600,2070,-1,2070,1600,2066,-1,2067,2071,1758,-1,1758,2071,1598,-1,1758,1598,805,-1,805,1598,804,-1,2072,1759,2073,-1,2073,1759,1599,-1,2073,1599,2074,-1,2074,1599,1598,-1,2074,1598,2075,-1,2075,1598,2071,-1,2072,2076,1759,-1,1759,2076,1596,-1,1759,1596,802,-1,802,1596,801,-1,2077,1760,2078,-1,2078,1760,1597,-1,2078,1597,2079,-1,2079,1597,1596,-1,2079,1596,2080,-1,2080,1596,2076,-1,2077,2081,1760,-1,1760,2081,1594,-1,1760,1594,799,-1,799,1594,798,-1,2082,1761,2083,-1,2083,1761,1595,-1,2083,1595,2084,-1,2084,1595,1594,-1,2084,1594,2085,-1,2085,1594,2081,-1,2082,2086,1761,-1,1761,2086,1592,-1,1761,1592,796,-1,796,1592,795,-1,2086,2087,1592,-1,1592,2087,2088,-1,1592,2088,1593,-1,1593,2088,2089,-1,1593,2089,1762,-1,2089,2090,1762,-1,1762,2090,2091,-1,1762,2091,1763,-1,1763,2091,2092,-1,1763,2092,1764,-1,2092,2093,1764,-1,1764,2093,2094,-1,1764,2094,1765,-1,1765,2094,2095,-1,1765,2095,1766,-1,1766,2095,2096,-1,2096,2097,1766,-1,1766,2097,1590,-1,1766,1590,789,-1,789,1590,788,-1,2097,2098,1590,-1,1590,2098,2099,-1,1590,2099,1591,-1,1591,2099,2100,-1,1591,2100,1767,-1,1767,2100,2101,-1,2101,2102,1767,-1,1767,2102,1588,-1,1767,1588,786,-1,786,1588,785,-1,2102,2103,1588,-1,1588,2103,2104,-1,1588,2104,1589,-1,1589,2104,2105,-1,1589,2105,1768,-1,2106,1769,2107,-1,2107,1769,1768,-1,2107,1768,2108,-1,2108,1768,2105,-1,2106,2109,1769,-1,1769,2109,1586,-1,1769,1586,782,-1,782,1586,781,-1,2110,1770,2111,-1,2111,1770,1587,-1,2111,1587,2112,-1,2112,1587,1586,-1,2112,1586,2113,-1,2113,1586,2109,-1,2110,2114,1770,-1,1770,2114,1584,-1,1770,1584,779,-1,779,1584,778,-1,2115,1771,2116,-1,2116,1771,1585,-1,2116,1585,2117,-1,2117,1585,1584,-1,2117,1584,2118,-1,2118,1584,2114,-1,2115,2119,1771,-1,1771,2119,1582,-1,1771,1582,776,-1,776,1582,775,-1,2120,1772,2121,-1,2121,1772,1583,-1,2121,1583,2122,-1,2122,1583,1582,-1,2122,1582,2123,-1,2123,1582,2119,-1,2120,2124,1772,-1,1772,2124,1580,-1,1772,1580,773,-1,773,1580,772,-1,2124,2125,1580,-1,1580,2125,2126,-1,1580,2126,1581,-1,1581,2126,2127,-1,1581,2127,1773,-1,2127,2128,1773,-1,1773,2128,2129,-1,1773,2129,1774,-1,1774,2129,2130,-1,1774,2130,1775,-1,2130,2131,1775,-1,1775,2131,2132,-1,1775,2132,1776,-1,1776,2132,2133,-1,1776,2133,1777,-1,1777,2133,2134,-1,2134,2135,1777,-1,1777,2135,1578,-1,1777,1578,766,-1,766,1578,765,-1,2135,2136,1578,-1,1578,2136,2137,-1,1578,2137,1579,-1,1579,2137,2138,-1,1579,2138,1778,-1,1778,2138,2139,-1,2139,2140,1778,-1,1778,2140,1576,-1,1778,1576,763,-1,763,1576,762,-1,2140,2141,1576,-1,1576,2141,2142,-1,1576,2142,1577,-1,1577,2142,2143,-1,1577,2143,1779,-1,2144,1780,2145,-1,2145,1780,1779,-1,2145,1779,2146,-1,2146,1779,2143,-1,2144,2147,1780,-1,1780,2147,1574,-1,1780,1574,759,-1,759,1574,758,-1,2148,1781,2149,-1,2149,1781,1575,-1,2149,1575,2150,-1,2150,1575,1574,-1,2150,1574,2151,-1,2151,1574,2147,-1,2148,2152,1781,-1,1781,2152,1572,-1,1781,1572,756,-1,756,1572,755,-1,2153,1782,2154,-1,2154,1782,1573,-1,2154,1573,2155,-1,2155,1573,1572,-1,2155,1572,2156,-1,2156,1572,2152,-1,2153,2157,1782,-1,1782,2157,1570,-1,1782,1570,753,-1,753,1570,752,-1,2158,1783,2159,-1,2159,1783,1571,-1,2159,1571,2160,-1,2160,1571,1570,-1,2160,1570,2161,-1,2161,1570,2157,-1,2158,2162,1783,-1,1783,2162,1568,-1,1783,1568,750,-1,750,1568,749,-1,2163,1784,2164,-1,2164,1784,1569,-1,2164,1569,2165,-1,2165,1569,1568,-1,2165,1568,2166,-1,2166,1568,2162,-1,2163,2167,1784,-1,1784,2167,1566,-1,1784,1566,747,-1,747,1566,746,-1,2167,2168,1566,-1,1566,2168,2169,-1,1566,2169,1567,-1,1567,2169,2170,-1,1567,2170,1785,-1,1785,2170,2171,-1,1785,2171,1786,-1,1786,2171,2172,-1,2172,2173,1786,-1,1786,2173,1564,-1,1786,1564,743,-1,743,1564,742,-1,2173,2174,1564,-1,1564,2174,2175,-1,1564,2175,1565,-1,1565,2175,2176,-1,1565,2176,1787,-1,1787,2176,2177,-1,2177,2178,1787,-1,1787,2178,1562,-1,1787,1562,740,-1,740,1562,739,-1,2178,2179,1562,-1,1562,2179,2180,-1,1562,2180,1563,-1,1563,2180,2181,-1,1563,2181,1788,-1,2182,1789,2183,-1,2183,1789,1788,-1,2183,1788,2184,-1,2184,1788,2181,-1,2182,2185,1789,-1,1789,2185,1560,-1,1789,1560,736,-1,736,1560,735,-1,2186,1790,2187,-1,2187,1790,1561,-1,2187,1561,2188,-1,2188,1561,1560,-1,2188,1560,2189,-1,2189,1560,2185,-1,2186,2190,1790,-1,1790,2190,1558,-1,1790,1558,733,-1,733,1558,732,-1,2191,1791,2192,-1,2192,1791,1559,-1,2192,1559,2193,-1,2193,1559,1558,-1,2193,1558,2194,-1,2194,1558,2190,-1,2191,2195,1791,-1,1791,2195,1556,-1,1791,1556,730,-1,730,1556,729,-1,2196,1792,2197,-1,2197,1792,1557,-1,2197,1557,2198,-1,2198,1557,1556,-1,2198,1556,2199,-1,2199,1556,2195,-1,2196,2200,1792,-1,1792,2200,1554,-1,1792,1554,727,-1,727,1554,726,-1,2201,1793,2202,-1,2202,1793,1555,-1,2202,1555,2203,-1,2203,1555,1554,-1,2203,1554,2204,-1,2204,1554,2200,-1,2201,2205,1793,-1,1793,2205,1552,-1,1793,1552,724,-1,724,1552,723,-1,2205,2206,1552,-1,1552,2206,2207,-1,1552,2207,1553,-1,1553,2207,2208,-1,1553,2208,1794,-1,2208,2209,1794,-1,1794,2209,2210,-1,1794,2210,1795,-1,1795,2210,2211,-1,1795,2211,1796,-1,2211,2212,1796,-1,1796,2212,2213,-1,1796,2213,1797,-1,1797,2213,2214,-1,1797,2214,1798,-1,1798,2214,2215,-1,2215,2216,1798,-1,1798,2216,1550,-1,1798,1550,717,-1,717,1550,716,-1,2216,2217,1550,-1,1550,2217,2218,-1,1550,2218,1551,-1,1551,2218,2219,-1,1551,2219,1799,-1,1799,2219,2220,-1,2220,2221,1799,-1,1799,2221,1548,-1,1799,1548,714,-1,714,1548,713,-1,2221,2222,1548,-1,1548,2222,2223,-1,1548,2223,1549,-1,1549,2223,2224,-1,1549,2224,1800,-1,2225,1801,2226,-1,2226,1801,1800,-1,2226,1800,2227,-1,2227,1800,2224,-1,2225,2228,1801,-1,1801,2228,1546,-1,1801,1546,710,-1,710,1546,709,-1,2229,1802,2230,-1,2230,1802,1547,-1,2230,1547,2231,-1,2231,1547,1546,-1,2231,1546,2232,-1,2232,1546,2228,-1,2229,2233,1802,-1,1802,2233,1544,-1,1802,1544,707,-1,707,1544,706,-1,2234,1803,2235,-1,2235,1803,1545,-1,2235,1545,2236,-1,2236,1545,1544,-1,2236,1544,2237,-1,2237,1544,2233,-1,2234,2238,1803,-1,1803,2238,1542,-1,1803,1542,704,-1,704,1542,703,-1,2239,1804,2240,-1,2240,1804,1543,-1,2240,1543,2241,-1,2241,1543,1542,-1,2241,1542,2242,-1,2242,1542,2238,-1,2239,2243,1804,-1,1804,2243,1808,-1,1804,1808,701,-1,701,1808,700,-1,2243,2244,1808,-1,1808,2244,2245,-1,1808,2245,1807,-1,1807,2245,2246,-1,1807,2246,1806,-1,7,6,2247,-1,2247,6,1805,-1,2247,1805,2248,-1,2248,1805,1806,-1,2248,1806,2249,-1,2249,1806,2246,-1,2250,2251,2252,-1,2252,2251,2253,-1,2254,2255,2256,-1,2256,2255,2257,-1,2258,2259,2260,-1,2260,2259,2261,-1,2262,2263,2264,-1,2264,2263,2265,-1,2266,2267,2268,-1,2268,2267,2269,-1,2268,2269,2270,-1,2271,2272,2269,-1,2269,2272,2273,-1,2273,2274,2269,-1,2269,2274,2275,-1,2269,2275,2270,-1,2276,2277,2278,-1,2278,2277,2279,-1,2278,2279,2280,-1,2280,2279,2269,-1,2280,2269,2267,-1,2276,2278,2281,-1,2281,2278,2282,-1,2281,2282,2283,-1,
        ]
    }
}
Shape{
    appearance Appearance {
        material  Material 	{
            diffuseColor 0.0 1.0 1.0
            specularColor 0.0 0.5019607843137255 0.5019607843137255
            ambientIntensity 0.701
            transparency 0.0
            shininess 0.5
        }
    }
    geometry IndexedFaceSet {
        ccw TRUE
        solid FALSE
        coord DEF co Coordinate {
            point [
                -1.5493 -0.0122 2.7953, -2.0119 0.224 2.7953, -1.8938 -0.0122 2.7953, -2.0119 0.1059 2.7953, -2.0078 0.0753 2.7953, -0.4764 -0.0122 2.7953, 0.5078 -0.0122 2.7953, 2.0432 0.224 2.7953, 1.2468 -0.0122 2.7953, -1.996 0.0468 2.7953, -1.9773 0.0224 2.7953, -1.9243 -0.0082 2.7953, -1.9528 0.0036 2.7953, 1.3313 -0.0122 2.7953, 1.4052 -0.0122 2.7953, 1.4628 -0.0122 2.7953, 1.5325 -0.0122 2.7953, 1.9251 -0.0122 2.7953, 2.0432 0.1059 2.7953, 2.0392 0.0753 2.7953, 1.9557 -0.0082 2.7953, 1.9842 0.0036 2.7953, 2.0274 0.0468 2.7953, 2.0087 0.0224 2.7953, -1.9331 0.2634 3.0354, -1.9725 0.2634 3.0354, -1.9725 0.2634 3.0315, 1.9645 0.2634 3.0354, 2.0039 0.2634 3.0315, 2.0039 0.2634 3.0354
            ]
        }
        coordIndex [
            0,1,2,-1,2,1,3,-1,2,3,4,-1,0,5,1,-1,1,5,6,-1,1,6,7,-1,7,6,8,-1,4,9,2,-1,2,9,10,-1,2,10,11,-1,11,10,12,-1,8,13,7,-1,7,13,14,-1,7,14,15,-1,15,16,7,-1,7,16,17,-1,7,17,18,-1,18,17,19,-1,17,20,19,-1,19,20,21,-1,19,21,22,-1,22,21,23,-1,24,25,26,-1,24,26,27,-1,27,26,28,-1,27,28,29,-1,
        ]
    }
}
Shape{
    appearance Appearance {
        material  Material 	{
            diffuseColor 1.0 1.0 1.0
            specularColor 0.8784313725490196 0.8784313725490196 0.8784313725490196
            ambientIntensity 1.0
            transparency 0.0
            shininess 0.5
        }
    }
    geometry IndexedFaceSet {
        ccw TRUE
        solid FALSE
        coord DEF co Coordinate {
            point [
                1.5358 -0.0162 1.8781, 1.5358 -0.0162 1.8868, 1.5358 -0.0122 1.8781, 1.5358 -0.0122 1.8868, 1.5656 -0.0162 1.8781, 1.5656 -0.0122 1.8781, 1.5656 -0.0162 1.808, 1.5656 -0.0122 1.808, 1.5762 -0.0162 1.808, 1.5762 -0.0122 1.808, 1.5762 -0.0162 1.8868, 1.5762 -0.0122 1.8868, 1.4705 -0.0162 1.874, 1.4705 -0.0162 1.8827, 1.4705 -0.0122 1.874, 1.4705 -0.0122 1.8827, 1.4719 -0.0122 1.8748, 1.4719 -0.0162 1.8748, 1.4803 -0.0122 1.8779, 1.4803 -0.0162 1.8779, 1.4907 -0.0122 1.8791, 1.4907 -0.0162 1.8791, 1.4981 -0.0122 1.8783, 1.4981 -0.0162 1.8783, 1.5038 -0.0122 1.8761, 1.5038 -0.0162 1.8761, 1.5087 -0.0122 1.8729, 1.5087 -0.0162 1.8729, 1.5123 -0.0122 1.869, 1.5123 -0.0162 1.869, 1.5156 -0.0122 1.8635, 1.5156 -0.0162 1.8635, 1.5177 -0.0122 1.8568, 1.5177 -0.0162 1.8568, 1.5185 -0.0122 1.8482, 1.5185 -0.0162 1.8482, 1.5182 -0.0122 1.8421, 1.5182 -0.0162 1.8421, 1.5161 -0.0122 1.8337, 1.5161 -0.0162 1.8337, 1.5128 -0.0122 1.8276, 1.5128 -0.0162 1.8276, 1.5081 -0.0122 1.8224, 1.5081 -0.0162 1.8224, 1.5026 -0.0122 1.8187, 1.5026 -0.0162 1.8187, 1.4967 -0.0122 1.8166, 1.4967 -0.0162 1.8166, 1.489 -0.0122 1.8157, 1.489 -0.0162 1.8157, 1.4794 -0.0122 1.817, 1.4794 -0.0162 1.817, 1.4705 -0.0122 1.8207, 1.4705 -0.0162 1.8207, 1.4705 -0.0162 1.8102, 1.4705 -0.0122 1.8102, 1.4891 -0.0122 1.8071, 1.4891 -0.0162 1.8071, 1.4821 -0.0122 1.8075, 1.4796 -0.0162 1.8077, 1.4796 -0.0122 1.8077, 1.4949 -0.0122 1.8075, 1.497 -0.0162 1.8077, 1.497 -0.0122 1.8077, 1.5057 -0.0122 1.8103, 1.5057 -0.0162 1.8103, 1.5132 -0.0122 1.8146, 1.5132 -0.0162 1.8146, 1.5203 -0.0122 1.8214, 1.5203 -0.0162 1.8214, 1.5249 -0.0122 1.8288, 1.5249 -0.0162 1.8288, 1.528 -0.0122 1.8377, 1.528 -0.0162 1.8377, 1.5291 -0.0122 1.8489, 1.5291 -0.0162 1.8489, 1.5283 -0.0122 1.858, 1.5283 -0.0162 1.858, 1.526 -0.0122 1.8663, 1.526 -0.0162 1.8663, 1.5218 -0.0122 1.8738, 1.5218 -0.0162 1.8738, 1.5159 -0.0122 1.88, 1.5159 -0.0162 1.88, 1.5095 -0.0122 1.8841, 1.5095 -0.0162 1.8841, 1.5019 -0.0122 1.8867, 1.5019 -0.0162 1.8867, 1.4922 -0.0162 1.8877, 1.4968 -0.0122 1.8872, 1.4922 -0.0122 1.8877, 1.4789 -0.0162 1.8861, 1.49 -0.0122 1.8877, 1.49 -0.0162 1.8877, 1.4869 -0.0122 1.8872, 1.4789 -0.0122 1.8861, 1.4129 -0.0162 1.8781, 1.4129 -0.0162 1.8868, 1.4129 -0.0122 1.8781, 1.4129 -0.0122 1.8868, 1.4446 -0.0162 1.8781, 1.4446 -0.0122 1.8781, 1.4446 -0.0162 1.8512, 1.4446 -0.0122 1.8512, 1.4168 -0.0162 1.8512, 1.4168 -0.0122 1.8512, 1.4168 -0.0162 1.8426, 1.4168 -0.0122 1.8426, 1.4446 -0.0162 1.8426, 1.4446 -0.0122 1.8426, 1.4446 -0.0162 1.8167, 1.4446 -0.0122 1.8167, 1.4148 -0.0162 1.8167, 1.4148 -0.0122 1.8167, 1.4148 -0.0162 1.808, 1.4148 -0.0122 1.808, 1.4552 -0.0162 1.808, 1.4552 -0.0122 1.808, 1.4552 -0.0162 1.8868, 1.4552 -0.0122 1.8868, 1.3369 -0.0162 1.8312, 1.3405 -0.0162 1.8245, 1.35 -0.0162 1.8277, 1.3461 -0.0162 1.8183, 1.3538 -0.0162 1.8236, 1.3462 -0.0162 1.8182, 1.3596 -0.0162 1.8199, 1.3547 -0.0162 1.8125, 1.3661 -0.0162 1.8177, 1.364 -0.0162 1.8092, 1.3754 -0.0162 1.8167, 1.3753 -0.0162 1.808, 1.387 -0.0162 1.8167, 1.3975 -0.0162 1.808, 1.387 -0.0162 1.8781, 1.3975 -0.0162 1.8868, 1.3758 -0.0162 1.8781, 1.3761 -0.0162 1.8868, 1.3675 -0.0162 1.8773, 1.3664 -0.0162 1.8859, 1.3609 -0.0162 1.8753, 1.3573 -0.0162 1.8832, 1.3555 -0.0162 1.8721, 1.3491 -0.0162 1.8784, 1.3511 -0.0162 1.8677, 1.3426 -0.0162 1.8722, 1.3478 -0.0162 1.8623, 1.3381 -0.0162 1.8652, 1.3455 -0.0162 1.8549, 1.3353 -0.0162 1.8569, 1.3447 -0.0162 1.8466, 1.3342 -0.0162 1.8464, 1.3454 -0.0162 1.8388, 1.3347 -0.0162 1.839, 1.3472 -0.0162 1.8326, 1.3761 -0.0122 1.8868, 1.3975 -0.0122 1.8868, 1.3664 -0.0122 1.8859, 1.3573 -0.0122 1.8832, 1.3491 -0.0122 1.8784, 1.3426 -0.0122 1.8722, 1.3381 -0.0122 1.8652, 1.3353 -0.0122 1.8569, 1.3342 -0.0122 1.8464, 1.3347 -0.0122 1.839, 1.3369 -0.0122 1.8312, 1.3405 -0.0122 1.8245, 1.3461 -0.0122 1.8183, 1.3462 -0.0122 1.8182, 1.3547 -0.0122 1.8125, 1.364 -0.0122 1.8092, 1.3753 -0.0122 1.808, 1.3975 -0.0122 1.808, 1.3754 -0.0122 1.8167, 1.387 -0.0122 1.8167, 1.387 -0.0122 1.8781, 1.3758 -0.0122 1.8781, 1.3447 -0.0122 1.8466, 1.3455 -0.0122 1.8549, 1.3478 -0.0122 1.8623, 1.3511 -0.0122 1.8677, 1.3555 -0.0122 1.8721, 1.3609 -0.0122 1.8753, 1.3675 -0.0122 1.8773, 1.3661 -0.0122 1.8177, 1.3596 -0.0122 1.8199, 1.3538 -0.0122 1.8236, 1.35 -0.0122 1.8277, 1.3472 -0.0122 1.8326, 1.3454 -0.0122 1.8388
            ]
        }
        coordIndex [
            0,1,2,-1,2,1,3,-1,4,0,5,-1,5,0,2,-1,6,4,7,-1,7,4,5,-1,8,6,9,-1,9,6,7,-1,10,8,11,-1,11,8,9,-1,1,10,3,-1,3,10,11,-1,6,8,4,-1,4,8,10,-1,4,10,0,-1,0,10,1,-1,12,13,14,-1,14,13,15,-1,12,14,16,-1,12,16,17,-1,17,16,18,-1,17,18,19,-1,19,18,20,-1,19,20,21,-1,21,20,22,-1,21,22,23,-1,23,22,24,-1,23,24,25,-1,25,24,26,-1,25,26,27,-1,27,26,28,-1,27,28,29,-1,29,28,30,-1,29,30,31,-1,31,30,32,-1,31,32,33,-1,33,32,34,-1,33,34,35,-1,35,34,36,-1,35,36,37,-1,37,36,38,-1,37,38,39,-1,39,38,40,-1,39,40,41,-1,41,40,42,-1,41,42,43,-1,43,42,44,-1,43,44,45,-1,45,44,46,-1,45,46,47,-1,47,46,48,-1,47,48,49,-1,49,48,50,-1,49,50,51,-1,51,50,52,-1,51,52,53,-1,54,53,55,-1,55,53,52,-1,56,57,58,-1,58,57,59,-1,58,59,60,-1,60,59,54,-1,60,54,55,-1,56,61,57,-1,57,61,62,-1,61,63,62,-1,62,63,64,-1,62,64,65,-1,65,64,66,-1,65,66,67,-1,67,66,68,-1,67,68,69,-1,69,68,70,-1,69,70,71,-1,71,70,72,-1,71,72,73,-1,73,72,74,-1,73,74,75,-1,75,74,76,-1,75,76,77,-1,77,76,78,-1,77,78,79,-1,79,78,80,-1,79,80,81,-1,81,80,82,-1,81,82,83,-1,83,82,84,-1,83,84,85,-1,85,84,86,-1,85,86,87,-1,87,86,88,-1,88,86,89,-1,88,89,90,-1,15,13,91,-1,88,90,92,-1,88,92,93,-1,93,92,94,-1,93,94,91,-1,91,94,95,-1,91,95,15,-1,23,88,21,-1,21,88,93,-1,21,93,19,-1,19,93,91,-1,19,91,17,-1,17,91,13,-1,17,13,12,-1,53,54,51,-1,51,54,59,-1,51,59,49,-1,49,59,57,-1,49,57,47,-1,47,57,62,-1,47,62,45,-1,45,62,65,-1,45,65,43,-1,43,65,67,-1,43,67,41,-1,41,67,69,-1,41,69,39,-1,39,69,71,-1,39,71,37,-1,37,71,73,-1,37,73,35,-1,35,73,75,-1,35,75,33,-1,33,75,77,-1,33,77,31,-1,31,77,79,-1,31,79,29,-1,29,79,81,-1,29,81,27,-1,27,81,83,-1,27,83,25,-1,25,83,85,-1,25,85,23,-1,23,85,87,-1,23,87,88,-1,96,97,98,-1,98,97,99,-1,100,96,101,-1,101,96,98,-1,102,100,103,-1,103,100,101,-1,104,102,105,-1,105,102,103,-1,106,104,107,-1,107,104,105,-1,108,106,109,-1,109,106,107,-1,110,108,111,-1,111,108,109,-1,112,110,113,-1,113,110,111,-1,114,112,115,-1,115,112,113,-1,116,114,117,-1,117,114,115,-1,118,116,119,-1,119,116,117,-1,97,118,99,-1,99,118,119,-1,118,97,96,-1,96,100,118,-1,118,100,102,-1,118,102,116,-1,112,114,110,-1,110,114,116,-1,110,116,108,-1,108,116,102,-1,108,102,106,-1,106,102,104,-1,120,121,122,-1,122,121,123,-1,122,123,124,-1,124,123,125,-1,124,125,126,-1,126,125,127,-1,126,127,128,-1,128,127,129,-1,128,129,130,-1,130,129,131,-1,130,131,132,-1,132,131,133,-1,132,133,134,-1,134,133,135,-1,134,135,136,-1,136,135,137,-1,136,137,138,-1,138,137,139,-1,138,139,140,-1,140,139,141,-1,140,141,142,-1,142,141,143,-1,142,143,144,-1,144,143,145,-1,144,145,146,-1,146,145,147,-1,146,147,148,-1,148,147,149,-1,148,149,150,-1,150,149,151,-1,150,151,152,-1,152,151,153,-1,152,153,154,-1,154,153,120,-1,154,120,122,-1,137,135,155,-1,155,135,156,-1,137,155,157,-1,137,157,139,-1,139,157,158,-1,139,158,141,-1,141,158,159,-1,141,159,143,-1,143,159,160,-1,143,160,145,-1,145,160,161,-1,145,161,147,-1,147,161,162,-1,147,162,149,-1,149,162,163,-1,149,163,151,-1,151,163,164,-1,151,164,153,-1,153,164,165,-1,153,165,120,-1,120,165,166,-1,120,166,121,-1,121,166,167,-1,121,167,123,-1,123,167,168,-1,123,168,125,-1,125,168,169,-1,125,169,127,-1,127,169,170,-1,127,170,129,-1,129,170,171,-1,129,171,131,-1,133,131,172,-1,172,131,171,-1,135,133,156,-1,156,133,172,-1,130,132,173,-1,173,132,174,-1,132,134,174,-1,174,134,175,-1,134,136,175,-1,175,136,176,-1,150,177,178,-1,150,178,148,-1,148,178,179,-1,148,179,146,-1,146,179,180,-1,146,180,144,-1,144,180,181,-1,144,181,142,-1,142,181,182,-1,142,182,140,-1,140,182,183,-1,140,183,138,-1,138,183,176,-1,138,176,136,-1,130,173,184,-1,130,184,128,-1,128,184,185,-1,128,185,126,-1,126,185,186,-1,126,186,124,-1,124,186,187,-1,124,187,122,-1,122,187,188,-1,122,188,154,-1,154,188,189,-1,154,189,152,-1,152,189,177,-1,152,177,150,-1,
        ]
    }
}
Shape{
    appearance Appearance {
        material  Material 	{
            diffuseColor 0.0 1.0 1.0
            specularColor 0.0 0.5019607843137255 0.5019607843137255
            ambientIntensity 0.701
            transparency 0.0
            shininess 0.5
        }
    }
    geometry IndexedFaceSet {
        ccw TRUE
        solid FALSE
        coord DEF co Coordinate {
            point [
                1.387 -0.0122 1.8167, 1.387 -0.0122 1.8781, 1.3754 -0.0122 1.8167, 1.3758 -0.0122 1.8781, 1.3675 -0.0122 1.8773, 1.3447 -0.0122 1.8466, 1.3454 -0.0122 1.8388, 1.3472 -0.0122 1.8326, 1.3661 -0.0122 1.8177, 1.3609 -0.0122 1.8753, 1.3555 -0.0122 1.8721, 1.3511 -0.0122 1.8677, 1.3478 -0.0122 1.8623, 1.3455 -0.0122 1.8549, 1.35 -0.0122 1.8277, 1.3538 -0.0122 1.8236, 1.3596 -0.0122 1.8199
            ]
        }
        coordIndex [
            0,1,2,-1,2,1,3,-1,2,3,4,-1,5,6,2,-1,2,6,7,-1,2,7,8,-1,4,9,2,-1,2,9,10,-1,2,10,11,-1,11,12,2,-1,2,12,13,-1,2,13,5,-1,14,15,7,-1,7,15,16,-1,7,16,8,-1,
        ]
    }
}
Shape{
    appearance Appearance {
        material  Material 	{
            diffuseColor 1.0 1.0 1.0
            specularColor 0.8784313725490196 0.8784313725490196 0.8784313725490196
            ambientIntensity 1.0
            transparency 0.0
            shininess 0.5
        }
    }
    geometry IndexedFaceSet {
        ccw TRUE
        solid FALSE
        coord DEF co Coordinate {
            point [
                1.3067 -0.0162 1.856, 1.295 -0.0162 1.8231, 1.2986 -0.0162 1.808, 1.3284 -0.0162 1.8868, 1.3169 -0.0162 1.8868, 1.3094 -0.0162 1.8647, 1.2942 -0.0162 1.8204, 1.2937 -0.0162 1.8176, 1.2881 -0.0162 1.808, 1.2935 -0.0162 1.8176, 1.2929 -0.0162 1.8204, 1.2922 -0.0162 1.8231, 1.2804 -0.0162 1.856, 1.2574 -0.0162 1.8868, 1.2689 -0.0162 1.8868, 1.2768 -0.0162 1.8647, 1.2881 -0.0122 1.808, 1.2574 -0.0122 1.8868, 1.2986 -0.0122 1.808, 1.3284 -0.0122 1.8868, 1.3169 -0.0122 1.8868, 1.3094 -0.0122 1.8647, 1.2768 -0.0122 1.8647, 1.2689 -0.0122 1.8868, 1.3067 -0.0122 1.856, 1.2804 -0.0122 1.856, 1.2922 -0.0122 1.8231, 1.2935 -0.0122 1.8176, 1.2929 -0.0122 1.8204, 1.2937 -0.0122 1.8176, 1.295 -0.0122 1.8231, 1.2942 -0.0122 1.8204
            ]
        }
        coordIndex [
            0,1,2,-1,3,4,5,-1,1,6,2,-1,2,6,7,-1,2,7,8,-1,8,7,9,-1,8,9,10,-1,10,11,8,-1,8,11,12,-1,8,12,13,-1,14,13,15,-1,15,13,12,-1,15,12,5,-1,5,12,0,-1,5,0,3,-1,3,0,2,-1,8,13,16,-1,16,13,17,-1,2,8,18,-1,18,8,16,-1,3,2,19,-1,19,2,18,-1,4,3,20,-1,20,3,19,-1,5,4,21,-1,21,4,20,-1,15,5,22,-1,22,5,21,-1,14,15,23,-1,23,15,22,-1,13,14,17,-1,17,14,23,-1,0,12,24,-1,24,12,25,-1,12,11,25,-1,25,11,26,-1,9,27,28,-1,9,28,10,-1,10,28,26,-1,10,26,11,-1,9,7,27,-1,27,7,29,-1,1,30,31,-1,1,31,6,-1,6,31,29,-1,6,29,7,-1,1,0,30,-1,30,0,24,-1,
        ]
    }
}
Shape{
    appearance Appearance {
        material  Material 	{
            diffuseColor 0.0 1.0 1.0
            specularColor 0.0 0.5019607843137255 0.5019607843137255
            ambientIntensity 0.701
            transparency 0.0
            shininess 0.5
        }
    }
    geometry IndexedFaceSet {
        ccw TRUE
        solid FALSE
        coord DEF co Coordinate {
            point [
                1.3067 -0.0122 1.856, 1.2804 -0.0122 1.856, 1.295 -0.0122 1.8231, 1.2922 -0.0122 1.8231, 1.2942 -0.0122 1.8204, 1.2929 -0.0122 1.8204, 1.2937 -0.0122 1.8176, 1.2935 -0.0122 1.8176
            ]
        }
        coordIndex [
            0,1,2,-1,2,1,3,-1,2,3,4,-1,4,3,5,-1,4,5,6,-1,6,5,7,-1,
        ]
    }
}
Shape{
    appearance Appearance {
        material  Material 	{
            diffuseColor 0.7529411764705882 0.7529411764705882 0.7529411764705882
            specularColor 0.3764705882352941 0.3764705882352941 0.3764705882352941
            ambientIntensity 0.7529
            transparency 0.0
            shininess 0.5
        }
    }
    geometry IndexedFaceSet {
        ccw TRUE
        solid FALSE
        coord DEF co Coordinate {
            point [
                -1.9031 3.7673 3.0354, -1.9725 3.7673 3.0354, -1.9173 3.7476 3.0354, -1.9291 3.7191 3.0354, -1.9725 0.2634 3.0354, -1.9331 0.2634 3.0354, -1.9331 3.6886 3.0354, -1.9331 2.9602 3.8189, -1.9331 3.6886 3.8189, -1.9331 0.224 3.2717, -1.9331 1.3461 3.9173, -1.9331 1.3461 3.8583, -1.9331 0.224 3.0354, -1.9331 2.4484 3.8583, -1.9331 0.8683 3.8386, -1.9331 0.8723 3.8481, -1.9331 0.8736 3.8583, -1.9331 0.8736 3.9173, -1.9331 2.9222 3.8481, -1.9331 2.9261 3.8386, -1.9331 0.1059 3.2717, -1.9331 0.1059 3.8189, -1.9331 0.8342 3.8189, -1.9331 0.8444 3.8202, -1.9331 0.8539 3.8242, -1.9331 0.8621 3.8304, -1.9331 2.4484 3.9173, -1.9331 2.9209 3.9173, -1.9331 2.9209 3.8583, -1.9331 2.9324 3.8304, -1.9331 2.9405 3.8242, -1.9331 2.95 3.8202, 2.0039 3.7673 3.0354, 1.9344 3.7673 3.0354, 1.9487 3.7476 3.0354, 1.9645 0.2634 3.0354, 2.0039 0.2634 3.0354, 1.9645 3.6886 3.0354, 1.9605 3.7191 3.0354, 1.9645 2.4484 3.8583, 1.9645 0.8342 3.8189, 1.9645 0.1059 3.8189, 1.9645 0.1059 3.2717, 1.9645 2.9324 3.8304, 1.9645 2.9261 3.8386, 1.9645 1.3461 3.9173, 1.9645 0.8736 3.9173, 1.9645 1.3461 3.8583, 1.9645 0.8736 3.8583, 1.9645 0.8723 3.8481, 1.9645 0.8683 3.8386, 1.9645 0.8621 3.8304, 1.9645 3.6886 3.8189, 1.9645 2.9602 3.8189, 1.9645 2.95 3.8202, 1.9645 2.9405 3.8242, 1.9645 2.9209 3.9173, 1.9645 2.4484 3.9173, 1.9645 2.9209 3.8583, 1.9645 2.9222 3.8481, 1.9645 0.224 3.2717, 1.9645 0.224 3.0354, 1.9645 0.8539 3.8242, 1.9645 0.8444 3.8202, -2.0906 1.3461 3.8583, -2.0906 1.3461 3.3858, -2.0119 1.3461 3.3858, -2.0003 1.3461 3.8467, -1.9922 1.3461 3.853, -2.064 1.3461 3.9173, -1.9827 1.3461 3.8569, -1.9725 1.3461 3.8583, -2.0119 1.3461 3.8189, -2.0105 1.3461 3.8291, -2.0879 1.3461 3.8786, -2.0066 1.3461 3.8386, -2.0801 1.3461 3.8976, -2.0675 1.3461 3.9139, -2.0906 2.409 3.3465, -2.0906 1.3854 3.3465, -2.0906 2.4287 3.3517, -2.0906 2.4192 3.3478, -2.0906 2.4369 3.358, -2.0906 2.4431 3.3661, -2.0906 1.3767 3.3474, -2.0906 1.3683 3.3504, -2.0906 1.3609 3.355, -2.0906 1.3546 3.3613, -2.0906 1.35 3.3687, -2.0906 1.347 3.3771, -2.0906 2.4484 3.8583, -2.0906 2.4484 3.3858, -2.0906 2.4471 3.3756, -1.9725 2.4484 3.8583, -2.064 2.4484 3.9173, -1.9827 2.4484 3.8569, -1.9922 2.4484 3.853, -2.0675 2.4484 3.9139, -2.0003 2.4484 3.8467, -2.0801 2.4484 3.8976, -2.0066 2.4484 3.8386, -2.0879 2.4484 3.8786, -2.0119 2.4484 3.3858, -2.0119 2.4484 3.8189, -2.0105 2.4484 3.8291, 2.122 2.4484 3.8583, 2.122 2.4484 3.3858, 2.0432 2.4484 3.3858, 2.0317 2.4484 3.8467, 2.0236 2.4484 3.853, 2.0953 2.4484 3.9173, 2.0141 2.4484 3.8569, 2.0039 2.4484 3.8583, 2.0432 2.4484 3.8189, 2.0419 2.4484 3.8291, 2.1193 2.4484 3.8786, 2.038 2.4484 3.8386, 2.1114 2.4484 3.8976, 2.0989 2.4484 3.9139, 2.122 1.3461 3.8583, 2.122 1.3461 3.3858, 2.122 1.3854 3.3465, 2.122 2.409 3.3465, 2.122 2.4471 3.3756, 2.122 2.4192 3.3478, 2.122 2.4287 3.3517, 2.122 2.4369 3.358, 2.122 1.347 3.3771, 2.122 1.35 3.3687, 2.122 1.3546 3.3613, 2.122 1.3609 3.355, 2.122 1.3683 3.3504, 2.122 1.3767 3.3474, 2.122 2.4431 3.3661, 2.0039 1.3461 3.8583, 2.0953 1.3461 3.9173, 2.0141 1.3461 3.8569, 2.0236 1.3461 3.853, 2.0989 1.3461 3.9139, 2.0317 1.3461 3.8467, 2.1114 1.3461 3.8976, 2.038 1.3461 3.8386, 2.1193 1.3461 3.8786, 2.0432 1.3461 3.3858, 2.0432 1.3461 3.8189, 2.0419 1.3461 3.8291
            ]
        }
        coordIndex [
            0,1,2,-1,2,1,3,-1,4,5,1,-1,1,5,6,-1,1,6,3,-1,7,8,6,-1,9,10,11,-1,12,9,5,-1,5,9,11,-1,5,11,6,-1,6,11,13,-1,14,15,10,-1,10,15,16,-1,10,16,17,-1,13,18,19,-1,20,21,9,-1,9,21,22,-1,22,23,9,-1,9,23,24,-1,9,24,10,-1,10,24,25,-1,10,25,14,-1,26,27,13,-1,13,27,28,-1,13,28,18,-1,19,29,13,-1,13,29,30,-1,13,30,6,-1,6,30,31,-1,6,31,7,-1,32,33,34,-1,35,36,37,-1,37,36,32,-1,37,32,38,-1,38,32,34,-1,35,37,39,-1,40,41,42,-1,39,43,44,-1,45,46,47,-1,47,46,48,-1,48,49,47,-1,47,49,50,-1,47,50,51,-1,52,53,37,-1,37,53,54,-1,37,54,39,-1,39,54,55,-1,39,55,43,-1,56,57,58,-1,58,57,39,-1,58,39,59,-1,59,39,44,-1,60,61,35,-1,39,47,35,-1,35,47,51,-1,35,51,60,-1,60,51,62,-1,60,62,42,-1,42,62,63,-1,42,63,40,-1,64,65,66,-1,67,68,69,-1,69,68,70,-1,69,70,10,-1,10,70,71,-1,10,71,11,-1,66,72,64,-1,64,72,73,-1,64,73,74,-1,74,73,75,-1,74,75,76,-1,76,75,67,-1,76,67,77,-1,77,67,69,-1,78,79,65,-1,80,81,82,-1,82,81,78,-1,82,78,83,-1,79,84,65,-1,65,84,85,-1,65,85,86,-1,86,87,65,-1,65,87,88,-1,65,88,89,-1,64,90,65,-1,65,90,91,-1,65,91,78,-1,78,91,92,-1,78,92,83,-1,26,13,93,-1,26,93,94,-1,93,95,94,-1,94,95,96,-1,94,96,97,-1,97,96,98,-1,97,98,99,-1,99,98,100,-1,99,100,101,-1,101,100,90,-1,102,91,103,-1,103,91,90,-1,103,90,104,-1,104,90,100,-1,93,13,71,-1,71,13,11,-1,105,106,107,-1,108,109,110,-1,110,109,111,-1,110,111,57,-1,57,111,112,-1,57,112,39,-1,107,113,105,-1,105,113,114,-1,105,114,115,-1,115,114,116,-1,115,116,117,-1,117,116,108,-1,117,108,118,-1,118,108,110,-1,105,119,106,-1,106,119,120,-1,120,121,106,-1,106,121,122,-1,106,122,123,-1,124,125,126,-1,127,128,120,-1,120,128,129,-1,120,129,130,-1,130,131,120,-1,120,131,132,-1,120,132,121,-1,124,126,122,-1,122,126,133,-1,122,133,123,-1,45,47,134,-1,45,134,135,-1,134,136,135,-1,135,136,137,-1,135,137,138,-1,138,137,139,-1,138,139,140,-1,140,139,141,-1,140,141,142,-1,142,141,119,-1,143,120,144,-1,144,120,119,-1,144,119,145,-1,145,119,141,-1,134,47,112,-1,112,47,39,-1,
        ]
    }
}
Shape{
    appearance Appearance {
        material  Material 	{
            diffuseColor 1.0 1.0 1.0
            specularColor 0.8784313725490196 0.8784313725490196 0.8784313725490196
            ambientIntensity 1.0
            transparency 0.0
            shininess 0.5
        }
    }
    geometry IndexedFaceSet {
        ccw TRUE
        solid FALSE
        coord DEF co Coordinate {
            point [
                -2.0119 2.409 3.3465, -2.0119 1.3854 3.3465, -2.0906 2.409 3.3465, -2.0906 1.3854 3.3465, -2.0119 1.3767 3.3474, -2.0119 1.3461 3.3858, -2.0119 1.3461 3.8189, -2.0119 2.4484 3.8189, -2.0119 2.4484 3.3858, -2.0119 1.35 3.3687, -2.0119 1.3546 3.3613, -2.0119 1.347 3.3771, -2.0119 1.3609 3.355, -2.0119 1.3683 3.3504, -2.0119 2.4369 3.358, -2.0119 2.4287 3.3517, -2.0119 2.4192 3.3478, -2.0119 2.4431 3.3661, -2.0119 2.4471 3.3756, 2.122 2.409 3.3465, 2.122 1.3854 3.3465, 2.0432 2.409 3.3465, 2.0432 1.3854 3.3465, 2.0432 2.4287 3.3517, 2.0432 2.4192 3.3478, 2.0432 1.3767 3.3474, 2.0432 1.3461 3.3858, 2.0432 1.3461 3.8189, 2.0432 2.4484 3.8189, 2.0432 2.4484 3.3858, 2.0432 2.4471 3.3756, 2.0432 1.3683 3.3504, 2.0432 1.3609 3.355, 2.0432 1.347 3.3771, 2.0432 1.3546 3.3613, 2.0432 1.35 3.3687, 2.0432 2.4431 3.3661, 2.0432 2.4369 3.358
            ]
        }
        coordIndex [
            0,1,2,-1,2,1,3,-1,4,1,5,-1,5,1,6,-1,6,1,7,-1,7,1,0,-1,7,0,8,-1,9,10,11,-1,11,10,12,-1,11,12,5,-1,5,12,13,-1,5,13,4,-1,14,0,15,-1,15,0,16,-1,14,17,0,-1,0,17,18,-1,0,18,8,-1,19,20,21,-1,21,20,22,-1,23,24,21,-1,25,26,22,-1,22,26,27,-1,22,27,21,-1,27,28,21,-1,21,28,29,-1,21,29,30,-1,25,31,26,-1,26,31,32,-1,26,32,33,-1,33,32,34,-1,33,34,35,-1,30,36,21,-1,21,36,37,-1,21,37,23,-1,
        ]
    }
}
Shape{
    appearance Appearance {
        material  Material 	{
            diffuseColor 0.0 1.0 1.0
            specularColor 0.0 0.5019607843137255 0.5019607843137255
            ambientIntensity 0.701
            transparency 0.0
            shininess 0.5
        }
    }
    geometry IndexedFaceSet {
        ccw TRUE
        solid FALSE
        coord DEF co Coordinate {
            point [
                -1.441 -0.0122 1.437, -1.441 0.1059 1.437, -1.8938 -0.0122 1.437, -1.8938 0.1059 1.437, -1.9243 -0.0082 1.437, -1.9528 0.0036 1.437, -1.441 3.6886 1.437, -1.441 3.8067 1.437, -1.8938 3.6886 1.437, -1.8938 3.8067 1.437, -1.9243 3.8027 1.437, -1.996 3.7476 1.437, -2.0078 3.7191 1.437, -2.0119 3.6886 1.437, -2.0119 0.1059 1.437, -2.0078 0.0753 1.437, -1.9528 3.7909 1.437, -1.9773 3.7721 1.437, -1.996 0.0468 1.437, -1.9773 0.0224 1.437, -1.441 3.6886 0.8856, -1.441 3.8067 0.8856, -0.9434 3.6886 0.8856, -0.9434 3.8067 0.8856, -0.9434 3.6886 0.9447, -0.9434 3.8067 0.9447, 0.926 3.6886 0.9447, 0.926 3.8067 0.9447, 0.926 3.6886 0.8856, 0.926 3.8067 0.8856, 1.4724 3.6886 0.8856, 1.4724 3.8067 0.8856, 1.4724 3.6886 1.437, 1.4724 3.8067 1.437, 1.9251 3.8067 1.437, 1.9251 3.6886 1.437, 1.9557 3.8027 1.437, 1.9842 3.7909 1.437, 2.0392 3.7191 1.437, 2.0274 3.7476 1.437, 2.0087 3.7721 1.437, 1.4724 0.1059 1.437, 1.4724 -0.0122 1.437, 1.9251 0.1059 1.437, 1.9251 -0.0122 1.437, 2.0087 0.0224 1.437, 2.0274 0.0468 1.437, 1.9557 -0.0082 1.437, 1.9842 0.0036 1.437, 2.0392 0.0753 1.437, 2.0432 0.1059 1.437, 2.0432 3.6886 1.437, 1.4628 -0.0122 1.4567, 1.4527 -0.0122 1.4567, 1.4527 0.1059 1.4567, 1.9251 3.6886 1.4567, 2.0087 3.7721 1.4567, 2.0274 3.7476 1.4567, 1.4527 3.6886 1.4567, 1.4527 3.8067 1.4567, 1.9251 3.8067 1.4567, 1.9842 0.0036 1.4567, 1.9557 -0.0082 1.4567, 1.9251 0.1059 1.4567, 1.9251 -0.0122 1.4567, 1.5325 -0.0122 1.4567, 2.0392 0.0753 1.4567, 2.0274 0.0468 1.4567, 2.0087 0.0224 1.4567, 1.9557 3.8027 1.4567, 1.9842 3.7909 1.4567, 2.0392 3.7191 1.4567, 2.0432 3.6886 1.4567, 2.0432 0.1059 1.4567, 1.4527 3.6886 0.9644, 1.4527 3.8067 0.9644, -1.4213 3.6886 0.9644, -1.4213 3.8067 0.9644, -1.4213 3.6886 1.4567, -1.4213 3.8067 1.4567, -1.8938 3.8067 1.4567, -1.8938 3.6886 1.4567, -1.9243 3.8027 1.4567, -1.9528 3.7909 1.4567, -1.4213 0.1059 1.4567, -1.4213 -0.0122 1.4567, -1.5493 -0.0122 1.4567, -1.996 0.0468 1.4567, -2.0078 0.0753 1.4567, -1.8938 0.1059 1.4567, -2.0119 0.1059 1.4567, -2.0119 3.6886 1.4567, -2.0078 3.7191 1.4567, -1.9243 -0.0082 1.4567, -1.9528 0.0036 1.4567, -1.9773 0.0224 1.4567, -1.996 3.7476 1.4567, -1.9773 3.7721 1.4567, -1.8938 -0.0122 1.4567, -1.4213 0.1059 0.9644, -1.4213 -0.0122 0.9644, 1.4527 -0.0122 0.9644, 1.4052 -0.0122 0.9644, 1.4527 0.1059 0.9644, 1.3313 -0.0122 0.9644, 1.2468 -0.0122 0.9644, 0.5078 -0.0122 0.9644, -0.4764 -0.0122 0.9644, 1.4724 0.1059 0.8856, 1.4724 -0.0122 0.8856, 0.926 0.1059 0.8856, 0.926 -0.0122 0.8856, 0.926 0.1059 0.9447, 0.926 -0.0122 0.9447, -0.9434 0.1059 0.9447, -0.9434 -0.0122 0.9447, -0.9434 0.1059 0.8856, -0.9434 -0.0122 0.8856, -1.441 0.1059 0.8856, -1.441 -0.0122 0.8856
            ]
        }
        coordIndex [
            0,1,2,-1,2,1,3,-1,2,3,4,-1,4,3,5,-1,6,7,8,-1,8,7,9,-1,8,9,10,-1,11,12,8,-1,8,12,13,-1,8,13,3,-1,3,13,14,-1,3,14,15,-1,10,16,8,-1,8,16,17,-1,8,17,11,-1,15,18,3,-1,3,18,19,-1,3,19,5,-1,6,20,7,-1,7,20,21,-1,20,22,21,-1,21,22,23,-1,22,24,23,-1,23,24,25,-1,24,26,25,-1,25,26,27,-1,26,28,27,-1,27,28,29,-1,28,30,29,-1,29,30,31,-1,30,32,31,-1,31,32,33,-1,33,32,34,-1,34,32,35,-1,34,35,36,-1,36,35,37,-1,38,39,35,-1,35,39,40,-1,35,40,37,-1,41,42,43,-1,43,42,44,-1,43,45,46,-1,44,47,43,-1,43,47,48,-1,43,48,45,-1,46,49,43,-1,43,49,50,-1,43,50,35,-1,35,50,51,-1,35,51,38,-1,52,53,54,-1,55,56,57,-1,58,59,55,-1,55,59,60,-1,61,62,63,-1,63,62,64,-1,63,64,54,-1,54,64,65,-1,54,65,52,-1,66,67,63,-1,63,67,68,-1,63,68,61,-1,60,69,55,-1,55,69,70,-1,55,70,56,-1,57,71,55,-1,55,71,72,-1,55,72,63,-1,63,72,73,-1,63,73,66,-1,58,74,59,-1,59,74,75,-1,74,76,75,-1,75,76,77,-1,76,78,77,-1,77,78,79,-1,79,78,80,-1,80,78,81,-1,80,81,82,-1,82,81,83,-1,84,85,86,-1,87,88,89,-1,89,88,90,-1,89,90,81,-1,81,90,91,-1,81,91,92,-1,93,94,89,-1,89,94,95,-1,89,95,87,-1,92,96,81,-1,81,96,97,-1,81,97,83,-1,84,86,89,-1,89,86,98,-1,89,98,93,-1,84,99,85,-1,85,99,100,-1,101,102,103,-1,103,102,104,-1,104,105,103,-1,103,105,106,-1,103,106,99,-1,99,106,107,-1,99,107,100,-1,103,54,101,-1,101,54,53,-1,41,108,42,-1,42,108,109,-1,108,110,109,-1,109,110,111,-1,110,112,111,-1,111,112,113,-1,112,114,113,-1,113,114,115,-1,114,116,115,-1,115,116,117,-1,116,118,117,-1,117,118,119,-1,118,1,119,-1,119,1,0,-1,81,8,89,-1,89,8,3,-1,35,55,43,-1,43,55,63,-1,
        ]
    }
}
Shape{
    appearance Appearance {
        material  Material 	{
            diffuseColor 0.7529411764705882 0.7529411764705882 0.7529411764705882
            specularColor 0.3764705882352941 0.3764705882352941 0.3764705882352941
            ambientIntensity 0.7529
            transparency 0.0
            shininess 0.5
        }
    }
    geometry IndexedFaceSet {
        ccw TRUE
        solid FALSE
        coord DEF co Coordinate {
            point [
                1.2362 -1.9217 2.4409, 1.2362 -0.0122 2.4409, 0.7637 -1.9217 2.4409, 0.7637 -0.0122 2.4409, 0.7637 -1.9567 2.437, 1.2362 -1.9567 2.437, 0.7637 -1.99 2.4254, 1.2362 -1.99 2.4254, 0.7637 -2.0199 2.4066, 1.2362 -2.0199 2.4066, 0.7637 -2.0448 2.3817, 1.2362 -2.0448 2.3817, 0.7637 -2.0635 2.3518, 1.2362 -2.0635 2.3518, 0.7637 -2.0752 2.3185, 1.2362 -2.0752 2.3185, 0.7637 -2.0791 2.2835, 1.2362 -2.0791 2.2835, 1.1279 -2.0791 0.9816, 1.1326 -2.0791 0.9836, 0.8792 -2.0791 0.9744, 0.872 -2.0791 0.9816, 0.8761 -2.0791 0.9785, 1.2165 -2.0791 0.9843, 1.2216 -2.0791 0.9849, 1.1377 -2.0791 0.9843, 1.2263 -2.0791 0.9869, 0.7736 -2.0791 0.9869, 0.7783 -2.0791 0.9849, 0.7637 -2.0791 1.0039, 0.7834 -2.0791 0.9843, 0.8621 -2.0791 0.9843, 0.8672 -2.0791 0.9836, 0.7695 -2.0791 0.99, 0.7644 -2.0791 0.9988, 0.7664 -2.0791 0.9941, 0.8818 -2.0791 0.9646, 1.1187 -2.0791 0.9697, 0.8812 -2.0791 0.9697, 1.1207 -2.0791 0.9744, 1.1238 -2.0791 0.9785, 1.2304 -2.0791 0.99, 1.2335 -2.0791 0.9941, 1.2355 -2.0791 0.9988, 1.1181 -2.0791 -1.2992, 1.1181 -2.0791 0.9646, 0.9606 -2.0791 -1.378, 1.2362 -2.0791 1.0039, 1.0393 -2.0791 -1.378, 1.0597 -2.0791 -1.3753, 1.1154 -2.0791 -1.3196, 0.8845 -2.0791 -1.3196, 0.9402 -2.0791 -1.3753, 0.8818 -2.0791 -1.2992, 0.8924 -2.0791 -1.3386, 0.9049 -2.0791 -1.3549, 0.9212 -2.0791 -1.3674, 1.0787 -2.0791 -1.3674, 1.095 -2.0791 -1.3549, 1.1075 -2.0791 -1.3386, 0.9606 -2.0004 -1.378, 1.0393 -2.0004 -1.378, 0.872 -2.0004 0.9816, 0.8672 -2.0004 0.9836, 1.1207 -2.0004 0.9744, 1.1279 -2.0004 0.9816, 1.1238 -2.0004 0.9785, 0.7637 -2.0004 2.2835, 0.7834 -2.0004 0.9843, 0.7783 -2.0004 0.9849, 0.8621 -2.0004 0.9843, 0.7736 -2.0004 0.9869, 1.2362 -2.0004 1.0039, 1.2165 -2.0004 0.9843, 1.2362 -2.0004 2.2835, 1.1377 -2.0004 0.9843, 1.1326 -2.0004 0.9836, 1.2335 -2.0004 0.9941, 1.2304 -2.0004 0.99, 1.2355 -2.0004 0.9988, 1.2263 -2.0004 0.9869, 1.2216 -2.0004 0.9849, 1.1181 -2.0004 0.9646, 0.8812 -2.0004 0.9697, 1.1187 -2.0004 0.9697, 0.8792 -2.0004 0.9744, 0.8761 -2.0004 0.9785, 0.7695 -2.0004 0.99, 0.7664 -2.0004 0.9941, 0.7644 -2.0004 0.9988, 0.7637 -2.0004 1.0039, 1.1181 -2.0004 -1.2992, 0.8818 -2.0004 -1.2992, 0.8818 -2.0004 0.9646, 1.1154 -2.0004 -1.3196, 1.0597 -2.0004 -1.3753, 0.8924 -2.0004 -1.3386, 0.9402 -2.0004 -1.3753, 0.9049 -2.0004 -1.3549, 0.9212 -2.0004 -1.3674, 0.8845 -2.0004 -1.3196, 1.1075 -2.0004 -1.3386, 1.095 -2.0004 -1.3549, 1.0787 -2.0004 -1.3674, 1.2362 -1.9984 2.301, 0.7637 -1.9984 2.301, 1.2362 -1.9926 2.3176, 0.7637 -1.9926 2.3176, 1.2362 -1.9832 2.3326, 0.7637 -1.9832 2.3326, 1.2362 -1.9708 2.345, 0.7637 -1.9708 2.345, 1.2362 -1.9558 2.3544, 0.7637 -1.9558 2.3544, 1.2362 -1.9392 2.3602, 0.7637 -1.9392 2.3602, 1.2362 -1.9217 2.3622, 0.7637 -1.9217 2.3622, 1.2362 -0.0122 2.3622, 0.7637 -0.0122 2.3622, 0.9606 -1.0162 -1.378, 1.0393 -1.0162 -1.378, 0.9606 -1.0949 -1.378, 1.0393 -1.0949 -1.378, 1.2165 -1.0162 0.9843, 1.2362 -1.0162 1.1417, 1.2362 -1.0162 1.0039, 1.1377 -1.0162 0.9843, 1.1326 -1.0162 0.9836, 0.7637 -1.0162 1.1417, 1.1279 -1.0162 0.9816, 0.7783 -1.0162 0.9849, 0.7736 -1.0162 0.9869, 0.7637 -1.0162 1.0039, 1.2335 -1.0162 0.9941, 1.2304 -1.0162 0.99, 1.2355 -1.0162 0.9988, 1.2263 -1.0162 0.9869, 1.2216 -1.0162 0.9849, 0.8761 -1.0162 0.9785, 1.1207 -1.0162 0.9744, 0.8792 -1.0162 0.9744, 1.1187 -1.0162 0.9697, 0.8812 -1.0162 0.9697, 1.1181 -1.0162 0.9646, 0.872 -1.0162 0.9816, 1.1238 -1.0162 0.9785, 0.8672 -1.0162 0.9836, 0.8621 -1.0162 0.9843, 0.7834 -1.0162 0.9843, 0.7695 -1.0162 0.99, 0.7664 -1.0162 0.9941, 0.7644 -1.0162 0.9988, 1.1181 -1.0162 -1.2992, 0.8818 -1.0162 -1.2992, 0.8818 -1.0162 0.9646, 0.9402 -1.0162 -1.3753, 0.9212 -1.0162 -1.3674, 0.9049 -1.0162 -1.3549, 0.8924 -1.0162 -1.3386, 0.8845 -1.0162 -1.3196, 1.1154 -1.0162 -1.3196, 1.0597 -1.0162 -1.3753, 1.1075 -1.0162 -1.3386, 1.095 -1.0162 -1.3549, 1.0787 -1.0162 -1.3674, 1.2362 -1.0142 1.1593, 0.7637 -1.0142 1.1593, 1.2362 -1.0084 1.1759, 0.7637 -1.0084 1.1759, 1.2362 -0.999 1.1908, 0.7637 -0.999 1.1908, 1.2362 -0.9865 1.2033, 0.7637 -0.9865 1.2033, 1.2362 -0.9716 1.2127, 0.7637 -0.9716 1.2127, 1.2362 -0.9549 1.2185, 0.7637 -0.9549 1.2185, 1.2362 -0.9374 1.2205, 0.7637 -0.9374 1.2205, 1.2362 -0.0122 1.2205, 0.7637 -0.0122 1.2205, 1.2362 -0.9374 1.2992, 1.2362 -0.0122 1.2992, 0.7637 -0.9374 1.2992, 0.7637 -0.0122 1.2992, 0.7637 -0.9725 1.2953, 1.2362 -0.9725 1.2953, 0.7637 -1.0057 1.2836, 1.2362 -1.0057 1.2836, 0.7637 -1.0356 1.2649, 1.2362 -1.0356 1.2649, 0.7637 -1.0605 1.2399, 1.2362 -1.0605 1.2399, 0.7637 -1.0793 1.2101, 1.2362 -1.0793 1.2101, 0.7637 -1.0909 1.1768, 1.2362 -1.0909 1.1768, 0.7637 -1.0949 1.1417, 1.2362 -1.0949 1.1417, 1.1377 -1.0949 0.9843, 1.2362 -1.0949 1.0039, 1.2165 -1.0949 0.9843, 0.7637 -1.0949 1.0039, 0.7736 -1.0949 0.9869, 0.7783 -1.0949 0.9849, 1.1207 -1.0949 0.9744, 1.1238 -1.0949 0.9785, 1.1279 -1.0949 0.9816, 1.1326 -1.0949 0.9836, 0.7644 -1.0949 0.9988, 0.7664 -1.0949 0.9941, 0.7695 -1.0949 0.99, 0.7834 -1.0949 0.9843, 0.8621 -1.0949 0.9843, 0.8672 -1.0949 0.9836, 0.872 -1.0949 0.9816, 0.8761 -1.0949 0.9785, 0.8792 -1.0949 0.9744, 0.8812 -1.0949 0.9697, 1.1187 -1.0949 0.9697, 0.8818 -1.0949 0.9646, 1.2216 -1.0949 0.9849, 1.2263 -1.0949 0.9869, 1.2355 -1.0949 0.9988, 1.2304 -1.0949 0.99, 1.2335 -1.0949 0.9941, 0.8818 -1.0949 -1.2992, 1.1181 -1.0949 -1.2992, 1.1181 -1.0949 0.9646, 0.8845 -1.0949 -1.3196, 0.9402 -1.0949 -1.3753, 0.8924 -1.0949 -1.3386, 0.9049 -1.0949 -1.3549, 0.9212 -1.0949 -1.3674, 1.1075 -1.0949 -1.3386, 1.0597 -1.0949 -1.3753, 1.095 -1.0949 -1.3549, 1.0787 -1.0949 -1.3674, 1.1154 -1.0949 -1.3196, 0.2519 -1.9217 2.4409, 0.2519 -0.0122 2.4409, -0.2205 -1.9217 2.4409, -0.2205 -0.0122 2.4409, -0.2205 -1.9567 2.437, 0.2519 -1.9567 2.437, -0.2205 -1.99 2.4254, 0.2519 -1.99 2.4254, -0.2205 -2.0199 2.4066, 0.2519 -2.0199 2.4066, -0.2205 -2.0448 2.3817, 0.2519 -2.0448 2.3817, -0.2205 -2.0635 2.3518, 0.2519 -2.0635 2.3518, -0.2205 -2.0752 2.3185, 0.2519 -2.0752 2.3185, -0.2205 -2.0791 2.2835, 0.2519 -2.0791 2.2835, 0.2322 -2.0791 0.9843, 0.2373 -2.0791 0.9849, 0.1535 -2.0791 0.9843, 0.2421 -2.0791 0.9869, -0.117 -2.0791 0.9836, -0.1221 -2.0791 0.9843, -0.2008 -2.0791 0.9843, -0.2205 -2.0791 1.0039, -0.2059 -2.0791 0.9849, -0.2107 -2.0791 0.9869, 0.1436 -2.0791 0.9816, 0.1396 -2.0791 0.9785, 0.1364 -2.0791 0.9744, -0.1123 -2.0791 0.9816, -0.1082 -2.0791 0.9785, -0.2148 -2.0791 0.99, -0.2199 -2.0791 0.9988, -0.2179 -2.0791 0.9941, -0.1051 -2.0791 0.9744, -0.1031 -2.0791 0.9697, 0.1345 -2.0791 0.9697, -0.1024 -2.0791 0.9646, 0.2461 -2.0791 0.99, 0.2493 -2.0791 0.9941, 0.2512 -2.0791 0.9988, 0.1338 -2.0791 -1.2992, 0.1338 -2.0791 0.9646, -0.0237 -2.0791 -1.378, 0.1484 -2.0791 0.9836, 0.2519 -2.0791 1.0039, -0.0997 -2.0791 -1.3196, -0.0441 -2.0791 -1.3753, -0.1024 -2.0791 -1.2992, -0.0919 -2.0791 -1.3386, -0.0794 -2.0791 -1.3549, -0.0631 -2.0791 -1.3674, 0.1233 -2.0791 -1.3386, 0.0754 -2.0791 -1.3753, 0.1107 -2.0791 -1.3549, 0.0944 -2.0791 -1.3674, 0.0551 -2.0791 -1.378, 0.1311 -2.0791 -1.3196, -0.0237 -2.0004 -1.378, 0.0551 -2.0004 -1.378, -0.2008 -2.0004 0.9843, -0.2205 -2.0004 1.0039, -0.1221 -2.0004 0.9843, -0.2205 -2.0004 2.2835, -0.117 -2.0004 0.9836, 0.1364 -2.0004 0.9744, -0.1051 -2.0004 0.9744, -0.1082 -2.0004 0.9785, 0.2519 -2.0004 2.2835, 0.1484 -2.0004 0.9836, 0.1436 -2.0004 0.9816, 0.1396 -2.0004 0.9785, -0.1123 -2.0004 0.9816, 0.2421 -2.0004 0.9869, 0.2373 -2.0004 0.9849, 0.2519 -2.0004 1.0039, 0.2322 -2.0004 0.9843, 0.1535 -2.0004 0.9843, -0.1031 -2.0004 0.9697, 0.1345 -2.0004 0.9697, 0.1338 -2.0004 0.9646, -0.2059 -2.0004 0.9849, -0.2107 -2.0004 0.9869, -0.2199 -2.0004 0.9988, -0.2148 -2.0004 0.99, -0.2179 -2.0004 0.9941, 0.2461 -2.0004 0.99, 0.2512 -2.0004 0.9988, 0.2493 -2.0004 0.9941, 0.1338 -2.0004 -1.2992, -0.1024 -2.0004 -1.2992, -0.1024 -2.0004 0.9646, -0.0441 -2.0004 -1.3753, -0.0631 -2.0004 -1.3674, -0.0794 -2.0004 -1.3549, -0.0919 -2.0004 -1.3386, -0.0997 -2.0004 -1.3196, 0.1311 -2.0004 -1.3196, 0.0754 -2.0004 -1.3753, 0.1233 -2.0004 -1.3386, 0.1107 -2.0004 -1.3549, 0.0944 -2.0004 -1.3674, 0.2519 -1.9984 2.301, -0.2205 -1.9984 2.301, 0.2519 -1.9926 2.3176, -0.2205 -1.9926 2.3176, 0.2519 -1.9832 2.3326, -0.2205 -1.9832 2.3326, 0.2519 -1.9708 2.345, -0.2205 -1.9708 2.345, 0.2519 -1.9558 2.3544, -0.2205 -1.9558 2.3544, 0.2519 -1.9392 2.3602, -0.2205 -1.9392 2.3602, 0.2519 -1.9217 2.3622, -0.2205 -1.9217 2.3622, 0.2519 -0.0122 2.3622, -0.2205 -0.0122 2.3622, -0.0237 -1.0162 -1.378, 0.0551 -1.0162 -1.378, -0.0237 -1.0949 -1.378, 0.0551 -1.0949 -1.378, 0.1396 -1.0162 0.9785, 0.1364 -1.0162 0.9744, -0.2205 -1.0162 1.1417, 0.2519 -1.0162 1.1417, 0.1484 -1.0162 0.9836, 0.1436 -1.0162 0.9816, -0.1221 -1.0162 0.9843, -0.2205 -1.0162 1.0039, -0.2008 -1.0162 0.9843, -0.2059 -1.0162 0.9849, 0.2421 -1.0162 0.9869, 0.2373 -1.0162 0.9849, 0.2519 -1.0162 1.0039, 0.2322 -1.0162 0.9843, 0.1535 -1.0162 0.9843, -0.1051 -1.0162 0.9744, -0.1031 -1.0162 0.9697, 0.1345 -1.0162 0.9697, 0.1338 -1.0162 0.9646, -0.1082 -1.0162 0.9785, -0.1123 -1.0162 0.9816, -0.117 -1.0162 0.9836, -0.2107 -1.0162 0.9869, -0.2148 -1.0162 0.99, -0.2199 -1.0162 0.9988, -0.2179 -1.0162 0.9941, 0.2461 -1.0162 0.99, 0.2512 -1.0162 0.9988, 0.2493 -1.0162 0.9941, 0.1338 -1.0162 -1.2992, -0.1024 -1.0162 -1.2992, -0.1024 -1.0162 0.9646, -0.0441 -1.0162 -1.3753, -0.0631 -1.0162 -1.3674, -0.0794 -1.0162 -1.3549, -0.0919 -1.0162 -1.3386, -0.0997 -1.0162 -1.3196, 0.1311 -1.0162 -1.3196, 0.0754 -1.0162 -1.3753, 0.1233 -1.0162 -1.3386, 0.1107 -1.0162 -1.3549, 0.0944 -1.0162 -1.3674, 0.2519 -1.0142 1.1593, -0.2205 -1.0142 1.1593, 0.2519 -1.0084 1.1759, -0.2205 -1.0084 1.1759, 0.2519 -0.999 1.1908, -0.2205 -0.999 1.1908, 0.2519 -0.9865 1.2033, -0.2205 -0.9865 1.2033, 0.2519 -0.9716 1.2127, -0.2205 -0.9716 1.2127, 0.2519 -0.9549 1.2185, -0.2205 -0.9549 1.2185, 0.2519 -0.9374 1.2205, -0.2205 -0.9374 1.2205, 0.2519 -0.0122 1.2205, -0.2205 -0.0122 1.2205, 0.2519 -0.9374 1.2992, 0.2519 -0.0122 1.2992, -0.2205 -0.9374 1.2992, -0.2205 -0.0122 1.2992, -0.2205 -0.9725 1.2953, 0.2519 -0.9725 1.2953, -0.2205 -1.0057 1.2836, 0.2519 -1.0057 1.2836, -0.2205 -1.0356 1.2649, 0.2519 -1.0356 1.2649, -0.2205 -1.0605 1.2399, 0.2519 -1.0605 1.2399, -0.2205 -1.0793 1.2101, 0.2519 -1.0793 1.2101, -0.2205 -1.0909 1.1768, 0.2519 -1.0909 1.1768, -0.2205 -1.0949 1.1417, 0.2519 -1.0949 1.1417, -0.1082 -1.0949 0.9785, -0.1051 -1.0949 0.9744, 0.1364 -1.0949 0.9744, -0.1031 -1.0949 0.9697, -0.2107 -1.0949 0.9869, -0.2059 -1.0949 0.9849, -0.2205 -1.0949 1.0039, -0.2008 -1.0949 0.9843, 0.1396 -1.0949 0.9785, 0.1436 -1.0949 0.9816, -0.2148 -1.0949 0.99, -0.2199 -1.0949 0.9988, -0.2179 -1.0949 0.9941, -0.1221 -1.0949 0.9843, -0.117 -1.0949 0.9836, -0.1123 -1.0949 0.9816, 0.1484 -1.0949 0.9836, 0.1535 -1.0949 0.9843, 0.2519 -1.0949 1.0039, 0.2322 -1.0949 0.9843, 0.2373 -1.0949 0.9849, 0.2421 -1.0949 0.9869, 0.2461 -1.0949 0.99, 0.2512 -1.0949 0.9988, 0.2493 -1.0949 0.9941, -0.1024 -1.0949 -1.2992, 0.1338 -1.0949 -1.2992, -0.1024 -1.0949 0.9646, 0.1338 -1.0949 0.9646, 0.1345 -1.0949 0.9697, -0.0997 -1.0949 -1.3196, -0.0441 -1.0949 -1.3753, -0.0919 -1.0949 -1.3386, -0.0794 -1.0949 -1.3549, -0.0631 -1.0949 -1.3674, 0.1233 -1.0949 -1.3386, 0.0754 -1.0949 -1.3753, 0.1107 -1.0949 -1.3549, 0.0944 -1.0949 -1.3674, 0.1311 -1.0949 -1.3196, -0.7323 -1.9217 2.4409, -0.7323 -0.0122 2.4409, -1.2048 -1.9217 2.4409, -1.2048 -0.0122 2.4409, -1.2048 -1.9567 2.437, -0.7323 -1.9567 2.437, -1.2048 -1.99 2.4254, -0.7323 -1.99 2.4254, -1.2048 -2.0199 2.4066, -0.7323 -2.0199 2.4066, -1.2048 -2.0448 2.3817, -0.7323 -2.0448 2.3817, -1.2048 -2.0635 2.3518, -0.7323 -2.0635 2.3518, -1.2048 -2.0752 2.3185, -0.7323 -2.0752 2.3185, -1.2048 -2.0791 2.2835, -0.7323 -2.0791 2.2835, -0.8406 -2.0791 0.9816, -0.8359 -2.0791 0.9836, -1.0893 -2.0791 0.9744, -1.0965 -2.0791 0.9816, -1.0924 -2.0791 0.9785, -0.752 -2.0791 0.9843, -0.7469 -2.0791 0.9849, -0.8308 -2.0791 0.9843, -0.7422 -2.0791 0.9869, -1.1949 -2.0791 0.9869, -1.1902 -2.0791 0.9849, -1.2048 -2.0791 1.0039, -1.1851 -2.0791 0.9843, -1.1064 -2.0791 0.9843, -1.1013 -2.0791 0.9836, -1.199 -2.0791 0.99, -1.2041 -2.0791 0.9988, -1.2021 -2.0791 0.9941, -1.0867 -2.0791 0.9646, -0.8498 -2.0791 0.9697, -1.0873 -2.0791 0.9697, -0.8478 -2.0791 0.9744, -0.8447 -2.0791 0.9785, -0.7381 -2.0791 0.99, -0.735 -2.0791 0.9941, -0.733 -2.0791 0.9988, -0.8505 -2.0791 -1.2992, -0.8505 -2.0791 0.9646, -1.0079 -2.0791 -1.378, -0.7323 -2.0791 1.0039, -0.9292 -2.0791 -1.378, -0.9088 -2.0791 -1.3753, -0.8531 -2.0791 -1.3196, -1.084 -2.0791 -1.3196, -1.0283 -2.0791 -1.3753, -1.0867 -2.0791 -1.2992, -1.0761 -2.0791 -1.3386, -1.0636 -2.0791 -1.3549, -1.0473 -2.0791 -1.3674, -0.8898 -2.0791 -1.3674, -0.8735 -2.0791 -1.3549, -0.861 -2.0791 -1.3386, -1.0079 -2.0004 -1.378, -0.9292 -2.0004 -1.378, -1.0965 -2.0004 0.9816, -1.1013 -2.0004 0.9836, -0.8478 -2.0004 0.9744, -0.8406 -2.0004 0.9816, -0.8447 -2.0004 0.9785, -1.2048 -2.0004 2.2835, -1.1851 -2.0004 0.9843, -1.1902 -2.0004 0.9849, -1.1064 -2.0004 0.9843, -1.1949 -2.0004 0.9869, -0.7422 -2.0004 0.9869, -0.7469 -2.0004 0.9849, -0.7323 -2.0004 1.0039, -0.752 -2.0004 0.9843, -0.7323 -2.0004 2.2835, -0.8308 -2.0004 0.9843, -0.8359 -2.0004 0.9836, -0.733 -2.0004 0.9988, -0.735 -2.0004 0.9941, -0.7381 -2.0004 0.99, -0.8505 -2.0004 0.9646, -1.0873 -2.0004 0.9697, -0.8498 -2.0004 0.9697, -1.0893 -2.0004 0.9744, -1.0924 -2.0004 0.9785, -1.199 -2.0004 0.99, -1.2021 -2.0004 0.9941, -1.2041 -2.0004 0.9988, -1.2048 -2.0004 1.0039, -0.8505 -2.0004 -1.2992, -1.0867 -2.0004 -1.2992, -1.0867 -2.0004 0.9646, -0.8531 -2.0004 -1.3196, -0.9088 -2.0004 -1.3753, -1.0761 -2.0004 -1.3386, -1.0283 -2.0004 -1.3753, -1.0636 -2.0004 -1.3549, -1.0473 -2.0004 -1.3674, -1.084 -2.0004 -1.3196, -0.861 -2.0004 -1.3386, -0.8735 -2.0004 -1.3549, -0.8898 -2.0004 -1.3674, -0.7323 -1.9984 2.301, -1.2048 -1.9984 2.301, -0.7323 -1.9926 2.3176, -1.2048 -1.9926 2.3176, -0.7323 -1.9832 2.3326, -1.2048 -1.9832 2.3326, -0.7323 -1.9708 2.345, -1.2048 -1.9708 2.345, -0.7323 -1.9558 2.3544, -1.2048 -1.9558 2.3544, -0.7323 -1.9392 2.3602, -1.2048 -1.9392 2.3602, -0.7323 -1.9217 2.3622, -1.2048 -1.9217 2.3622, -0.7323 -0.0122 2.3622, -1.2048 -0.0122 2.3622, -1.0079 -1.0162 -1.378, -0.9292 -1.0162 -1.378, -1.0079 -1.0949 -1.378, -0.9292 -1.0949 -1.378, -0.7422 -1.0162 0.9869, -0.7469 -1.0162 0.9849, -0.7323 -1.0162 1.0039, -0.752 -1.0162 0.9843, -0.7323 -1.0162 1.1417, -0.8308 -1.0162 0.9843, -0.8359 -1.0162 0.9836, -1.2048 -1.0162 1.1417, -0.8406 -1.0162 0.9816, -0.7381 -1.0162 0.99, -0.733 -1.0162 0.9988, -0.735 -1.0162 0.9941, -1.0924 -1.0162 0.9785, -0.8478 -1.0162 0.9744, -1.0893 -1.0162 0.9744, -0.8498 -1.0162 0.9697, -1.0873 -1.0162 0.9697, -0.8505 -1.0162 0.9646, -1.0965 -1.0162 0.9816, -0.8447 -1.0162 0.9785, -1.1013 -1.0162 0.9836, -1.1064 -1.0162 0.9843, -1.2048 -1.0162 1.0039, -1.1851 -1.0162 0.9843, -1.1902 -1.0162 0.9849, -1.1949 -1.0162 0.9869, -1.199 -1.0162 0.99, -1.2041 -1.0162 0.9988, -1.2021 -1.0162 0.9941, -0.8505 -1.0162 -1.2992, -1.0867 -1.0162 -1.2992, -1.0867 -1.0162 0.9646, -1.0283 -1.0162 -1.3753, -1.0473 -1.0162 -1.3674, -1.0636 -1.0162 -1.3549, -1.0761 -1.0162 -1.3386, -1.084 -1.0162 -1.3196, -0.8531 -1.0162 -1.3196, -0.9088 -1.0162 -1.3753, -0.861 -1.0162 -1.3386, -0.8735 -1.0162 -1.3549, -0.8898 -1.0162 -1.3674, -0.7323 -1.0142 1.1593, -1.2048 -1.0142 1.1593, -0.7323 -1.0084 1.1759, -1.2048 -1.0084 1.1759, -0.7323 -0.999 1.1908, -1.2048 -0.999 1.1908, -0.7323 -0.9865 1.2033, -1.2048 -0.9865 1.2033, -0.7323 -0.9716 1.2127, -1.2048 -0.9716 1.2127, -0.7323 -0.9549 1.2185, -1.2048 -0.9549 1.2185, -0.7323 -0.9374 1.2205, -1.2048 -0.9374 1.2205, -0.7323 -0.0122 1.2205, -1.2048 -0.0122 1.2205, -0.7323 -0.9374 1.2992, -0.7323 -0.0122 1.2992, -1.2048 -0.9374 1.2992, -1.2048 -0.0122 1.2992, -1.2048 -0.9725 1.2953, -0.7323 -0.9725 1.2953, -1.2048 -1.0057 1.2836, -0.7323 -1.0057 1.2836, -1.2048 -1.0356 1.2649, -0.7323 -1.0356 1.2649, -1.2048 -1.0605 1.2399, -0.7323 -1.0605 1.2399, -1.2048 -1.0793 1.2101, -0.7323 -1.0793 1.2101, -1.2048 -1.0909 1.1768, -0.7323 -1.0909 1.1768, -1.2048 -1.0949 1.1417, -0.7323 -1.0949 1.1417, -1.1851 -1.0949 0.9843, -1.2048 -1.0949 1.0039, -0.8478 -1.0949 0.9744, -0.8447 -1.0949 0.9785, -0.8406 -1.0949 0.9816, -1.2021 -1.0949 0.9941, -1.199 -1.0949 0.99, -1.2041 -1.0949 0.9988, -1.1949 -1.0949 0.9869, -1.1902 -1.0949 0.9849, -1.1064 -1.0949 0.9843, -1.1013 -1.0949 0.9836, -1.0965 -1.0949 0.9816, -1.0924 -1.0949 0.9785, -1.0893 -1.0949 0.9744, -1.0873 -1.0949 0.9697, -0.8498 -1.0949 0.9697, -1.0867 -1.0949 0.9646, -0.8359 -1.0949 0.9836, -0.8308 -1.0949 0.9843, -0.7323 -1.0949 1.0039, -0.752 -1.0949 0.9843, -0.7469 -1.0949 0.9849, -0.7422 -1.0949 0.9869, -0.7381 -1.0949 0.99, -0.733 -1.0949 0.9988, -0.735 -1.0949 0.9941, -1.0867 -1.0949 -1.2992, -0.8505 -1.0949 -1.2992, -0.8505 -1.0949 0.9646, -1.084 -1.0949 -1.3196, -1.0283 -1.0949 -1.3753, -1.0761 -1.0949 -1.3386, -1.0636 -1.0949 -1.3549, -1.0473 -1.0949 -1.3674, -0.861 -1.0949 -1.3386, -0.9088 -1.0949 -1.3753, -0.8735 -1.0949 -1.3549, -0.8898 -1.0949 -1.3674, -0.8531 -1.0949 -1.3196, -2.0119 1.3461 3.8189, -2.0119 2.4484 3.8189, -2.0105 1.3461 3.8291, -2.0105 2.4484 3.8291, -2.0066 1.3461 3.8386, -2.0066 2.4484 3.8386, -2.0003 1.3461 3.8467, -2.0003 2.4484 3.8467, -1.9922 1.3461 3.853, -1.9922 2.4484 3.853, -1.9827 1.3461 3.8569, -1.9827 2.4484 3.8569, -1.9725 1.3461 3.8583, -1.9725 2.4484 3.8583, 2.0432 2.4484 3.8189, 2.0432 1.3461 3.8189, 2.0419 2.4484 3.8291, 2.0419 1.3461 3.8291, 2.038 2.4484 3.8386, 2.038 1.3461 3.8386, 2.0317 2.4484 3.8467, 2.0317 1.3461 3.8467, 2.0236 2.4484 3.853, 2.0236 1.3461 3.853, 2.0141 2.4484 3.8569, 2.0141 1.3461 3.8569, 2.0039 2.4484 3.8583, 2.0039 1.3461 3.8583, 2.0953 2.4484 3.9173, 2.0896 2.4476 3.9217, 2.0989 1.3461 3.9139, 2.0862 2.4472 3.9242, 2.0836 2.4465 3.9259, 2.0953 1.3461 3.9173, 2.0826 2.4461 3.9264, 2.0826 1.3483 3.9264, 2.0831 1.3482 3.9262, 2.0831 2.4463 3.9262, 2.0887 1.347 3.9223, 2.0925 1.3462 3.9197, 2.0813 1.3487 3.9271, 2.0763 2.4437 3.9293, 2.0688 2.4409 3.9326, 2.0636 2.4386 3.9343, 2.0636 1.3559 3.9342, 2.0679 2.4406 3.933, 2.0726 1.3521 3.9309, 2.078 1.3499 3.929, 2.0626 1.3563 3.9346, 2.0634 1.356 3.9343, 2.0519 2.433 3.936, 2.0606 2.4372 3.9349, 2.0626 2.4382 3.9346, 2.0432 2.4287 3.937, 2.0432 1.3657 3.937, 2.0442 2.4292 3.937, 2.0442 1.3652 3.937, 2.0534 1.3608 3.9358, 2.0989 2.4484 3.9139, 2.1114 1.3461 3.8976, 2.1114 2.4484 3.8976, 2.1193 1.3461 3.8786, 2.1193 2.4484 3.8786, 2.122 1.3461 3.8583, 2.122 2.4484 3.8583, -2.064 1.3461 3.9173, -2.0573 1.347 3.9224, -2.0522 2.4464 3.9258, -2.0548 1.3473 3.9242, -2.0517 1.3482 3.9262, -2.0517 2.4463 3.9262, -2.0512 1.3483 3.9264, -2.0611 2.4483 3.9197, -2.064 2.4484 3.9173, -2.0675 1.3461 3.9139, -2.0583 2.4477 3.9216, -2.0373 2.4407 3.9324, -2.0451 2.444 3.9295, -2.0466 2.4446 3.929, -2.0512 2.4461 3.9264, -2.0322 2.4386 3.9342, -2.0498 1.3489 3.927, -2.0412 1.3521 3.931, -2.0365 1.3539 3.933, -2.0322 1.3558 3.9343, -2.0312 2.4382 3.9346, -2.0292 2.4372 3.9349, -2.0312 1.3563 3.9346, -2.0119 2.4287 3.937, -2.0321 1.3559 3.9343, -2.0129 2.4292 3.937, -2.0206 2.433 3.936, -2.022 1.3608 3.9358, -2.0129 1.3652 3.937, -2.0119 1.3657 3.937, -2.0675 2.4484 3.9139, -2.0801 2.4484 3.8976, -2.0801 1.3461 3.8976, -2.0879 2.4484 3.8786, -2.0879 1.3461 3.8786, -2.0906 2.4484 3.8583, -2.0906 1.3461 3.8583
            ]
        }
        coordIndex [
            0,1,2,-1,2,1,3,-1,0,2,4,-1,0,4,5,-1,5,4,6,-1,5,6,7,-1,7,6,8,-1,7,8,9,-1,9,8,10,-1,9,10,11,-1,11,10,12,-1,11,12,13,-1,13,12,14,-1,13,14,15,-1,15,14,16,-1,15,16,17,-1,18,19,20,-1,21,22,17,-1,23,24,25,-1,25,24,26,-1,27,28,29,-1,29,28,30,-1,29,30,16,-1,16,30,31,-1,16,31,17,-1,17,31,32,-1,17,32,21,-1,27,29,33,-1,33,29,34,-1,33,34,35,-1,36,37,38,-1,38,37,39,-1,38,39,20,-1,20,39,40,-1,20,40,18,-1,26,41,25,-1,25,41,42,-1,25,42,43,-1,44,45,46,-1,43,47,25,-1,25,47,17,-1,25,17,19,-1,19,17,22,-1,19,22,20,-1,46,48,44,-1,44,48,49,-1,44,49,50,-1,51,52,53,-1,53,52,46,-1,53,46,36,-1,36,46,45,-1,36,45,37,-1,51,54,52,-1,52,54,55,-1,52,55,56,-1,57,58,49,-1,49,58,59,-1,49,59,50,-1,60,61,46,-1,46,61,48,-1,62,63,64,-1,65,66,67,-1,68,69,70,-1,70,69,71,-1,72,73,74,-1,74,73,75,-1,74,75,67,-1,67,75,76,-1,67,76,65,-1,77,78,79,-1,79,78,80,-1,79,80,72,-1,72,80,81,-1,72,81,73,-1,82,83,84,-1,84,83,85,-1,84,85,64,-1,64,85,86,-1,64,86,62,-1,71,87,70,-1,70,87,88,-1,70,88,89,-1,89,90,70,-1,70,90,67,-1,70,67,63,-1,63,67,66,-1,63,66,64,-1,91,92,82,-1,82,92,93,-1,82,93,83,-1,94,95,91,-1,91,95,61,-1,91,61,92,-1,96,97,98,-1,98,97,99,-1,61,60,92,-1,92,60,97,-1,92,97,100,-1,100,97,96,-1,94,101,95,-1,95,101,102,-1,95,102,103,-1,74,67,104,-1,104,67,105,-1,104,105,106,-1,106,105,107,-1,106,107,108,-1,108,107,109,-1,108,109,110,-1,110,109,111,-1,110,111,112,-1,112,111,113,-1,112,113,114,-1,114,113,115,-1,114,115,116,-1,116,115,117,-1,118,116,119,-1,119,116,117,-1,118,1,116,-1,116,1,0,-1,116,0,114,-1,114,0,5,-1,114,5,112,-1,112,5,7,-1,112,7,110,-1,110,7,9,-1,110,9,108,-1,108,9,11,-1,108,11,106,-1,106,11,13,-1,106,13,104,-1,104,13,15,-1,104,15,74,-1,74,15,17,-1,74,17,72,-1,72,17,47,-1,90,29,67,-1,67,29,16,-1,67,16,105,-1,105,16,14,-1,105,14,107,-1,107,14,12,-1,107,12,109,-1,109,12,10,-1,109,10,111,-1,111,10,8,-1,111,8,113,-1,113,8,6,-1,113,6,115,-1,115,6,4,-1,115,4,117,-1,117,4,2,-1,117,2,119,-1,119,2,3,-1,120,121,122,-1,122,121,123,-1,124,125,126,-1,124,127,125,-1,125,127,128,-1,125,128,129,-1,129,128,130,-1,131,132,133,-1,134,135,136,-1,136,135,137,-1,136,137,126,-1,126,137,138,-1,126,138,124,-1,139,140,141,-1,141,140,142,-1,141,142,143,-1,143,142,144,-1,139,145,140,-1,140,145,129,-1,140,129,146,-1,146,129,130,-1,145,147,129,-1,129,147,148,-1,129,148,133,-1,133,148,149,-1,133,149,131,-1,132,150,133,-1,133,150,151,-1,133,151,152,-1,153,154,144,-1,144,154,155,-1,144,155,143,-1,156,157,158,-1,158,159,156,-1,156,159,160,-1,156,160,154,-1,161,162,153,-1,153,162,121,-1,153,121,154,-1,154,121,120,-1,154,120,156,-1,161,163,162,-1,162,163,164,-1,162,164,165,-1,125,129,166,-1,166,129,167,-1,166,167,168,-1,168,167,169,-1,168,169,170,-1,170,169,171,-1,170,171,172,-1,172,171,173,-1,172,173,174,-1,174,173,175,-1,174,175,176,-1,176,175,177,-1,176,177,178,-1,178,177,179,-1,180,178,181,-1,181,178,179,-1,182,183,184,-1,184,183,185,-1,182,184,186,-1,182,186,187,-1,187,186,188,-1,187,188,189,-1,189,188,190,-1,189,190,191,-1,191,190,192,-1,191,192,193,-1,193,192,194,-1,193,194,195,-1,195,194,196,-1,195,196,197,-1,197,196,198,-1,197,198,199,-1,199,200,201,-1,201,200,202,-1,203,204,205,-1,206,207,198,-1,198,207,208,-1,198,208,199,-1,199,208,209,-1,199,209,200,-1,210,211,203,-1,203,211,212,-1,203,212,204,-1,205,213,203,-1,203,213,214,-1,203,214,198,-1,198,214,215,-1,198,215,206,-1,206,215,216,-1,206,216,217,-1,217,218,206,-1,206,218,219,-1,206,219,220,-1,220,219,221,-1,202,222,201,-1,201,222,223,-1,201,223,224,-1,224,223,225,-1,224,225,226,-1,227,228,221,-1,221,228,229,-1,221,229,220,-1,230,231,227,-1,227,231,122,-1,227,122,228,-1,230,232,231,-1,231,232,233,-1,231,233,234,-1,235,236,237,-1,237,236,238,-1,122,123,228,-1,228,123,236,-1,228,236,239,-1,239,236,235,-1,180,183,178,-1,178,183,182,-1,178,182,176,-1,176,182,187,-1,176,187,174,-1,174,187,189,-1,174,189,172,-1,172,189,191,-1,172,191,170,-1,170,191,193,-1,170,193,168,-1,168,193,195,-1,168,195,166,-1,166,195,197,-1,166,197,125,-1,125,197,199,-1,125,199,126,-1,126,199,201,-1,133,203,129,-1,129,203,198,-1,129,198,167,-1,167,198,196,-1,167,196,169,-1,169,196,194,-1,169,194,171,-1,171,194,192,-1,171,192,173,-1,173,192,190,-1,173,190,175,-1,175,190,188,-1,175,188,177,-1,177,188,186,-1,177,186,179,-1,179,186,184,-1,179,184,181,-1,181,184,185,-1,214,213,148,-1,148,213,149,-1,155,154,221,-1,221,154,227,-1,202,200,124,-1,124,200,127,-1,229,228,144,-1,144,228,153,-1,93,92,36,-1,36,92,53,-1,31,30,70,-1,70,30,68,-1,45,44,82,-1,82,44,91,-1,23,25,73,-1,73,25,75,-1,227,154,160,-1,227,160,230,-1,230,160,159,-1,230,159,232,-1,232,159,158,-1,232,158,233,-1,233,158,157,-1,233,157,234,-1,234,157,156,-1,234,156,231,-1,231,156,120,-1,231,120,122,-1,123,121,162,-1,123,162,236,-1,236,162,165,-1,236,165,238,-1,238,165,164,-1,238,164,237,-1,237,164,163,-1,237,163,235,-1,235,163,161,-1,235,161,239,-1,239,161,153,-1,239,153,228,-1,53,92,100,-1,53,100,51,-1,51,100,96,-1,51,96,54,-1,54,96,98,-1,54,98,55,-1,55,98,99,-1,55,99,56,-1,56,99,97,-1,56,97,52,-1,52,97,60,-1,52,60,46,-1,48,61,95,-1,48,95,49,-1,49,95,103,-1,49,103,57,-1,57,103,102,-1,57,102,58,-1,58,102,101,-1,58,101,59,-1,59,101,94,-1,59,94,50,-1,50,94,91,-1,50,91,44,-1,202,124,138,-1,202,138,222,-1,222,138,137,-1,222,137,223,-1,223,137,135,-1,223,135,225,-1,225,135,134,-1,225,134,226,-1,226,134,136,-1,226,136,224,-1,224,136,126,-1,224,126,201,-1,127,200,128,-1,128,200,209,-1,128,209,130,-1,130,209,208,-1,130,208,146,-1,146,208,207,-1,146,207,140,-1,140,207,206,-1,140,206,142,-1,142,206,220,-1,142,220,144,-1,144,220,229,-1,155,221,143,-1,143,221,219,-1,143,219,141,-1,141,219,218,-1,141,218,139,-1,139,218,217,-1,139,217,145,-1,145,217,216,-1,145,216,147,-1,147,216,215,-1,147,215,148,-1,148,215,214,-1,149,213,205,-1,149,205,131,-1,131,205,204,-1,131,204,132,-1,132,204,212,-1,132,212,150,-1,150,212,211,-1,150,211,151,-1,151,211,210,-1,151,210,152,-1,152,210,203,-1,152,203,133,-1,93,36,83,-1,83,36,38,-1,83,38,85,-1,85,38,20,-1,85,20,86,-1,86,20,22,-1,86,22,62,-1,62,22,21,-1,62,21,63,-1,63,21,32,-1,63,32,70,-1,70,32,31,-1,29,90,89,-1,29,89,34,-1,34,89,88,-1,34,88,35,-1,35,88,87,-1,35,87,33,-1,33,87,71,-1,33,71,27,-1,27,71,69,-1,27,69,28,-1,28,69,68,-1,28,68,30,-1,72,47,43,-1,72,43,79,-1,79,43,42,-1,79,42,77,-1,77,42,41,-1,77,41,78,-1,78,41,26,-1,78,26,80,-1,80,26,24,-1,80,24,81,-1,81,24,23,-1,81,23,73,-1,75,25,76,-1,76,25,19,-1,76,19,65,-1,65,19,18,-1,65,18,66,-1,66,18,40,-1,66,40,64,-1,64,40,39,-1,64,39,84,-1,84,39,37,-1,84,37,82,-1,82,37,45,-1,240,241,242,-1,242,241,243,-1,240,242,244,-1,240,244,245,-1,245,244,246,-1,245,246,247,-1,247,246,248,-1,247,248,249,-1,249,248,250,-1,249,250,251,-1,251,250,252,-1,251,252,253,-1,253,252,254,-1,253,254,255,-1,255,254,256,-1,255,256,257,-1,258,259,260,-1,260,259,261,-1,262,257,263,-1,263,257,256,-1,263,256,264,-1,264,256,265,-1,264,265,266,-1,266,265,267,-1,268,257,269,-1,269,257,262,-1,269,262,270,-1,270,262,271,-1,270,271,272,-1,267,265,273,-1,273,265,274,-1,273,274,275,-1,272,276,270,-1,270,276,277,-1,270,277,278,-1,278,277,279,-1,261,280,260,-1,260,280,281,-1,260,281,282,-1,283,284,285,-1,268,286,257,-1,257,286,260,-1,257,260,287,-1,287,260,282,-1,288,289,290,-1,290,289,285,-1,290,285,279,-1,279,285,284,-1,279,284,278,-1,288,291,289,-1,289,291,292,-1,289,292,293,-1,294,295,296,-1,296,295,297,-1,285,298,283,-1,283,298,295,-1,283,295,299,-1,299,295,294,-1,300,301,285,-1,285,301,298,-1,302,303,304,-1,304,303,305,-1,304,305,306,-1,307,308,309,-1,305,310,306,-1,306,310,311,-1,306,311,312,-1,312,313,306,-1,306,313,307,-1,306,307,314,-1,314,307,309,-1,315,316,317,-1,317,316,318,-1,317,318,310,-1,310,318,319,-1,310,319,311,-1,308,307,320,-1,320,307,321,-1,320,321,322,-1,302,323,303,-1,303,323,324,-1,303,324,325,-1,325,324,326,-1,325,326,327,-1,315,317,328,-1,328,317,329,-1,328,329,330,-1,331,332,322,-1,322,332,333,-1,322,333,320,-1,334,335,336,-1,336,337,334,-1,334,337,338,-1,334,338,332,-1,339,340,331,-1,331,340,301,-1,331,301,332,-1,332,301,300,-1,332,300,334,-1,339,341,340,-1,340,341,342,-1,340,342,343,-1,310,305,344,-1,344,305,345,-1,344,345,346,-1,346,345,347,-1,346,347,348,-1,348,347,349,-1,348,349,350,-1,350,349,351,-1,350,351,352,-1,352,351,353,-1,352,353,354,-1,354,353,355,-1,354,355,356,-1,356,355,357,-1,358,356,359,-1,359,356,357,-1,358,241,356,-1,356,241,240,-1,356,240,354,-1,354,240,245,-1,354,245,352,-1,352,245,247,-1,352,247,350,-1,350,247,249,-1,350,249,348,-1,348,249,251,-1,348,251,346,-1,346,251,253,-1,346,253,344,-1,344,253,255,-1,344,255,310,-1,310,255,257,-1,310,257,317,-1,317,257,287,-1,303,265,305,-1,305,265,256,-1,305,256,345,-1,345,256,254,-1,345,254,347,-1,347,254,252,-1,347,252,349,-1,349,252,250,-1,349,250,351,-1,351,250,248,-1,351,248,353,-1,353,248,246,-1,353,246,355,-1,355,246,244,-1,355,244,357,-1,357,244,242,-1,357,242,359,-1,359,242,243,-1,360,361,362,-1,362,361,363,-1,364,365,366,-1,367,368,366,-1,366,368,369,-1,366,369,364,-1,366,370,371,-1,371,370,372,-1,371,372,373,-1,374,375,376,-1,376,375,377,-1,376,377,367,-1,367,377,378,-1,367,378,368,-1,379,365,380,-1,380,365,381,-1,380,381,382,-1,379,383,365,-1,365,383,384,-1,365,384,366,-1,366,384,385,-1,366,385,370,-1,373,386,371,-1,371,386,387,-1,371,387,388,-1,388,387,389,-1,374,376,390,-1,390,376,391,-1,390,391,392,-1,393,394,382,-1,382,394,395,-1,382,395,380,-1,396,397,398,-1,398,399,396,-1,396,399,400,-1,396,400,394,-1,401,402,393,-1,393,402,361,-1,393,361,394,-1,394,361,360,-1,394,360,396,-1,401,403,402,-1,402,403,404,-1,402,404,405,-1,367,366,406,-1,406,366,407,-1,406,407,408,-1,408,407,409,-1,408,409,410,-1,410,409,411,-1,410,411,412,-1,412,411,413,-1,412,413,414,-1,414,413,415,-1,414,415,416,-1,416,415,417,-1,416,417,418,-1,418,417,419,-1,420,418,421,-1,421,418,419,-1,422,423,424,-1,424,423,425,-1,422,424,426,-1,422,426,427,-1,427,426,428,-1,427,428,429,-1,429,428,430,-1,429,430,431,-1,431,430,432,-1,431,432,433,-1,433,432,434,-1,433,434,435,-1,435,434,436,-1,435,436,437,-1,437,436,438,-1,437,438,439,-1,440,441,442,-1,442,441,443,-1,444,445,446,-1,446,445,447,-1,446,447,438,-1,442,448,438,-1,438,448,449,-1,438,449,439,-1,444,446,450,-1,450,446,451,-1,450,451,452,-1,447,453,438,-1,438,453,454,-1,438,454,442,-1,442,454,455,-1,442,455,440,-1,449,456,439,-1,439,456,457,-1,439,457,458,-1,458,457,459,-1,458,459,460,-1,460,461,458,-1,458,461,462,-1,458,462,463,-1,463,462,464,-1,465,466,467,-1,467,466,468,-1,467,468,443,-1,443,468,469,-1,443,469,442,-1,470,471,465,-1,465,471,362,-1,465,362,466,-1,470,472,471,-1,471,472,473,-1,471,473,474,-1,475,476,477,-1,477,476,478,-1,362,363,466,-1,466,363,476,-1,466,476,479,-1,479,476,475,-1,420,423,418,-1,418,423,422,-1,418,422,416,-1,416,422,427,-1,416,427,414,-1,414,427,429,-1,414,429,412,-1,412,429,431,-1,412,431,410,-1,410,431,433,-1,410,433,408,-1,408,433,435,-1,408,435,406,-1,406,435,437,-1,406,437,367,-1,367,437,439,-1,367,439,376,-1,376,439,458,-1,371,446,366,-1,366,446,438,-1,366,438,407,-1,407,438,436,-1,407,436,409,-1,409,436,434,-1,409,434,411,-1,411,434,432,-1,411,432,413,-1,413,432,430,-1,413,430,415,-1,415,430,428,-1,415,428,417,-1,417,428,426,-1,417,426,419,-1,419,426,424,-1,419,424,421,-1,421,424,425,-1,480,481,482,-1,482,481,483,-1,480,482,484,-1,480,484,485,-1,485,484,486,-1,485,486,487,-1,487,486,488,-1,487,488,489,-1,489,488,490,-1,489,490,491,-1,491,490,492,-1,491,492,493,-1,493,492,494,-1,493,494,495,-1,495,494,496,-1,495,496,497,-1,498,499,500,-1,501,502,497,-1,503,504,505,-1,505,504,506,-1,507,508,509,-1,509,508,510,-1,509,510,496,-1,496,510,511,-1,496,511,497,-1,497,511,512,-1,497,512,501,-1,507,509,513,-1,513,509,514,-1,513,514,515,-1,516,517,518,-1,518,517,519,-1,518,519,500,-1,500,519,520,-1,500,520,498,-1,506,521,505,-1,505,521,522,-1,505,522,523,-1,524,525,526,-1,523,527,505,-1,505,527,497,-1,505,497,499,-1,499,497,502,-1,499,502,500,-1,526,528,524,-1,524,528,529,-1,524,529,530,-1,531,532,533,-1,533,532,526,-1,533,526,516,-1,516,526,525,-1,516,525,517,-1,531,534,532,-1,532,534,535,-1,532,535,536,-1,537,538,529,-1,529,538,539,-1,529,539,530,-1,540,541,526,-1,526,541,528,-1,542,543,544,-1,545,546,547,-1,548,549,550,-1,550,549,551,-1,552,553,554,-1,554,553,555,-1,554,555,556,-1,556,555,557,-1,556,557,547,-1,547,557,558,-1,547,558,545,-1,559,560,554,-1,554,560,561,-1,554,561,552,-1,562,563,564,-1,564,563,565,-1,564,565,544,-1,544,565,566,-1,544,566,542,-1,551,567,550,-1,550,567,568,-1,550,568,569,-1,569,570,550,-1,550,570,547,-1,550,547,543,-1,543,547,546,-1,543,546,544,-1,571,572,562,-1,562,572,573,-1,562,573,563,-1,574,575,571,-1,571,575,541,-1,571,541,572,-1,576,577,578,-1,578,577,579,-1,541,540,572,-1,572,540,577,-1,572,577,580,-1,580,577,576,-1,574,581,575,-1,575,581,582,-1,575,582,583,-1,556,547,584,-1,584,547,585,-1,584,585,586,-1,586,585,587,-1,586,587,588,-1,588,587,589,-1,588,589,590,-1,590,589,591,-1,590,591,592,-1,592,591,593,-1,592,593,594,-1,594,593,595,-1,594,595,596,-1,596,595,597,-1,598,596,599,-1,599,596,597,-1,598,481,596,-1,596,481,480,-1,596,480,594,-1,594,480,485,-1,594,485,592,-1,592,485,487,-1,592,487,590,-1,590,487,489,-1,590,489,588,-1,588,489,491,-1,588,491,586,-1,586,491,493,-1,586,493,584,-1,584,493,495,-1,584,495,556,-1,556,495,497,-1,556,497,554,-1,554,497,527,-1,570,509,547,-1,547,509,496,-1,547,496,585,-1,585,496,494,-1,585,494,587,-1,587,494,492,-1,587,492,589,-1,589,492,490,-1,589,490,591,-1,591,490,488,-1,591,488,593,-1,593,488,486,-1,593,486,595,-1,595,486,484,-1,595,484,597,-1,597,484,482,-1,597,482,599,-1,599,482,483,-1,600,601,602,-1,602,601,603,-1,604,605,606,-1,606,605,607,-1,606,607,608,-1,607,609,608,-1,608,609,610,-1,608,610,611,-1,611,610,612,-1,604,606,613,-1,613,606,614,-1,613,614,615,-1,616,617,618,-1,618,617,619,-1,618,619,620,-1,620,619,621,-1,616,622,617,-1,617,622,611,-1,617,611,623,-1,623,611,612,-1,622,624,611,-1,611,624,625,-1,611,625,626,-1,626,625,627,-1,626,627,628,-1,628,629,626,-1,626,629,630,-1,626,630,631,-1,631,630,632,-1,633,634,621,-1,621,634,635,-1,621,635,620,-1,636,637,638,-1,638,639,636,-1,636,639,640,-1,636,640,634,-1,641,642,633,-1,633,642,601,-1,633,601,634,-1,634,601,600,-1,634,600,636,-1,641,643,642,-1,642,643,644,-1,642,644,645,-1,608,611,646,-1,646,611,647,-1,646,647,648,-1,648,647,649,-1,648,649,650,-1,650,649,651,-1,650,651,652,-1,652,651,653,-1,652,653,654,-1,654,653,655,-1,654,655,656,-1,656,655,657,-1,656,657,658,-1,658,657,659,-1,660,658,661,-1,661,658,659,-1,662,663,664,-1,664,663,665,-1,662,664,666,-1,662,666,667,-1,667,666,668,-1,667,668,669,-1,669,668,670,-1,669,670,671,-1,671,670,672,-1,671,672,673,-1,673,672,674,-1,673,674,675,-1,675,674,676,-1,675,676,677,-1,677,676,678,-1,677,678,679,-1,680,678,681,-1,682,683,678,-1,678,683,684,-1,678,684,679,-1,685,686,687,-1,687,686,688,-1,687,688,681,-1,681,688,689,-1,681,689,680,-1,680,690,678,-1,678,690,691,-1,678,691,682,-1,682,691,692,-1,682,692,693,-1,693,694,682,-1,682,694,695,-1,682,695,696,-1,696,695,697,-1,684,698,679,-1,679,698,699,-1,679,699,700,-1,700,699,701,-1,700,701,702,-1,702,703,700,-1,700,703,704,-1,700,704,705,-1,705,704,706,-1,707,708,697,-1,697,708,709,-1,697,709,696,-1,710,711,707,-1,707,711,602,-1,707,602,708,-1,710,712,711,-1,711,712,713,-1,711,713,714,-1,715,716,717,-1,717,716,718,-1,602,603,708,-1,708,603,716,-1,708,716,719,-1,719,716,715,-1,660,663,658,-1,658,663,662,-1,658,662,656,-1,656,662,667,-1,656,667,654,-1,654,667,669,-1,654,669,652,-1,652,669,671,-1,652,671,650,-1,650,671,673,-1,650,673,648,-1,648,673,675,-1,648,675,646,-1,646,675,677,-1,646,677,608,-1,608,677,679,-1,608,679,606,-1,606,679,700,-1,626,681,611,-1,611,681,678,-1,611,678,647,-1,647,678,676,-1,647,676,649,-1,649,676,674,-1,649,674,651,-1,651,674,672,-1,651,672,653,-1,653,672,670,-1,653,670,655,-1,655,670,668,-1,655,668,657,-1,657,668,666,-1,657,666,659,-1,659,666,664,-1,659,664,661,-1,661,664,665,-1,690,680,625,-1,625,680,627,-1,635,634,697,-1,697,634,707,-1,701,699,607,-1,607,699,609,-1,709,708,621,-1,621,708,633,-1,573,572,516,-1,516,572,533,-1,511,510,550,-1,550,510,548,-1,525,524,562,-1,562,524,571,-1,503,505,555,-1,555,505,557,-1,453,447,370,-1,370,447,372,-1,395,394,467,-1,467,394,465,-1,459,457,377,-1,377,457,378,-1,468,466,382,-1,382,466,393,-1,333,332,279,-1,279,332,290,-1,263,264,304,-1,304,264,302,-1,284,283,322,-1,322,283,331,-1,258,260,318,-1,318,260,319,-1,465,394,400,-1,465,400,470,-1,470,400,399,-1,470,399,472,-1,472,399,398,-1,472,398,473,-1,473,398,397,-1,473,397,474,-1,474,397,396,-1,474,396,471,-1,471,396,360,-1,471,360,362,-1,363,361,402,-1,363,402,476,-1,476,402,405,-1,476,405,478,-1,478,405,404,-1,478,404,477,-1,477,404,403,-1,477,403,475,-1,475,403,401,-1,475,401,479,-1,479,401,393,-1,479,393,466,-1,290,332,338,-1,290,338,288,-1,288,338,337,-1,288,337,291,-1,291,337,336,-1,291,336,292,-1,292,336,335,-1,292,335,293,-1,293,335,334,-1,293,334,289,-1,289,334,300,-1,289,300,285,-1,298,301,340,-1,298,340,295,-1,295,340,343,-1,295,343,297,-1,297,343,342,-1,297,342,296,-1,296,342,341,-1,296,341,294,-1,294,341,339,-1,294,339,299,-1,299,339,331,-1,299,331,283,-1,707,634,640,-1,707,640,710,-1,710,640,639,-1,710,639,712,-1,712,639,638,-1,712,638,713,-1,713,638,637,-1,713,637,714,-1,714,637,636,-1,714,636,711,-1,711,636,600,-1,711,600,602,-1,603,601,642,-1,603,642,716,-1,716,642,645,-1,716,645,718,-1,718,645,644,-1,718,644,717,-1,717,644,643,-1,717,643,715,-1,715,643,641,-1,715,641,719,-1,719,641,633,-1,719,633,708,-1,533,572,580,-1,533,580,531,-1,531,580,576,-1,531,576,534,-1,534,576,578,-1,534,578,535,-1,535,578,579,-1,535,579,536,-1,536,579,577,-1,536,577,532,-1,532,577,540,-1,532,540,526,-1,528,541,575,-1,528,575,529,-1,529,575,583,-1,529,583,537,-1,537,583,582,-1,537,582,538,-1,538,582,581,-1,538,581,539,-1,539,581,574,-1,539,574,530,-1,530,574,571,-1,530,571,524,-1,459,377,375,-1,459,375,460,-1,460,375,374,-1,460,374,461,-1,461,374,390,-1,461,390,462,-1,462,390,392,-1,462,392,464,-1,464,392,391,-1,464,391,463,-1,463,391,376,-1,463,376,458,-1,378,457,368,-1,368,457,456,-1,368,456,369,-1,369,456,449,-1,369,449,364,-1,364,449,448,-1,364,448,365,-1,365,448,442,-1,365,442,381,-1,381,442,469,-1,381,469,382,-1,382,469,468,-1,395,467,380,-1,380,467,443,-1,380,443,379,-1,379,443,441,-1,379,441,383,-1,383,441,440,-1,383,440,384,-1,384,440,455,-1,384,455,385,-1,385,455,454,-1,385,454,370,-1,370,454,453,-1,372,447,445,-1,372,445,373,-1,373,445,444,-1,373,444,386,-1,386,444,450,-1,386,450,387,-1,387,450,452,-1,387,452,389,-1,389,452,451,-1,389,451,388,-1,388,451,446,-1,388,446,371,-1,333,279,320,-1,320,279,277,-1,320,277,308,-1,308,277,276,-1,308,276,309,-1,309,276,272,-1,309,272,314,-1,314,272,271,-1,314,271,306,-1,306,271,262,-1,306,262,304,-1,304,262,263,-1,265,303,325,-1,265,325,274,-1,274,325,327,-1,274,327,275,-1,275,327,326,-1,275,326,273,-1,273,326,324,-1,273,324,267,-1,267,324,323,-1,267,323,266,-1,266,323,302,-1,266,302,264,-1,317,287,282,-1,317,282,329,-1,329,282,281,-1,329,281,330,-1,330,281,280,-1,330,280,328,-1,328,280,261,-1,328,261,315,-1,315,261,259,-1,315,259,316,-1,316,259,258,-1,316,258,318,-1,319,260,311,-1,311,260,286,-1,311,286,312,-1,312,286,268,-1,312,268,313,-1,313,268,269,-1,313,269,307,-1,307,269,270,-1,307,270,321,-1,321,270,278,-1,321,278,322,-1,322,278,284,-1,701,607,605,-1,701,605,702,-1,702,605,604,-1,702,604,703,-1,703,604,613,-1,703,613,704,-1,704,613,615,-1,704,615,706,-1,706,615,614,-1,706,614,705,-1,705,614,606,-1,705,606,700,-1,609,699,610,-1,610,699,698,-1,610,698,612,-1,612,698,684,-1,612,684,623,-1,623,684,683,-1,623,683,617,-1,617,683,682,-1,617,682,619,-1,619,682,696,-1,619,696,621,-1,621,696,709,-1,635,697,620,-1,620,697,695,-1,620,695,618,-1,618,695,694,-1,618,694,616,-1,616,694,693,-1,616,693,622,-1,622,693,692,-1,622,692,624,-1,624,692,691,-1,624,691,625,-1,625,691,690,-1,627,680,689,-1,627,689,628,-1,628,689,688,-1,628,688,629,-1,629,688,686,-1,629,686,630,-1,630,686,685,-1,630,685,632,-1,632,685,687,-1,632,687,631,-1,631,687,681,-1,631,681,626,-1,573,516,563,-1,563,516,518,-1,563,518,565,-1,565,518,500,-1,565,500,566,-1,566,500,502,-1,566,502,542,-1,542,502,501,-1,542,501,543,-1,543,501,512,-1,543,512,550,-1,550,512,511,-1,509,570,569,-1,509,569,514,-1,514,569,568,-1,514,568,515,-1,515,568,567,-1,515,567,513,-1,513,567,551,-1,513,551,507,-1,507,551,549,-1,507,549,508,-1,508,549,548,-1,508,548,510,-1,554,527,523,-1,554,523,559,-1,559,523,522,-1,559,522,560,-1,560,522,521,-1,560,521,561,-1,561,521,506,-1,561,506,552,-1,552,506,504,-1,552,504,553,-1,553,504,503,-1,553,503,555,-1,557,505,558,-1,558,505,499,-1,558,499,545,-1,545,499,498,-1,545,498,546,-1,546,498,520,-1,546,520,544,-1,544,520,519,-1,544,519,564,-1,564,519,517,-1,564,517,562,-1,562,517,525,-1,720,721,722,-1,722,721,723,-1,722,723,724,-1,724,723,725,-1,724,725,726,-1,726,725,727,-1,726,727,728,-1,728,727,729,-1,728,729,730,-1,730,729,731,-1,730,731,732,-1,732,731,733,-1,734,735,736,-1,736,735,737,-1,736,737,738,-1,738,737,739,-1,738,739,740,-1,740,739,741,-1,740,741,742,-1,742,741,743,-1,742,743,744,-1,744,743,745,-1,744,745,746,-1,746,745,747,-1,748,749,750,-1,749,751,750,-1,750,751,752,-1,750,752,753,-1,754,755,756,-1,754,756,757,-1,757,756,758,-1,757,758,752,-1,752,758,759,-1,752,759,753,-1,755,754,760,-1,760,754,761,-1,760,761,762,-1,763,764,765,-1,765,764,766,-1,765,766,762,-1,762,766,767,-1,762,767,760,-1,768,769,770,-1,770,769,764,-1,770,764,771,-1,771,764,763,-1,771,763,772,-1,773,774,775,-1,775,774,776,-1,775,776,770,-1,770,776,777,-1,770,777,768,-1,748,750,778,-1,778,750,779,-1,778,779,780,-1,780,779,781,-1,780,781,782,-1,782,781,783,-1,782,783,784,-1,785,786,787,-1,786,788,787,-1,787,788,789,-1,787,789,790,-1,790,789,791,-1,792,793,794,-1,785,787,794,-1,794,787,795,-1,794,795,792,-1,791,796,797,-1,797,798,791,-1,791,798,799,-1,791,799,790,-1,796,791,800,-1,800,791,801,-1,800,801,802,-1,802,803,800,-1,800,803,804,-1,800,804,805,-1,805,804,806,-1,807,808,809,-1,809,808,810,-1,809,810,804,-1,804,810,811,-1,804,811,806,-1,807,812,808,-1,808,812,813,-1,808,813,814,-1,793,815,794,-1,794,815,816,-1,794,816,817,-1,817,816,818,-1,817,818,819,-1,819,818,820,-1,819,820,821,-1,
        ]
    }
}
Shape{
    appearance Appearance {
        material  Material 	{
            diffuseColor 1.0 1.0 1.0
            specularColor 0.8784313725490196 0.8784313725490196 0.8784313725490196
            ambientIntensity 1.0
            transparency 0.0
            shininess 0.5
        }
    }
    geometry IndexedFaceSet {
        ccw TRUE
        solid FALSE
        coord DEF co Coordinate {
            point [
                2.122 2.409 3.3465, 2.0432 2.409 3.3465, 2.0432 2.4192 3.3478, 2.122 2.4192 3.3478, 2.0432 2.4287 3.3517, 2.122 2.4287 3.3517, 2.0432 2.4369 3.358, 2.122 2.4369 3.358, 2.0432 2.4431 3.3661, 2.122 2.4431 3.3661, 2.0432 2.4471 3.3756, 2.122 2.4471 3.3756, 2.0432 2.4484 3.3858, 2.122 2.4484 3.3858, 2.122 1.3461 3.3858, 2.0432 1.3461 3.3858, 2.0432 1.347 3.3771, 2.122 1.347 3.3771, 2.0432 1.35 3.3687, 2.122 1.35 3.3687, 2.0432 1.3546 3.3613, 2.122 1.3546 3.3613, 2.0432 1.3609 3.355, 2.122 1.3609 3.355, 2.0432 1.3683 3.3504, 2.122 1.3683 3.3504, 2.0432 1.3767 3.3474, 2.122 1.3767 3.3474, 2.0432 1.3854 3.3465, 2.122 1.3854 3.3465, -2.0119 2.409 3.3465, -2.0906 2.409 3.3465, -2.0906 2.4192 3.3478, -2.0119 2.4192 3.3478, -2.0906 2.4287 3.3517, -2.0119 2.4287 3.3517, -2.0906 2.4369 3.358, -2.0119 2.4369 3.358, -2.0906 2.4431 3.3661, -2.0119 2.4431 3.3661, -2.0906 2.4471 3.3756, -2.0119 2.4471 3.3756, -2.0906 2.4484 3.3858, -2.0119 2.4484 3.3858, -2.0119 1.3461 3.3858, -2.0906 1.3461 3.3858, -2.0906 1.347 3.3771, -2.0119 1.347 3.3771, -2.0906 1.35 3.3687, -2.0119 1.35 3.3687, -2.0906 1.3546 3.3613, -2.0119 1.3546 3.3613, -2.0906 1.3609 3.355, -2.0119 1.3609 3.355, -2.0906 1.3683 3.3504, -2.0119 1.3683 3.3504, -2.0906 1.3767 3.3474, -2.0119 1.3767 3.3474, -2.0906 1.3854 3.3465, -2.0119 1.3854 3.3465
            ]
        }
        coordIndex [
            0,1,2,-1,0,2,3,-1,3,2,4,-1,3,4,5,-1,5,4,6,-1,5,6,7,-1,7,6,8,-1,7,8,9,-1,9,8,10,-1,9,10,11,-1,11,10,12,-1,11,12,13,-1,14,15,16,-1,14,16,17,-1,17,16,18,-1,17,18,19,-1,19,18,20,-1,19,20,21,-1,21,20,22,-1,21,22,23,-1,23,22,24,-1,23,24,25,-1,25,24,26,-1,25,26,27,-1,27,26,28,-1,27,28,29,-1,30,31,32,-1,30,32,33,-1,33,32,34,-1,33,34,35,-1,35,34,36,-1,35,36,37,-1,37,36,38,-1,37,38,39,-1,39,38,40,-1,39,40,41,-1,41,40,42,-1,41,42,43,-1,44,45,46,-1,44,46,47,-1,47,46,48,-1,47,48,49,-1,49,48,50,-1,49,50,51,-1,51,50,52,-1,51,52,53,-1,53,52,54,-1,53,54,55,-1,55,54,56,-1,55,56,57,-1,57,56,58,-1,57,58,59,-1,
        ]
    }
}
Shape{
    appearance Appearance {
        material  Material 	{
            diffuseColor 0.7529411764705882 0.7529411764705882 0.7529411764705882
            specularColor 0.3764705882352941 0.3764705882352941 0.3764705882352941
            ambientIntensity 0.7529
            transparency 0.0
            shininess 0.5
        }
    }
    geometry IndexedFaceSet {
        ccw TRUE
        solid FALSE
        coord DEF co Coordinate {
            point [
                -1.1728 1.8972 3.9413, -1.1712 1.8972 3.9428, -1.1531 2.1033 3.9428, -1.1561 1.7362 3.9469, -1.1697 1.8489 3.9428, -1.1531 1.6911 3.9428, -1.151 1.7015 3.9483, -1.1519 1.7062 3.9481, -1.1501 1.6917 3.9469, -1.1539 1.7173 3.9476, -1.0967 1.4924 3.9469, -1.1336 1.63 3.9517, -1.1487 1.692 3.9487, -1.0942 1.4933 3.9567, -1.1069 1.5301 3.9567, -1.1114 1.5442 3.9559, 1.1975 1.8972 3.9516, 1.1839 1.7495 3.9567, 1.1795 1.692 3.9516, 1.1788 1.6921 3.9567, 1.1262 1.493 3.9516, 1.1256 1.4933 3.9567, 1.1117 1.4635 3.9567, 1.0391 1.3063 3.9516, 1.0386 1.3067 3.9567, 0.9677 1.2055 3.9567, 0.921 1.1376 3.9516, 0.9205 1.138 3.9567, 0.7753 0.9919 3.9516, 0.7749 0.9925 3.9567, 0.7682 0.9877 3.9567, 0.6066 0.8738 3.9516, 0.6062 0.8744 3.9567, 0.5167 0.8326 3.9567, 0.4199 0.7867 3.9516, 0.4197 0.7874 3.9567, 0.2367 0.7383 3.9567, 0.2209 0.7334 3.9516, 0.2208 0.7341 3.9567, 0.0157 0.7155 3.9516, 0.0157 0.7161 3.9567, -0.0581 0.7226 3.9567, -0.1895 0.7334 3.9516, -0.1894 0.7341 3.9567, -0.3485 0.7767 3.9567, -0.3885 0.7867 3.9516, -0.3883 0.7874 3.9567, -0.5752 0.8738 3.9516, -0.5749 0.8744 3.9567, -0.6153 0.9027 3.9567, -0.7439 0.9919 3.9516, -0.7435 0.9925 3.9567, -0.8425 1.0915 3.9567, -0.8896 1.1376 3.9516, -0.8891 1.138 3.9567, -1.0078 1.3063 3.9516, -1.1171 1.5626 3.9549, -1.095 1.493 3.9518, -1.0176 1.329 3.9567, -1.0072 1.3067 3.9567, -1.1481 2.1024 3.9516, -1.1661 1.8972 3.9516, -1.1654 1.8972 3.9567, -1.1475 2.1023 3.9567, -1.124 2.1898 3.9567, -1.0948 2.3014 3.9516, -1.0942 2.3012 3.9567, -1.0176 2.4654 3.9567, -1.0078 2.4881 3.9516, -1.0072 2.4878 3.9567, -0.8896 2.6569 3.9516, -0.8891 2.6564 3.9567, -0.8425 2.703 3.9567, -0.7439 2.8025 3.9516, -0.7435 2.802 3.9567, -0.6153 2.8918 3.9567, -0.5752 2.9207 3.9516, -0.5749 2.9201 3.9567, -0.3885 3.0077 3.9516, -0.3883 3.0071 3.9567, -0.3485 3.0178 3.9567, -0.1895 3.0611 3.9516, -0.1894 3.0604 3.9567, -0.0581 3.0719 3.9567, 0.0157 3.079 3.9516, 0.0157 3.0783 3.9567, 0.2209 3.0611 3.9516, 0.2208 3.0604 3.9567, 0.2367 3.0561 3.9567, 0.4199 3.0077 3.9516, 0.4197 3.0071 3.9567, 0.5167 2.9619 3.9567, 0.6066 2.9207 3.9516, 0.6062 2.9201 3.9567, 0.7753 2.8025 3.9516, 0.7682 2.8067 3.9567, 0.7749 2.802 3.9567, 0.921 2.6569 3.9516, 0.9205 2.6564 3.9567, 0.9677 2.589 3.9567, 1.0391 2.4881 3.9516, 1.0386 2.4878 3.9567, 1.1117 2.331 3.9567, 1.1262 2.3014 3.9516, 1.1256 2.3012 3.9567, 1.1795 2.1024 3.9516, 1.1788 2.1023 3.9567, 1.1839 2.0449 3.9567, 1.1968 1.8972 3.9567, -1.0095 1.3054 3.9469, -0.8911 1.1363 3.9469, -0.7452 0.9904 3.9469, -0.5762 0.8721 3.9469, -0.3892 0.7849 3.9469, -0.1899 0.7315 3.9469, 0.0157 0.7135 3.9469, 0.2212 0.7315 3.9469, 0.4206 0.7849 3.9469, 0.6076 0.8721 3.9469, 0.7766 0.9904 3.9469, 0.9225 1.1363 3.9469, 1.0408 1.3054 3.9469, 1.128 1.4924 3.9469, 1.1814 1.6917 3.9469, 1.1994 1.8972 3.9469, 1.1814 2.1028 3.9469, 1.128 2.3021 3.9469, 1.0408 2.4891 3.9469, 0.9225 2.6581 3.9469, 0.7766 2.804 3.9469, 0.6076 2.9224 3.9469, 0.4206 3.0096 3.9469, 0.2212 3.063 3.9469, 0.0157 3.081 3.9469, -0.1899 3.063 3.9469, -0.3892 3.0096 3.9469, -0.5762 2.9224 3.9469, -0.7452 2.804 3.9469, -0.8911 2.6581 3.9469, -1.0095 2.4891 3.9469, -1.0967 2.3021 3.9469, -1.1501 2.1028 3.9469, -1.168 1.8972 3.9469, -1.0996 1.4913 3.9428, -1.0122 1.3038 3.9428, -0.8935 1.1343 3.9428, -0.7472 0.988 3.9428, -0.5777 0.8694 3.9428, -0.3902 0.7819 3.9428, -0.1904 0.7284 3.9428, 0.0157 0.7104 3.9428, 0.2218 0.7284 3.9428, 0.4216 0.7819 3.9428, 0.6091 0.8694 3.9428, 0.7786 0.988 3.9428, 0.9249 1.1343 3.9428, 1.0435 1.3038 3.9428, 1.131 1.4913 3.9428, 1.1845 1.6911 3.9428, 1.2026 1.8972 3.9428, 1.1845 2.1033 3.9428, 1.131 2.3032 3.9428, 1.0435 2.4907 3.9428, 0.9249 2.6601 3.9428, 0.7786 2.8064 3.9428, 0.6091 2.9251 3.9428, 0.4216 3.0125 3.9428, 0.2218 3.0661 3.9428, 0.0157 3.0841 3.9428, -0.1904 3.0661 3.9428, -0.3902 3.0125 3.9428, -0.5777 2.9251 3.9428, -0.7472 2.8064 3.9428, -0.8935 2.6601 3.9428, -1.0122 2.4907 3.9428, -1.0996 2.3032 3.9428, -1.1708 1.8579 3.9425, -1.1572 1.6904 3.9396, -1.1034 1.4899 3.9396, -1.0157 1.3018 3.9396, -0.8966 1.1317 3.9396, -0.7498 0.9849 3.9396, -0.5798 0.8658 3.9396, -0.3916 0.7781 3.9396, -0.1911 0.7244 3.9396, 0.0157 0.7063 3.9396, 0.2225 0.7244 3.9396, 0.423 0.7781 3.9396, 0.6112 0.8658 3.9396, 0.7812 0.9849 3.9396, 0.928 1.1317 3.9396, 1.0471 1.3018 3.9396, 1.1348 1.4899 3.9396, 1.1885 1.6904 3.9396, 1.2066 1.8972 3.9396, 1.1885 2.104 3.9396, 1.1348 2.3046 3.9396, 1.0471 2.4927 3.9396, 0.928 2.6628 3.9396, 0.7812 2.8096 3.9396, 0.6112 2.9286 3.9396, 0.423 3.0164 3.9396, 0.2225 3.0701 3.9396, 0.0157 3.0882 3.9396, -0.1911 3.0701 3.9396, -0.3916 3.0164 3.9396, -0.5798 2.9286 3.9396, -0.7498 2.8096 3.9396, -0.8966 2.6628 3.9396, -1.0157 2.4927 3.9396, -1.1034 2.3046 3.9396, -1.1572 2.104 3.9396, -1.1753 1.8972 3.9396, 1.1932 2.1049 3.9377, 1.1393 2.3062 3.9377, 1.0512 2.4951 3.9377, 0.9316 2.6658 3.9377, 0.7843 2.8132 3.9377, 0.6135 2.9327 3.9377, 0.4246 3.0208 3.9377, 0.2233 3.0748 3.9377, 0.0157 3.0929 3.9377, -0.1919 3.0748 3.9377, -0.3933 3.0208 3.9377, -0.5822 2.9327 3.9377, -0.7529 2.8132 3.9377, -0.9003 2.6658 3.9377, -1.0198 2.4951 3.9377, -1.1079 2.3062 3.9377, -1.1618 2.1049 3.9377, -1.18 1.8972 3.9377, -1.1618 1.6896 3.9377, -1.1079 1.4883 3.9377, -1.0198 1.2994 3.9377, -0.9003 1.1287 3.9377, -0.7529 0.9813 3.9377, -0.5822 0.8617 3.9377, -0.3933 0.7736 3.9377, -0.1919 0.7197 3.9377, 0.0157 0.7015 3.9377, 0.2233 0.7197 3.9377, 0.4246 0.7736 3.9377, 0.6135 0.8617 3.9377, 0.7843 0.9813 3.9377, 0.9316 1.1287 3.9377, 1.0512 1.2994 3.9377, 1.1393 1.4883 3.9377, 1.1932 1.6896 3.9377, 1.2114 1.8972 3.9377, 1.1982 2.1057 3.937, 1.1441 2.3079 3.937, 1.0556 2.4976 3.937, 0.9355 2.6691 3.937, 0.7875 2.8171 3.937, 0.6161 2.9371 3.937, 0.4264 3.0256 3.937, 0.2242 3.0798 3.937, 0.0157 3.098 3.937, -0.1928 3.0798 3.937, -0.395 3.0256 3.937, -0.5847 2.9371 3.937, -0.7562 2.8171 3.937, -0.9042 2.6691 3.937, -1.0242 2.4976 3.937, -1.1127 2.3079 3.937, -1.1669 2.1057 3.937, -1.1851 1.8972 3.937, -1.1669 1.6887 3.937, -1.1127 1.4865 3.937, -1.0242 1.2968 3.937, -0.9042 1.1254 3.937, -0.7562 0.9774 3.937, -0.5847 0.8573 3.937, -0.395 0.7689 3.937, -0.1928 0.7147 3.937, 0.0157 0.6964 3.937, 0.2242 0.7147 3.937, 0.4264 0.7689 3.937, 0.6161 0.8573 3.937, 0.7875 0.9774 3.937, 0.9355 1.1254 3.937, 1.0556 1.2968 3.937, 1.1441 1.4865 3.937, 1.1982 1.6887 3.937, 1.2165 1.8972 3.937, -1.9316 1.3476 3.9249, -1.9305 1.3487 3.9272, -2.0498 1.3489 3.927, -2.0365 1.3539 3.933, -2.0412 1.3521 3.931, -1.9274 1.3518 3.9312, -1.9185 1.3606 3.9363, -1.9134 1.3657 3.937, -2.0119 1.3657 3.937, -2.0129 1.3652 3.937, -2.022 1.3608 3.9358, -1.9233 1.3559 3.9344, -2.0312 1.3563 3.9346, -2.0321 1.3559 3.9343, -2.0322 1.3558 3.9343, -1.9291 1.3501 3.9293, -1.9325 1.3467 3.9224, -2.0512 1.3483 3.9264, -2.0517 1.3482 3.9262, -2.0573 1.347 3.9224, -2.064 1.3461 3.9173, -1.9331 1.3461 3.9173, -2.0548 1.3473 3.9242, -1.933 1.3462 3.9199, -1.9331 0.8736 3.9173, -1.9325 0.8736 3.9224, -1.9305 0.8736 3.9272, -1.9274 0.8736 3.9312, -1.9233 0.8736 3.9344, -1.9185 0.8736 3.9363, -1.9134 0.8736 3.937, -1.9134 0.8685 3.9363, -1.4804 0.8736 3.937, -1.4905 0.8686 3.9361, -1.9134 0.8638 3.9344, -1.4998 0.8639 3.9342, -1.4943 0.8666 3.9357, -1.9134 0.8597 3.9312, -1.9134 0.8566 3.9272, -1.5143 0.8567 3.9271, -1.5125 0.8575 3.9287, -1.508 0.8598 3.9311, -1.5053 0.8612 3.9326, -1.9134 0.8546 3.9224, -1.9134 0.8539 3.9173, -1.5197 0.8539 3.9173, -1.5191 0.8543 3.921, -1.5182 0.8547 3.9224, -1.5168 0.8554 3.9248, -1.4994 0.0075 3.9224, -1.4993 0.8358 3.9224, -1.5001 0.0075 3.9173, -1.4997 0.8349 3.921, -1.5001 0.8342 3.9173, -1.4974 0.0075 3.9272, -1.4943 0.0075 3.9312, -1.4942 0.846 3.9311, -1.4964 0.8415 3.9287, -1.4973 0.8397 3.9271, -1.4986 0.8372 3.9248, -1.4854 0.8635 3.9361, -1.4873 0.8597 3.9357, -1.4902 0.0075 3.9344, -1.4901 0.8542 3.9342, -1.4928 0.8487 3.9326, -1.4855 0.0075 3.9363, -1.4804 0.0075 3.937, 1.5118 0.0075 3.937, -1.4804 0.0024 3.9363, 1.5118 0.0024 3.9363, -1.4804 -0.0024 3.9344, 1.5118 -0.0024 3.9344, -1.4804 -0.0064 3.9312, 1.5118 -0.0064 3.9312, -1.4804 -0.0096 3.9272, 1.5118 -0.0096 3.9272, -1.4804 -0.0115 3.9224, 1.5118 -0.0115 3.9224, -1.4804 -0.0122 3.9173, 1.5118 -0.0122 3.9173, 1.5311 0.8349 3.921, 1.5307 0.8358 3.9224, 1.5307 0.0075 3.9224, 1.53 0.8372 3.9248, 1.5287 0.8397 3.9271, 1.5287 0.0075 3.9271, 1.5278 0.8415 3.9287, 1.5256 0.846 3.9311, 1.5256 0.0075 3.9312, 1.5242 0.8487 3.9326, 1.5215 0.8542 3.9342, 1.5215 0.0075 3.9343, 1.5187 0.8597 3.9357, 1.5168 0.8635 3.9361, 1.5168 0.0075 3.9363, 1.5118 0.8736 3.937, 1.5161 0.0075 3.9365, 1.5203 0.0075 3.9351, 1.524 0.0075 3.9327, 1.5271 0.0075 3.9296, 1.5295 0.0075 3.9259, 1.5314 0.8342 3.9173, 1.5309 0.0075 3.9217, 1.5314 0.0075 3.9173, 2.0887 1.347 3.9223, 1.9638 1.3467 3.9224, 1.9643 1.3462 3.9199, 2.0925 1.3462 3.9197, 1.9645 1.3461 3.9173, 2.0953 1.3461 3.9173, 2.0831 1.3482 3.9262, 2.0826 1.3483 3.9264, 1.963 1.3476 3.9249, 2.0813 1.3487 3.9271, 1.9619 1.3487 3.9272, 2.078 1.3499 3.929, 1.9604 1.3501 3.9293, 2.0726 1.3521 3.9309, 1.9587 1.3518 3.9312, 2.0636 1.3559 3.9342, 1.9547 1.3559 3.9344, 2.0634 1.356 3.9343, 2.0626 1.3563 3.9346, 1.9499 1.3606 3.9363, 2.0432 1.3657 3.937, 1.9448 1.3657 3.937, 2.0442 1.3652 3.937, 2.0534 1.3608 3.9358, 1.9448 0.8566 3.9272, 1.5482 0.8554 3.9248, 1.9448 0.8546 3.9224, 1.5496 0.8547 3.9224, 1.9448 0.8539 3.9173, 1.5504 0.8543 3.921, 1.5511 0.8539 3.9173, 1.9448 0.8597 3.9312, 1.5439 0.8575 3.9287, 1.5456 0.8567 3.9271, 1.9448 0.8638 3.9344, 1.5367 0.8612 3.9326, 1.5393 0.8598 3.9311, 1.5218 0.8686 3.9361, 1.5257 0.8666 3.9357, 1.5312 0.8639 3.9342, 1.9448 0.8685 3.9363, 1.9448 0.8736 3.937, 1.9499 0.8736 3.9363, 1.9547 0.8736 3.9344, 1.9587 0.8736 3.9312, 1.9619 0.8736 3.9272, 1.9638 0.8736 3.9224, 1.9645 0.8736 3.9173, 1.9492 2.4331 3.9364, 1.9448 2.4287 3.937, 2.0432 2.4287 3.937, 2.0519 2.433 3.936, 2.0606 2.4372 3.9349, 1.9533 2.4372 3.9349, 2.0442 2.4292 3.937, 1.9499 2.4338 3.9363, 2.0626 2.4382 3.9346, 1.957 2.4409 3.9326, 1.9547 2.4386 3.9344, 2.0636 2.4386 3.9343, 2.0679 2.4406 3.933, 2.0688 2.4409 3.9326, 2.0763 2.4437 3.9293, 2.0826 2.4461 3.9264, 1.9626 2.4465 3.9259, 1.9618 2.4457 3.9271, 1.9602 2.4441 3.9296, 1.9587 2.4426 3.9312, 2.0831 2.4463 3.9262, 2.0836 2.4465 3.9259, 1.9638 2.4477 3.9224, 1.964 2.4479 3.9217, 2.0896 2.4476 3.9217, 2.0953 2.4484 3.9173, 1.9645 2.4484 3.9173, 2.0862 2.4472 3.9242, 1.9644 2.4483 3.9195, 1.9645 2.9209 3.9173, 1.9638 2.9209 3.9224, 1.9619 2.9209 3.9272, 1.9587 2.9209 3.9312, 1.9547 2.9209 3.9344, 1.9499 2.9209 3.9363, 1.9448 2.9209 3.937, 1.5118 2.9209 3.937, 1.9448 2.9252 3.9365, 1.5286 2.9293 3.9349, 1.5257 2.9278 3.9357, 1.5204 2.9252 3.9362, 1.9448 2.9294 3.9351, 1.9448 2.9331 3.9327, 1.5363 2.9331 3.9327, 1.9448 2.9362 3.9296, 1.9448 2.9386 3.9259, 1.547 2.9385 3.9258, 1.5439 2.9369 3.9287, 1.5424 2.9362 3.9295, 1.5367 2.9333 3.9326, 1.9448 2.94 3.9217, 1.9448 2.9405 3.9173, 1.5511 2.9405 3.9173, 1.5504 2.9402 3.921, 1.55 2.94 3.9217, 1.5482 2.9391 3.9248, 1.5308 3.787 3.9224, 1.5307 2.9587 3.9224, 1.5314 3.787 3.9173, 1.5311 2.9595 3.921, 1.5314 2.9602 3.9173, 1.5288 3.787 3.9272, 1.5257 3.787 3.9312, 1.5256 2.9485 3.9311, 1.5278 2.953 3.9287, 1.5287 2.9547 3.9271, 1.53 2.9573 3.9248, 1.5168 2.9309 3.9361, 1.5187 2.9348 3.9357, 1.5216 3.787 3.9344, 1.5215 2.9403 3.9342, 1.5242 2.9458 3.9326, 1.5168 3.787 3.9363, 1.5118 3.787 3.937, 1.5118 3.7914 3.9365, -1.4804 3.787 3.937, -1.4804 3.7914 3.9364, -1.4804 3.7921 3.9363, 1.5118 3.7955 3.9351, -1.4804 3.7955 3.9349, -1.4804 3.7968 3.9344, 1.5118 3.7993 3.9327, -1.4804 3.7992 3.9326, 1.5118 3.8024 3.9296, -1.4804 3.8023 3.9295, -1.4804 3.8009 3.9312, -1.4804 3.8061 3.9217, -1.4804 3.806 3.9224, 1.5118 3.8047 3.9259, -1.4804 3.8046 3.9258, -1.4804 3.804 3.9272, 1.5118 3.8062 3.9217, 1.5118 3.8067 3.9173, -1.4804 3.8067 3.9173, -1.4855 3.787 3.9363, -1.4804 2.9209 3.937, -1.4854 2.9309 3.9361, -1.4902 3.787 3.9344, -1.4901 2.9403 3.9342, -1.4873 2.9348 3.9357, -1.4943 3.787 3.9312, -1.4974 3.787 3.9272, -1.4973 2.9547 3.9271, -1.4964 2.953 3.9287, -1.4942 2.9485 3.9311, -1.4928 2.9458 3.9326, -1.4994 3.787 3.9224, -1.5001 3.787 3.9173, -1.5001 2.9602 3.9173, -1.4997 2.9595 3.921, -1.4993 2.9587 3.9224, -1.4986 2.9573 3.9248, -1.5157 2.9385 3.9258, -1.5168 2.9391 3.9248, -1.9134 2.94 3.9217, -1.5186 2.94 3.9217, -1.9134 2.9405 3.9173, -1.5191 2.9402 3.921, -1.5197 2.9405 3.9173, -1.9134 2.9399 3.9224, -1.9134 2.9385 3.9258, -1.5125 2.9369 3.9287, -1.511 2.9362 3.9295, -1.9134 2.9379 3.9272, -1.9134 2.9361 3.9295, -1.5053 2.9333 3.9326, -1.9134 2.9348 3.9312, -1.5049 2.9331 3.9327, -1.9134 2.933 3.9326, -1.4973 2.9293 3.9349, -1.9134 2.9307 3.9344, -1.9134 2.9293 3.9349, -1.4943 2.9278 3.9357, -1.9134 2.926 3.9363, -1.9134 2.9252 3.9364, -1.489 2.9252 3.9362, -1.9134 2.9209 3.937, -1.9185 2.9209 3.9363, -1.9233 2.9209 3.9344, -1.9233 2.4386 3.9344, -1.9219 2.4372 3.9349, -1.9185 2.4338 3.9363, -1.9178 2.4331 3.9364, -1.9134 2.4287 3.937, -1.9274 2.9209 3.9312, -1.9305 2.9209 3.9272, -1.9304 2.4457 3.9271, -1.9288 2.4441 3.9296, -1.9274 2.4426 3.9312, -1.9256 2.4409 3.9326, -1.9331 2.9209 3.9173, -1.9331 2.4484 3.9173, -1.9325 2.9209 3.9224, -1.933 2.4483 3.9195, -1.9326 2.4479 3.9217, -1.9325 2.4477 3.9224, -1.9312 2.4465 3.9259, -2.0119 2.4287 3.937, -2.0129 2.4292 3.937, -2.0206 2.433 3.936, -2.0292 2.4372 3.9349, -2.0312 2.4382 3.9346, -2.0322 2.4386 3.9342, -2.0373 2.4407 3.9324, -2.0451 2.444 3.9295, -2.0466 2.4446 3.929, -2.0512 2.4461 3.9264, -2.0517 2.4463 3.9262, -2.0522 2.4464 3.9258, -2.0583 2.4477 3.9216, -2.0611 2.4483 3.9197, -2.064 2.4484 3.9173, -1.9331 3.6886 3.0354, -1.9331 3.6886 3.8189, -1.9291 3.7191 3.8189, -1.9291 3.7191 3.0354, -1.9173 3.7476 3.8189, -1.9173 3.7476 3.0354, -1.9031 3.7673 3.0354, -1.8985 3.7721 3.8189, -1.8985 3.7721 3.0354, -1.8741 3.7909 3.8189, -1.8741 3.7909 3.0354, -1.8456 3.8027 3.8189, -1.8456 3.8027 3.0354, -1.815 3.8067 3.8189, -1.815 3.8067 3.0354, -1.9331 0.1059 3.8189, -1.9331 0.1059 3.2717, -1.9291 0.0753 3.2717, -1.9291 0.0753 3.8189, -1.9173 0.0468 3.2717, -1.9173 0.0468 3.8189, -1.8985 0.0224 3.2717, -1.8985 0.0224 3.8189, -1.8741 0.0036 3.2717, -1.8741 0.0036 3.8189, -1.8456 -0.0082 3.2717, -1.8456 -0.0082 3.8189, -1.815 -0.0122 3.2717, -1.815 -0.0122 3.8189, 1.9645 3.6886 3.8189, 1.9645 3.6886 3.0354, 1.9605 3.7191 3.0354, 1.9605 3.7191 3.8189, 1.9487 3.7476 3.0354, 1.9487 3.7476 3.8189, 1.9344 3.7673 3.0354, 1.9299 3.7721 3.8189, 1.9299 3.7721 3.0354, 1.9055 3.7909 3.0354, 1.9055 3.7909 3.8189, 1.877 3.8027 3.0354, 1.877 3.8027 3.8189, 1.8464 3.8067 3.0354, 1.8464 3.8067 3.8189, 1.9645 0.1059 3.2717, 1.9645 0.1059 3.8189, 1.9605 0.0753 3.8189, 1.9605 0.0753 3.2717, 1.9487 0.0468 3.8189, 1.9487 0.0468 3.2717, 1.9299 0.0224 3.8189, 1.9299 0.0224 3.2717, 1.9055 0.0036 3.8189, 1.9055 0.0036 3.2717, 1.877 -0.0082 3.8189, 1.877 -0.0082 3.2717, 1.8464 -0.0122 3.8189, 1.8464 -0.0122 3.2717
            ]
        }
        coordIndex [
            0,1,2,-1,3,4,5,-1,6,7,8,-1,8,7,9,-1,10,11,8,-1,8,11,12,-1,8,12,6,-1,13,14,15,-1,16,17,18,-1,18,17,19,-1,18,19,20,-1,19,21,20,-1,20,21,22,-1,20,22,23,-1,22,24,23,-1,23,24,25,-1,23,25,26,-1,26,25,27,-1,26,27,28,-1,27,29,28,-1,28,29,30,-1,28,30,31,-1,30,32,31,-1,31,32,33,-1,31,33,34,-1,33,35,34,-1,34,35,36,-1,34,36,37,-1,37,36,38,-1,37,38,39,-1,38,40,39,-1,39,40,41,-1,39,41,42,-1,41,43,42,-1,42,43,44,-1,42,44,45,-1,45,44,46,-1,45,46,47,-1,46,48,47,-1,47,48,49,-1,47,49,50,-1,49,51,50,-1,50,51,52,-1,50,52,53,-1,53,52,54,-1,53,54,55,-1,15,56,13,-1,13,56,57,-1,13,57,58,-1,58,57,55,-1,58,55,59,-1,59,55,54,-1,60,61,62,-1,62,63,60,-1,60,63,64,-1,60,64,65,-1,64,66,65,-1,65,66,67,-1,65,67,68,-1,68,67,69,-1,68,69,70,-1,69,71,70,-1,70,71,72,-1,70,72,73,-1,72,74,73,-1,73,74,75,-1,73,75,76,-1,76,75,77,-1,76,77,78,-1,77,79,78,-1,78,79,80,-1,78,80,81,-1,80,82,81,-1,81,82,83,-1,81,83,84,-1,84,83,85,-1,84,85,86,-1,85,87,86,-1,86,87,88,-1,86,88,89,-1,88,90,89,-1,89,90,91,-1,89,91,92,-1,92,91,93,-1,92,93,94,-1,93,95,94,-1,94,95,96,-1,94,96,97,-1,96,98,97,-1,97,98,99,-1,97,99,100,-1,99,101,100,-1,100,101,102,-1,100,102,103,-1,103,102,104,-1,103,104,105,-1,104,106,105,-1,105,106,107,-1,105,107,16,-1,16,107,108,-1,16,108,17,-1,56,11,57,-1,57,11,10,-1,57,10,55,-1,55,10,109,-1,55,109,53,-1,53,109,110,-1,53,110,50,-1,50,110,111,-1,50,111,47,-1,47,111,112,-1,47,112,45,-1,45,112,113,-1,45,113,42,-1,42,113,114,-1,42,114,39,-1,39,114,115,-1,39,115,37,-1,37,115,116,-1,37,116,34,-1,34,116,117,-1,34,117,31,-1,31,117,118,-1,31,118,28,-1,28,118,119,-1,28,119,26,-1,26,119,120,-1,26,120,23,-1,23,120,121,-1,23,121,20,-1,20,121,122,-1,20,122,18,-1,18,122,123,-1,18,123,16,-1,16,123,124,-1,16,124,105,-1,105,124,125,-1,105,125,103,-1,103,125,126,-1,103,126,100,-1,100,126,127,-1,100,127,97,-1,97,127,128,-1,97,128,94,-1,94,128,129,-1,94,129,92,-1,92,129,130,-1,92,130,89,-1,89,130,131,-1,89,131,86,-1,86,131,132,-1,86,132,84,-1,84,132,133,-1,84,133,81,-1,81,133,134,-1,81,134,78,-1,78,134,135,-1,78,135,76,-1,76,135,136,-1,76,136,73,-1,73,136,137,-1,73,137,70,-1,70,137,138,-1,70,138,68,-1,68,138,139,-1,68,139,65,-1,65,139,140,-1,65,140,60,-1,60,140,141,-1,60,141,61,-1,61,141,142,-1,9,3,8,-1,8,3,5,-1,8,5,10,-1,10,5,143,-1,10,143,109,-1,109,143,144,-1,109,144,110,-1,110,144,145,-1,110,145,111,-1,111,145,146,-1,111,146,112,-1,112,146,147,-1,112,147,113,-1,113,147,148,-1,113,148,114,-1,114,148,149,-1,114,149,115,-1,115,149,150,-1,115,150,116,-1,116,150,151,-1,116,151,117,-1,117,151,152,-1,117,152,118,-1,118,152,153,-1,118,153,119,-1,119,153,154,-1,119,154,120,-1,120,154,155,-1,120,155,121,-1,121,155,156,-1,121,156,122,-1,122,156,157,-1,122,157,123,-1,123,157,158,-1,123,158,124,-1,124,158,159,-1,124,159,125,-1,125,159,160,-1,125,160,126,-1,126,160,161,-1,126,161,127,-1,127,161,162,-1,127,162,128,-1,128,162,163,-1,128,163,129,-1,129,163,164,-1,129,164,130,-1,130,164,165,-1,130,165,131,-1,131,165,166,-1,131,166,132,-1,132,166,167,-1,132,167,133,-1,133,167,168,-1,133,168,134,-1,134,168,169,-1,134,169,135,-1,135,169,170,-1,135,170,136,-1,136,170,171,-1,136,171,137,-1,137,171,172,-1,137,172,138,-1,138,172,173,-1,138,173,139,-1,139,173,174,-1,139,174,140,-1,140,174,175,-1,140,175,141,-1,141,175,2,-1,141,2,142,-1,142,2,1,-1,4,176,5,-1,5,176,177,-1,5,177,143,-1,143,177,178,-1,143,178,144,-1,144,178,179,-1,144,179,145,-1,145,179,180,-1,145,180,146,-1,146,180,181,-1,146,181,147,-1,147,181,182,-1,147,182,148,-1,148,182,183,-1,148,183,149,-1,149,183,184,-1,149,184,150,-1,150,184,185,-1,150,185,151,-1,151,185,186,-1,151,186,152,-1,152,186,187,-1,152,187,153,-1,153,187,188,-1,153,188,154,-1,154,188,189,-1,154,189,155,-1,155,189,190,-1,155,190,156,-1,156,190,191,-1,156,191,157,-1,157,191,192,-1,157,192,158,-1,158,192,193,-1,158,193,159,-1,159,193,194,-1,159,194,160,-1,160,194,195,-1,160,195,161,-1,161,195,196,-1,161,196,162,-1,162,196,197,-1,162,197,163,-1,163,197,198,-1,163,198,164,-1,164,198,199,-1,164,199,165,-1,165,199,200,-1,165,200,166,-1,166,200,201,-1,166,201,167,-1,167,201,202,-1,167,202,168,-1,168,202,203,-1,168,203,169,-1,169,203,204,-1,169,204,170,-1,170,204,205,-1,170,205,171,-1,171,205,206,-1,171,206,172,-1,172,206,207,-1,172,207,173,-1,173,207,208,-1,173,208,174,-1,174,208,209,-1,174,209,175,-1,175,209,210,-1,175,210,2,-1,2,210,211,-1,2,211,0,-1,0,211,212,-1,0,212,176,-1,176,212,177,-1,195,213,196,-1,196,213,214,-1,196,214,197,-1,197,214,215,-1,197,215,198,-1,198,215,216,-1,198,216,199,-1,199,216,217,-1,199,217,200,-1,200,217,218,-1,200,218,201,-1,201,218,219,-1,201,219,202,-1,202,219,220,-1,202,220,203,-1,203,220,221,-1,203,221,204,-1,204,221,222,-1,204,222,205,-1,205,222,223,-1,205,223,206,-1,206,223,224,-1,206,224,207,-1,207,224,225,-1,207,225,208,-1,208,225,226,-1,208,226,209,-1,209,226,227,-1,209,227,210,-1,210,227,228,-1,210,228,211,-1,211,228,229,-1,211,229,212,-1,212,229,230,-1,212,230,177,-1,177,230,231,-1,177,231,178,-1,178,231,232,-1,178,232,179,-1,179,232,233,-1,179,233,180,-1,180,233,234,-1,180,234,181,-1,181,234,235,-1,181,235,182,-1,182,235,236,-1,182,236,183,-1,183,236,237,-1,183,237,184,-1,184,237,238,-1,184,238,185,-1,185,238,239,-1,185,239,186,-1,186,239,240,-1,186,240,187,-1,187,240,241,-1,187,241,188,-1,188,241,242,-1,188,242,189,-1,189,242,243,-1,189,243,190,-1,190,243,244,-1,190,244,191,-1,191,244,245,-1,191,245,192,-1,192,245,246,-1,192,246,193,-1,193,246,247,-1,193,247,194,-1,194,247,248,-1,194,248,195,-1,195,248,213,-1,213,249,214,-1,214,249,250,-1,214,250,215,-1,215,250,251,-1,215,251,216,-1,216,251,252,-1,216,252,217,-1,217,252,253,-1,217,253,218,-1,218,253,254,-1,218,254,219,-1,219,254,255,-1,219,255,220,-1,220,255,256,-1,220,256,221,-1,221,256,257,-1,221,257,222,-1,222,257,258,-1,222,258,223,-1,223,258,259,-1,223,259,224,-1,224,259,260,-1,224,260,225,-1,225,260,261,-1,225,261,226,-1,226,261,262,-1,226,262,227,-1,227,262,263,-1,227,263,228,-1,228,263,264,-1,228,264,229,-1,229,264,265,-1,229,265,230,-1,230,265,266,-1,230,266,231,-1,231,266,267,-1,231,267,232,-1,232,267,268,-1,232,268,233,-1,233,268,269,-1,233,269,234,-1,234,269,270,-1,234,270,235,-1,235,270,271,-1,235,271,236,-1,236,271,272,-1,236,272,237,-1,237,272,273,-1,237,273,238,-1,238,273,274,-1,238,274,239,-1,239,274,275,-1,239,275,240,-1,240,275,276,-1,240,276,241,-1,241,276,277,-1,241,277,242,-1,242,277,278,-1,242,278,243,-1,243,278,279,-1,243,279,244,-1,244,279,280,-1,244,280,245,-1,245,280,281,-1,245,281,246,-1,246,281,282,-1,246,282,247,-1,247,282,283,-1,247,283,248,-1,248,283,284,-1,248,284,213,-1,213,284,249,-1,285,286,287,-1,288,289,290,-1,291,292,293,-1,293,294,291,-1,291,294,295,-1,291,295,296,-1,295,297,296,-1,296,297,298,-1,296,298,290,-1,290,298,299,-1,290,299,288,-1,287,286,289,-1,289,286,300,-1,289,300,290,-1,285,287,301,-1,301,287,302,-1,301,302,303,-1,304,305,306,-1,303,307,301,-1,301,307,304,-1,301,304,308,-1,308,304,306,-1,306,309,308,-1,308,309,310,-1,308,310,301,-1,301,310,285,-1,285,310,311,-1,285,311,286,-1,286,311,300,-1,300,311,312,-1,300,312,290,-1,290,312,313,-1,290,313,296,-1,296,313,314,-1,296,314,291,-1,291,314,315,-1,291,315,292,-1,315,316,317,-1,317,316,318,-1,319,320,316,-1,316,320,321,-1,316,321,318,-1,322,323,324,-1,324,325,322,-1,322,325,326,-1,322,326,319,-1,319,326,327,-1,319,327,320,-1,328,329,330,-1,330,331,328,-1,328,331,332,-1,328,332,323,-1,323,332,333,-1,323,333,324,-1,334,335,336,-1,336,335,337,-1,336,337,338,-1,339,340,341,-1,341,342,339,-1,339,342,343,-1,339,343,334,-1,334,343,344,-1,334,344,335,-1,345,346,347,-1,347,346,348,-1,347,348,340,-1,340,348,349,-1,340,349,341,-1,347,350,345,-1,345,350,351,-1,345,351,317,-1,352,351,353,-1,352,353,354,-1,354,353,355,-1,354,355,356,-1,356,355,357,-1,356,357,358,-1,358,357,359,-1,358,359,360,-1,360,359,361,-1,360,361,362,-1,362,361,363,-1,362,363,364,-1,365,366,367,-1,368,369,370,-1,371,372,373,-1,374,375,376,-1,377,378,379,-1,380,352,378,-1,378,352,381,-1,378,381,379,-1,377,379,375,-1,375,379,382,-1,375,382,376,-1,374,376,372,-1,372,376,383,-1,372,383,373,-1,371,373,369,-1,369,373,384,-1,369,384,370,-1,368,370,366,-1,366,370,385,-1,366,385,367,-1,365,367,386,-1,386,367,387,-1,386,387,388,-1,389,390,391,-1,389,391,392,-1,392,391,393,-1,392,393,394,-1,389,395,390,-1,390,395,396,-1,390,396,397,-1,397,396,398,-1,397,398,399,-1,399,398,400,-1,399,400,401,-1,401,400,402,-1,401,402,403,-1,403,402,404,-1,403,404,405,-1,404,406,405,-1,405,406,407,-1,405,407,408,-1,409,410,411,-1,411,410,408,-1,411,408,412,-1,412,408,407,-1,413,414,415,-1,415,414,416,-1,415,416,417,-1,417,416,418,-1,417,418,419,-1,420,421,413,-1,413,421,422,-1,413,422,414,-1,423,424,420,-1,420,424,425,-1,420,425,421,-1,426,427,423,-1,423,427,428,-1,423,428,424,-1,423,429,426,-1,426,429,430,-1,426,430,380,-1,410,430,431,-1,410,431,408,-1,408,431,432,-1,408,432,405,-1,405,432,433,-1,405,433,403,-1,434,399,433,-1,433,399,401,-1,433,401,403,-1,435,436,393,-1,393,391,435,-1,435,391,390,-1,435,390,434,-1,434,390,397,-1,434,397,399,-1,437,438,439,-1,440,441,442,-1,439,443,437,-1,437,443,440,-1,437,440,444,-1,444,440,442,-1,445,446,441,-1,441,446,447,-1,441,447,442,-1,445,448,446,-1,446,448,449,-1,446,449,450,-1,451,452,453,-1,453,454,451,-1,451,454,455,-1,451,455,450,-1,450,455,456,-1,450,456,446,-1,452,457,453,-1,453,457,458,-1,453,458,459,-1,459,458,460,-1,461,462,463,-1,458,464,460,-1,460,464,461,-1,460,461,465,-1,465,461,463,-1,463,466,465,-1,465,466,467,-1,453,459,467,-1,467,459,460,-1,467,460,465,-1,453,467,454,-1,454,467,468,-1,454,468,455,-1,455,468,456,-1,456,468,469,-1,456,469,446,-1,446,469,470,-1,446,470,447,-1,447,470,442,-1,442,470,471,-1,442,471,444,-1,444,471,437,-1,437,471,472,-1,437,472,438,-1,473,472,474,-1,475,476,474,-1,474,476,477,-1,474,477,473,-1,474,478,475,-1,475,478,479,-1,475,479,480,-1,481,482,483,-1,483,484,481,-1,481,484,485,-1,481,485,479,-1,479,485,486,-1,479,486,480,-1,487,488,489,-1,489,490,487,-1,487,490,491,-1,487,491,482,-1,482,491,492,-1,482,492,483,-1,493,494,495,-1,495,494,496,-1,495,496,497,-1,498,499,500,-1,500,501,498,-1,498,501,502,-1,498,502,493,-1,493,502,503,-1,493,503,494,-1,504,505,506,-1,506,505,507,-1,506,507,499,-1,499,507,508,-1,499,508,500,-1,506,509,504,-1,504,509,510,-1,504,510,473,-1,510,511,512,-1,512,511,513,-1,513,511,514,-1,514,511,515,-1,514,515,516,-1,516,515,517,-1,517,515,518,-1,517,518,519,-1,520,521,518,-1,518,521,522,-1,518,522,519,-1,523,524,525,-1,525,524,526,-1,525,526,520,-1,520,526,527,-1,520,527,521,-1,525,528,523,-1,523,528,529,-1,523,529,530,-1,512,531,532,-1,532,531,533,-1,534,535,531,-1,531,535,536,-1,531,536,533,-1,537,538,539,-1,539,540,537,-1,537,540,541,-1,537,541,534,-1,534,541,542,-1,534,542,535,-1,543,544,545,-1,545,546,543,-1,543,546,547,-1,543,547,538,-1,538,547,548,-1,538,548,539,-1,549,550,551,-1,551,550,552,-1,551,552,553,-1,553,552,554,-1,553,554,555,-1,551,556,549,-1,549,556,557,-1,549,557,558,-1,558,557,559,-1,557,560,559,-1,559,560,561,-1,559,561,562,-1,562,561,563,-1,562,563,564,-1,564,563,565,-1,564,565,566,-1,565,567,566,-1,566,567,568,-1,566,568,569,-1,568,570,569,-1,569,570,571,-1,569,571,572,-1,572,571,573,-1,572,573,532,-1,574,575,576,-1,576,577,574,-1,574,577,578,-1,574,578,573,-1,573,578,579,-1,573,579,580,-1,581,582,583,-1,583,584,581,-1,581,584,585,-1,581,585,575,-1,575,585,586,-1,575,586,576,-1,587,588,589,-1,589,588,590,-1,590,591,589,-1,589,591,592,-1,589,592,582,-1,582,592,593,-1,582,593,583,-1,594,580,595,-1,595,580,579,-1,595,579,596,-1,596,579,578,-1,596,578,597,-1,578,577,597,-1,597,577,576,-1,597,576,598,-1,598,576,586,-1,598,586,599,-1,599,586,600,-1,600,586,585,-1,600,585,601,-1,585,584,601,-1,601,584,583,-1,601,583,602,-1,602,583,593,-1,602,593,603,-1,603,593,604,-1,604,593,605,-1,605,593,592,-1,605,592,606,-1,592,591,606,-1,606,591,590,-1,606,590,607,-1,607,590,588,-1,607,588,608,-1,609,610,611,-1,609,611,612,-1,612,611,613,-1,612,613,614,-1,614,613,615,-1,615,613,616,-1,615,616,617,-1,617,616,618,-1,617,618,619,-1,619,618,620,-1,619,620,621,-1,621,620,622,-1,621,622,623,-1,624,625,626,-1,624,626,627,-1,627,626,628,-1,627,628,629,-1,629,628,630,-1,629,630,631,-1,631,630,632,-1,631,632,633,-1,633,632,634,-1,633,634,635,-1,635,634,636,-1,635,636,637,-1,638,639,640,-1,638,640,641,-1,641,640,642,-1,641,642,643,-1,643,642,644,-1,643,644,645,-1,644,646,645,-1,645,646,647,-1,645,647,648,-1,648,647,649,-1,648,649,650,-1,650,649,651,-1,650,651,652,-1,653,654,655,-1,653,655,656,-1,656,655,657,-1,656,657,658,-1,658,657,659,-1,658,659,660,-1,660,659,661,-1,660,661,662,-1,662,661,663,-1,662,663,664,-1,664,663,665,-1,664,665,666,-1,
        ]
    }
}
Shape{
    appearance Appearance {
        material  Material 	{
            diffuseColor 0.0 1.0 1.0
            specularColor 0.0 0.5019607843137255 0.5019607843137255
            ambientIntensity 0.701
            transparency 0.0
            shininess 0.5
        }
    }
    geometry IndexedFaceSet {
        ccw TRUE
        solid FALSE
        coord DEF co Coordinate {
            point [
                1.9251 3.8067 0.2756, 1.9251 3.8067 1.437, 1.9557 3.8027 1.437, 1.9557 3.8027 0.2756, 1.9842 3.7909 1.437, 1.9842 3.7909 0.2756, 2.0087 3.7721 1.437, 2.0087 3.7721 0.2756, 2.0274 3.7476 1.437, 2.0274 3.7476 0.2756, 2.0392 3.7191 1.437, 2.0392 3.7191 0.2756, 2.0432 3.6886 1.437, 2.0432 3.6886 0.2756, 1.9251 3.8067 1.4567, 1.9251 3.8067 3.0315, 1.9557 3.8027 3.0315, 1.9557 3.8027 1.4567, 1.9842 3.7909 3.0315, 1.9842 3.7909 1.4567, 2.0087 3.7721 3.0315, 2.0087 3.7721 1.4567, 2.0274 3.7476 3.0315, 2.0274 3.7476 1.4567, 2.0392 3.7191 3.0315, 2.0392 3.7191 1.4567, 2.0432 3.6886 3.0315, 2.0432 3.6886 1.4567, 1.9251 -0.0122 1.437, 1.9251 -0.0122 0.2756, 1.9557 -0.0082 0.2756, 1.9557 -0.0082 1.437, 1.9842 0.0036 0.2756, 1.9842 0.0036 1.437, 2.0087 0.0224 0.2756, 2.0087 0.0224 1.437, 2.0274 0.0468 0.2756, 2.0274 0.0468 1.437, 2.0392 0.0753 0.2756, 2.0392 0.0753 1.437, 2.0432 0.1059 0.2756, 2.0432 0.1059 1.437, 1.9251 -0.0122 2.7953, 1.9251 -0.0122 2.6181, 1.9557 -0.0082 2.7953, 1.9251 -0.0122 1.8872, 1.9251 -0.0122 1.8075, 1.9557 -0.0082 1.4567, 1.9251 -0.0122 1.5531, 1.9251 -0.0122 1.4567, 1.9842 0.0036 1.4567, 1.9842 0.0036 2.7953, 2.0087 0.0224 1.4567, 2.0087 0.0224 2.7953, 2.0274 0.0468 1.4567, 2.0274 0.0468 2.7953, 2.0392 0.0753 1.4567, 2.0392 0.0753 2.7953, 2.0432 0.1059 1.4567, 2.0432 0.1059 2.7953, -1.8938 -0.0122 0.2756, -1.8938 -0.0122 1.437, -1.9243 -0.0082 1.437, -1.9243 -0.0082 0.2756, -1.9528 0.0036 1.437, -1.9528 0.0036 0.2756, -1.9773 0.0224 1.437, -1.9773 0.0224 0.2756, -1.996 0.0468 1.437, -1.996 0.0468 0.2756, -2.0078 0.0753 1.437, -2.0078 0.0753 0.2756, -2.0119 0.1059 1.437, -2.0119 0.1059 0.2756, -1.8938 -0.0122 2.6181, -1.8938 -0.0122 2.7953, -1.9243 -0.0082 2.7953, -1.8938 -0.0122 1.4567, -1.8938 -0.0122 1.5531, -1.9243 -0.0082 1.4567, -1.8938 -0.0122 1.8075, -1.8938 -0.0122 1.8872, -1.9528 0.0036 2.7953, -1.9528 0.0036 1.4567, -1.9773 0.0224 2.7953, -1.9773 0.0224 1.4567, -1.996 0.0468 2.7953, -1.996 0.0468 1.4567, -2.0078 0.0753 2.7953, -2.0078 0.0753 1.4567, -2.0119 0.1059 2.7953, -2.0119 0.1059 1.4567, -1.8938 3.8067 1.437, -1.8938 3.8067 0.2756, -1.9243 3.8027 0.2756, -1.9243 3.8027 1.437, -1.9528 3.7909 0.2756, -1.9528 3.7909 1.437, -1.9773 3.7721 0.2756, -1.9773 3.7721 1.437, -1.996 3.7476 0.2756, -1.996 3.7476 1.437, -2.0078 3.7191 0.2756, -2.0078 3.7191 1.437, -2.0119 3.6886 0.2756, -2.0119 3.6886 1.437, -1.8938 3.8067 3.0315, -1.8938 3.8067 1.4567, -1.9243 3.8027 1.4567, -1.9243 3.8027 3.0315, -1.9528 3.7909 1.4567, -1.9528 3.7909 3.0315, -1.9773 3.7721 1.4567, -1.9773 3.7721 3.0315, -1.996 3.7476 1.4567, -1.996 3.7476 3.0315, -2.0078 3.7191 1.4567, -2.0078 3.7191 3.0315, -2.0119 3.6886 1.4567, -2.0119 3.6886 3.0315
            ]
        }
        coordIndex [
            0,1,2,-1,0,2,3,-1,3,2,4,-1,3,4,5,-1,5,4,6,-1,5,6,7,-1,7,6,8,-1,7,8,9,-1,9,8,10,-1,9,10,11,-1,11,10,12,-1,11,12,13,-1,14,15,16,-1,14,16,17,-1,17,16,18,-1,17,18,19,-1,19,18,20,-1,19,20,21,-1,21,20,22,-1,21,22,23,-1,23,22,24,-1,23,24,25,-1,25,24,26,-1,25,26,27,-1,28,29,30,-1,28,30,31,-1,31,30,32,-1,31,32,33,-1,33,32,34,-1,33,34,35,-1,35,34,36,-1,35,36,37,-1,37,36,38,-1,37,38,39,-1,39,38,40,-1,39,40,41,-1,42,43,44,-1,44,43,45,-1,45,46,47,-1,47,46,48,-1,47,48,49,-1,45,47,44,-1,44,47,50,-1,44,50,51,-1,51,50,52,-1,51,52,53,-1,53,52,54,-1,53,54,55,-1,55,54,56,-1,55,56,57,-1,57,56,58,-1,57,58,59,-1,60,61,62,-1,60,62,63,-1,63,62,64,-1,63,64,65,-1,65,64,66,-1,65,66,67,-1,67,66,68,-1,67,68,69,-1,69,68,70,-1,69,70,71,-1,71,70,72,-1,71,72,73,-1,74,75,76,-1,77,78,79,-1,79,78,80,-1,79,80,81,-1,74,76,81,-1,81,76,79,-1,79,76,82,-1,79,82,83,-1,83,82,84,-1,83,84,85,-1,85,84,86,-1,85,86,87,-1,87,86,88,-1,87,88,89,-1,89,88,90,-1,89,90,91,-1,92,93,94,-1,92,94,95,-1,95,94,96,-1,95,96,97,-1,97,96,98,-1,97,98,99,-1,99,98,100,-1,99,100,101,-1,101,100,102,-1,101,102,103,-1,103,102,104,-1,103,104,105,-1,106,107,108,-1,106,108,109,-1,109,108,110,-1,109,110,111,-1,111,110,112,-1,111,112,113,-1,113,112,114,-1,113,114,115,-1,115,114,116,-1,115,116,117,-1,117,116,118,-1,117,118,119,-1,
        ]
    }
}
Shape{
    appearance Appearance {
        material  Material 	{
            diffuseColor 0.7529411764705882 0.7529411764705882 0.7529411764705882
            specularColor 0.3764705882352941 0.3764705882352941 0.3764705882352941
            ambientIntensity 0.7529
            transparency 0.0
            shininess 0.5
        }
    }
    geometry IndexedFaceSet {
        ccw TRUE
        solid FALSE
        coord DEF co Coordinate {
            point [
                1.5118 2.9209 3.937, 1.5209 2.9324 3.9352, 1.5198 2.9336 3.9354, 1.5258 2.9434 3.9316, 1.5424 2.9362 3.9295, 1.5439 2.9369 3.9287, 1.5404 2.9384 3.9273, 1.547 2.9385 3.9258, 1.5482 2.9391 3.9248, 1.5439 2.9402 3.9235, 1.5287 2.9547 3.9271, 1.5278 2.953 3.9287, 1.5293 2.9495 3.9273, 1.5307 2.9587 3.9224, 1.53 2.9573 3.9248, 1.5311 2.953 3.9235, 1.5314 2.9602 3.9173, 1.5311 2.9595 3.921, 1.5321 2.9551 3.9173, 1.5319 2.9546 3.9202, 1.5341 2.9504 3.9173, 1.5372 2.9463 3.9173, 1.5339 2.9501 3.9197, 1.55 2.94 3.9217, 1.5504 2.9402 3.921, 1.5455 2.941 3.9202, 1.5511 2.9405 3.9173, 1.546 2.9412 3.9173, 1.541 2.943 3.9197, 1.5413 2.9432 3.9173, 1.5398 2.9423 3.9226, 1.537 2.9461 3.9196, 1.5361 2.9453 3.9224, 1.5371 2.9405 3.9264, 1.5343 2.9349 3.9316, 1.5187 2.9348 3.9357, 1.5215 2.9403 3.9342, 1.5242 2.9458 3.9326, 1.5256 2.9485 3.9311, 1.5276 2.941 3.931, 1.5221 2.9312 3.9351, 1.5286 2.9293 3.9349, 1.5363 2.9331 3.9327, 1.5367 2.9333 3.9326, 1.5332 2.9489 3.9226, 1.5341 2.9432 3.9261, 1.5319 2.9367 3.931, 1.5245 2.9289 3.9354, 1.5168 2.9309 3.9361, 1.5204 2.9252 3.9362, 1.5257 2.9278 3.9357, 1.5314 2.9462 3.9264, 1.5297 2.9388 3.9308, 1.5233 2.93 3.9352, 1.5511 2.9405 3.8583, 1.5467 2.941 3.8583, 1.5461 2.9413 3.8583, 1.5426 2.9425 3.8583, 1.5413 2.9433 3.8583, 1.5388 2.9448 3.8583, 1.5373 2.9464 3.8583, 1.5357 2.948 3.8583, 1.5342 2.9504 3.8583, 1.5334 2.9517 3.8583, 1.5314 2.9602 3.8583, 1.5319 2.9558 3.8583, 1.5322 2.9552 3.8583, 1.9531 2.9386 3.9195, 1.9491 2.94 3.9185, 1.9486 2.94 3.9195, 1.9448 2.9405 3.9173, 1.9492 2.94 3.9173, 1.9587 2.9347 3.9173, 1.9571 2.9362 3.9173, 1.9567 2.9362 3.9205, 1.9522 2.9386 3.9216, 1.9479 2.94 3.9204, 1.9546 2.9378 3.9173, 1.9534 2.9386 3.9173, 1.9499 2.9398 3.9173, 1.9602 2.9331 3.9173, 1.9597 2.9331 3.9213, 1.9618 2.9306 3.9173, 1.962 2.9294 3.9219, 1.9634 2.9252 3.9223, 1.9638 2.9259 3.9173, 1.9626 2.9294 3.9173, 1.9638 2.9209 3.9224, 1.9645 2.9209 3.9173, 1.964 2.9252 3.9173, 1.9619 2.9209 3.9272, 1.9614 2.9252 3.9269, 1.9602 2.9294 3.9262, 1.9582 2.9331 3.925, 1.9555 2.9362 3.9235, 1.9587 2.9209 3.9312, 1.9584 2.9252 3.9309, 1.9574 2.9294 3.9299, 1.9557 2.9331 3.9282, 1.9535 2.9362 3.926, 1.9509 2.9386 3.9234, 1.9547 2.9209 3.9344, 1.9544 2.9252 3.9339, 1.9537 2.9294 3.9327, 1.9525 2.9331 3.9307, 1.951 2.9362 3.928, 1.9491 2.9386 3.9247, 1.947 2.94 3.9211, 1.946 2.94 3.9216, 1.947 2.9386 3.9256, 1.948 2.9362 3.9292, 1.9488 2.9331 3.9322, 1.9494 2.9294 3.9345, 1.9498 2.9252 3.9359, 1.9499 2.9209 3.9363, 1.9448 2.9209 3.937, 1.9448 2.9252 3.9365, 1.9448 2.9294 3.9351, 1.9448 2.9331 3.9327, 1.9448 2.9362 3.9296, 1.9448 2.9386 3.9259, 1.9448 2.94 3.9217, 1.5429 2.9425 3.8561, 1.5469 2.941 3.8571, 1.5393 2.9448 3.8551, 1.5363 2.948 3.8543, 1.534 2.9517 3.8537, 1.5326 2.9558 3.8533, 1.5321 2.9602 3.8532, 1.5473 2.941 3.8561, 1.5437 2.9425 3.854, 1.5405 2.9448 3.8521, 1.5378 2.948 3.8506, 1.5358 2.9517 3.8494, 1.5345 2.9558 3.8487, 1.5341 2.9602 3.8484, 1.548 2.941 3.8552, 1.5451 2.9425 3.8522, 1.5424 2.9448 3.8496, 1.5402 2.948 3.8474, 1.5386 2.9517 3.8457, 1.5376 2.9558 3.8447, 1.5372 2.9602 3.8444, 1.5489 2.941 3.8545, 1.5469 2.9425 3.8509, 1.545 2.9448 3.8476, 1.5434 2.948 3.8449, 1.5423 2.9517 3.8429, 1.5415 2.9558 3.8417, 1.5413 2.9602 3.8412, 1.55 2.941 3.854, 1.5489 2.9425 3.85, 1.5479 2.9448 3.8464, 1.5471 2.948 3.8434, 1.5465 2.9517 3.8411, 1.5462 2.9558 3.8397, 1.546 2.9602 3.8393, 1.5511 2.941 3.8539, 1.5511 2.9425 3.8497, 1.5511 2.9448 3.846, 1.5511 2.948 3.8429, 1.5511 2.9517 3.8405, 1.5511 2.9558 3.8391, 1.5511 2.9602 3.8386, 1.52 3.8047 3.9195, 1.516 3.8062 3.9185, 1.5155 3.8062 3.9195, 1.5118 3.8067 3.9173, 1.5161 3.8062 3.9173, 1.5256 3.8008 3.9173, 1.524 3.8024 3.9173, 1.5236 3.8024 3.9205, 1.5191 3.8047 3.9216, 1.5149 3.8062 3.9204, 1.5215 3.804 3.9173, 1.5203 3.8047 3.9173, 1.5168 3.8059 3.9173, 1.5271 3.7993 3.9173, 1.5266 3.7993 3.9213, 1.5287 3.7968 3.9173, 1.5289 3.7955 3.9219, 1.5303 3.7914 3.9223, 1.5307 3.7921 3.9173, 1.5295 3.7955 3.9173, 1.5308 3.787 3.9224, 1.5314 3.787 3.9173, 1.5309 3.7914 3.9173, 1.5288 3.787 3.9272, 1.5284 3.7914 3.9269, 1.5271 3.7955 3.9262, 1.5251 3.7993 3.925, 1.5224 3.8024 3.9235, 1.5257 3.787 3.9312, 1.5253 3.7914 3.9309, 1.5243 3.7955 3.9299, 1.5226 3.7993 3.9282, 1.5204 3.8024 3.926, 1.5178 3.8047 3.9234, 1.5216 3.787 3.9344, 1.5213 3.7914 3.9339, 1.5206 3.7955 3.9327, 1.5194 3.7993 3.9307, 1.5179 3.8024 3.928, 1.516 3.8047 3.9247, 1.5139 3.8062 3.9211, 1.5129 3.8062 3.9216, 1.514 3.8047 3.9256, 1.5149 3.8024 3.9292, 1.5157 3.7993 3.9322, 1.5163 3.7955 3.9345, 1.5167 3.7914 3.9359, 1.5168 3.787 3.9363, 1.5118 3.787 3.937, 1.5118 3.7914 3.9365, 1.5118 3.7955 3.9351, 1.5118 3.7993 3.9327, 1.5118 3.8024 3.9296, 1.5118 3.8047 3.9259, 1.5118 3.8062 3.9217, 1.9645 2.9209 3.8583, 1.964 2.9252 3.8583, 1.9638 2.9259 3.8583, 1.9626 2.9294 3.8583, 1.9618 2.9306 3.8583, 1.9602 2.9331 3.8583, 1.9587 2.9347 3.8583, 1.9571 2.9362 3.8583, 1.9546 2.9378 3.8583, 1.9534 2.9386 3.8583, 1.9499 2.9398 3.8583, 1.9492 2.94 3.8583, 1.9448 2.9405 3.8583, 1.9448 2.9411 3.8539, 1.9448 2.9412 3.8532, 1.9448 2.9426 3.8498, 1.9448 2.9432 3.8484, 1.9448 2.945 3.8461, 1.9448 2.9463 3.8444, 1.9448 2.9481 3.843, 1.9448 2.9504 3.8412, 1.9448 2.9517 3.8407, 1.9448 2.9551 3.8393, 1.9448 2.9559 3.8392, 1.9448 2.9602 3.8386, 1.5314 3.787 3.8583, 1.5321 3.787 3.8532, 1.5341 3.787 3.8484, 1.5372 3.787 3.8444, 1.5413 3.787 3.8412, 1.546 3.787 3.8393, 1.5511 3.787 3.8386, 1.5309 3.7914 3.8583, 1.5307 3.7921 3.8583, 1.5295 3.7955 3.8583, 1.5287 3.7968 3.8583, 1.5271 3.7993 3.8583, 1.5256 3.8008 3.8583, 1.524 3.8024 3.8583, 1.5215 3.804 3.8583, 1.5203 3.8047 3.8583, 1.5168 3.8059 3.8583, 1.5161 3.8062 3.8583, 1.5118 3.8067 3.8583, 1.9492 2.9428 3.8482, 1.9492 2.946 3.844, 1.9492 2.9501 3.8408, 1.9492 2.955 3.8388, 1.9492 2.9407 3.853, 1.9492 2.9602 3.8381, 1.9499 2.9602 3.8379, 1.9534 2.9546 3.8374, 1.9534 2.9393 3.8527, 1.9571 2.954 3.8351, 1.9546 2.9602 3.8359, 1.9534 2.9602 3.8366, 1.9571 2.9371 3.8521, 1.9602 2.9532 3.8321, 1.9587 2.9602 3.8327, 1.9571 2.9602 3.8343, 1.9602 2.9341 3.8513, 1.9638 2.9602 3.824, 1.9626 2.9602 3.8274, 1.9626 2.9522 3.8285, 1.9618 2.9602 3.8287, 1.9602 2.9602 3.8312, 1.9534 2.9494 3.8395, 1.9571 2.9482 3.8375, 1.9602 2.9467 3.8348, 1.9626 2.9448 3.8316, 1.9534 2.9449 3.843, 1.9571 2.9433 3.8413, 1.9602 2.9411 3.8391, 1.9626 2.9384 3.8365, 1.9534 2.9415 3.8475, 1.9571 2.9395 3.8463, 1.9602 2.9368 3.8447, 1.9626 2.9335 3.8429, 1.9626 2.9304 3.8503, 1.9645 2.9602 3.8189, 1.964 2.9602 3.8233, 1.964 2.9512 3.8245, 1.964 2.9427 3.828, 1.964 2.9355 3.8335, 1.964 2.9299 3.8408, 1.964 2.9264 3.8492, 1.9645 2.95 3.8202, 1.9645 2.9405 3.8242, 1.9645 2.9324 3.8304, 1.9645 2.9261 3.8386, 1.9645 2.9222 3.8481, 1.5511 3.7914 3.8381, 1.5459 3.7914 3.8388, 1.5173 3.8062 3.8492, 1.5131 3.8067 3.8481, 1.5213 3.8047 3.8503, 1.5249 3.8024 3.8513, 1.528 3.7993 3.8521, 1.5511 3.8067 3.8189, 1.5409 3.8067 3.8202, 1.5511 3.8062 3.8233, 1.5421 3.8062 3.8245, 1.5511 3.8047 3.8274, 1.5431 3.8047 3.8285, 1.5511 3.8024 3.8312, 1.5441 3.8024 3.8321, 1.5511 3.7993 3.8343, 1.5449 3.7993 3.8351, 1.5511 3.7955 3.8366, 1.5455 3.7955 3.8374, 1.5314 3.8067 3.8242, 1.5336 3.8062 3.828, 1.5357 3.8047 3.8316, 1.5376 3.8024 3.8348, 1.5391 3.7993 3.8375, 1.5403 3.7955 3.8395, 1.5233 3.8067 3.8304, 1.5264 3.8062 3.8335, 1.5293 3.8047 3.8365, 1.532 3.8024 3.8391, 1.5342 3.7993 3.8413, 1.5358 3.7955 3.843, 1.517 3.8067 3.8386, 1.5208 3.8062 3.8408, 1.5244 3.8047 3.8429, 1.5277 3.8024 3.8447, 1.5304 3.7993 3.8463, 1.5324 3.7955 3.8475, 1.5302 3.7955 3.8527, 1.541 3.7914 3.8408, 1.5369 3.7914 3.844, 1.5336 3.7914 3.8482, 1.5316 3.7914 3.853, 1.9448 3.6886 3.8386, 1.9499 3.6886 3.8379, 1.9547 3.6886 3.8359, 1.9587 3.6886 3.8328, 1.9619 3.6886 3.8287, 1.9638 3.6886 3.824, 1.9645 3.6886 3.8189, 1.8464 3.7914 3.838, 1.8464 3.787 3.8386, 1.8464 3.7921 3.8379, 1.8464 3.7955 3.8365, 1.8464 3.7968 3.8359, 1.8464 3.7992 3.8342, 1.8464 3.8009 3.8328, 1.8464 3.8023 3.8311, 1.8464 3.804 3.8287, 1.8464 3.8046 3.8274, 1.8464 3.806 3.824, 1.8464 3.8061 3.8233, 1.8464 3.8067 3.8189, 1.8719 3.7836 3.8386, 1.8732 3.7886 3.8379, 1.8744 3.7932 3.8359, 1.8755 3.7971 3.8328, 1.8763 3.8001 3.8287, 1.8768 3.802 3.824, 1.877 3.8027 3.8189, 1.8956 3.7738 3.8386, 1.8982 3.7782 3.8379, 1.9005 3.7823 3.8359, 1.9026 3.7859 3.8328, 1.9041 3.7886 3.8287, 1.9051 3.7903 3.824, 1.9055 3.7909 3.8189, 1.916 3.7582 3.8386, 1.9196 3.7618 3.8379, 1.923 3.7651 3.8359, 1.9258 3.768 3.8328, 1.9281 3.7702 3.8287, 1.9294 3.7716 3.824, 1.9299 3.7721 3.8189, 1.9316 3.7378 3.8386, 1.936 3.7403 3.8379, 1.9402 3.7427 3.8359, 1.9437 3.7447 3.8328, 1.9464 3.7463 3.8287, 1.9481 3.7473 3.824, 1.9487 3.7476 3.8189, 1.9415 3.714 3.8386, 1.9464 3.7154 3.8379, 1.951 3.7166 3.8359, 1.9549 3.7176 3.8328, 1.9579 3.7185 3.8287, 1.9598 3.719 3.824, 1.9605 3.7191 3.8189, 1.5118 0.8736 3.937, 1.5233 0.8644 3.9352, 1.5245 0.8656 3.9354, 1.5343 0.8596 3.9316, 1.5456 0.8567 3.9271, 1.5439 0.8575 3.9287, 1.5404 0.856 3.9273, 1.5496 0.8547 3.9224, 1.5482 0.8554 3.9248, 1.5439 0.8543 3.9235, 1.5319 0.8398 3.9202, 1.5311 0.8349 3.921, 1.5314 0.8342 3.9173, 1.5511 0.8539 3.9173, 1.5504 0.8543 3.921, 1.546 0.8533 3.9173, 1.5455 0.8535 3.9202, 1.5413 0.8513 3.9173, 1.5372 0.8482 3.9173, 1.541 0.8515 3.9197, 1.5398 0.8522 3.9226, 1.5307 0.8358 3.9224, 1.5311 0.8415 3.9235, 1.53 0.8372 3.9248, 1.5341 0.8441 3.9173, 1.537 0.8484 3.9196, 1.5361 0.8492 3.9224, 1.5341 0.8513 3.9261, 1.5287 0.8397 3.9271, 1.5293 0.8449 3.9273, 1.5278 0.8415 3.9287, 1.5321 0.8393 3.9173, 1.5339 0.8444 3.9197, 1.5332 0.8456 3.9226, 1.5314 0.8483 3.9264, 1.5276 0.8534 3.931, 1.5258 0.8511 3.9316, 1.5242 0.8487 3.9326, 1.5256 0.846 3.9311, 1.5257 0.8666 3.9357, 1.5312 0.8639 3.9342, 1.5367 0.8612 3.9326, 1.5393 0.8598 3.9311, 1.5319 0.8577 3.931, 1.5221 0.8633 3.9351, 1.5198 0.8609 3.9354, 1.5218 0.8686 3.9361, 1.5168 0.8635 3.9361, 1.5187 0.8597 3.9357, 1.5215 0.8542 3.9342, 1.5371 0.8539 3.9264, 1.5297 0.8557 3.9308, 1.5209 0.8621 3.9352, 1.5314 0.8342 3.8583, 1.5321 0.8393 3.8583, 1.5341 0.8441 3.8583, 1.5372 0.8482 3.8583, 1.5413 0.8513 3.8583, 1.546 0.8533 3.8583, 1.5511 0.8539 3.8583, 1.5129 -0.0115 3.9223, 1.5118 -0.0115 3.9224, 1.5118 -0.0122 3.9173, 1.514 -0.0115 3.9219, 1.5149 -0.0115 3.9213, 1.5157 -0.0115 3.9205, 1.5163 -0.0115 3.9195, 1.5167 -0.0115 3.9185, 1.5168 -0.0115 3.9173, 1.5216 -0.0096 3.9173, 1.5213 -0.0096 3.9195, 1.5257 -0.0064 3.9173, 1.5253 -0.0064 3.9204, 1.5288 -0.0024 3.9173, 1.5284 -0.0024 3.9211, 1.5308 0.0024 3.9173, 1.5303 0.0024 3.9216, 1.5314 0.0075 3.9173, 1.5309 0.0075 3.9217, 1.5307 0.0075 3.9224, 1.5289 0.0024 3.9256, 1.5295 0.0075 3.9259, 1.5287 0.0075 3.9271, 1.5266 0.0024 3.9292, 1.5271 0.0075 3.9296, 1.5256 0.0075 3.9312, 1.5236 0.0024 3.9322, 1.524 0.0075 3.9327, 1.5215 0.0075 3.9343, 1.52 0.0024 3.9345, 1.5203 0.0075 3.9351, 1.5168 0.0075 3.9363, 1.516 0.0024 3.9359, 1.5161 0.0075 3.9365, 1.5118 0.0075 3.937, 1.5118 0.0024 3.9363, 1.5271 -0.0024 3.9247, 1.5251 -0.0024 3.928, 1.5224 -0.0024 3.9307, 1.5191 -0.0024 3.9327, 1.5155 -0.0024 3.9339, 1.5118 -0.0024 3.9344, 1.5243 -0.0064 3.9234, 1.5226 -0.0064 3.926, 1.5204 -0.0064 3.9282, 1.5178 -0.0064 3.9299, 1.5149 -0.0064 3.9309, 1.5118 -0.0064 3.9312, 1.5206 -0.0096 3.9216, 1.5194 -0.0096 3.9235, 1.5179 -0.0096 3.925, 1.516 -0.0096 3.9262, 1.5139 -0.0096 3.9269, 1.5118 -0.0096 3.9272, 1.5321 0.8342 3.8532, 1.5328 0.8393 3.8533, 1.5347 0.8441 3.8539, 1.5391 0.8482 3.8513, 1.5364 0.8441 3.8497, 1.5347 0.8393 3.8488, 1.5341 0.8342 3.8484, 1.5377 0.8482 3.8547, 1.5442 0.8513 3.8513, 1.5413 0.8482 3.8484, 1.5391 0.8441 3.8462, 1.5377 0.8393 3.8448, 1.5372 0.8342 3.8444, 1.5416 0.8513 3.8557, 1.5486 0.8533 3.8539, 1.5462 0.8513 3.8497, 1.5442 0.8482 3.8462, 1.5426 0.8441 3.8435, 1.5416 0.8393 3.8418, 1.5413 0.8342 3.8412, 1.5462 0.8533 3.857, 1.5467 0.8533 3.8557, 1.5426 0.8513 3.8533, 1.5475 0.8533 3.8547, 1.5498 0.8533 3.8533, 1.5486 0.8513 3.8488, 1.5475 0.8482 3.8448, 1.5467 0.8441 3.8418, 1.5462 0.8393 3.8399, 1.546 0.8342 3.8393, 1.5511 0.8533 3.8532, 1.5511 0.8513 3.8484, 1.5511 0.8482 3.8444, 1.5511 0.8441 3.8412, 1.5511 0.8393 3.8393, 1.5511 0.8342 3.8386, 1.9638 0.8736 3.9224, 1.9619 0.8736 3.9272, 1.9632 0.8685 3.9222, 1.9613 0.8685 3.9268, 1.9613 0.8638 3.9217, 1.9596 0.8638 3.9258, 1.9583 0.8597 3.9209, 1.9569 0.8597 3.9243, 1.9543 0.8566 3.9199, 1.9533 0.8566 3.9222, 1.9497 0.8546 3.9186, 1.9492 0.8546 3.9199, 1.9448 0.8539 3.9173, 1.9587 0.8736 3.9312, 1.9583 0.8685 3.9308, 1.9569 0.8638 3.9294, 1.9547 0.8597 3.9272, 1.9518 0.8566 3.9243, 1.9484 0.8546 3.9209, 1.9645 0.8736 3.9173, 1.9638 0.8685 3.9173, 1.9619 0.8638 3.9173, 1.9587 0.8597 3.9173, 1.9547 0.8566 3.9173, 1.9499 0.8546 3.9173, 1.9547 0.8736 3.9344, 1.9499 0.8736 3.9363, 1.9543 0.8685 3.9338, 1.9497 0.8685 3.9357, 1.9533 0.8638 3.9321, 1.9492 0.8638 3.9338, 1.9518 0.8597 3.9294, 1.9484 0.8597 3.9308, 1.9497 0.8566 3.9258, 1.9474 0.8566 3.9268, 1.9474 0.8546 3.9217, 1.9461 0.8546 3.9222, 1.9448 0.8736 3.937, 1.9448 0.8685 3.9363, 1.9448 0.8638 3.9344, 1.9448 0.8597 3.9312, 1.9448 0.8566 3.9272, 1.9448 0.8546 3.9224, 1.5314 0.0075 3.8583, 1.5308 0.0024 3.8583, 1.5288 -0.0024 3.8583, 1.5257 -0.0064 3.8583, 1.5216 -0.0096 3.8583, 1.5168 -0.0115 3.8583, 1.5118 -0.0122 3.8583, 1.5321 0.0075 3.8532, 1.5341 0.0075 3.8484, 1.5372 0.0075 3.8444, 1.5413 0.0075 3.8412, 1.546 0.0075 3.8393, 1.5511 0.0075 3.8386, 1.9448 0.8539 3.8583, 1.9448 0.8533 3.8532, 1.9448 0.8513 3.8484, 1.9448 0.8482 3.8444, 1.9448 0.8441 3.8412, 1.9448 0.8393 3.8393, 1.9448 0.8342 3.8386, 1.9645 0.8736 3.8583, 1.9638 0.8685 3.8583, 1.9619 0.8638 3.8583, 1.9587 0.8597 3.8583, 1.9547 0.8566 3.8583, 1.9499 0.8546 3.8583, 1.5131 -0.0122 3.8481, 1.518 -0.0115 3.8494, 1.5226 -0.0096 3.8506, 1.5265 -0.0064 3.8517, 1.5296 -0.0024 3.8525, 1.5315 0.0024 3.853, 1.517 -0.0122 3.8386, 1.5214 -0.0115 3.8411, 1.5256 -0.0096 3.8435, 1.5291 -0.0064 3.8455, 1.5318 -0.0024 3.8471, 1.5335 0.0024 3.8481, 1.5233 -0.0122 3.8304, 1.5269 -0.0115 3.834, 1.5302 -0.0096 3.8374, 1.5331 -0.0064 3.8403, 1.5353 -0.0024 3.8425, 1.5367 0.0024 3.8439, 1.5314 -0.0122 3.8242, 1.534 -0.0115 3.8286, 1.5364 -0.0096 3.8327, 1.5384 -0.0064 3.8362, 1.54 -0.0024 3.8389, 1.5409 0.0024 3.8406, 1.5409 -0.0122 3.8202, 1.5423 -0.0115 3.8252, 1.5435 -0.0096 3.8297, 1.5445 -0.0064 3.8337, 1.5453 -0.0024 3.8367, 1.5459 0.0024 3.8386, 1.5511 -0.0122 3.8189, 1.5511 -0.0115 3.824, 1.5511 -0.0096 3.8287, 1.5511 -0.0064 3.8328, 1.5511 -0.0024 3.8359, 1.5511 0.0024 3.8379, 1.9499 0.8539 3.853, 1.9547 0.8558 3.8525, 1.9587 0.8588 3.8517, 1.9619 0.8628 3.8506, 1.9638 0.8673 3.8494, 1.9645 0.8723 3.8481, 1.9499 0.8519 3.8481, 1.9547 0.8536 3.8471, 1.9587 0.8563 3.8455, 1.9619 0.8598 3.8435, 1.9638 0.8639 3.8411, 1.9645 0.8683 3.8386, 1.9499 0.8486 3.8439, 1.9547 0.85 3.8425, 1.9587 0.8522 3.8403, 1.9619 0.8551 3.8374, 1.9638 0.8585 3.834, 1.9645 0.8621 3.8304, 1.9499 0.8444 3.8406, 1.9547 0.8454 3.8389, 1.9587 0.847 3.8362, 1.9619 0.849 3.8327, 1.9638 0.8514 3.8286, 1.9645 0.8539 3.8242, 1.9499 0.8395 3.8386, 1.9547 0.84 3.8367, 1.9587 0.8408 3.8337, 1.9619 0.8419 3.8297, 1.9638 0.8431 3.8252, 1.9645 0.8444 3.8202, 1.9499 0.8342 3.8379, 1.9547 0.8342 3.8359, 1.9587 0.8342 3.8328, 1.9619 0.8342 3.8287, 1.9638 0.8342 3.824, 1.9645 0.8342 3.8189, 1.8464 0.0075 3.8386, 1.8464 0.0024 3.8379, 1.8464 -0.0024 3.8359, 1.8464 -0.0064 3.8328, 1.8464 -0.0096 3.8287, 1.8464 -0.0115 3.824, 1.8464 -0.0122 3.8189, 1.9448 0.1059 3.8386, 1.9499 0.1059 3.8379, 1.9547 0.1059 3.8359, 1.9587 0.1059 3.8328, 1.9619 0.1059 3.8287, 1.9638 0.1059 3.824, 1.9645 0.1059 3.8189, 1.9415 0.0804 3.8386, 1.9464 0.0791 3.8379, 1.951 0.0779 3.8359, 1.9549 0.0768 3.8328, 1.9579 0.076 3.8287, 1.9598 0.0755 3.824, 1.9605 0.0753 3.8189, 1.9316 0.0567 3.8386, 1.936 0.0541 3.8379, 1.9402 0.0518 3.8359, 1.9437 0.0497 3.8328, 1.9464 0.0482 3.8287, 1.9481 0.0472 3.824, 1.9487 0.0468 3.8189, 1.916 0.0363 3.8386, 1.9196 0.0327 3.8379, 1.923 0.0293 3.8359, 1.9258 0.0265 3.8328, 1.9281 0.0242 3.8287, 1.9294 0.0229 3.824, 1.9299 0.0224 3.8189, 1.8956 0.0207 3.8386, 1.8982 0.0162 3.8379, 1.9005 0.0121 3.8359, 1.9026 0.0086 3.8328, 1.9041 0.0059 3.8287, 1.9051 0.0042 3.824, 1.9055 0.0036 3.8189, 1.8719 0.0108 3.8386, 1.8732 0.0059 3.8379, 1.8744 0.0013 3.8359, 1.8755 -0.0026 3.8328, 1.8763 -0.0056 3.8287, 1.8768 -0.0075 3.824, 1.877 -0.0082 3.8189, -1.4804 0.8736 3.937, -1.4896 0.8621 3.9352, -1.4884 0.8609 3.9354, -1.4944 0.8511 3.9316, -1.4973 0.8397 3.9271, -1.4964 0.8415 3.9287, -1.4979 0.8449 3.9273, -1.4993 0.8358 3.9224, -1.4986 0.8372 3.9248, -1.4997 0.8415 3.9235, -1.5142 0.8535 3.9202, -1.5191 0.8543 3.921, -1.5197 0.8539 3.9173, -1.5001 0.8342 3.9173, -1.4997 0.8349 3.921, -1.5007 0.8393 3.9173, -1.5005 0.8398 3.9202, -1.5027 0.8441 3.9173, -1.5058 0.8482 3.9173, -1.5025 0.8444 3.9197, -1.5018 0.8456 3.9226, -1.5182 0.8547 3.9224, -1.5125 0.8543 3.9235, -1.5168 0.8554 3.9248, -1.5099 0.8513 3.9173, -1.5056 0.8484 3.9196, -1.5048 0.8492 3.9224, -1.5027 0.8513 3.9261, -1.5143 0.8567 3.9271, -1.509 0.856 3.9273, -1.5125 0.8575 3.9287, -1.5146 0.8533 3.9173, -1.5096 0.8515 3.9197, -1.5084 0.8522 3.9226, -1.5057 0.8539 3.9264, -1.5005 0.8577 3.931, -1.5029 0.8596 3.9316, -1.5053 0.8612 3.9326, -1.508 0.8598 3.9311, -1.4873 0.8597 3.9357, -1.4901 0.8542 3.9342, -1.4928 0.8487 3.9326, -1.4942 0.846 3.9311, -1.4963 0.8534 3.931, -1.4907 0.8633 3.9351, -1.4931 0.8656 3.9354, -1.4854 0.8635 3.9361, -1.4905 0.8686 3.9361, -1.4943 0.8666 3.9357, -1.4998 0.8639 3.9342, -1.5 0.8483 3.9264, -1.4983 0.8557 3.9308, -1.4919 0.8644 3.9352, -1.5197 0.8539 3.8583, -1.5146 0.8533 3.8583, -1.5099 0.8513 3.8583, -1.5058 0.8482 3.8583, -1.5027 0.8441 3.8583, -1.5007 0.8393 3.8583, -1.5001 0.8342 3.8583, -1.9185 0.8736 3.9363, -1.9233 0.8736 3.9344, -1.9184 0.8685 3.9357, -1.923 0.8685 3.9338, -1.9179 0.8638 3.9338, -1.922 0.8638 3.9321, -1.917 0.8597 3.9308, -1.9204 0.8597 3.9294, -1.916 0.8566 3.9268, -1.9184 0.8566 3.9258, -1.9148 0.8546 3.9222, -1.916 0.8546 3.9217, -1.9134 0.8539 3.9173, -1.9274 0.8736 3.9312, -1.9269 0.8685 3.9308, -1.9255 0.8638 3.9294, -1.9233 0.8597 3.9272, -1.9204 0.8566 3.9243, -1.917 0.8546 3.9209, -1.9134 0.8736 3.937, -1.9134 0.8685 3.9363, -1.9134 0.8638 3.9344, -1.9134 0.8597 3.9312, -1.9134 0.8566 3.9272, -1.9134 0.8546 3.9224, -1.9305 0.8736 3.9272, -1.9325 0.8736 3.9224, -1.9299 0.8685 3.9268, -1.9318 0.8685 3.9222, -1.9282 0.8638 3.9258, -1.9299 0.8638 3.9217, -1.9255 0.8597 3.9243, -1.9269 0.8597 3.9209, -1.922 0.8566 3.9222, -1.923 0.8566 3.9199, -1.9179 0.8546 3.9199, -1.9184 0.8546 3.9186, -1.9331 0.8736 3.9173, -1.9325 0.8685 3.9173, -1.9305 0.8638 3.9173, -1.9274 0.8597 3.9173, -1.9233 0.8566 3.9173, -1.9185 0.8546 3.9173, -1.5197 0.8342 3.8386, -1.5146 0.8342 3.8393, -1.5148 0.8393 3.8399, -1.5197 0.8393 3.8393, -1.5153 0.8441 3.8418, -1.5197 0.8441 3.8412, -1.5128 0.8482 3.8462, -1.5112 0.8441 3.8435, -1.5102 0.8393 3.8418, -1.5099 0.8342 3.8412, -1.5161 0.8482 3.8448, -1.5197 0.8482 3.8444, -1.5128 0.8513 3.8513, -1.5099 0.8482 3.8484, -1.5077 0.8441 3.8462, -1.5063 0.8393 3.8448, -1.5058 0.8342 3.8444, -1.5172 0.8513 3.8488, -1.5197 0.8513 3.8484, -1.5153 0.8533 3.8557, -1.5112 0.8513 3.8533, -1.5077 0.8482 3.8513, -1.505 0.8441 3.8497, -1.5033 0.8393 3.8488, -1.5027 0.8342 3.8484, -1.5197 0.8533 3.8532, -1.5184 0.8533 3.8533, -1.5172 0.8533 3.8539, -1.5148 0.8513 3.8497, -1.5161 0.8533 3.8547, -1.5148 0.8533 3.857, -1.5102 0.8513 3.8557, -1.5063 0.8482 3.8547, -1.5033 0.8441 3.8539, -1.5014 0.8393 3.8533, -1.5007 0.8342 3.8532, -1.4855 0.0075 3.9363, -1.4902 0.0075 3.9344, -1.4853 0.0024 3.9357, -1.4899 0.0024 3.9338, -1.4848 -0.0024 3.9338, -1.4889 -0.0024 3.9321, -1.484 -0.0064 3.9308, -1.4873 -0.0064 3.9294, -1.4829 -0.0096 3.9268, -1.4853 -0.0096 3.9258, -1.4817 -0.0115 3.9222, -1.4829 -0.0115 3.9217, -1.4804 -0.0122 3.9173, -1.4943 0.0075 3.9312, -1.4938 0.0024 3.9308, -1.4924 -0.0024 3.9294, -1.4902 -0.0064 3.9272, -1.4873 -0.0096 3.9243, -1.484 -0.0115 3.9209, -1.4804 0.0075 3.937, -1.4804 0.0024 3.9363, -1.4804 -0.0024 3.9344, -1.4804 -0.0064 3.9312, -1.4804 -0.0096 3.9272, -1.4804 -0.0115 3.9224, -1.4974 0.0075 3.9272, -1.4994 0.0075 3.9224, -1.4968 0.0024 3.9268, -1.4987 0.0024 3.9222, -1.4951 -0.0024 3.9258, -1.4968 -0.0024 3.9217, -1.4924 -0.0064 3.9243, -1.4938 -0.0064 3.9209, -1.4889 -0.0096 3.9222, -1.4899 -0.0096 3.9199, -1.4848 -0.0115 3.9199, -1.4853 -0.0115 3.9186, -1.5001 0.0075 3.9173, -1.4994 0.0024 3.9173, -1.4974 -0.0024 3.9173, -1.4943 -0.0064 3.9173, -1.4902 -0.0096 3.9173, -1.4855 -0.0115 3.9173, -1.9331 0.8736 3.8583, -1.9326 0.8692 3.8583, -1.9324 0.8685 3.8583, -1.9312 0.8651 3.8583, -1.9304 0.8638 3.8583, -1.9288 0.8613 3.8583, -1.9273 0.8598 3.8583, -1.9257 0.8582 3.8583, -1.9232 0.8567 3.8583, -1.922 0.8559 3.8583, -1.9134 0.8539 3.8583, -1.9178 0.8544 3.8583, -1.9185 0.8547 3.8583, -1.9134 0.8533 3.8532, -1.9134 0.8513 3.8484, -1.9134 0.8482 3.8444, -1.9134 0.8441 3.8412, -1.9134 0.8393 3.8393, -1.9134 0.8342 3.8386, -1.5001 0.0075 3.8583, -1.5007 0.0075 3.8532, -1.5027 0.0075 3.8484, -1.5058 0.0075 3.8444, -1.5099 0.0075 3.8412, -1.5146 0.0075 3.8393, -1.5197 0.0075 3.8386, -1.4804 -0.0122 3.8583, -1.4848 -0.0117 3.8583, -1.4854 -0.0115 3.8583, -1.4889 -0.0103 3.8583, -1.4902 -0.0095 3.8583, -1.4926 -0.0079 3.8583, -1.4942 -0.0064 3.8583, -1.4958 -0.0048 3.8583, -1.4973 -0.0023 3.8583, -1.4981 -0.0011 3.8583, -1.4993 0.0024 3.8583, -1.4996 0.0031 3.8583, -1.9178 0.8537 3.853, -1.9178 0.8342 3.8381, -1.9178 0.8395 3.8388, -1.9185 0.8342 3.8379, -1.922 0.8398 3.8374, -1.922 0.8551 3.8527, -1.9257 0.8404 3.8351, -1.9232 0.8342 3.8359, -1.922 0.8342 3.8366, -1.9257 0.8574 3.8521, -1.9288 0.8413 3.8321, -1.9273 0.8342 3.8327, -1.9257 0.8342 3.8343, -1.9288 0.8604 3.8513, -1.9324 0.8342 3.824, -1.9312 0.8342 3.8274, -1.9312 0.8422 3.8285, -1.9304 0.8342 3.8287, -1.9288 0.8342 3.8312, -1.9178 0.8443 3.8408, -1.922 0.8451 3.8395, -1.9257 0.8462 3.8375, -1.9288 0.8478 3.8348, -1.9312 0.8497 3.8316, -1.9178 0.8485 3.844, -1.922 0.8495 3.843, -1.9257 0.8512 3.8413, -1.9288 0.8534 3.8391, -1.9312 0.856 3.8365, -1.9178 0.8517 3.8482, -1.922 0.853 3.8475, -1.9257 0.855 3.8463, -1.9288 0.8577 3.8447, -1.9312 0.8609 3.8429, -1.9312 0.864 3.8503, -1.9331 0.8342 3.8189, -1.9326 0.8342 3.8233, -1.9326 0.8433 3.8245, -1.9326 0.8517 3.828, -1.9326 0.859 3.8335, -1.9326 0.8645 3.8408, -1.9326 0.868 3.8492, -1.9331 0.8444 3.8202, -1.9331 0.8539 3.8242, -1.9331 0.8621 3.8304, -1.9331 0.8683 3.8386, -1.9331 0.8723 3.8481, -1.4859 -0.0117 3.8492, -1.4817 -0.0122 3.8481, -1.5197 -0.0122 3.8189, -1.5096 -0.0122 3.8202, -1.5197 -0.0117 3.8233, -1.5107 -0.0117 3.8245, -1.5197 -0.0115 3.824, -1.5118 -0.0103 3.8285, -1.49 -0.0103 3.8503, -1.5127 -0.0079 3.8321, -1.5197 -0.0095 3.8287, -1.5197 -0.0103 3.8274, -1.4936 -0.0079 3.8513, -1.5135 -0.0048 3.8351, -1.5197 -0.0064 3.8327, -1.5197 -0.0079 3.8312, -1.4966 -0.0048 3.8521, -1.5197 0.0024 3.8379, -1.5197 -0.0011 3.8366, -1.5141 -0.0011 3.8374, -1.5197 -0.0023 3.8359, -1.5197 -0.0048 3.8343, -1.5001 -0.0122 3.8242, -1.5022 -0.0117 3.828, -1.5043 -0.0103 3.8316, -1.5062 -0.0079 3.8348, -1.5078 -0.0048 3.8375, -1.5089 -0.0011 3.8395, -1.4919 -0.0122 3.8304, -1.495 -0.0117 3.8335, -1.4979 -0.0103 3.8365, -1.5006 -0.0079 3.8391, -1.5028 -0.0048 3.8413, -1.5044 -0.0011 3.843, -1.4856 -0.0122 3.8386, -1.4894 -0.0117 3.8408, -1.493 -0.0103 3.8429, -1.4963 -0.0079 3.8447, -1.499 -0.0048 3.8463, -1.501 -0.0011 3.8475, -1.4988 -0.0011 3.8527, -1.5197 0.0031 3.8381, -1.5145 0.0031 3.8388, -1.5097 0.0031 3.8408, -1.5055 0.0031 3.844, -1.5023 0.0031 3.8482, -1.5003 0.0031 3.853, -1.9134 0.1059 3.8386, -1.9185 0.1059 3.8379, -1.9233 0.1059 3.8359, -1.9274 0.1059 3.8328, -1.9305 0.1059 3.8287, -1.9325 0.1059 3.824, -1.9331 0.1059 3.8189, -1.815 0.0075 3.8386, -1.815 0.0024 3.8379, -1.815 -0.0024 3.8359, -1.815 -0.0064 3.8328, -1.815 -0.0096 3.8287, -1.815 -0.0115 3.824, -1.815 -0.0122 3.8189, -1.8405 0.0108 3.8386, -1.8418 0.0059 3.8379, -1.843 0.0013 3.8359, -1.8441 -0.0026 3.8328, -1.8449 -0.0056 3.8287, -1.8454 -0.0075 3.824, -1.8456 -0.0082 3.8189, -1.8642 0.0207 3.8386, -1.8668 0.0162 3.8379, -1.8692 0.0121 3.8359, -1.8712 0.0086 3.8328, -1.8728 0.0059 3.8287, -1.8737 0.0042 3.824, -1.8741 0.0036 3.8189, -1.8846 0.0363 3.8386, -1.8882 0.0327 3.8379, -1.8916 0.0293 3.8359, -1.8945 0.0265 3.8328, -1.8967 0.0242 3.8287, -1.8981 0.0229 3.824, -1.8985 0.0224 3.8189, -1.9003 0.0567 3.8386, -1.9047 0.0541 3.8379, -1.9088 0.0518 3.8359, -1.9123 0.0497 3.8328, -1.915 0.0482 3.8287, -1.9167 0.0472 3.824, -1.9173 0.0468 3.8189, -1.9101 0.0804 3.8386, -1.915 0.0791 3.8379, -1.9196 0.0779 3.8359, -1.9235 0.0768 3.8328, -1.9266 0.076 3.8287, -1.9285 0.0755 3.824, -1.9291 0.0753 3.8189, -1.4804 2.9209 3.937, -1.4919 2.93 3.9352, -1.4931 2.9289 3.9354, -1.5029 2.9349 3.9316, -1.5157 2.9385 3.9258, -1.5125 2.9369 3.9287, -1.509 2.9384 3.9273, -1.5186 2.94 3.9217, -1.5168 2.9391 3.9248, -1.5125 2.9402 3.9235, -1.5005 2.9546 3.9202, -1.4997 2.9595 3.921, -1.5001 2.9602 3.9173, -1.5197 2.9405 3.9173, -1.5191 2.9402 3.921, -1.5146 2.9412 3.9173, -1.5142 2.941 3.9202, -1.5099 2.9432 3.9173, -1.5058 2.9463 3.9173, -1.5096 2.943 3.9197, -1.5084 2.9423 3.9226, -1.4993 2.9587 3.9224, -1.4997 2.953 3.9235, -1.4986 2.9573 3.9248, -1.5027 2.9504 3.9173, -1.5056 2.9461 3.9196, -1.5048 2.9453 3.9224, -1.5027 2.9432 3.9261, -1.4973 2.9547 3.9271, -1.4979 2.9495 3.9273, -1.4964 2.953 3.9287, -1.5007 2.9551 3.9173, -1.5025 2.9501 3.9197, -1.5018 2.9489 3.9226, -1.5 2.9462 3.9264, -1.4963 2.941 3.931, -1.4944 2.9434 3.9316, -1.4928 2.9458 3.9326, -1.4942 2.9485 3.9311, -1.511 2.9362 3.9295, -1.5053 2.9333 3.9326, -1.5049 2.9331 3.9327, -1.4973 2.9293 3.9349, -1.4943 2.9278 3.9357, -1.5005 2.9367 3.931, -1.4907 2.9312 3.9351, -1.4884 2.9336 3.9354, -1.489 2.9252 3.9362, -1.4854 2.9309 3.9361, -1.4873 2.9348 3.9357, -1.4901 2.9403 3.9342, -1.5057 2.9405 3.9264, -1.4983 2.9388 3.9308, -1.4896 2.9324 3.9352, -1.5001 2.9602 3.8583, -1.5007 2.9551 3.8583, -1.5027 2.9504 3.8583, -1.5058 2.9463 3.8583, -1.5099 2.9432 3.8583, -1.5146 2.9412 3.8583, -1.5197 2.9405 3.8583, -1.4804 3.7955 3.9349, -1.4804 3.7968 3.9344, -1.4848 3.7968 3.9338, -1.4804 3.7992 3.9326, -1.4804 3.8009 3.9312, -1.484 3.8009 3.9308, -1.4829 3.804 3.9268, -1.4817 3.806 3.9222, -1.4829 3.806 3.9217, -1.4804 3.8067 3.9173, -1.4855 3.806 3.9173, -1.4853 3.806 3.9186, -1.4804 3.8061 3.9217, -1.4804 3.8023 3.9295, -1.4804 3.804 3.9272, -1.4804 3.8046 3.9258, -1.4804 3.806 3.9224, -1.4873 3.804 3.9243, -1.4848 3.806 3.9199, -1.4889 3.804 3.9222, -1.4899 3.804 3.9199, -1.4902 3.804 3.9173, -1.4853 3.804 3.9258, -1.484 3.806 3.9209, -1.4873 3.8009 3.9294, -1.4902 3.8009 3.9272, -1.4924 3.8009 3.9243, -1.4938 3.8009 3.9209, -1.4943 3.8009 3.9173, -1.4889 3.7968 3.9321, -1.4924 3.7968 3.9294, -1.4951 3.7968 3.9258, -1.4968 3.7968 3.9217, -1.4974 3.7968 3.9173, -1.4804 3.7914 3.9364, -1.4804 3.7921 3.9363, -1.4853 3.7921 3.9357, -1.4899 3.7921 3.9338, -1.4938 3.7921 3.9308, -1.4968 3.7921 3.9268, -1.4987 3.7921 3.9222, -1.4994 3.7921 3.9173, -1.4855 3.787 3.9363, -1.4804 3.787 3.937, -1.4902 3.787 3.9344, -1.4943 3.787 3.9312, -1.4974 3.787 3.9272, -1.4994 3.787 3.9224, -1.5001 3.787 3.9173, -1.5197 2.9559 3.8392, -1.5197 2.9551 3.8393, -1.5148 2.9551 3.8399, -1.5197 2.9517 3.8407, -1.5197 2.9504 3.8412, -1.5153 2.9504 3.8418, -1.5197 2.9481 3.843, -1.5197 2.9463 3.8444, -1.5161 2.9463 3.8448, -1.5197 2.945 3.8461, -1.5197 2.9432 3.8484, -1.5172 2.9432 3.8488, -1.5197 2.9426 3.8498, -1.5197 2.9412 3.8532, -1.5184 2.9412 3.8533, -1.5153 2.9412 3.8557, -1.5161 2.9412 3.8547, -1.5148 2.9412 3.857, -1.5172 2.9412 3.8539, -1.5197 2.9411 3.8539, -1.5102 2.9432 3.8557, -1.5112 2.9432 3.8533, -1.5128 2.9432 3.8513, -1.5148 2.9432 3.8497, -1.5063 2.9463 3.8547, -1.5077 2.9463 3.8513, -1.5099 2.9463 3.8484, -1.5128 2.9463 3.8462, -1.5033 2.9504 3.8539, -1.505 2.9504 3.8497, -1.5077 2.9504 3.8462, -1.5112 2.9504 3.8435, -1.5014 2.9551 3.8533, -1.5033 2.9551 3.8488, -1.5063 2.9551 3.8448, -1.5102 2.9551 3.8418, -1.5007 2.9602 3.8532, -1.5027 2.9602 3.8484, -1.5058 2.9602 3.8444, -1.5099 2.9602 3.8412, -1.5146 2.9602 3.8393, -1.5197 2.9602 3.8386, -1.9134 2.9293 3.9349, -1.9134 2.9307 3.9344, -1.9179 2.9307 3.9338, -1.9134 2.933 3.9326, -1.9134 2.9348 3.9312, -1.917 2.9348 3.9308, -1.916 2.9379 3.9268, -1.9148 2.9399 3.9222, -1.916 2.9399 3.9217, -1.9134 2.9405 3.9173, -1.9185 2.9399 3.9173, -1.9184 2.9399 3.9186, -1.9134 2.94 3.9217, -1.9134 2.9361 3.9295, -1.9134 2.9379 3.9272, -1.9134 2.9385 3.9258, -1.9134 2.9399 3.9224, -1.9204 2.9379 3.9243, -1.9179 2.9399 3.9199, -1.922 2.9379 3.9222, -1.923 2.9379 3.9199, -1.9233 2.9379 3.9173, -1.9184 2.9379 3.9258, -1.917 2.9399 3.9209, -1.9204 2.9348 3.9294, -1.9233 2.9348 3.9272, -1.9255 2.9348 3.9243, -1.9269 2.9348 3.9209, -1.9274 2.9348 3.9173, -1.922 2.9307 3.9321, -1.9255 2.9307 3.9294, -1.9282 2.9307 3.9258, -1.9299 2.9307 3.9217, -1.9305 2.9307 3.9173, -1.9134 2.9252 3.9364, -1.9134 2.926 3.9363, -1.9184 2.926 3.9357, -1.923 2.926 3.9338, -1.9269 2.926 3.9308, -1.9299 2.926 3.9268, -1.9318 2.926 3.9222, -1.9325 2.926 3.9173, -1.9185 2.9209 3.9363, -1.9134 2.9209 3.937, -1.9233 2.9209 3.9344, -1.9274 2.9209 3.9312, -1.9305 2.9209 3.9272, -1.9325 2.9209 3.9224, -1.9331 2.9209 3.9173, -1.5001 3.787 3.8583, -1.4994 3.7921 3.8583, -1.4974 3.7968 3.8583, -1.4943 3.8009 3.8583, -1.4902 3.804 3.8583, -1.4855 3.806 3.8583, -1.4804 3.8067 3.8583, -1.5007 3.787 3.8532, -1.5027 3.787 3.8484, -1.5058 3.787 3.8444, -1.5099 3.787 3.8412, -1.5146 3.787 3.8393, -1.5197 3.787 3.8386, -1.9134 2.9405 3.8583, -1.9134 2.9411 3.8539, -1.9134 2.9412 3.8532, -1.9134 2.9426 3.8498, -1.9134 2.9432 3.8484, -1.9134 2.945 3.8461, -1.9134 2.9463 3.8444, -1.9134 2.9481 3.843, -1.9134 2.9504 3.8412, -1.9134 2.9517 3.8407, -1.9134 2.9551 3.8393, -1.9134 2.9559 3.8392, -1.9134 2.9602 3.8386, -1.9331 2.9209 3.8583, -1.9325 2.926 3.8583, -1.9305 2.9307 3.8583, -1.9274 2.9348 3.8583, -1.9233 2.9379 3.8583, -1.9185 2.9399 3.8583, -1.5197 3.8067 3.8189, -1.5197 3.8061 3.8233, -1.5096 3.8067 3.8202, -1.5109 3.806 3.8252, -1.5197 3.806 3.824, -1.5197 3.8046 3.8274, -1.5121 3.804 3.8297, -1.5197 3.804 3.8287, -1.5197 3.8023 3.8311, -1.5132 3.8009 3.8337, -1.5197 3.8009 3.8328, -1.5197 3.7992 3.8342, -1.514 3.7968 3.8367, -1.4817 3.8067 3.8481, -1.4866 3.806 3.8494, -1.4912 3.804 3.8506, -1.4952 3.8009 3.8517, -1.4982 3.7968 3.8525, -1.5001 3.7921 3.853, -1.4856 3.8067 3.8386, -1.4901 3.806 3.8411, -1.4942 3.804 3.8435, -1.4977 3.8009 3.8455, -1.5004 3.7968 3.8471, -1.5021 3.7921 3.8481, -1.4919 3.8067 3.8304, -1.4955 3.806 3.834, -1.4989 3.804 3.8374, -1.5017 3.8009 3.8403, -1.504 3.7968 3.8425, -1.5053 3.7921 3.8439, -1.5001 3.8067 3.8242, -1.5026 3.806 3.8286, -1.505 3.804 3.8327, -1.507 3.8009 3.8362, -1.5086 3.7968 3.8389, -1.5096 3.7921 3.8406, -1.5145 3.7921 3.8386, -1.5197 3.7968 3.8359, -1.5197 3.7955 3.8365, -1.5197 3.7921 3.8379, -1.5197 3.7914 3.838, -1.9185 2.9602 3.8379, -1.9185 2.955 3.8386, -1.9185 2.95 3.8406, -1.9185 2.9458 3.8439, -1.9185 2.9426 3.8481, -1.9185 2.9406 3.853, -1.9233 2.9387 3.8525, -1.9274 2.9356 3.8517, -1.9305 2.9317 3.8506, -1.9325 2.9271 3.8494, -1.9331 2.9222 3.8481, -1.9233 2.9409 3.8471, -1.9274 2.9382 3.8455, -1.9305 2.9347 3.8435, -1.9325 2.9305 3.8411, -1.9331 2.9261 3.8386, -1.9233 2.9444 3.8425, -1.9274 2.9422 3.8403, -1.9305 2.9393 3.8374, -1.9325 2.936 3.834, -1.9331 2.9324 3.8304, -1.9233 2.9491 3.8389, -1.9274 2.9475 3.8362, -1.9305 2.9455 3.8327, -1.9325 2.9431 3.8286, -1.9331 2.9405 3.8242, -1.9233 2.9544 3.8367, -1.9274 2.9536 3.8337, -1.9305 2.9526 3.8297, -1.9325 2.9514 3.8252, -1.9331 2.95 3.8202, -1.9233 2.9602 3.8359, -1.9274 2.9602 3.8328, -1.9305 2.9602 3.8287, -1.9325 2.9602 3.824, -1.9331 2.9602 3.8189, -1.815 3.7955 3.8366, -1.815 3.7914 3.8381, -1.815 3.787 3.8386, -1.815 3.7993 3.8343, -1.815 3.8024 3.8312, -1.815 3.8047 3.8274, -1.815 3.8062 3.8233, -1.815 3.8067 3.8189, -1.9134 3.6886 3.8386, -1.9178 3.6886 3.8381, -1.9185 3.6886 3.8379, -1.922 3.6886 3.8366, -1.9232 3.6886 3.8359, -1.9257 3.6886 3.8343, -1.9273 3.6886 3.8327, -1.9288 3.6886 3.8312, -1.9304 3.6886 3.8287, -1.9312 3.6886 3.8274, -1.9324 3.6886 3.824, -1.9326 3.6886 3.8233, -1.9331 3.6886 3.8189, -1.9101 3.714 3.8386, -1.9143 3.7152 3.8381, -1.9183 3.7163 3.8366, -1.9219 3.7172 3.8343, -1.925 3.718 3.8312, -1.9272 3.7186 3.8274, -1.9286 3.719 3.8233, -1.9291 3.7191 3.8189, -1.9003 3.7378 3.8386, -1.9041 3.74 3.8381, -1.9077 3.7421 3.8366, -1.9109 3.7439 3.8343, -1.9136 3.7455 3.8312, -1.9156 3.7467 3.8274, -1.9169 3.7474 3.8233, -1.9173 3.7476 3.8189, -1.8846 3.7582 3.8386, -1.8877 3.7613 3.8381, -1.8907 3.7642 3.8366, -1.8933 3.7668 3.8343, -1.8955 3.7691 3.8312, -1.8972 3.7707 3.8274, -1.8982 3.7717 3.8233, -1.8985 3.7721 3.8189, -1.8642 3.7738 3.8386, -1.8664 3.7776 3.8381, -1.8685 3.7812 3.8366, -1.8704 3.7844 3.8343, -1.8719 3.7871 3.8312, -1.8731 3.7892 3.8274, -1.8738 3.7904 3.8233, -1.8741 3.7909 3.8189, -1.8405 3.7836 3.8386, -1.8416 3.7879 3.8381, -1.8427 3.7919 3.8366, -1.8437 3.7955 3.8343, -1.8445 3.7985 3.8312, -1.8451 3.8008 3.8274, -1.8455 3.8022 3.8233, -1.8456 3.8027 3.8189, 1.0234 1.9973 11.7432, 0.8597 2.0919 11.8898, 0.8818 1.9035 11.8898, 1.1791 1.7502 11.5748, 1.1968 1.8972 11.5748, 1.184 1.9046 11.5873, 0.857 1.6913 11.8898, -0.5749 2.9201 11.5748, -0.6142 2.8906 11.5748, -0.4119 2.6505 11.8898, -0.5833 2.5229 11.8898, -0.2377 2.7255 11.8898, -0.4015 2.82 11.7432, -0.5602 2.9116 11.5894, -0.8011 2.7504 11.5748, -0.8406 2.7019 11.5748, -0.7182 2.3573 11.8898, -0.985 2.5246 11.5748, -1.0135 2.4635 11.5748, -0.8085 2.1637 11.8898, -1.1081 2.2606 11.5748, -1.1217 2.1897 11.5748, -0.8486 1.9539 11.8898, -1.1629 1.9745 11.5748, -1.1584 1.8976 11.5748, -0.8362 1.7406 11.8898, -1.1459 1.6837 11.5748, -1.1214 1.6057 11.5748, -0.7719 1.5369 11.8898, -1.0584 1.4059 11.5748, -1.0129 1.3322 11.5748, -0.6598 1.3551 11.8898, -0.9054 1.1579 11.5748, -0.8399 1.0943 11.5748, -0.5066 1.2063 11.8898, -0.6965 0.955 11.5748, -0.6132 0.9069 11.5748, -0.3216 1.0995 11.8898, -0.4442 0.8094 11.5748, -0.3471 0.7818 11.5748, -0.1161 1.0412 11.8898, -0.164 0.7299 11.5748, -0.0582 0.7268 11.5748, 0.0974 1.035 11.8898, 0.1272 0.7214 11.5748, 0.2352 0.7453 11.5748, 0.306 1.0812 11.8898, 0.4116 0.7844 11.5748, 0.5147 0.8362 11.5748, 0.4969 1.1771 11.8898, 0.6719 0.9152 11.5748, 0.7628 0.9938 11.5748, 0.6585 1.3167 11.8898, 0.8923 1.1056 11.5748, 0.964 1.2081 11.5748, 0.781 1.4917 11.8898, 1.0593 1.3442 11.5748, 1.1055 1.4656 11.5748, 1.1629 1.6165 11.5748, -2.0906 2.9773 0.2756, -2.0906 2.9773 3.8583, -2.0906 3.6072 0.2756, -2.0906 3.6072 3.8583, -2.0906 2.5209 0.1969, -2.0906 2.5246 0.1969, -2.0906 2.5144 0.1955, -2.0906 1.3238 0.1916, -2.0906 1.3143 0.1955, -2.0906 1.3002 0.2756, -2.0906 1.3041 0.1969, -2.0906 1.3002 0.1969, -2.0906 2.5209 0.2756, -2.0906 2.5049 0.1916, -2.0906 2.4967 0.1853, -2.0906 2.4905 0.1772, -2.0906 2.4852 0.1575, -2.0906 2.2551 0.0441, -2.0906 2.4865 0.1677, -2.0906 2.2419 0.0591, -2.0906 2.2254 0.0703, -2.0906 2.2065 0.077, -2.0906 2.1866 0.0787, -2.0906 2.1331 0.0545, -2.0906 1.3421 0.1677, -2.0906 2.1486 0.067, -2.0906 2.1668 0.0753, -2.0906 1.3319 0.1853, -2.0906 1.3382 0.1772, -2.0906 1.7149 0.0198, -2.0906 1.7075 0.0384, -2.0906 1.6956 0.0545, -2.0906 1.68 0.067, -2.0906 1.6618 0.0753, -2.0906 1.6421 0.0787, -2.0906 1.6222 0.077, -2.0906 1.6033 0.0703, -2.0906 2.3013 0.0, -2.0906 2.2917 0.0012, -2.0906 2.2827 0.0047, -2.0906 2.2748 0.0103, -2.0906 2.2685 0.0176, -2.0906 2.2641 0.0262, -2.0906 2.1112 0.0, -2.0906 1.7175 0.0, -2.0906 2.1137 0.0198, -2.0906 2.1212 0.0384, -2.0906 1.5602 0.0176, -2.0906 1.5539 0.0103, -2.0906 1.3435 0.1575, -2.0906 1.3448 0.0292, -2.0906 1.3435 0.0394, -2.0906 1.3828 0.0, -2.0906 1.5274 0.0, -2.0906 2.4458 0.0, -2.0906 2.4852 0.0394, -2.0906 2.4838 0.0292, -2.0906 1.5867 0.0591, -2.0906 1.5735 0.0441, -2.0906 1.5645 0.0262, -2.0906 1.546 0.0047, -2.0906 1.537 0.0012, -2.0906 1.3726 0.0013, -2.0906 1.3631 0.0053, -2.0906 1.355 0.0115, -2.0906 2.4655 0.0053, -2.0906 2.456 0.0013, -2.0906 2.4737 0.0115, -2.0906 2.4799 0.0197, -2.0906 1.3487 0.0197, 2.122 0.8513 0.2756, 2.122 0.8513 3.8583, 2.122 0.2214 0.2756, 2.122 0.2214 3.8583, 2.122 3.6072 0.2756, 2.122 3.6072 3.8583, 2.122 2.9773 0.2756, 2.122 2.9773 3.8583, -2.0119 1.5274 0.0, -2.0119 1.3828 0.0, -2.0119 2.4458 0.0, -2.0119 2.3013 0.0, 0.6161 0.2975 0.1969, 0.612 0.2944 0.1969, 0.6062 0.3001 0.1969, -1.815 2.8359 0.1969, -2.0119 2.8359 0.1969, -2.0119 3.6072 0.1969, 1.8267 0.9905 0.1969, 1.8362 0.9866 0.1969, 2.0432 0.2214 0.1969, 1.8464 0.9852 0.1969, 2.0432 0.9852 0.1969, 1.807 1.2608 0.1969, 1.807 1.0246 0.1969, 0.9942 0.2944 0.1969, 1.8084 1.271 0.1969, 0.6259 0.3001 0.1969, 0.6208 0.2995 0.1969, 1.8186 1.2887 0.1969, 1.8123 2.5406 0.1969, 1.8186 2.5325 0.1969, 0.9854 3.5292 0.1969, 0.9803 0.3001 0.1969, 0.6089 0.2903 0.1969, 0.6069 0.2856 0.1969, 0.6062 0.2805 0.1969, -1.7756 2.5603 0.1969, -1.7756 2.7965 0.1969, -0.9628 3.5343 0.1969, -1.777 2.5501 0.1969, -1.7809 1.0049 0.1969, -1.777 1.0144 0.1969, -0.9628 0.2944 0.1969, -1.7756 1.0246 0.1969, -0.9587 0.2975 0.1969, -1.777 1.271 0.1969, -1.7809 1.2805 0.1969, -0.954 0.2995 0.1969, -1.8048 0.9866 0.1969, -2.0119 0.2214 0.1969, -1.815 0.9852 0.1969, -2.0119 0.9852 0.1969, 1.8123 1.0049 0.1969, 1.8186 0.9968 0.1969, 0.9993 0.2856 0.1969, 1.8123 1.2805 0.1969, 0.9901 0.2975 0.1969, 0.9854 0.2995 0.1969, -0.5847 3.5311 0.1969, -0.5806 3.5343 0.1969, -0.5749 3.5285 0.1969, -1.815 1.3002 0.1969, -2.0119 1.3041 0.1969, 1.8084 2.5501 0.1969, -1.7953 0.9905 0.1969, -1.7872 0.9968 0.1969, -0.9679 0.2856 0.1969, -0.9686 0.2805 0.1969, -0.9686 0.2411 0.1969, -0.9692 0.236 0.1969, 1.8084 1.0144 0.1969, 0.9973 0.2903 0.1969, -0.5945 3.5285 0.1969, -0.5895 3.5292 0.1969, -1.7872 2.5325 0.1969, 1.8362 2.8346 0.1969, 2.0432 3.6072 0.1969, 1.8464 2.8359 0.1969, 2.0432 2.8359 0.1969, -0.5775 0.2903 0.1969, -0.5749 0.3001 0.1969, -0.5755 0.2856 0.1969, -0.5749 0.2805 0.1969, -0.9679 3.5431 0.1969, -0.9686 3.5482 0.1969, -0.9882 3.6072 0.1969, -0.9686 3.5876 0.1969, -0.9489 3.5285 0.1969, -0.5775 3.5383 0.1969, -0.5755 3.5431 0.1969, -0.5749 3.5482 0.1969, 0.6062 3.5285 0.1969, 0.6062 3.5482 0.1969, 0.6069 3.5431 0.1969, 0.6089 3.5383 0.1969, 0.612 3.5343 0.1969, 0.6161 3.5311 0.1969, 1.8123 2.8162 0.1969, 1.8084 2.8067 0.1969, 0.9942 3.5343 0.1969, 1.807 2.7965 0.1969, 0.9901 3.5311 0.1969, 1.8267 2.8306 0.1969, 1.8186 2.8244 0.1969, 0.9993 3.5431 0.1969, -0.5806 0.2944 0.1969, -0.5847 0.2975 0.1969, -0.5895 0.2995 0.1969, -0.5945 0.3001 0.1969, -0.9489 0.3001 0.1969, -1.7756 1.2608 0.1969, -0.9659 0.2903 0.1969, 0.9999 0.2805 0.1969, 1.0196 0.2214 0.1969, 0.9999 0.2411 0.1969, 1.0145 0.2221 0.1969, 1.0098 0.224 0.1969, -1.777 2.8067 0.1969, -1.7809 2.8162 0.1969, -0.9659 3.5383 0.1969, -1.7872 2.8244 0.1969, -1.7953 2.8306 0.1969, -1.8048 2.8346 0.1969, -1.7809 2.5406 0.1969, -0.9587 3.5311 0.1969, -0.954 3.5292 0.1969, -1.7872 1.2887 0.1969, -1.8048 2.5223 0.1969, 0.6208 3.5292 0.1969, 0.6259 3.5285 0.1969, 0.9803 3.5285 0.1969, 0.9999 3.5876 0.1969, 1.0004 3.5919 0.1969, 0.9999 3.5482 0.1969, 1.0019 3.5961 0.1969, -0.9712 0.2313 0.1969, -0.9743 0.2272 0.1969, -0.9784 0.224 0.1969, 1.0057 0.2272 0.1969, 1.0026 0.2313 0.1969, 1.0006 0.236 0.1969, -2.0119 2.5209 0.1969, -1.815 2.5209 0.1969, -1.8048 1.2989 0.1969, -1.7953 1.2949 0.1969, 1.8267 2.5262 0.1969, 1.8362 1.2989 0.1969, 1.8464 2.5209 0.1969, 2.0432 2.5209 0.1969, 2.0432 1.3041 0.1969, 1.807 2.5603 0.1969, 0.9973 3.5383 0.1969, -0.9784 3.6046 0.1969, -0.9743 3.6015 0.1969, -0.9712 3.5974 0.1969, 1.8362 2.5223 0.1969, 1.8464 1.3002 0.1969, 2.122 1.3002 0.1969, 2.122 1.3041 0.1969, -0.9832 3.6066 0.1969, -0.9692 3.5926 0.1969, -1.7953 2.5262 0.1969, 1.8267 1.2949 0.1969, -0.9832 0.2221 0.1969, -0.9882 0.2214 0.1969, 1.0042 3.5998 0.1969, 1.0074 3.6029 0.1969, 1.0111 3.6053 0.1969, 1.0152 3.6067 0.1969, 1.0196 3.6072 0.1969, -2.0119 2.1112 0.0, -2.3473 2.1112 -0.5895, -2.2509 2.1112 -0.5637, -2.2644 2.1112 -0.6112, -2.0179 2.1112 -1.3507, -2.0918 2.1112 -1.378, -2.2544 2.1112 -0.7086, -2.3498 2.1112 -0.6775, -2.2656 2.1112 -0.6605, -2.3565 2.1112 -0.6483, -2.3557 2.1112 -0.6183, -2.3498 1.7175 -0.6775, -2.0918 1.7175 -1.378, -2.0179 1.7175 -1.3507, -2.2544 1.7175 -0.7086, -2.2656 1.7175 -0.6605, -2.3565 1.7175 -0.6483, -2.2644 1.7175 -0.6112, -2.0119 1.7175 0.0, -2.2509 1.7175 -0.5637, -2.3473 1.7175 -0.5895, -2.3557 1.7175 -0.6183, 0.6062 3.6072 0.1969, 0.6062 3.6072 0.0, -0.5749 3.6072 0.1969, -0.5749 3.6072 0.0, 1.0196 3.6072 0.2756, 2.0432 3.6072 0.2756, 2.0636 3.6072 0.1995, 2.0826 3.6072 0.2074, 1.7283 3.6072 3.8583, 1.7283 3.6072 3.937, 2.0432 3.6072 3.8583, 2.0432 3.6072 3.937, 2.1193 3.6072 0.2552, 2.1114 3.6072 0.2362, 2.0989 3.6072 0.2199, 2.0636 3.6072 3.9343, 2.0826 3.6072 3.9265, 2.0989 3.6072 3.9139, 2.1114 3.6072 3.8976, 2.1193 3.6072 3.8786, -0.9882 0.2214 0.2756, -2.0119 0.2214 0.2756, -2.0322 0.2214 0.1995, -2.0512 0.2214 0.2074, -1.6969 0.2214 3.8583, -1.6969 0.2214 3.937, -2.0119 0.2214 3.8583, -2.0119 0.2214 3.937, -2.0675 0.2214 3.9139, -2.0801 0.2214 3.8976, -2.0879 0.2214 3.8786, -2.0906 0.2214 3.8583, -2.0906 0.2214 0.2756, -2.0879 0.2214 0.2552, -2.0322 0.2214 3.9343, -2.0512 0.2214 3.9265, -2.0801 0.2214 0.2362, -2.0675 0.2214 0.2199, -0.5749 0.2214 0.1969, -0.5749 0.2214 0.0, 0.6062 0.2214 0.1969, 0.6062 0.2214 0.0, 2.0432 2.9773 0.2756, 2.0432 2.9773 3.8583, 2.0432 0.8513 0.2756, 2.0432 0.2214 0.2756, 2.0432 0.8513 3.8583, 2.0432 0.2214 3.8583, -2.0119 0.8513 0.2756, -2.0119 0.8513 3.8583, -2.0119 2.9773 0.2756, -2.0119 3.6072 0.2756, -2.0119 2.9773 3.8583, -2.0119 3.6072 3.8583, 2.122 2.8359 0.2756, 1.8464 2.8359 0.2756, 1.8362 2.8346 0.2756, 1.8267 2.8306 0.2756, -2.0906 0.9852 0.2756, -2.0906 0.8513 0.2756, -1.815 0.9852 0.2756, -1.8048 0.9866 0.2756, -1.7953 0.9905 0.2756, -1.7809 1.0049 0.2756, -0.9628 0.2944 0.2756, -1.777 1.0144 0.2756, -1.7756 1.0246 0.2756, -0.9686 0.2411 0.2756, -0.9686 0.2805 0.2756, 1.8123 1.0049 0.2756, 1.8084 1.0144 0.2756, 0.9942 0.2944 0.2756, 1.807 1.0246 0.2756, 0.9901 0.2975 0.2756, -1.7872 0.9968 0.2756, -0.9679 0.2856 0.2756, 2.122 0.9852 0.2756, 1.8464 0.9852 0.2756, 1.8362 0.9866 0.2756, -0.9659 0.2903 0.2756, 0.9999 3.5876 0.2756, 0.9999 3.5482 0.2756, 1.8267 0.9905 0.2756, 1.8186 0.9968 0.2756, 0.9993 0.2856 0.2756, 0.9999 0.2805 0.2756, 0.9999 0.2411 0.2756, 1.0006 0.236 0.2756, 1.8186 2.8244 0.2756, 0.9993 3.5431 0.2756, -2.0906 2.8359 0.2756, -1.815 2.8359 0.2756, -1.8048 2.8346 0.2756, -0.9784 0.224 0.2756, -0.9743 0.2272 0.2756, -0.9712 0.2313 0.2756, 1.8123 2.8162 0.2756, 0.9973 3.5383 0.2756, 0.9942 3.5343 0.2756, -1.7809 2.8162 0.2756, -1.777 2.8067 0.2756, -0.9628 3.5343 0.2756, -1.7756 2.7965 0.2756, -0.9587 3.5311 0.2756, -1.7953 2.8306 0.2756, -1.7872 2.8244 0.2756, -0.9679 3.5431 0.2756, -0.9686 3.5482 0.2756, -0.9686 3.5876 0.2756, -0.9692 3.5926 0.2756, 0.9973 0.2903 0.2756, -0.9832 0.2221 0.2756, -0.9692 0.236 0.2756, 1.807 1.2608 0.2756, 1.8084 1.271 0.2756, 0.9854 3.5292 0.2756, 1.8123 1.2805 0.2756, 0.9901 3.5311 0.2756, -0.5945 3.5285 0.2756, -0.9489 3.5285 0.2756, -1.7809 2.5406 0.2756, -0.954 3.5292 0.2756, -1.777 2.5501 0.2756, -1.7872 2.5325 0.2756, -1.7953 2.5262 0.2756, -1.8048 2.5223 0.2756, -1.815 2.5209 0.2756, 1.0026 0.2313 0.2756, 1.0057 0.2272 0.2756, 1.0098 0.224 0.2756, 1.807 2.5603 0.2756, 1.807 2.7965 0.2756, 1.8084 2.8067 0.2756, -1.7809 1.2805 0.2756, -1.7872 1.2887 0.2756, -1.7953 1.2949 0.2756, -1.8048 1.2989 0.2756, -0.9587 0.2975 0.2756, -1.777 1.271 0.2756, -1.7756 1.2608 0.2756, 0.6259 0.3001 0.2756, 0.9803 0.3001 0.2756, 0.9854 0.2995 0.2756, -0.9659 3.5383 0.2756, 1.0042 3.5998 0.2756, 1.0019 3.5961 0.2756, 1.0074 3.6029 0.2756, 1.0111 3.6053 0.2756, 1.0152 3.6067 0.2756, 1.0004 3.5919 0.2756, 2.122 2.5209 0.2756, 1.8186 1.2887 0.2756, 1.8267 1.2949 0.2756, 1.8362 1.2989 0.2756, 1.8464 1.3002 0.2756, 2.122 1.3002 0.2756, 1.8362 2.5223 0.2756, 1.8267 2.5262 0.2756, 1.8186 2.5325 0.2756, 1.8123 2.5406 0.2756, 1.8084 2.5501 0.2756, 0.9803 3.5285 0.2756, 0.6259 3.5285 0.2756, -1.7756 2.5603 0.2756, -1.815 1.3002 0.2756, -0.9712 3.5974 0.2756, -0.9743 3.6015 0.2756, -0.9784 3.6046 0.2756, 1.8464 2.5209 0.2756, -0.954 0.2995 0.2756, -0.9489 0.3001 0.2756, -0.5945 0.3001 0.2756, 1.0145 0.2221 0.2756, 1.0196 0.2214 0.2756, -0.9832 3.6066 0.2756, -0.9882 3.6072 0.2756, -2.0906 0.8513 3.8583, 2.122 2.5246 0.1969, 2.122 2.5209 0.1969, 2.122 2.5144 0.1955, 2.122 2.5049 0.1916, 2.122 1.3143 0.1955, 2.122 1.3238 0.1916, 2.122 1.3319 0.1853, 2.122 1.3382 0.1772, 2.122 2.4967 0.1853, 2.122 2.4905 0.1772, 2.122 1.3421 0.1677, 2.122 2.4865 0.1677, 2.122 1.68 0.067, 2.122 1.6956 0.0545, 2.122 2.1331 0.0545, 2.122 1.3435 0.1575, 2.122 1.5735 0.0441, 2.122 1.5867 0.0591, 2.122 1.6033 0.0703, 2.122 2.1486 0.067, 2.122 2.1668 0.0753, 2.122 2.1866 0.0787, 2.122 2.2065 0.077, 2.122 2.2254 0.0703, 2.122 1.6222 0.077, 2.122 1.6421 0.0787, 2.122 1.6618 0.0753, 2.122 1.7175 0.0, 2.122 2.1112 0.0, 2.122 1.7149 0.0198, 2.122 2.1137 0.0198, 2.122 1.7075 0.0384, 2.122 2.1212 0.0384, 2.122 2.2685 0.0176, 2.122 2.2748 0.0103, 2.122 2.4852 0.1575, 2.122 2.4838 0.0292, 2.122 2.4852 0.0394, 2.122 2.4458 0.0, 2.122 2.3013 0.0, 2.122 2.2419 0.0591, 2.122 2.2551 0.0441, 2.122 2.2641 0.0262, 2.122 2.2827 0.0047, 2.122 2.2917 0.0012, 2.122 2.456 0.0013, 2.122 2.4655 0.0053, 2.122 2.4737 0.0115, 2.122 1.5274 0.0, 2.122 1.537 0.0012, 2.122 1.546 0.0047, 2.122 1.5539 0.0103, 2.122 1.5602 0.0176, 2.122 1.5645 0.0262, 2.122 1.3828 0.0, 2.122 1.3435 0.0394, 2.122 1.3448 0.0292, 2.122 2.4799 0.0197, 2.122 1.3631 0.0053, 2.122 1.3726 0.0013, 2.122 1.355 0.0115, 2.122 1.3487 0.0197, -1.815 2.9773 3.8583, -1.815 2.9773 3.937, -2.0119 2.9773 3.937, -2.0675 2.9773 3.9139, -2.0801 2.9773 3.8976, -2.0879 2.9773 3.8786, -2.0322 2.9773 3.9343, -2.0512 2.9773 3.9265, -1.6969 3.6072 3.937, -1.6969 3.6072 3.8583, -2.0119 3.6072 3.937, -2.0322 3.6072 3.9343, -2.0512 3.6072 3.9265, -2.0675 3.6072 0.2199, -2.0801 3.6072 0.2362, -2.0879 3.6072 0.2552, -2.0879 3.6072 3.8786, -2.0322 3.6072 0.1995, -2.0512 3.6072 0.2074, -2.0801 3.6072 3.8976, -2.0675 3.6072 3.9139, -1.6182 3.1742 3.937, -1.6182 3.5285 3.937, -1.6287 3.5679 3.937, -1.6412 3.5842 3.937, -1.6575 3.5967 3.937, -1.7641 2.984 3.937, -1.7166 3.0037 3.937, -1.6209 3.5489 3.937, -1.6765 3.6046 3.937, -1.6758 3.035 3.937, -1.6445 3.0757 3.937, -1.6249 3.1232 3.937, 1.7283 0.2214 3.937, 1.7283 0.2214 3.8583, 2.0432 0.2214 3.937, 2.0636 0.2214 3.9343, 2.0826 0.2214 3.9265, 2.1193 0.2214 3.8786, 2.1114 0.2214 3.8976, 2.0989 0.2214 3.9139, 2.0636 0.2214 0.1995, 2.0826 0.2214 0.2074, 2.0989 0.2214 0.2199, 2.1114 0.2214 0.2362, 2.1193 0.2214 0.2552, -2.0879 0.8513 3.8786, -1.815 0.8513 3.937, -1.815 0.8513 3.8583, -2.0119 0.8513 3.937, -2.0322 0.8513 3.9343, -2.0512 0.8513 3.9265, -2.0801 0.8513 3.8976, -2.0675 0.8513 3.9139, -1.6182 0.3001 3.937, -1.6182 0.6545 3.937, -1.6249 0.7054 3.937, -1.6765 0.2241 3.937, -1.6575 0.232 3.937, -1.6209 0.2798 3.937, -1.6412 0.2445 3.937, -1.6287 0.2608 3.937, -1.6445 0.7529 3.937, -1.6758 0.7937 3.937, -1.7166 0.825 3.937, -1.7641 0.8446 3.937, 1.8464 0.8513 3.8583, 1.8464 0.8513 3.937, 2.0432 0.8513 3.937, 2.0989 0.8513 3.9139, 2.1114 0.8513 3.8976, 2.1193 0.8513 3.8786, 2.0636 0.8513 3.9343, 2.0826 0.8513 3.9265, 1.6563 0.7054 3.937, 1.6495 0.6545 3.937, 1.6495 0.3001 3.937, 1.6601 0.2608 3.937, 1.6726 0.2445 3.937, 1.6889 0.232 3.937, 1.7954 0.8446 3.937, 1.748 0.825 3.937, 1.6522 0.2798 3.937, 1.7079 0.2241 3.937, 1.7072 0.7937 3.937, 1.6759 0.7529 3.937, 2.1193 2.9773 3.8786, 1.8464 2.9773 3.937, 1.8464 2.9773 3.8583, 2.0432 2.9773 3.937, 2.0636 2.9773 3.9343, 2.0826 2.9773 3.9265, 2.1114 2.9773 3.8976, 2.0989 2.9773 3.9139, 1.6889 3.5967 3.937, 1.6495 3.5285 3.937, 1.7079 3.6046 3.937, 1.6726 3.5842 3.937, 1.6601 3.5679 3.937, 1.6522 3.5489 3.937, 1.6495 3.1742 3.937, 1.6563 3.1232 3.937, 1.6759 3.0757 3.937, 1.7072 3.035 3.937, 1.748 3.0037 3.937, 1.7954 2.984 3.937, -1.6182 3.5285 3.8583, -1.7641 2.984 3.8583, -1.6575 3.5967 3.8583, -1.6412 3.5842 3.8583, -1.6287 3.5679 3.8583, -1.6765 3.6046 3.8583, -1.6209 3.5489 3.8583, -1.6182 3.1742 3.8583, -1.6249 3.1232 3.8583, -1.6445 3.0757 3.8583, -1.6758 3.035 3.8583, -1.7166 3.0037 3.8583, -1.6182 0.3001 3.8583, -1.6182 0.6545 3.8583, -1.6287 0.2608 3.8583, -1.6412 0.2445 3.8583, -1.6209 0.2798 3.8583, -1.6575 0.232 3.8583, -1.6765 0.2241 3.8583, -1.6758 0.7937 3.8583, -1.6445 0.7529 3.8583, -1.6249 0.7054 3.8583, -1.7641 0.8446 3.8583, -1.7166 0.825 3.8583, 1.6495 0.3001 3.8583, 1.7954 0.8446 3.8583, 1.6889 0.232 3.8583, 1.6726 0.2445 3.8583, 1.6601 0.2608 3.8583, 1.7079 0.2241 3.8583, 1.6522 0.2798 3.8583, 1.6495 0.6545 3.8583, 1.6563 0.7054 3.8583, 1.6759 0.7529 3.8583, 1.7072 0.7937 3.8583, 1.748 0.825 3.8583, 1.6563 3.1232 3.8583, 1.6495 3.1742 3.8583, 1.6495 3.5285 3.8583, 1.6601 3.5679 3.8583, 1.6726 3.5842 3.8583, 1.6889 3.5967 3.8583, 1.6522 3.5489 3.8583, 1.7079 3.6046 3.8583, 1.7954 2.984 3.8583, 1.748 3.0037 3.8583, 1.7072 3.035 3.8583, 1.6759 3.0757 3.8583, -0.5749 3.5285 0.0, 0.6062 3.5285 0.0, -0.5749 3.6046 0.2172, -0.5749 3.5482 0.2731, -0.5749 3.5489 0.2729, -0.5749 3.5679 0.265, -0.5749 3.5842 0.2525, -0.5749 3.5967 0.2362, 0.6062 3.5489 0.2729, 0.6062 3.5482 0.2731, 0.6062 3.6046 0.2172, 0.6062 3.5967 0.2362, 0.6062 3.5842 0.2525, 0.6062 3.5679 0.265, 0.6062 0.3001 0.0, -0.5749 0.3001 0.0, -0.5749 0.2798 0.2729, -0.5749 0.2805 0.2731, -0.5749 0.2241 0.2172, -0.5749 0.232 0.2362, -0.5749 0.2445 0.2525, -0.5749 0.2608 0.265, 0.6062 0.2241 0.2172, 0.6062 0.2805 0.2731, 0.6062 0.2798 0.2729, 0.6062 0.2608 0.265, 0.6062 0.2445 0.2525, 0.6062 0.232 0.2362, 2.3787 2.1112 -0.5895, 2.3787 1.7175 -0.5895, 2.387 1.7175 -0.6183, 2.387 2.1112 -0.6183, 2.3879 1.7175 -0.6483, 2.3879 2.1112 -0.6483, 2.3812 1.7175 -0.6775, 2.3812 2.1112 -0.6775, 2.1231 2.1112 -1.378, 2.1231 1.7175 -1.378, 2.0492 2.1112 -1.3507, 2.0492 1.7175 -1.3507, 2.2858 2.1112 -0.7086, 2.2858 1.7175 -0.7086, 2.2969 2.1112 -0.6605, 2.2969 1.7175 -0.6605, 2.2957 2.1112 -0.6112, 2.2957 1.7175 -0.6112, 2.2823 2.1112 -0.5637, 2.2823 1.7175 -0.5637, 2.0432 2.1112 0.0, 2.0432 1.7175 0.0, 2.0432 1.3319 0.1853, 2.0432 1.3238 0.1916, 2.0432 1.3143 0.1955, 2.0432 2.2685 0.0176, 2.0432 2.5049 0.1916, 2.0432 2.4967 0.1853, 2.0432 2.5246 0.1969, 2.0432 2.5144 0.1955, 2.0432 2.4905 0.1772, 2.0432 2.4865 0.1677, 2.0432 2.4852 0.1575, 2.0432 2.3013 0.0, 2.0432 2.2917 0.0012, 2.0432 2.2641 0.0262, 2.0432 2.2551 0.0441, 2.0432 2.2419 0.0591, 2.0432 2.2827 0.0047, 2.0432 2.2748 0.0103, 2.0432 2.2254 0.0703, 2.0432 2.2065 0.077, 2.0432 2.1866 0.0787, 2.0432 2.1331 0.0545, 2.0432 1.3421 0.1677, 2.0432 2.1486 0.067, 2.0432 2.1668 0.0753, 2.0432 2.4458 0.0, 2.0432 2.4852 0.0394, 2.0432 2.4838 0.0292, 2.0432 1.6956 0.0545, 2.0432 1.68 0.067, 2.0432 2.4655 0.0053, 2.0432 2.456 0.0013, 2.0432 2.4737 0.0115, 2.0432 2.4799 0.0197, 2.0432 1.3382 0.1772, 2.0432 2.1137 0.0198, 2.0432 1.7149 0.0198, 2.0432 2.1212 0.0384, 2.0432 1.7075 0.0384, 2.0432 1.6618 0.0753, 2.0432 1.6421 0.0787, 2.0432 1.6222 0.077, 2.0432 1.6033 0.0703, 2.0432 1.5602 0.0176, 2.0432 1.5539 0.0103, 2.0432 1.3435 0.1575, 2.0432 1.3448 0.0292, 2.0432 1.3435 0.0394, 2.0432 1.3828 0.0, 2.0432 1.5274 0.0, 2.0432 1.5867 0.0591, 2.0432 1.5735 0.0441, 2.0432 1.5645 0.0262, 2.0432 1.546 0.0047, 2.0432 1.537 0.0012, 2.0432 1.3726 0.0013, 2.0432 1.3631 0.0053, 2.0432 1.355 0.0115, 2.0432 1.3487 0.0197, -2.0119 2.4967 0.1853, -2.0119 2.5049 0.1916, -2.0119 2.5144 0.1955, -2.0119 2.5246 0.1969, -2.0119 1.5602 0.0176, -2.0119 1.3238 0.1916, -2.0119 1.3319 0.1853, -2.0119 1.3382 0.1772, -2.0119 1.3421 0.1677, -2.0119 1.3435 0.1575, -2.0119 1.5645 0.0262, -2.0119 1.5735 0.0441, -2.0119 1.5867 0.0591, -2.0119 1.537 0.0012, -2.0119 2.1668 0.0753, -2.0119 1.3143 0.1955, -2.0119 2.1486 0.067, -2.0119 2.1331 0.0545, -2.0119 2.1866 0.0787, -2.0119 2.2065 0.077, -2.0119 2.4865 0.1677, -2.0119 2.2254 0.0703, -2.0119 1.6033 0.0703, -2.0119 1.6222 0.077, -2.0119 1.546 0.0047, -2.0119 1.5539 0.0103, -2.0119 1.6956 0.0545, -2.0119 2.1212 0.0384, -2.0119 2.1137 0.0198, -2.0119 1.3435 0.0394, -2.0119 1.3448 0.0292, -2.0119 1.6421 0.0787, -2.0119 1.6618 0.0753, -2.0119 1.68 0.067, -2.0119 1.7149 0.0198, -2.0119 1.7075 0.0384, -2.0119 2.4905 0.1772, -2.0119 1.3631 0.0053, -2.0119 1.3726 0.0013, -2.0119 1.355 0.0115, -2.0119 1.3487 0.0197, -2.0119 2.2685 0.0176, -2.0119 2.2748 0.0103, -2.0119 2.4852 0.1575, -2.0119 2.4838 0.0292, -2.0119 2.4852 0.0394, -2.0119 2.2419 0.0591, -2.0119 2.2551 0.0441, -2.0119 2.2641 0.0262, -2.0119 2.2827 0.0047, -2.0119 2.2917 0.0012, -2.0119 2.456 0.0013, -2.0119 2.4655 0.0053, -2.0119 2.4737 0.0115, -2.0119 2.4799 0.0197, 2.0636 2.8359 0.1995, 2.0826 2.8359 0.2074, 2.0989 2.8359 0.2199, 2.1114 2.8359 0.2362, 2.1193 2.8359 0.2552, -2.0801 2.8359 0.2362, -2.0675 2.8359 0.2199, -2.0512 2.8359 0.2074, -2.0322 2.8359 0.1995, -2.0879 2.8359 0.2552, 2.1114 0.9852 0.2362, 2.0989 0.9852 0.2199, 2.0826 0.9852 0.2074, 2.0636 0.9852 0.1995, 2.1193 0.9852 0.2552, -2.0322 0.9852 0.1995, -2.0512 0.9852 0.2074, -2.0675 0.9852 0.2199, -2.0801 0.9852 0.2362, -2.0879 0.9852 0.2552, 0.6234 3.5287 0.2756, 0.6208 3.5292 0.2756, 0.6184 3.53 0.2756, 0.6161 3.5311 0.2755, 0.6139 3.5326 0.2755, 0.612 3.5343 0.2754, 0.6103 3.5362 0.2752, 0.6089 3.5383 0.275, 0.6077 3.5406 0.2747, 0.6069 3.5431 0.2742, 0.6064 3.5456 0.2737, -0.575 3.5456 0.2737, -0.5755 3.5431 0.2742, -0.5764 3.5407 0.2746, -0.5775 3.5383 0.275, -0.5789 3.5362 0.2752, -0.5806 3.5343 0.2754, -0.5826 3.5326 0.2755, -0.5847 3.5311 0.2755, -0.587 3.53 0.2756, -0.5895 3.5292 0.2756, -0.592 3.5287 0.2756, -0.5895 0.2995 0.2756, -0.592 0.3 0.2756, -0.587 0.2986 0.2756, -0.5847 0.2975 0.2755, -0.5826 0.2961 0.2755, 0.6064 0.283 0.2737, 0.6069 0.2856 0.2742, -0.5789 0.2925 0.2752, 0.6077 0.288 0.2747, 0.6089 0.2903 0.275, -0.5775 0.2903 0.275, -0.5764 0.288 0.2746, -0.5755 0.2856 0.2742, -0.575 0.283 0.2737, 0.6103 0.2924 0.2752, 0.612 0.2944 0.2754, 0.6139 0.2961 0.2755, 0.6161 0.2975 0.2755, 0.6184 0.2986 0.2756, 0.6208 0.2995 0.2756, -0.5806 0.2944 0.2754, 0.6234 0.3 0.2756
            ]
        }
        coordIndex [
            0,1,2,-1,2,1,3,-1,4,5,6,-1,7,8,9,-1,10,11,12,-1,13,14,15,-1,16,17,18,-1,18,17,19,-1,18,19,20,-1,21,20,22,-1,23,24,25,-1,25,24,26,-1,25,26,27,-1,8,23,9,-1,9,23,25,-1,9,25,28,-1,28,25,27,-1,28,27,29,-1,5,7,6,-1,6,7,9,-1,6,9,30,-1,30,9,28,-1,30,28,31,-1,31,28,29,-1,31,29,21,-1,21,22,31,-1,31,22,32,-1,31,32,30,-1,30,32,33,-1,30,33,6,-1,6,33,34,-1,6,34,4,-1,35,2,36,-1,36,2,3,-1,36,3,37,-1,37,3,38,-1,11,38,12,-1,12,38,3,-1,12,3,39,-1,39,3,1,-1,39,1,40,-1,40,1,0,-1,41,42,34,-1,34,42,43,-1,34,43,4,-1,20,19,22,-1,22,19,44,-1,22,44,32,-1,32,44,45,-1,32,45,33,-1,33,45,46,-1,33,46,34,-1,34,46,47,-1,34,47,41,-1,35,48,2,-1,2,48,0,-1,0,49,47,-1,47,49,50,-1,47,50,41,-1,17,13,19,-1,19,13,15,-1,19,15,44,-1,44,15,51,-1,44,51,45,-1,45,51,52,-1,45,52,46,-1,46,52,53,-1,46,53,47,-1,47,53,0,-1,14,10,15,-1,15,10,12,-1,15,12,51,-1,51,12,39,-1,51,39,52,-1,52,39,40,-1,52,40,53,-1,53,40,0,-1,54,55,26,-1,26,55,27,-1,55,56,27,-1,27,56,57,-1,27,57,29,-1,57,58,29,-1,29,58,59,-1,29,59,21,-1,59,60,21,-1,21,60,61,-1,21,61,20,-1,61,62,20,-1,20,62,63,-1,20,63,18,-1,64,16,65,-1,65,16,18,-1,65,18,66,-1,66,18,63,-1,67,68,69,-1,69,68,70,-1,71,70,68,-1,72,73,74,-1,74,73,67,-1,74,67,75,-1,75,67,69,-1,75,69,76,-1,76,69,70,-1,73,77,67,-1,67,77,78,-1,67,78,68,-1,68,78,79,-1,68,79,71,-1,80,81,82,-1,82,81,83,-1,84,85,83,-1,83,85,86,-1,83,86,82,-1,87,88,84,-1,84,88,89,-1,84,89,85,-1,90,87,91,-1,91,87,84,-1,91,84,92,-1,92,84,83,-1,92,83,93,-1,93,83,81,-1,93,81,94,-1,95,90,96,-1,96,90,91,-1,96,91,97,-1,97,91,92,-1,97,92,98,-1,98,92,93,-1,98,93,99,-1,99,93,94,-1,99,94,100,-1,101,95,102,-1,102,95,96,-1,102,96,103,-1,103,96,97,-1,103,97,104,-1,104,97,98,-1,104,98,105,-1,105,98,99,-1,105,99,106,-1,106,99,100,-1,106,100,107,-1,107,108,106,-1,106,108,109,-1,106,109,105,-1,105,109,110,-1,105,110,104,-1,104,110,111,-1,104,111,103,-1,103,111,112,-1,103,112,102,-1,102,112,113,-1,102,113,101,-1,101,113,114,-1,115,114,116,-1,116,114,113,-1,116,113,117,-1,117,113,112,-1,117,112,118,-1,118,112,111,-1,118,111,119,-1,119,111,110,-1,119,110,120,-1,120,110,109,-1,120,109,121,-1,121,109,108,-1,121,108,70,-1,107,70,108,-1,80,72,81,-1,81,72,74,-1,81,74,94,-1,94,74,75,-1,94,75,100,-1,100,75,76,-1,100,76,107,-1,107,76,70,-1,58,57,122,-1,54,123,55,-1,122,57,123,-1,123,57,56,-1,123,56,55,-1,58,122,59,-1,59,122,124,-1,59,124,60,-1,60,124,125,-1,60,125,61,-1,61,125,62,-1,62,125,126,-1,62,126,63,-1,63,126,66,-1,66,126,127,-1,66,127,65,-1,65,127,128,-1,65,128,64,-1,54,129,123,-1,123,129,130,-1,123,130,122,-1,122,130,131,-1,122,131,124,-1,124,131,132,-1,124,132,125,-1,125,132,133,-1,125,133,126,-1,126,133,134,-1,126,134,127,-1,127,134,135,-1,127,135,128,-1,54,136,129,-1,129,136,137,-1,129,137,130,-1,130,137,138,-1,130,138,131,-1,131,138,139,-1,131,139,132,-1,132,139,140,-1,132,140,133,-1,133,140,141,-1,133,141,134,-1,134,141,142,-1,134,142,135,-1,54,143,136,-1,136,143,144,-1,136,144,137,-1,137,144,145,-1,137,145,138,-1,138,145,146,-1,138,146,139,-1,139,146,147,-1,139,147,140,-1,140,147,148,-1,140,148,141,-1,141,148,149,-1,141,149,142,-1,54,150,143,-1,143,150,151,-1,143,151,144,-1,144,151,152,-1,144,152,145,-1,145,152,153,-1,145,153,146,-1,146,153,154,-1,146,154,147,-1,147,154,155,-1,147,155,148,-1,148,155,156,-1,148,156,149,-1,54,157,150,-1,150,157,158,-1,150,158,151,-1,151,158,159,-1,151,159,152,-1,152,159,160,-1,152,160,153,-1,153,160,161,-1,153,161,154,-1,154,161,162,-1,154,162,155,-1,155,162,163,-1,155,163,156,-1,164,165,166,-1,166,165,167,-1,168,167,165,-1,169,170,171,-1,171,170,164,-1,171,164,172,-1,172,164,166,-1,172,166,173,-1,173,166,167,-1,170,174,164,-1,164,174,175,-1,164,175,165,-1,165,175,176,-1,165,176,168,-1,177,178,179,-1,179,178,180,-1,181,182,180,-1,180,182,183,-1,180,183,179,-1,184,185,181,-1,181,185,186,-1,181,186,182,-1,187,184,188,-1,188,184,181,-1,188,181,189,-1,189,181,180,-1,189,180,190,-1,190,180,178,-1,190,178,191,-1,192,187,193,-1,193,187,188,-1,193,188,194,-1,194,188,189,-1,194,189,195,-1,195,189,190,-1,195,190,196,-1,196,190,191,-1,196,191,197,-1,198,192,199,-1,199,192,193,-1,199,193,200,-1,200,193,194,-1,200,194,201,-1,201,194,195,-1,201,195,202,-1,202,195,196,-1,202,196,203,-1,203,196,197,-1,203,197,204,-1,204,205,203,-1,203,205,206,-1,203,206,202,-1,202,206,207,-1,202,207,201,-1,201,207,208,-1,201,208,200,-1,200,208,209,-1,200,209,199,-1,199,209,210,-1,199,210,198,-1,198,210,211,-1,212,211,213,-1,213,211,210,-1,213,210,214,-1,214,210,209,-1,214,209,215,-1,215,209,208,-1,215,208,216,-1,216,208,207,-1,216,207,217,-1,217,207,206,-1,217,206,218,-1,218,206,205,-1,218,205,167,-1,204,167,205,-1,177,169,178,-1,178,169,171,-1,178,171,191,-1,191,171,172,-1,191,172,197,-1,197,172,173,-1,197,173,204,-1,204,173,167,-1,88,219,89,-1,89,219,220,-1,89,220,85,-1,85,220,221,-1,85,221,86,-1,86,221,222,-1,86,222,82,-1,82,222,223,-1,82,223,80,-1,80,223,224,-1,80,224,72,-1,72,224,225,-1,72,225,73,-1,73,225,226,-1,73,226,77,-1,77,226,227,-1,77,227,78,-1,78,227,228,-1,78,228,79,-1,79,228,229,-1,79,229,71,-1,71,229,230,-1,71,230,70,-1,70,230,231,-1,54,231,157,-1,157,231,232,-1,157,232,158,-1,232,233,158,-1,158,233,234,-1,158,234,159,-1,159,234,235,-1,235,236,159,-1,159,236,237,-1,159,237,160,-1,237,238,160,-1,160,238,239,-1,160,239,161,-1,239,240,161,-1,161,240,241,-1,161,241,162,-1,162,241,242,-1,162,242,163,-1,163,242,243,-1,244,64,245,-1,245,64,128,-1,245,128,246,-1,246,128,135,-1,246,135,247,-1,247,135,142,-1,247,142,248,-1,248,142,149,-1,248,149,249,-1,249,149,156,-1,249,156,250,-1,250,156,163,-1,185,244,186,-1,186,244,251,-1,186,251,182,-1,182,251,252,-1,182,252,183,-1,183,252,253,-1,183,253,179,-1,179,253,254,-1,179,254,177,-1,177,254,255,-1,177,255,169,-1,169,255,256,-1,169,256,170,-1,170,256,257,-1,170,257,174,-1,174,257,258,-1,174,258,175,-1,175,258,259,-1,175,259,176,-1,176,259,260,-1,176,260,168,-1,168,260,261,-1,168,261,167,-1,167,261,262,-1,232,231,230,-1,236,235,263,-1,238,237,264,-1,240,239,265,-1,242,241,266,-1,234,233,267,-1,267,233,232,-1,243,242,268,-1,268,242,266,-1,268,266,269,-1,269,266,270,-1,232,230,267,-1,267,230,229,-1,267,229,271,-1,272,273,270,-1,270,273,274,-1,270,274,269,-1,229,228,271,-1,271,228,227,-1,271,227,275,-1,276,277,272,-1,272,277,278,-1,272,278,273,-1,227,226,275,-1,275,226,225,-1,275,225,279,-1,280,281,282,-1,282,281,283,-1,282,283,276,-1,276,283,284,-1,276,284,277,-1,241,240,266,-1,266,240,265,-1,266,265,270,-1,270,265,285,-1,270,285,272,-1,272,285,286,-1,272,286,276,-1,276,286,287,-1,276,287,282,-1,282,287,288,-1,239,238,265,-1,265,238,264,-1,265,264,285,-1,285,264,289,-1,285,289,286,-1,286,289,290,-1,286,290,287,-1,287,290,291,-1,287,291,288,-1,288,291,292,-1,237,236,264,-1,264,236,263,-1,264,263,289,-1,289,263,293,-1,289,293,290,-1,290,293,294,-1,290,294,291,-1,291,294,295,-1,291,295,292,-1,292,295,296,-1,235,234,263,-1,263,234,267,-1,263,267,293,-1,293,267,271,-1,293,271,294,-1,294,271,275,-1,294,275,295,-1,295,275,279,-1,295,279,296,-1,296,279,297,-1,298,299,300,-1,300,299,280,-1,225,224,279,-1,279,224,223,-1,279,223,297,-1,297,223,222,-1,297,222,221,-1,280,282,300,-1,300,282,288,-1,300,288,301,-1,301,288,292,-1,301,292,302,-1,302,292,296,-1,302,296,303,-1,303,296,297,-1,303,297,304,-1,304,297,221,-1,304,221,220,-1,298,300,305,-1,305,300,301,-1,305,301,306,-1,306,301,302,-1,306,302,307,-1,307,302,303,-1,307,303,308,-1,308,303,304,-1,308,304,309,-1,309,304,220,-1,309,220,219,-1,250,310,311,-1,312,313,262,-1,262,261,312,-1,312,261,260,-1,312,260,314,-1,260,259,314,-1,314,259,258,-1,314,258,315,-1,258,257,315,-1,315,257,256,-1,315,256,316,-1,317,318,319,-1,319,318,320,-1,319,320,321,-1,321,320,322,-1,321,322,323,-1,323,322,324,-1,323,324,325,-1,325,324,326,-1,325,326,327,-1,327,326,328,-1,327,328,310,-1,318,329,320,-1,320,329,330,-1,320,330,322,-1,322,330,331,-1,322,331,324,-1,324,331,332,-1,324,332,326,-1,326,332,333,-1,326,333,328,-1,328,333,334,-1,329,335,330,-1,330,335,336,-1,330,336,331,-1,331,336,337,-1,331,337,332,-1,332,337,338,-1,332,338,333,-1,333,338,339,-1,333,339,334,-1,334,339,340,-1,335,341,336,-1,336,341,342,-1,336,342,337,-1,337,342,343,-1,337,343,338,-1,338,343,344,-1,338,344,339,-1,339,344,345,-1,339,345,340,-1,340,345,346,-1,341,313,342,-1,342,313,312,-1,342,312,343,-1,343,312,314,-1,343,314,344,-1,344,314,315,-1,344,315,345,-1,345,315,316,-1,345,316,346,-1,346,316,347,-1,256,255,316,-1,316,255,254,-1,316,254,347,-1,347,254,253,-1,347,253,252,-1,310,328,311,-1,311,328,334,-1,311,334,348,-1,348,334,340,-1,348,340,349,-1,349,340,346,-1,349,346,350,-1,350,346,347,-1,350,347,351,-1,351,347,252,-1,351,252,251,-1,250,311,249,-1,249,311,348,-1,249,348,248,-1,248,348,349,-1,248,349,247,-1,247,349,350,-1,247,350,246,-1,246,350,351,-1,246,351,245,-1,245,351,251,-1,245,251,244,-1,243,268,352,-1,352,268,353,-1,268,269,353,-1,353,269,274,-1,353,274,354,-1,274,273,354,-1,354,273,278,-1,354,278,355,-1,355,278,277,-1,355,277,356,-1,277,284,356,-1,356,284,283,-1,356,283,357,-1,283,281,357,-1,357,281,280,-1,357,280,358,-1,358,280,299,-1,358,299,298,-1,327,310,359,-1,359,310,250,-1,359,250,360,-1,359,361,327,-1,327,361,362,-1,327,362,325,-1,325,362,363,-1,363,364,325,-1,325,364,365,-1,325,365,323,-1,365,366,323,-1,323,366,367,-1,323,367,321,-1,367,368,321,-1,321,368,369,-1,321,369,319,-1,369,370,319,-1,319,370,371,-1,319,371,317,-1,360,372,359,-1,359,372,373,-1,359,373,361,-1,361,373,362,-1,362,373,374,-1,362,374,363,-1,363,374,364,-1,364,374,375,-1,364,375,365,-1,365,375,366,-1,366,375,376,-1,366,376,367,-1,367,376,368,-1,368,376,377,-1,368,377,369,-1,369,377,370,-1,370,377,378,-1,370,378,371,-1,372,379,373,-1,373,379,380,-1,373,380,374,-1,374,380,381,-1,374,381,375,-1,375,381,382,-1,375,382,376,-1,376,382,383,-1,376,383,377,-1,377,383,384,-1,377,384,378,-1,378,384,385,-1,379,386,380,-1,380,386,387,-1,380,387,381,-1,381,387,388,-1,381,388,382,-1,382,388,389,-1,382,389,383,-1,383,389,390,-1,383,390,384,-1,384,390,391,-1,384,391,385,-1,385,391,392,-1,386,393,387,-1,387,393,394,-1,387,394,388,-1,388,394,395,-1,388,395,389,-1,389,395,396,-1,389,396,390,-1,390,396,397,-1,390,397,391,-1,391,397,398,-1,391,398,392,-1,392,398,399,-1,393,400,394,-1,394,400,401,-1,394,401,395,-1,395,401,402,-1,395,402,396,-1,396,402,403,-1,396,403,397,-1,397,403,404,-1,397,404,398,-1,398,404,405,-1,398,405,399,-1,399,405,406,-1,400,352,401,-1,401,352,353,-1,401,353,402,-1,402,353,354,-1,402,354,403,-1,403,354,355,-1,403,355,404,-1,404,355,356,-1,404,356,405,-1,405,356,357,-1,405,357,406,-1,406,357,358,-1,407,408,409,-1,409,408,410,-1,411,412,413,-1,414,415,416,-1,417,418,419,-1,420,421,422,-1,422,421,423,-1,422,423,424,-1,425,424,426,-1,426,424,423,-1,426,423,427,-1,418,417,428,-1,428,417,429,-1,428,429,430,-1,431,425,432,-1,432,425,426,-1,432,426,433,-1,433,426,427,-1,433,427,434,-1,430,429,435,-1,435,429,436,-1,435,436,437,-1,438,431,439,-1,439,431,432,-1,439,432,440,-1,440,432,433,-1,440,433,441,-1,441,433,434,-1,441,434,442,-1,443,444,436,-1,436,444,445,-1,436,445,437,-1,446,409,447,-1,447,409,410,-1,447,410,448,-1,448,410,449,-1,412,449,413,-1,413,449,410,-1,413,410,450,-1,450,410,408,-1,450,408,451,-1,451,408,407,-1,419,438,417,-1,417,438,439,-1,417,439,429,-1,429,439,440,-1,429,440,436,-1,436,440,441,-1,436,441,443,-1,443,441,442,-1,443,442,452,-1,446,453,409,-1,409,453,407,-1,407,454,452,-1,452,454,455,-1,452,455,443,-1,443,455,456,-1,443,456,444,-1,421,414,423,-1,423,414,416,-1,423,416,427,-1,427,416,457,-1,427,457,434,-1,434,457,458,-1,434,458,442,-1,442,458,459,-1,442,459,452,-1,452,459,407,-1,415,411,416,-1,416,411,413,-1,416,413,457,-1,457,413,450,-1,457,450,458,-1,458,450,451,-1,458,451,459,-1,459,451,407,-1,419,460,438,-1,438,460,461,-1,438,461,431,-1,431,461,462,-1,431,462,425,-1,425,462,463,-1,425,463,424,-1,424,463,464,-1,424,464,422,-1,422,464,465,-1,422,465,420,-1,420,465,466,-1,467,468,469,-1,467,469,470,-1,471,470,469,-1,472,471,469,-1,473,472,469,-1,474,473,469,-1,475,474,469,-1,475,476,477,-1,476,478,479,-1,478,480,481,-1,480,482,483,-1,482,484,485,-1,482,485,483,-1,483,485,486,-1,483,486,487,-1,486,488,487,-1,487,488,489,-1,487,489,490,-1,489,491,490,-1,490,491,492,-1,490,492,493,-1,492,494,493,-1,493,494,495,-1,493,495,496,-1,495,497,496,-1,496,497,498,-1,496,498,499,-1,498,500,499,-1,499,500,501,-1,499,501,502,-1,480,483,481,-1,481,483,487,-1,481,487,503,-1,503,487,490,-1,503,490,504,-1,504,490,493,-1,504,493,505,-1,505,493,496,-1,505,496,506,-1,506,496,499,-1,506,499,507,-1,507,499,502,-1,507,502,508,-1,478,481,479,-1,479,481,503,-1,479,503,509,-1,509,503,504,-1,509,504,510,-1,510,504,505,-1,510,505,511,-1,511,505,506,-1,511,506,512,-1,512,506,507,-1,512,507,513,-1,513,507,508,-1,513,508,514,-1,476,479,477,-1,477,479,509,-1,477,509,515,-1,515,509,510,-1,515,510,516,-1,516,510,511,-1,516,511,517,-1,517,511,512,-1,517,512,518,-1,518,512,513,-1,518,513,519,-1,519,513,514,-1,519,514,520,-1,475,477,474,-1,474,477,515,-1,474,515,473,-1,473,515,516,-1,473,516,472,-1,472,516,517,-1,472,517,471,-1,471,517,518,-1,471,518,470,-1,470,518,519,-1,470,519,467,-1,467,519,520,-1,467,520,468,-1,460,521,522,-1,460,522,461,-1,461,522,523,-1,461,523,462,-1,524,523,525,-1,525,523,522,-1,525,522,526,-1,526,522,521,-1,526,521,527,-1,528,463,462,-1,529,524,530,-1,530,524,525,-1,530,525,531,-1,531,525,526,-1,531,526,532,-1,532,526,527,-1,532,527,533,-1,534,464,463,-1,535,529,536,-1,536,529,530,-1,536,530,537,-1,537,530,531,-1,537,531,538,-1,538,531,532,-1,538,532,539,-1,539,532,533,-1,539,533,540,-1,466,465,541,-1,541,465,464,-1,464,534,541,-1,541,534,542,-1,541,542,466,-1,463,528,534,-1,534,528,543,-1,534,543,542,-1,542,543,544,-1,542,544,466,-1,466,535,545,-1,545,535,536,-1,545,536,546,-1,546,536,537,-1,546,537,547,-1,547,537,538,-1,547,538,548,-1,548,538,539,-1,548,539,549,-1,549,539,540,-1,549,540,550,-1,466,545,551,-1,551,545,546,-1,551,546,552,-1,552,546,547,-1,552,547,553,-1,553,547,548,-1,553,548,554,-1,554,548,549,-1,554,549,555,-1,555,549,550,-1,555,550,556,-1,462,523,528,-1,528,523,524,-1,528,524,543,-1,543,524,529,-1,543,529,544,-1,544,529,535,-1,544,535,466,-1,557,558,559,-1,559,558,560,-1,559,560,561,-1,561,560,562,-1,561,562,563,-1,563,562,564,-1,563,564,565,-1,565,564,566,-1,565,566,567,-1,567,566,568,-1,567,568,569,-1,558,570,560,-1,560,570,571,-1,560,571,562,-1,562,571,572,-1,562,572,564,-1,564,572,573,-1,564,573,566,-1,566,573,574,-1,566,574,568,-1,568,574,575,-1,568,575,569,-1,576,557,577,-1,577,557,559,-1,577,559,578,-1,578,559,561,-1,578,561,579,-1,579,561,563,-1,579,563,580,-1,580,563,565,-1,580,565,581,-1,581,565,567,-1,581,567,569,-1,582,583,584,-1,584,583,585,-1,584,585,586,-1,586,585,587,-1,586,587,588,-1,588,587,589,-1,588,589,590,-1,590,589,591,-1,590,591,592,-1,592,591,593,-1,592,593,569,-1,583,594,585,-1,585,594,595,-1,585,595,587,-1,587,595,596,-1,587,596,589,-1,589,596,597,-1,589,597,591,-1,591,597,598,-1,591,598,593,-1,593,598,599,-1,593,599,569,-1,570,582,571,-1,571,582,584,-1,571,584,572,-1,572,584,586,-1,572,586,573,-1,573,586,588,-1,573,588,574,-1,574,588,590,-1,574,590,575,-1,575,590,592,-1,575,592,569,-1,600,484,482,-1,600,482,601,-1,601,482,480,-1,601,480,602,-1,602,480,478,-1,602,478,603,-1,603,478,476,-1,603,476,604,-1,604,476,475,-1,604,475,605,-1,605,475,469,-1,605,469,606,-1,460,600,521,-1,521,600,607,-1,521,607,527,-1,527,607,608,-1,527,608,533,-1,533,608,609,-1,533,609,540,-1,540,609,610,-1,540,610,550,-1,550,610,611,-1,550,611,556,-1,556,611,612,-1,613,466,614,-1,614,466,551,-1,614,551,615,-1,615,551,552,-1,615,552,616,-1,616,552,553,-1,616,553,617,-1,617,553,554,-1,617,554,618,-1,618,554,555,-1,618,555,619,-1,619,555,556,-1,620,576,577,-1,620,577,621,-1,621,577,578,-1,621,578,622,-1,622,578,579,-1,622,579,623,-1,623,579,580,-1,623,580,624,-1,624,580,581,-1,624,581,625,-1,625,581,569,-1,625,569,613,-1,606,626,605,-1,605,626,627,-1,605,627,604,-1,604,627,628,-1,604,628,603,-1,603,628,629,-1,603,629,602,-1,602,629,630,-1,602,630,601,-1,601,630,631,-1,601,631,600,-1,600,631,607,-1,626,632,627,-1,627,632,633,-1,627,633,628,-1,628,633,634,-1,628,634,629,-1,629,634,635,-1,629,635,630,-1,630,635,636,-1,630,636,631,-1,631,636,637,-1,631,637,607,-1,607,637,608,-1,632,638,633,-1,633,638,639,-1,633,639,634,-1,634,639,640,-1,634,640,635,-1,635,640,641,-1,635,641,636,-1,636,641,642,-1,636,642,637,-1,637,642,643,-1,637,643,608,-1,608,643,609,-1,638,644,639,-1,639,644,645,-1,639,645,640,-1,640,645,646,-1,640,646,641,-1,641,646,647,-1,641,647,642,-1,642,647,648,-1,642,648,643,-1,643,648,649,-1,643,649,609,-1,609,649,610,-1,644,650,645,-1,645,650,651,-1,645,651,646,-1,646,651,652,-1,646,652,647,-1,647,652,653,-1,647,653,648,-1,648,653,654,-1,648,654,649,-1,649,654,655,-1,649,655,610,-1,610,655,611,-1,650,656,651,-1,651,656,657,-1,651,657,652,-1,652,657,658,-1,652,658,653,-1,653,658,659,-1,653,659,654,-1,654,659,660,-1,654,660,655,-1,655,660,661,-1,655,661,611,-1,611,661,612,-1,613,614,625,-1,625,614,662,-1,625,662,624,-1,624,662,663,-1,624,663,623,-1,623,663,664,-1,623,664,622,-1,622,664,665,-1,622,665,621,-1,621,665,666,-1,621,666,620,-1,620,666,667,-1,614,615,662,-1,662,615,668,-1,662,668,663,-1,663,668,669,-1,663,669,664,-1,664,669,670,-1,664,670,665,-1,665,670,671,-1,665,671,666,-1,666,671,672,-1,666,672,667,-1,667,672,673,-1,615,616,668,-1,668,616,674,-1,668,674,669,-1,669,674,675,-1,669,675,670,-1,670,675,676,-1,670,676,671,-1,671,676,677,-1,671,677,672,-1,672,677,678,-1,672,678,673,-1,673,678,679,-1,616,617,674,-1,674,617,680,-1,674,680,675,-1,675,680,681,-1,675,681,676,-1,676,681,682,-1,676,682,677,-1,677,682,683,-1,677,683,678,-1,678,683,684,-1,678,684,679,-1,679,684,685,-1,617,618,680,-1,680,618,686,-1,680,686,681,-1,681,686,687,-1,681,687,682,-1,682,687,688,-1,682,688,683,-1,683,688,689,-1,683,689,684,-1,684,689,690,-1,684,690,685,-1,685,690,691,-1,618,619,686,-1,686,619,692,-1,686,692,687,-1,687,692,693,-1,687,693,688,-1,688,693,694,-1,688,694,689,-1,689,694,695,-1,689,695,690,-1,690,695,696,-1,690,696,691,-1,691,696,697,-1,698,612,661,-1,698,661,699,-1,699,661,660,-1,699,660,700,-1,700,660,659,-1,700,659,701,-1,701,659,658,-1,701,658,702,-1,702,658,657,-1,702,657,703,-1,703,657,656,-1,703,656,704,-1,619,705,706,-1,619,706,692,-1,692,706,707,-1,692,707,693,-1,693,707,708,-1,693,708,694,-1,694,708,709,-1,694,709,695,-1,695,709,710,-1,695,710,696,-1,696,710,711,-1,696,711,697,-1,705,712,706,-1,706,712,713,-1,706,713,707,-1,707,713,714,-1,707,714,708,-1,708,714,715,-1,708,715,709,-1,709,715,716,-1,709,716,710,-1,710,716,717,-1,710,717,711,-1,711,717,718,-1,712,719,713,-1,713,719,720,-1,713,720,714,-1,714,720,721,-1,714,721,715,-1,715,721,722,-1,715,722,716,-1,716,722,723,-1,716,723,717,-1,717,723,724,-1,717,724,718,-1,718,724,725,-1,719,726,720,-1,720,726,727,-1,720,727,721,-1,721,727,728,-1,721,728,722,-1,722,728,729,-1,722,729,723,-1,723,729,730,-1,723,730,724,-1,724,730,731,-1,724,731,725,-1,725,731,732,-1,726,733,727,-1,727,733,734,-1,727,734,728,-1,728,734,735,-1,728,735,729,-1,729,735,736,-1,729,736,730,-1,730,736,737,-1,730,737,731,-1,731,737,738,-1,731,738,732,-1,732,738,739,-1,733,740,734,-1,734,740,741,-1,734,741,735,-1,735,741,742,-1,735,742,736,-1,736,742,743,-1,736,743,737,-1,737,743,744,-1,737,744,738,-1,738,744,745,-1,738,745,739,-1,739,745,746,-1,740,698,741,-1,741,698,699,-1,741,699,742,-1,742,699,700,-1,742,700,743,-1,743,700,701,-1,743,701,744,-1,744,701,702,-1,744,702,745,-1,745,702,703,-1,745,703,746,-1,746,703,704,-1,747,748,749,-1,749,748,750,-1,751,752,753,-1,754,755,756,-1,757,758,759,-1,760,761,762,-1,762,761,763,-1,762,763,764,-1,765,764,766,-1,766,764,763,-1,766,763,767,-1,758,757,768,-1,768,757,769,-1,768,769,770,-1,771,765,772,-1,772,765,766,-1,772,766,773,-1,773,766,767,-1,773,767,774,-1,770,769,775,-1,775,769,776,-1,775,776,777,-1,778,771,779,-1,779,771,772,-1,779,772,780,-1,780,772,773,-1,780,773,781,-1,781,773,774,-1,781,774,782,-1,783,784,776,-1,776,784,785,-1,776,785,777,-1,786,749,787,-1,787,749,750,-1,787,750,788,-1,788,750,789,-1,752,789,753,-1,753,789,750,-1,753,750,790,-1,790,750,748,-1,790,748,791,-1,791,748,747,-1,759,778,757,-1,757,778,779,-1,757,779,769,-1,769,779,780,-1,769,780,776,-1,776,780,781,-1,776,781,783,-1,783,781,782,-1,783,782,792,-1,786,793,749,-1,749,793,747,-1,747,794,792,-1,792,794,795,-1,792,795,783,-1,783,795,796,-1,783,796,784,-1,761,754,763,-1,763,754,756,-1,763,756,767,-1,767,756,797,-1,767,797,774,-1,774,797,798,-1,774,798,782,-1,782,798,799,-1,782,799,792,-1,792,799,747,-1,755,751,756,-1,756,751,753,-1,756,753,797,-1,797,753,790,-1,797,790,798,-1,798,790,791,-1,798,791,799,-1,799,791,747,-1,759,800,778,-1,778,800,801,-1,778,801,771,-1,771,801,802,-1,771,802,765,-1,765,802,803,-1,765,803,764,-1,764,803,804,-1,764,804,762,-1,762,804,805,-1,762,805,760,-1,760,805,806,-1,807,808,809,-1,809,808,810,-1,809,810,811,-1,811,810,812,-1,811,812,813,-1,813,812,814,-1,813,814,815,-1,815,814,816,-1,815,816,817,-1,817,816,818,-1,817,818,819,-1,808,820,810,-1,810,820,821,-1,810,821,812,-1,812,821,822,-1,812,822,814,-1,814,822,823,-1,814,823,816,-1,816,823,824,-1,816,824,818,-1,818,824,825,-1,818,825,819,-1,826,807,827,-1,827,807,809,-1,827,809,828,-1,828,809,811,-1,828,811,829,-1,829,811,813,-1,829,813,830,-1,830,813,815,-1,830,815,831,-1,831,815,817,-1,831,817,819,-1,832,833,834,-1,834,833,835,-1,834,835,836,-1,836,835,837,-1,836,837,838,-1,838,837,839,-1,838,839,840,-1,840,839,841,-1,840,841,842,-1,842,841,843,-1,842,843,819,-1,833,844,835,-1,835,844,845,-1,835,845,837,-1,837,845,846,-1,837,846,839,-1,839,846,847,-1,839,847,841,-1,841,847,848,-1,841,848,843,-1,843,848,849,-1,843,849,819,-1,820,832,821,-1,821,832,834,-1,821,834,822,-1,822,834,836,-1,822,836,823,-1,823,836,838,-1,823,838,824,-1,824,838,840,-1,824,840,825,-1,825,840,842,-1,825,842,819,-1,850,851,852,-1,850,852,853,-1,853,852,854,-1,853,854,855,-1,856,854,857,-1,857,854,852,-1,857,852,858,-1,858,852,851,-1,858,851,859,-1,860,861,855,-1,862,856,863,-1,863,856,857,-1,863,857,864,-1,864,857,858,-1,864,858,865,-1,865,858,859,-1,865,859,866,-1,867,868,861,-1,869,862,870,-1,870,862,863,-1,870,863,871,-1,871,863,864,-1,871,864,872,-1,872,864,865,-1,872,865,873,-1,873,865,866,-1,873,866,874,-1,800,875,876,-1,876,875,868,-1,868,867,876,-1,876,867,877,-1,876,877,800,-1,861,860,867,-1,867,860,878,-1,867,878,877,-1,877,878,879,-1,877,879,800,-1,800,869,880,-1,880,869,870,-1,880,870,881,-1,881,870,871,-1,881,871,882,-1,882,871,872,-1,882,872,883,-1,883,872,873,-1,883,873,884,-1,884,873,874,-1,884,874,885,-1,800,880,801,-1,801,880,881,-1,801,881,802,-1,802,881,882,-1,802,882,803,-1,803,882,883,-1,803,883,804,-1,804,883,884,-1,804,884,805,-1,805,884,885,-1,805,885,806,-1,855,854,860,-1,860,854,856,-1,860,856,878,-1,878,856,862,-1,878,862,879,-1,879,862,869,-1,879,869,800,-1,886,887,888,-1,888,887,889,-1,888,889,890,-1,890,889,891,-1,890,891,892,-1,892,891,893,-1,892,893,894,-1,894,893,895,-1,894,895,896,-1,896,895,897,-1,896,897,898,-1,887,899,889,-1,889,899,900,-1,889,900,891,-1,891,900,901,-1,891,901,893,-1,893,901,902,-1,893,902,895,-1,895,902,903,-1,895,903,897,-1,897,903,904,-1,897,904,898,-1,905,886,906,-1,906,886,888,-1,906,888,907,-1,907,888,890,-1,907,890,908,-1,908,890,892,-1,908,892,909,-1,909,892,894,-1,909,894,910,-1,910,894,896,-1,910,896,898,-1,911,912,913,-1,913,912,914,-1,913,914,915,-1,915,914,916,-1,915,916,917,-1,917,916,918,-1,917,918,919,-1,919,918,920,-1,919,920,921,-1,921,920,922,-1,921,922,898,-1,912,923,914,-1,914,923,924,-1,914,924,916,-1,916,924,925,-1,916,925,918,-1,918,925,926,-1,918,926,920,-1,920,926,927,-1,920,927,922,-1,922,927,928,-1,922,928,898,-1,899,911,900,-1,900,911,913,-1,900,913,901,-1,901,913,915,-1,901,915,902,-1,902,915,917,-1,902,917,903,-1,903,917,919,-1,903,919,904,-1,904,919,921,-1,904,921,898,-1,929,930,844,-1,844,930,845,-1,930,931,845,-1,845,931,932,-1,845,932,846,-1,932,933,846,-1,846,933,934,-1,846,934,847,-1,934,935,847,-1,847,935,936,-1,847,936,848,-1,936,937,848,-1,848,937,938,-1,848,938,849,-1,939,819,940,-1,940,819,849,-1,940,849,941,-1,941,849,938,-1,800,939,875,-1,875,939,942,-1,875,942,868,-1,868,942,943,-1,868,943,861,-1,861,943,944,-1,861,944,855,-1,855,944,945,-1,855,945,853,-1,853,945,946,-1,853,946,850,-1,850,946,947,-1,948,806,949,-1,949,806,885,-1,949,885,950,-1,950,885,874,-1,950,874,951,-1,951,874,866,-1,951,866,952,-1,952,866,859,-1,952,859,953,-1,953,859,851,-1,953,851,954,-1,954,851,850,-1,955,898,956,-1,956,898,928,-1,956,928,957,-1,957,928,958,-1,958,928,927,-1,958,927,959,-1,959,927,960,-1,960,927,926,-1,960,926,961,-1,961,926,962,-1,962,926,925,-1,962,925,963,-1,963,925,964,-1,964,925,924,-1,964,924,965,-1,965,924,966,-1,966,924,923,-1,966,923,948,-1,967,942,939,-1,947,946,968,-1,968,946,969,-1,968,969,970,-1,970,969,971,-1,939,940,967,-1,967,940,941,-1,967,941,972,-1,973,974,971,-1,971,974,975,-1,971,975,970,-1,941,938,972,-1,972,938,937,-1,972,937,976,-1,977,978,973,-1,973,978,979,-1,973,979,974,-1,937,936,976,-1,976,936,935,-1,976,935,980,-1,981,982,983,-1,983,982,984,-1,983,984,977,-1,977,984,985,-1,977,985,978,-1,946,945,969,-1,969,945,986,-1,969,986,971,-1,971,986,987,-1,971,987,973,-1,973,987,988,-1,973,988,977,-1,977,988,989,-1,977,989,983,-1,983,989,990,-1,945,944,986,-1,986,944,991,-1,986,991,987,-1,987,991,992,-1,987,992,988,-1,988,992,993,-1,988,993,989,-1,989,993,994,-1,989,994,990,-1,990,994,995,-1,944,943,991,-1,991,943,996,-1,991,996,992,-1,992,996,997,-1,992,997,993,-1,993,997,998,-1,993,998,994,-1,994,998,999,-1,994,999,995,-1,995,999,1000,-1,943,942,996,-1,996,942,967,-1,996,967,997,-1,997,967,972,-1,997,972,998,-1,998,972,976,-1,998,976,999,-1,999,976,980,-1,999,980,1000,-1,1000,980,1001,-1,1002,1003,1004,-1,1004,1003,981,-1,935,934,980,-1,980,934,933,-1,980,933,1001,-1,1001,933,932,-1,1001,932,931,-1,981,983,1004,-1,1004,983,990,-1,1004,990,1005,-1,1005,990,995,-1,1005,995,1006,-1,1006,995,1000,-1,1006,1000,1007,-1,1007,1000,1001,-1,1007,1001,1008,-1,1008,1001,931,-1,1008,931,930,-1,1002,1004,1009,-1,1009,1004,1005,-1,1009,1005,1010,-1,1010,1005,1006,-1,1010,1006,1011,-1,1011,1006,1007,-1,1011,1007,1012,-1,1012,1007,1008,-1,1012,1008,1013,-1,1013,1008,930,-1,1013,930,929,-1,1014,1015,955,-1,1016,1017,1018,-1,1018,1017,1019,-1,1018,1019,1020,-1,1020,1019,1021,-1,955,956,1014,-1,1014,956,957,-1,1014,957,1022,-1,1023,1024,1021,-1,1021,1024,1025,-1,1021,1025,1020,-1,957,958,1022,-1,1022,958,959,-1,1022,959,1026,-1,1027,1028,1023,-1,1023,1028,1029,-1,1023,1029,1024,-1,959,960,1026,-1,1026,960,961,-1,1026,961,1030,-1,1031,1032,1033,-1,1033,1032,1034,-1,1033,1034,1027,-1,1027,1034,1035,-1,1027,1035,1028,-1,1017,1036,1019,-1,1019,1036,1037,-1,1019,1037,1021,-1,1021,1037,1038,-1,1021,1038,1023,-1,1023,1038,1039,-1,1023,1039,1027,-1,1027,1039,1040,-1,1027,1040,1033,-1,1033,1040,1041,-1,1036,1042,1037,-1,1037,1042,1043,-1,1037,1043,1038,-1,1038,1043,1044,-1,1038,1044,1039,-1,1039,1044,1045,-1,1039,1045,1040,-1,1040,1045,1046,-1,1040,1046,1041,-1,1041,1046,1047,-1,1042,1048,1043,-1,1043,1048,1049,-1,1043,1049,1044,-1,1044,1049,1050,-1,1044,1050,1045,-1,1045,1050,1051,-1,1045,1051,1046,-1,1046,1051,1052,-1,1046,1052,1047,-1,1047,1052,1053,-1,1048,1015,1049,-1,1049,1015,1014,-1,1049,1014,1050,-1,1050,1014,1022,-1,1050,1022,1051,-1,1051,1022,1026,-1,1051,1026,1052,-1,1052,1026,1030,-1,1052,1030,1053,-1,1053,1030,1054,-1,954,1055,1056,-1,1056,1055,1031,-1,961,962,1030,-1,1030,962,963,-1,1030,963,1054,-1,1054,963,964,-1,1054,964,965,-1,1031,1033,1056,-1,1056,1033,1041,-1,1056,1041,1057,-1,1057,1041,1047,-1,1057,1047,1058,-1,1058,1047,1053,-1,1058,1053,1059,-1,1059,1053,1054,-1,1059,1054,1060,-1,1060,1054,965,-1,1060,965,966,-1,954,1056,953,-1,953,1056,1057,-1,953,1057,952,-1,952,1057,1058,-1,952,1058,951,-1,951,1058,1059,-1,951,1059,950,-1,950,1059,1060,-1,950,1060,949,-1,949,1060,966,-1,949,966,948,-1,947,968,1061,-1,1061,968,1062,-1,968,970,1062,-1,1062,970,975,-1,1062,975,1063,-1,975,974,1063,-1,1063,974,979,-1,1063,979,1064,-1,1064,979,978,-1,1064,978,1065,-1,978,985,1065,-1,1065,985,984,-1,1065,984,1066,-1,984,982,1066,-1,1066,982,981,-1,1066,981,1067,-1,1067,981,1003,-1,1067,1003,1002,-1,1055,954,1068,-1,1055,1068,1031,-1,1031,1068,1069,-1,1031,1069,1032,-1,1032,1069,1034,-1,1034,1069,1070,-1,1034,1070,1035,-1,1035,1070,1071,-1,1035,1071,1028,-1,1028,1071,1029,-1,1029,1071,1072,-1,1029,1072,1024,-1,1024,1072,1025,-1,1025,1072,1073,-1,1025,1073,1020,-1,1020,1073,1018,-1,1018,1073,1074,-1,1018,1074,1016,-1,1068,1075,1069,-1,1069,1075,1076,-1,1069,1076,1070,-1,1070,1076,1077,-1,1070,1077,1071,-1,1071,1077,1078,-1,1071,1078,1072,-1,1072,1078,1079,-1,1072,1079,1073,-1,1073,1079,1080,-1,1073,1080,1074,-1,1074,1080,1081,-1,1075,1082,1076,-1,1076,1082,1083,-1,1076,1083,1077,-1,1077,1083,1084,-1,1077,1084,1078,-1,1078,1084,1085,-1,1078,1085,1079,-1,1079,1085,1086,-1,1079,1086,1080,-1,1080,1086,1087,-1,1080,1087,1081,-1,1081,1087,1088,-1,1082,1089,1083,-1,1083,1089,1090,-1,1083,1090,1084,-1,1084,1090,1091,-1,1084,1091,1085,-1,1085,1091,1092,-1,1085,1092,1086,-1,1086,1092,1093,-1,1086,1093,1087,-1,1087,1093,1094,-1,1087,1094,1088,-1,1088,1094,1095,-1,1089,1096,1090,-1,1090,1096,1097,-1,1090,1097,1091,-1,1091,1097,1098,-1,1091,1098,1092,-1,1092,1098,1099,-1,1092,1099,1093,-1,1093,1099,1100,-1,1093,1100,1094,-1,1094,1100,1101,-1,1094,1101,1095,-1,1095,1101,1102,-1,1096,1103,1097,-1,1097,1103,1104,-1,1097,1104,1098,-1,1098,1104,1105,-1,1098,1105,1099,-1,1099,1105,1106,-1,1099,1106,1100,-1,1100,1106,1107,-1,1100,1107,1101,-1,1101,1107,1108,-1,1101,1108,1102,-1,1102,1108,1109,-1,1103,1061,1104,-1,1104,1061,1062,-1,1104,1062,1105,-1,1105,1062,1063,-1,1105,1063,1106,-1,1106,1063,1064,-1,1106,1064,1107,-1,1107,1064,1065,-1,1107,1065,1108,-1,1108,1065,1066,-1,1108,1066,1109,-1,1109,1066,1067,-1,1110,1111,1112,-1,1112,1111,1113,-1,1114,1115,1116,-1,1117,1118,1119,-1,1120,1121,1122,-1,1123,1124,1125,-1,1125,1124,1126,-1,1125,1126,1127,-1,1128,1127,1129,-1,1129,1127,1126,-1,1129,1126,1130,-1,1121,1120,1131,-1,1131,1120,1132,-1,1131,1132,1133,-1,1134,1128,1135,-1,1135,1128,1129,-1,1135,1129,1136,-1,1136,1129,1130,-1,1136,1130,1137,-1,1133,1132,1138,-1,1138,1132,1139,-1,1138,1139,1140,-1,1141,1134,1142,-1,1142,1134,1135,-1,1142,1135,1143,-1,1143,1135,1136,-1,1143,1136,1144,-1,1144,1136,1137,-1,1144,1137,1145,-1,1146,1147,1139,-1,1139,1147,1148,-1,1139,1148,1140,-1,1149,1150,1113,-1,1113,1150,1151,-1,1113,1151,1112,-1,1112,1151,1152,-1,1112,1152,1153,-1,1115,1149,1116,-1,1116,1149,1113,-1,1116,1113,1154,-1,1154,1113,1111,-1,1154,1111,1155,-1,1155,1111,1110,-1,1122,1141,1120,-1,1120,1141,1142,-1,1120,1142,1132,-1,1132,1142,1143,-1,1132,1143,1139,-1,1139,1143,1144,-1,1139,1144,1146,-1,1146,1144,1145,-1,1146,1145,1156,-1,1153,1157,1112,-1,1112,1157,1110,-1,1110,1158,1156,-1,1156,1158,1159,-1,1156,1159,1146,-1,1146,1159,1160,-1,1146,1160,1147,-1,1124,1117,1126,-1,1126,1117,1119,-1,1126,1119,1130,-1,1130,1119,1161,-1,1130,1161,1137,-1,1137,1161,1162,-1,1137,1162,1145,-1,1145,1162,1163,-1,1145,1163,1156,-1,1156,1163,1110,-1,1118,1114,1119,-1,1119,1114,1116,-1,1119,1116,1161,-1,1161,1116,1154,-1,1161,1154,1162,-1,1162,1154,1155,-1,1162,1155,1163,-1,1163,1155,1110,-1,1122,1164,1141,-1,1141,1164,1165,-1,1141,1165,1134,-1,1134,1165,1166,-1,1134,1166,1128,-1,1128,1166,1167,-1,1128,1167,1127,-1,1127,1167,1168,-1,1127,1168,1125,-1,1125,1168,1169,-1,1125,1169,1123,-1,1123,1169,1170,-1,1171,1172,1173,-1,1174,1175,1176,-1,1177,1178,1179,-1,1180,1181,1182,-1,1179,1178,1180,-1,1183,1180,1178,-1,1184,1185,1177,-1,1177,1185,1186,-1,1177,1186,1178,-1,1178,1186,1187,-1,1178,1187,1183,-1,1188,1189,1190,-1,1190,1189,1182,-1,1190,1182,1191,-1,1191,1182,1181,-1,1191,1181,1192,-1,1175,1184,1176,-1,1176,1184,1177,-1,1176,1177,1193,-1,1193,1177,1179,-1,1193,1179,1194,-1,1194,1179,1180,-1,1195,1188,1196,-1,1196,1188,1190,-1,1196,1190,1197,-1,1197,1190,1191,-1,1197,1191,1198,-1,1198,1191,1192,-1,1198,1192,1199,-1,1173,1195,1200,-1,1200,1195,1196,-1,1200,1196,1201,-1,1201,1196,1197,-1,1201,1197,1202,-1,1202,1197,1198,-1,1202,1198,1203,-1,1203,1198,1199,-1,1203,1199,1204,-1,1205,1206,1207,-1,1207,1206,1171,-1,1171,1173,1207,-1,1207,1173,1200,-1,1207,1200,1208,-1,1208,1200,1201,-1,1208,1201,1209,-1,1209,1201,1202,-1,1209,1202,1210,-1,1210,1202,1203,-1,1210,1203,1211,-1,1211,1203,1204,-1,1211,1204,1212,-1,1213,1214,1205,-1,1205,1207,1213,-1,1213,1207,1208,-1,1213,1208,1215,-1,1215,1208,1209,-1,1215,1209,1216,-1,1216,1209,1210,-1,1216,1210,1217,-1,1217,1210,1211,-1,1217,1211,1218,-1,1218,1211,1212,-1,1218,1212,1219,-1,1189,1180,1182,-1,1172,1174,1173,-1,1173,1174,1176,-1,1173,1176,1195,-1,1195,1176,1193,-1,1195,1193,1188,-1,1188,1193,1194,-1,1188,1194,1189,-1,1189,1194,1180,-1,1220,1221,1222,-1,1223,1224,1225,-1,1226,1227,1228,-1,1229,1230,1231,-1,1232,1233,1234,-1,1170,1235,1236,-1,1237,1235,1170,-1,1169,1237,1170,-1,1170,1238,1234,-1,1233,1239,1234,-1,1234,1239,1170,-1,1236,1238,1170,-1,1169,1168,1237,-1,1237,1168,1240,-1,1237,1240,1235,-1,1235,1240,1241,-1,1235,1241,1236,-1,1236,1241,1242,-1,1236,1242,1238,-1,1238,1242,1243,-1,1238,1243,1234,-1,1234,1243,1231,-1,1234,1231,1232,-1,1232,1231,1230,-1,1168,1167,1240,-1,1240,1167,1244,-1,1240,1244,1241,-1,1241,1244,1245,-1,1241,1245,1242,-1,1242,1245,1246,-1,1242,1246,1243,-1,1243,1246,1247,-1,1243,1247,1231,-1,1231,1247,1228,-1,1231,1228,1229,-1,1229,1228,1227,-1,1167,1166,1244,-1,1244,1166,1248,-1,1244,1248,1245,-1,1245,1248,1249,-1,1245,1249,1246,-1,1246,1249,1250,-1,1246,1250,1247,-1,1247,1250,1251,-1,1247,1251,1228,-1,1228,1251,1225,-1,1228,1225,1226,-1,1226,1225,1224,-1,1166,1165,1248,-1,1248,1165,1252,-1,1248,1252,1249,-1,1249,1252,1253,-1,1249,1253,1250,-1,1250,1253,1254,-1,1250,1254,1251,-1,1251,1254,1255,-1,1251,1255,1225,-1,1225,1255,1222,-1,1225,1222,1223,-1,1223,1222,1221,-1,1165,1164,1252,-1,1252,1164,1256,-1,1252,1256,1253,-1,1253,1256,1257,-1,1253,1257,1254,-1,1254,1257,1258,-1,1254,1258,1255,-1,1255,1258,1259,-1,1255,1259,1222,-1,1222,1259,1260,-1,1222,1260,1220,-1,1220,1260,1261,-1,1262,1263,1264,-1,1265,1266,1267,-1,1268,1269,1270,-1,1271,1272,1273,-1,1270,1269,1271,-1,1274,1271,1269,-1,1275,1276,1268,-1,1268,1276,1277,-1,1268,1277,1269,-1,1269,1277,1278,-1,1269,1278,1274,-1,1279,1280,1281,-1,1281,1280,1273,-1,1281,1273,1282,-1,1282,1273,1272,-1,1282,1272,1283,-1,1266,1275,1267,-1,1267,1275,1268,-1,1267,1268,1284,-1,1284,1268,1270,-1,1284,1270,1285,-1,1285,1270,1271,-1,1286,1279,1287,-1,1287,1279,1281,-1,1287,1281,1288,-1,1288,1281,1282,-1,1288,1282,1289,-1,1289,1282,1283,-1,1289,1283,1290,-1,1264,1286,1291,-1,1291,1286,1287,-1,1291,1287,1292,-1,1292,1287,1288,-1,1292,1288,1293,-1,1293,1288,1289,-1,1293,1289,1294,-1,1294,1289,1290,-1,1294,1290,1295,-1,1296,1297,1298,-1,1298,1297,1262,-1,1262,1264,1298,-1,1298,1264,1291,-1,1298,1291,1299,-1,1299,1291,1292,-1,1299,1292,1300,-1,1300,1292,1293,-1,1300,1293,1301,-1,1301,1293,1294,-1,1301,1294,1302,-1,1302,1294,1295,-1,1302,1295,1303,-1,1304,1305,1296,-1,1296,1298,1304,-1,1304,1298,1299,-1,1304,1299,1306,-1,1306,1299,1300,-1,1306,1300,1307,-1,1307,1300,1301,-1,1307,1301,1308,-1,1308,1301,1302,-1,1308,1302,1309,-1,1309,1302,1303,-1,1309,1303,1310,-1,1280,1271,1273,-1,1263,1265,1264,-1,1264,1265,1267,-1,1264,1267,1286,-1,1286,1267,1284,-1,1286,1284,1279,-1,1279,1284,1285,-1,1279,1285,1280,-1,1280,1285,1271,-1,1311,1219,1212,-1,1311,1212,1312,-1,1312,1212,1204,-1,1312,1204,1313,-1,1313,1204,1199,-1,1313,1199,1314,-1,1314,1199,1192,-1,1314,1192,1315,-1,1315,1192,1181,-1,1315,1181,1316,-1,1316,1181,1180,-1,1316,1180,1317,-1,1164,1311,1256,-1,1256,1311,1318,-1,1256,1318,1257,-1,1257,1318,1319,-1,1257,1319,1258,-1,1258,1319,1320,-1,1258,1320,1259,-1,1259,1320,1321,-1,1259,1321,1260,-1,1260,1321,1322,-1,1260,1322,1261,-1,1261,1322,1323,-1,1324,1170,1325,-1,1325,1170,1239,-1,1325,1239,1326,-1,1326,1239,1233,-1,1326,1233,1327,-1,1327,1233,1232,-1,1327,1232,1328,-1,1328,1232,1230,-1,1328,1230,1329,-1,1329,1230,1229,-1,1329,1229,1330,-1,1330,1229,1227,-1,1330,1227,1331,-1,1331,1227,1226,-1,1331,1226,1332,-1,1332,1226,1224,-1,1332,1224,1333,-1,1333,1224,1223,-1,1333,1223,1334,-1,1334,1223,1221,-1,1334,1221,1335,-1,1335,1221,1220,-1,1335,1220,1336,-1,1336,1220,1261,-1,1337,1310,1303,-1,1337,1303,1338,-1,1338,1303,1295,-1,1338,1295,1339,-1,1339,1295,1290,-1,1339,1290,1340,-1,1340,1290,1283,-1,1340,1283,1341,-1,1341,1283,1272,-1,1341,1272,1342,-1,1342,1272,1271,-1,1342,1271,1324,-1,1343,1344,1345,-1,1345,1344,1346,-1,1344,1347,1346,-1,1346,1347,1348,-1,1346,1348,1349,-1,1348,1350,1349,-1,1349,1350,1351,-1,1349,1351,1352,-1,1351,1353,1352,-1,1352,1353,1354,-1,1352,1354,1355,-1,1317,1356,1316,-1,1316,1356,1357,-1,1316,1357,1315,-1,1315,1357,1358,-1,1315,1358,1314,-1,1314,1358,1359,-1,1314,1359,1313,-1,1313,1359,1360,-1,1313,1360,1312,-1,1312,1360,1361,-1,1312,1361,1311,-1,1356,1362,1357,-1,1357,1362,1363,-1,1357,1363,1358,-1,1358,1363,1364,-1,1358,1364,1359,-1,1359,1364,1365,-1,1359,1365,1360,-1,1360,1365,1366,-1,1360,1366,1361,-1,1361,1366,1367,-1,1362,1368,1363,-1,1363,1368,1369,-1,1363,1369,1364,-1,1364,1369,1370,-1,1364,1370,1365,-1,1365,1370,1371,-1,1365,1371,1366,-1,1366,1371,1372,-1,1366,1372,1367,-1,1367,1372,1373,-1,1368,1374,1369,-1,1369,1374,1375,-1,1369,1375,1370,-1,1370,1375,1376,-1,1370,1376,1371,-1,1371,1376,1377,-1,1371,1377,1372,-1,1372,1377,1378,-1,1372,1378,1373,-1,1373,1378,1379,-1,1374,1345,1375,-1,1375,1345,1346,-1,1375,1346,1376,-1,1376,1346,1349,-1,1376,1349,1377,-1,1377,1349,1352,-1,1377,1352,1378,-1,1378,1352,1355,-1,1378,1355,1379,-1,1379,1355,1380,-1,1354,1381,1355,-1,1355,1381,1382,-1,1355,1382,1380,-1,1380,1382,1383,-1,1380,1383,1384,-1,1311,1361,1318,-1,1318,1361,1367,-1,1318,1367,1319,-1,1319,1367,1373,-1,1319,1373,1320,-1,1320,1373,1379,-1,1320,1379,1321,-1,1321,1379,1380,-1,1321,1380,1322,-1,1322,1380,1384,-1,1322,1384,1323,-1,1335,1336,1385,-1,1333,1334,1386,-1,1331,1332,1387,-1,1329,1330,1388,-1,1327,1328,1389,-1,1325,1326,1390,-1,1324,1325,1342,-1,1342,1325,1390,-1,1342,1390,1341,-1,1341,1390,1391,-1,1341,1391,1340,-1,1340,1391,1392,-1,1340,1392,1339,-1,1339,1392,1393,-1,1339,1393,1338,-1,1338,1393,1394,-1,1338,1394,1337,-1,1337,1394,1395,-1,1326,1327,1390,-1,1390,1327,1389,-1,1390,1389,1391,-1,1391,1389,1396,-1,1391,1396,1392,-1,1392,1396,1397,-1,1392,1397,1393,-1,1393,1397,1398,-1,1393,1398,1394,-1,1394,1398,1399,-1,1394,1399,1395,-1,1395,1399,1400,-1,1328,1329,1389,-1,1389,1329,1388,-1,1389,1388,1396,-1,1396,1388,1401,-1,1396,1401,1397,-1,1397,1401,1402,-1,1397,1402,1398,-1,1398,1402,1403,-1,1398,1403,1399,-1,1399,1403,1404,-1,1399,1404,1400,-1,1400,1404,1405,-1,1330,1331,1388,-1,1388,1331,1387,-1,1388,1387,1401,-1,1401,1387,1406,-1,1401,1406,1402,-1,1402,1406,1407,-1,1402,1407,1403,-1,1403,1407,1408,-1,1403,1408,1404,-1,1404,1408,1409,-1,1404,1409,1405,-1,1405,1409,1410,-1,1332,1333,1387,-1,1387,1333,1386,-1,1387,1386,1406,-1,1406,1386,1411,-1,1406,1411,1407,-1,1407,1411,1412,-1,1407,1412,1408,-1,1408,1412,1413,-1,1408,1413,1409,-1,1409,1413,1414,-1,1409,1414,1410,-1,1410,1414,1415,-1,1334,1335,1386,-1,1386,1335,1385,-1,1386,1385,1411,-1,1411,1385,1416,-1,1411,1416,1412,-1,1412,1416,1417,-1,1412,1417,1413,-1,1413,1417,1418,-1,1413,1418,1414,-1,1414,1418,1419,-1,1414,1419,1415,-1,1415,1419,1420,-1,1421,1422,1384,-1,1384,1422,1423,-1,1384,1423,1323,-1,1384,1383,1421,-1,1421,1383,1382,-1,1421,1382,1424,-1,1424,1382,1381,-1,1381,1354,1424,-1,1424,1354,1353,-1,1424,1353,1425,-1,1353,1351,1425,-1,1425,1351,1350,-1,1425,1350,1426,-1,1350,1348,1426,-1,1426,1348,1347,-1,1426,1347,1427,-1,1347,1344,1427,-1,1427,1344,1343,-1,1427,1343,1428,-1,1429,1430,1336,-1,1336,1430,1385,-1,1430,1431,1385,-1,1385,1431,1432,-1,1385,1432,1416,-1,1432,1433,1416,-1,1416,1433,1434,-1,1416,1434,1417,-1,1417,1434,1435,-1,1417,1435,1418,-1,1435,1436,1418,-1,1418,1436,1437,-1,1418,1437,1419,-1,1437,1438,1419,-1,1419,1438,1439,-1,1419,1439,1420,-1,1420,1439,1440,-1,1420,1440,1441,-1,1429,1442,1430,-1,1430,1442,1443,-1,1430,1443,1431,-1,1431,1443,1444,-1,1445,1433,1444,-1,1444,1433,1432,-1,1444,1432,1431,-1,1446,1435,1445,-1,1445,1435,1434,-1,1445,1434,1433,-1,1447,1437,1446,-1,1446,1437,1436,-1,1446,1436,1435,-1,1448,1439,1447,-1,1447,1439,1438,-1,1447,1438,1437,-1,1449,1441,1448,-1,1448,1441,1440,-1,1448,1440,1439,-1,1442,1450,1443,-1,1443,1450,1451,-1,1443,1451,1444,-1,1444,1451,1452,-1,1444,1452,1445,-1,1445,1452,1453,-1,1445,1453,1446,-1,1446,1453,1454,-1,1446,1454,1447,-1,1447,1454,1455,-1,1447,1455,1448,-1,1448,1455,1456,-1,1448,1456,1449,-1,1449,1456,1457,-1,1450,1458,1451,-1,1451,1458,1459,-1,1451,1459,1452,-1,1452,1459,1460,-1,1452,1460,1453,-1,1453,1460,1461,-1,1453,1461,1454,-1,1454,1461,1462,-1,1454,1462,1455,-1,1455,1462,1463,-1,1455,1463,1456,-1,1456,1463,1464,-1,1456,1464,1457,-1,1457,1464,1465,-1,1458,1466,1459,-1,1459,1466,1467,-1,1459,1467,1460,-1,1460,1467,1468,-1,1460,1468,1461,-1,1461,1468,1469,-1,1461,1469,1462,-1,1462,1469,1470,-1,1462,1470,1463,-1,1463,1470,1471,-1,1463,1471,1464,-1,1464,1471,1472,-1,1464,1472,1465,-1,1465,1472,1473,-1,1466,1474,1467,-1,1467,1474,1475,-1,1467,1475,1468,-1,1468,1475,1476,-1,1468,1476,1469,-1,1469,1476,1477,-1,1469,1477,1470,-1,1470,1477,1478,-1,1470,1478,1471,-1,1471,1478,1479,-1,1471,1479,1472,-1,1472,1479,1480,-1,1472,1480,1473,-1,1473,1480,1481,-1,1474,1423,1475,-1,1475,1423,1422,-1,1475,1422,1476,-1,1476,1422,1421,-1,1476,1421,1477,-1,1477,1421,1424,-1,1477,1424,1478,-1,1478,1424,1425,-1,1478,1425,1479,-1,1479,1425,1426,-1,1479,1426,1480,-1,1480,1426,1427,-1,1480,1427,1481,-1,1481,1427,1428,-1,1482,1483,1484,-1,1485,1486,1487,-1,1482,1484,1487,-1,1487,1484,1488,-1,1487,1488,1485,-1,1489,1490,1491,-1,1491,1490,1492,-1,1493,1494,1491,-1,1491,1494,1495,-1,1491,1495,1489,-1,1490,1496,1492,-1,1492,1496,1497,-1,1492,1497,1498,-1,1497,1499,1498,-1,1498,1499,1500,-1,1498,1500,1501,-1,1500,1502,1501,-1,1501,1502,1503,-1,1501,1503,1504,-1,1503,1505,1504,-1,1504,1505,1506,-1,1504,1506,1507,-1,1506,1508,1507,-1,1507,1508,1509,-1,1507,1509,1510,-1,1509,1511,1510,-1,1510,1511,1512,-1,1510,1512,1513,-1,1512,1514,1513,-1,1513,1514,1515,-1,1513,1515,1516,-1,1515,1517,1516,-1,1516,1517,1518,-1,1516,1518,1519,-1,1518,1520,1519,-1,1519,1520,1521,-1,1519,1521,1522,-1,1521,1523,1522,-1,1522,1523,1524,-1,1522,1524,1525,-1,1524,1526,1525,-1,1525,1526,1527,-1,1525,1527,1528,-1,1527,1529,1528,-1,1528,1529,1530,-1,1528,1530,1531,-1,1530,1532,1531,-1,1531,1532,1533,-1,1531,1533,1534,-1,1533,1535,1534,-1,1534,1535,1536,-1,1534,1536,1537,-1,1536,1538,1537,-1,1537,1538,1539,-1,1537,1539,1488,-1,1488,1539,1540,-1,1488,1540,1485,-1,1541,1542,1543,-1,1543,1542,1544,-1,1545,1546,1547,-1,1548,1549,1550,-1,1550,1549,1551,-1,1550,1551,1552,-1,1545,1547,1553,-1,1553,1547,1554,-1,1553,1554,1550,-1,1550,1554,1555,-1,1550,1555,1556,-1,1557,1558,1559,-1,1559,1558,1560,-1,1560,1561,1559,-1,1559,1561,1562,-1,1559,1562,1563,-1,1564,1565,1566,-1,1566,1565,1567,-1,1548,1550,1568,-1,1568,1550,1556,-1,1568,1556,1569,-1,1569,1556,1559,-1,1569,1559,1565,-1,1565,1559,1563,-1,1565,1563,1567,-1,1570,1571,1564,-1,1564,1571,1572,-1,1564,1572,1573,-1,1573,1574,1564,-1,1564,1574,1575,-1,1564,1575,1565,-1,1565,1575,1576,-1,1565,1576,1577,-1,1578,1579,1557,-1,1557,1579,1580,-1,1557,1580,1581,-1,1581,1582,1557,-1,1557,1582,1583,-1,1557,1583,1558,-1,1584,1585,1586,-1,1586,1585,1570,-1,1586,1570,1587,-1,1587,1570,1564,-1,1588,1589,1590,-1,1591,1592,1593,-1,1593,1592,1590,-1,1593,1590,1594,-1,1578,1557,1595,-1,1595,1557,1596,-1,1595,1596,1597,-1,1577,1598,1565,-1,1565,1598,1599,-1,1565,1599,1590,-1,1590,1599,1600,-1,1590,1600,1588,-1,1589,1601,1590,-1,1590,1601,1602,-1,1590,1602,1594,-1,1603,1604,1605,-1,1606,1607,1608,-1,1608,1607,1595,-1,1608,1595,1609,-1,1609,1595,1597,-1,1603,1605,1593,-1,1593,1605,1610,-1,1593,1610,1591,-1,1611,1612,1613,-1,1613,1612,1614,-1,1615,1616,1617,-1,1617,1616,1618,-1,1619,1620,1594,-1,1594,1620,1593,-1,1621,1622,1595,-1,1595,1622,1578,-1,1623,1624,1625,-1,1626,1627,1628,-1,1629,1630,1631,-1,1631,1630,1632,-1,1631,1632,1633,-1,1634,1635,1636,-1,1634,1636,1637,-1,1638,1639,1640,-1,1641,1642,1643,-1,1638,1640,1644,-1,1624,1645,1625,-1,1625,1645,1646,-1,1625,1646,1647,-1,1648,1649,1650,-1,1648,1650,1651,-1,1652,1653,1654,-1,1654,1653,1655,-1,1654,1655,1656,-1,1657,1658,1659,-1,1660,1661,1662,-1,1662,1661,1663,-1,1664,1665,1666,-1,1637,1636,1667,-1,1667,1636,1668,-1,1667,1668,1640,-1,1640,1668,1669,-1,1640,1669,1644,-1,1670,1671,1672,-1,1673,1552,1674,-1,1674,1552,1551,-1,1641,1643,1675,-1,1676,1677,1678,-1,1679,1680,1681,-1,1635,1682,1636,-1,1636,1682,1664,-1,1636,1664,1683,-1,1683,1664,1666,-1,1684,1685,1686,-1,1687,1688,1689,-1,1689,1688,1690,-1,1691,1692,1693,-1,1693,1692,1694,-1,1695,1628,1696,-1,1696,1628,1697,-1,1696,1697,1698,-1,1684,1686,1699,-1,1670,1672,1685,-1,1671,1700,1672,-1,1672,1700,1701,-1,1672,1701,1702,-1,1703,1704,1705,-1,1705,1706,1703,-1,1703,1706,1707,-1,1703,1707,1708,-1,1709,1710,1711,-1,1711,1710,1712,-1,1711,1712,1713,-1,1714,1715,1716,-1,1691,1717,1692,-1,1692,1717,1718,-1,1692,1718,1719,-1,1719,1720,1658,-1,1658,1720,1721,-1,1658,1721,1659,-1,1656,1655,1659,-1,1659,1655,1722,-1,1659,1722,1657,-1,1652,1654,1677,-1,1677,1654,1723,-1,1677,1723,1678,-1,1665,1629,1666,-1,1666,1629,1631,-1,1666,1631,1724,-1,1724,1631,1725,-1,1724,1725,1726,-1,1726,1725,1727,-1,1726,1727,1728,-1,1649,1729,1650,-1,1650,1729,1730,-1,1650,1730,1731,-1,1731,1730,1695,-1,1730,1732,1695,-1,1695,1732,1733,-1,1695,1733,1628,-1,1628,1733,1734,-1,1628,1734,1626,-1,1651,1650,1735,-1,1735,1650,1736,-1,1735,1736,1686,-1,1686,1736,1737,-1,1686,1737,1699,-1,1719,1658,1692,-1,1692,1658,1738,-1,1692,1738,1739,-1,1740,1741,1642,-1,1642,1741,1742,-1,1642,1742,1643,-1,1743,1744,1745,-1,1745,1744,1746,-1,1681,1747,1679,-1,1679,1747,1748,-1,1679,1748,1749,-1,1750,1751,1728,-1,1728,1751,1752,-1,1728,1752,1726,-1,1674,1753,1673,-1,1673,1753,1754,-1,1673,1754,1755,-1,1755,1754,1739,-1,1755,1739,1756,-1,1756,1739,1738,-1,1757,1758,1642,-1,1642,1758,1703,-1,1642,1703,1740,-1,1740,1703,1708,-1,1759,1760,1761,-1,1713,1712,1643,-1,1643,1712,1762,-1,1643,1762,1675,-1,1709,1711,1715,-1,1715,1711,1763,-1,1715,1763,1716,-1,1679,1661,1678,-1,1678,1661,1660,-1,1678,1660,1676,-1,1764,1765,1766,-1,1757,1767,1758,-1,1758,1767,1759,-1,1758,1759,1768,-1,1768,1759,1761,-1,1768,1761,1769,-1,1769,1761,1770,-1,1697,1771,1698,-1,1698,1771,1764,-1,1698,1764,1772,-1,1772,1764,1766,-1,1685,1672,1686,-1,1686,1672,1703,-1,1686,1703,1773,-1,1773,1703,1758,-1,1773,1758,1739,-1,1739,1758,1774,-1,1739,1774,1692,-1,1692,1774,1640,-1,1692,1640,1625,-1,1625,1640,1639,-1,1625,1639,1623,-1,1745,1688,1716,-1,1716,1688,1687,-1,1716,1687,1714,-1,1749,1775,1679,-1,1679,1775,1776,-1,1679,1776,1661,-1,1746,1777,1745,-1,1745,1777,1778,-1,1745,1778,1779,-1,1779,1780,1745,-1,1745,1780,1781,-1,1745,1781,1688,-1,1584,1782,1783,-1,1783,1782,1784,-1,1783,1784,1785,-1,1786,1787,1788,-1,1788,1787,1789,-1,1788,1789,1790,-1,1790,1789,1791,-1,1790,1791,1785,-1,1785,1791,1792,-1,1785,1792,1783,-1,1793,1794,1795,-1,1795,1796,1793,-1,1793,1796,1797,-1,1793,1797,1798,-1,1798,1797,1799,-1,1800,1585,1801,-1,1801,1585,1802,-1,1801,1802,1799,-1,1799,1802,1803,-1,1799,1803,1798,-1,1804,1805,1806,-1,1806,1805,1807,-1,1781,1808,1688,-1,1688,1808,1809,-1,1688,1809,1810,-1,1810,1809,1811,-1,1812,1813,1814,-1,1814,1813,1815,-1,1814,1616,1809,-1,1809,1616,1615,-1,1809,1615,1816,-1,1816,1817,1809,-1,1809,1817,1818,-1,1809,1818,1811,-1,1815,1819,1814,-1,1814,1819,1820,-1,1814,1820,1821,-1,1821,1822,1814,-1,1814,1822,1823,-1,1814,1823,1616,-1,1776,1824,1661,-1,1661,1824,1825,-1,1661,1825,1826,-1,1826,1825,1827,-1,1828,1829,1830,-1,1830,1829,1831,-1,1830,1832,1833,-1,1833,1834,1830,-1,1830,1834,1835,-1,1830,1835,1825,-1,1825,1835,1836,-1,1825,1836,1837,-1,1831,1838,1830,-1,1830,1838,1839,-1,1830,1839,1832,-1,1837,1840,1825,-1,1825,1840,1841,-1,1825,1841,1827,-1,1842,1843,1844,-1,1844,1843,1845,-1,1809,1846,1814,-1,1814,1846,1847,-1,1848,1849,1850,-1,1850,1849,1851,-1,1825,1852,1830,-1,1830,1852,1853,-1,1854,1855,1856,-1,1856,1855,1857,-1,1858,1617,1859,-1,1859,1617,1846,-1,1859,1846,1860,-1,1860,1846,1861,-1,1862,1863,1864,-1,1864,1863,1852,-1,1864,1852,1865,-1,1865,1852,1866,-1,1867,1868,1869,-1,1869,1868,1870,-1,1871,1872,1824,-1,1873,1874,1875,-1,1875,1874,1876,-1,1875,1876,1877,-1,1878,1866,1879,-1,1879,1866,1852,-1,1879,1852,1872,-1,1872,1852,1825,-1,1872,1825,1824,-1,1611,1880,1848,-1,1848,1880,1881,-1,1848,1881,1849,-1,1849,1881,1882,-1,1878,1879,1867,-1,1867,1879,1883,-1,1867,1883,1868,-1,1884,1885,1808,-1,1886,1887,1888,-1,1889,1890,1891,-1,1892,1861,1893,-1,1893,1861,1846,-1,1893,1846,1885,-1,1885,1846,1809,-1,1885,1809,1808,-1,1541,1894,1854,-1,1854,1894,1895,-1,1854,1895,1855,-1,1855,1895,1896,-1,1897,1898,1899,-1,1892,1893,1900,-1,1900,1893,1901,-1,1900,1901,1902,-1,1903,1904,1905,-1,1905,1904,1906,-1,1905,1906,1907,-1,1908,1909,1910,-1,1911,1912,1913,-1,1873,1875,1887,-1,1887,1875,1914,-1,1887,1914,1888,-1,1824,1915,1871,-1,1871,1915,1897,-1,1871,1897,1916,-1,1916,1897,1899,-1,1917,1918,1919,-1,1919,1918,1920,-1,1919,1920,1921,-1,1922,1923,1924,-1,1924,1923,1925,-1,1924,1925,1926,-1,1550,1927,1928,-1,1928,1929,1550,-1,1550,1929,1930,-1,1550,1930,1553,-1,1891,1931,1889,-1,1889,1931,1932,-1,1889,1932,1933,-1,1934,1935,1902,-1,1902,1935,1936,-1,1902,1936,1900,-1,1937,1876,1938,-1,1938,1876,1924,-1,1938,1924,1939,-1,1939,1924,1940,-1,1941,1937,1942,-1,1941,1942,1868,-1,1868,1942,1943,-1,1868,1943,1870,-1,1944,1945,1876,-1,1876,1945,1946,-1,1876,1946,1877,-1,1903,1905,1909,-1,1909,1905,1947,-1,1909,1947,1910,-1,1889,1849,1888,-1,1888,1849,1882,-1,1888,1882,1886,-1,1948,1949,1950,-1,1950,1949,1951,-1,1808,1952,1884,-1,1884,1952,1951,-1,1884,1951,1953,-1,1953,1951,1949,-1,1954,1955,1956,-1,1956,1957,1954,-1,1954,1957,1958,-1,1954,1958,1959,-1,1960,1961,1920,-1,1920,1961,1962,-1,1920,1962,1921,-1,1921,1962,1963,-1,1921,1963,1902,-1,1902,1963,1964,-1,1902,1964,1934,-1,1917,1919,1876,-1,1876,1919,1965,-1,1876,1965,1924,-1,1924,1965,1966,-1,1924,1966,1922,-1,1907,1906,1925,-1,1925,1906,1967,-1,1925,1967,1926,-1,1927,1550,1924,-1,1924,1550,1968,-1,1924,1968,1940,-1,1913,1969,1911,-1,1911,1969,1970,-1,1911,1970,1971,-1,1955,1954,1920,-1,1920,1954,1972,-1,1920,1972,1960,-1,1941,1973,1937,-1,1937,1973,1974,-1,1937,1974,1876,-1,1876,1974,1975,-1,1876,1975,1944,-1,1911,1855,1910,-1,1910,1855,1896,-1,1910,1896,1908,-1,1933,1976,1889,-1,1889,1976,1977,-1,1889,1977,1849,-1,1971,1978,1911,-1,1911,1978,1979,-1,1911,1979,1855,-1,1836,1835,1863,-1,1863,1835,1980,-1,1959,1769,1770,-1,1981,1982,1983,-1,1983,1982,1954,-1,1983,1954,1984,-1,1770,1985,1959,-1,1959,1985,1986,-1,1959,1986,1954,-1,1954,1986,1987,-1,1954,1987,1988,-1,1984,1954,1989,-1,1989,1954,1988,-1,1989,1988,1990,-1,1990,1988,1991,-1,1990,1991,1992,-1,1993,1994,1995,-1,1996,1997,1991,-1,1991,1997,1998,-1,1991,1998,1999,-1,1991,1995,2000,-1,2000,2001,1991,-1,1991,2001,2002,-1,1991,2002,1992,-1,1992,2002,2003,-1,1992,2003,2004,-1,1999,2005,1991,-1,1991,2005,2006,-1,1991,2006,1995,-1,1995,2006,2007,-1,1995,2007,1993,-1,2008,2009,2010,-1,2010,2009,2011,-1,1994,2012,1995,-1,1995,2012,2010,-1,1995,2010,2013,-1,2013,2010,2011,-1,2014,2015,2016,-1,2017,2018,2019,-1,2019,2018,2016,-1,2019,2016,2020,-1,2004,2021,1992,-1,1992,2021,2022,-1,1992,2022,2016,-1,2016,2022,2023,-1,2016,2023,2014,-1,2015,2024,2016,-1,2016,2024,2025,-1,2016,2025,2020,-1,2026,2027,2028,-1,2029,2030,1996,-1,1996,2030,2031,-1,1996,2031,2032,-1,2032,2033,1996,-1,1996,2033,2034,-1,1996,2034,1997,-1,2029,1996,2035,-1,2035,1996,2036,-1,2035,2036,2037,-1,2026,2028,2019,-1,2019,2028,2038,-1,2019,2038,2017,-1,2039,2040,2041,-1,2041,2040,2035,-1,2041,2035,2042,-1,2042,2035,2037,-1,1541,1854,1542,-1,1542,1854,1856,-1,2043,2044,1856,-1,1856,2044,2045,-1,2046,2047,1856,-1,1856,2047,2048,-1,1856,2048,1542,-1,2045,2049,1856,-1,1856,2049,2050,-1,1856,2050,2046,-1,2051,2052,2053,-1,2053,2052,1857,-1,2053,1857,2054,-1,2054,1857,2055,-1,1979,1697,1855,-1,1855,1697,1628,-1,1855,2056,2057,-1,2057,2058,1855,-1,1855,2058,1543,-1,1855,1543,1857,-1,1857,1543,1544,-1,1857,1544,2059,-1,1628,2060,1855,-1,1855,2060,2061,-1,1855,2061,2056,-1,2059,2062,1857,-1,1857,2062,2063,-1,1857,2063,2055,-1,2045,2064,2053,-1,2053,2064,2065,-1,2053,2065,2051,-1,2066,2067,2068,-1,2045,2044,2064,-1,2064,2044,2069,-1,2064,2069,2070,-1,2065,2071,2051,-1,2051,2071,2066,-1,2051,2066,2072,-1,2072,2066,2068,-1,2073,2074,2070,-1,2070,2074,2075,-1,2070,2075,2064,-1,2076,2077,2078,-1,2078,2077,1851,-1,2078,1851,2079,-1,2079,1851,2080,-1,1977,1725,1849,-1,1849,1725,1631,-1,1849,1613,1851,-1,1851,1613,1614,-1,1851,1614,2081,-1,2081,2082,1851,-1,1851,2082,2083,-1,1851,2083,2080,-1,1631,2084,1849,-1,1849,2084,2085,-1,1849,2085,2086,-1,2086,2087,1849,-1,1849,2087,2088,-1,1849,2088,1613,-1,1852,1863,1853,-1,1853,1863,1980,-1,1853,1980,2089,-1,2090,2091,2092,-1,2092,2091,1853,-1,2092,1853,2093,-1,2093,1853,2094,-1,2089,2095,1853,-1,1853,2095,2096,-1,1853,2096,2094,-1,1829,2097,1831,-1,1831,2097,2098,-1,1831,2098,2099,-1,1829,2100,2097,-1,2097,2100,2101,-1,2097,2101,2102,-1,2102,2101,2103,-1,2102,2103,2104,-1,2099,2105,1831,-1,1831,2105,2106,-1,1831,2106,2107,-1,2107,2108,1831,-1,1831,2108,2090,-1,1831,2090,2092,-1,1611,1848,1612,-1,1612,1848,1850,-1,2109,2110,1850,-1,1850,2110,2111,-1,2112,2113,1850,-1,1850,2113,2114,-1,1850,2114,1612,-1,2111,2115,1850,-1,1850,2115,2116,-1,1850,2116,2112,-1,2117,2118,2078,-1,2078,2118,2119,-1,2078,2119,2076,-1,2120,2121,2122,-1,2111,2110,2078,-1,2078,2110,2123,-1,2078,2123,2124,-1,2119,2125,2076,-1,2076,2125,2120,-1,2076,2120,2126,-1,2126,2120,2122,-1,2124,2127,2078,-1,2078,2127,2128,-1,2078,2128,2117,-1,1846,1617,1847,-1,1847,1617,1618,-1,1847,1618,2129,-1,2130,2131,2132,-1,2132,2131,1847,-1,2132,1847,2133,-1,2133,1847,2134,-1,2129,2135,1847,-1,1847,2135,2136,-1,1847,2136,2134,-1,2137,2138,2139,-1,2139,2138,1813,-1,2137,2140,2138,-1,2138,2140,2141,-1,2138,2141,2142,-1,1813,2138,1815,-1,1815,2138,2143,-1,1815,2143,2144,-1,2144,2145,1815,-1,1815,2145,2146,-1,1815,2146,2147,-1,2147,2148,1815,-1,1815,2148,2130,-1,1815,2130,2132,-1,2043,1856,1857,-1,2149,1857,2052,-1,2043,1857,2150,-1,2151,2152,2153,-1,2052,2154,2149,-1,2149,2154,2151,-1,2149,2151,2155,-1,2155,2151,2153,-1,2149,2156,1857,-1,1857,2156,2157,-1,1857,2157,2158,-1,2158,2159,1857,-1,1857,2159,2160,-1,1857,2160,2150,-1,2065,2064,2149,-1,2149,2064,2156,-1,1828,1830,2161,-1,2161,1830,2162,-1,1830,1853,2091,-1,2163,2164,2165,-1,2165,2164,2166,-1,2165,2166,2161,-1,2161,2166,2167,-1,2161,2167,1828,-1,2168,2169,1830,-1,1830,2169,2170,-1,1830,2170,2162,-1,2091,2171,1830,-1,1830,2171,2172,-1,1830,2172,2168,-1,2161,2162,2097,-1,2097,2162,2098,-1,2109,1850,1851,-1,2173,1851,2077,-1,2109,1851,2174,-1,2175,2176,2177,-1,2077,2178,2173,-1,2173,2178,2175,-1,2173,2175,2179,-1,2179,2175,2177,-1,2173,2180,1851,-1,1851,2180,2181,-1,1851,2181,2182,-1,2182,2183,1851,-1,1851,2183,2184,-1,1851,2184,2174,-1,2119,2118,2173,-1,2173,2118,2180,-1,2185,2186,1814,-1,1814,2186,2187,-1,1814,2187,1812,-1,2188,2189,2190,-1,2187,2191,1812,-1,1812,2191,2188,-1,1812,2188,2192,-1,2192,2188,2190,-1,1847,2131,1814,-1,1814,2131,2193,-1,1814,2193,2194,-1,2194,2195,1814,-1,1814,2195,2196,-1,1814,2196,2185,-1,2187,2186,2138,-1,2138,2186,2143,-1,2197,2198,1672,-1,1672,2198,1703,-1,2197,1672,1807,-1,1807,1672,1702,-1,1807,1702,1806,-1,1806,1702,2199,-1,2200,2201,1702,-1,1702,2201,2202,-1,2202,2203,1702,-1,1702,2203,2204,-1,1702,2204,2199,-1,2205,2206,1704,-1,1703,2198,1704,-1,1704,2198,1805,-1,1805,1804,1704,-1,1704,1804,2207,-1,1704,2207,2208,-1,2208,2209,1704,-1,1704,2209,2210,-1,1704,2210,2205,-1,1805,2198,1807,-1,1807,2198,2197,-1,2211,2212,1625,-1,1625,2212,1692,-1,2213,2214,1694,-1,1692,2212,1694,-1,1694,2212,1843,-1,1843,1842,1694,-1,1694,1842,2215,-1,1694,2215,2216,-1,2216,2217,1694,-1,1694,2217,2218,-1,1694,2218,2213,-1,2211,1625,1845,-1,1845,1625,1647,-1,1845,1647,1844,-1,1844,1647,2219,-1,2220,2221,1647,-1,1647,2221,2222,-1,2222,2223,1647,-1,1647,2223,2224,-1,1647,2224,2219,-1,2212,2211,1843,-1,1843,2211,1845,-1,1945,1944,1644,-1,1644,1944,1638,-1,1890,1889,1726,-1,1726,1889,1724,-1,1975,1974,1720,-1,1720,1974,1721,-1,1872,1871,1679,-1,1679,1871,1680,-1,1742,1741,1965,-1,1965,1741,1966,-1,1743,1745,1884,-1,1884,1745,1885,-1,1696,1698,1911,-1,1911,1698,1912,-1,1684,1699,1922,-1,1922,1699,1923,-1,2225,2009,2226,-1,2226,2009,2008,-1,2225,2226,2227,-1,2225,2227,2228,-1,2228,2227,2229,-1,2228,2229,2230,-1,2230,2229,2231,-1,2230,2231,2232,-1,2233,2232,2234,-1,2234,2232,2231,-1,2235,2233,2236,-1,2236,2233,2234,-1,2237,2235,2238,-1,2238,2235,2236,-1,2237,2238,2239,-1,2239,2238,2240,-1,2239,2240,2241,-1,2241,2240,2242,-1,2241,2242,2243,-1,2243,2242,2244,-1,2245,2243,2246,-1,2246,2243,2244,-1,2247,2248,1760,-1,1760,2248,2249,-1,1760,2249,1761,-1,2250,2251,2252,-1,1760,2253,2254,-1,2252,2255,2250,-1,2250,2255,2256,-1,2250,2256,2257,-1,2257,2258,2259,-1,2250,2260,2251,-1,2251,2260,2261,-1,2251,2261,2262,-1,2259,2263,2257,-1,2257,2263,2264,-1,2257,2264,2250,-1,2262,2265,2251,-1,2251,2265,2266,-1,2251,2266,2254,-1,2254,2266,2267,-1,2268,2269,2270,-1,2270,2269,2271,-1,2258,2257,2272,-1,2272,2257,2273,-1,2272,2273,2274,-1,2268,2275,2276,-1,2277,2278,2279,-1,2279,2278,2272,-1,2279,2272,2280,-1,2280,2272,2274,-1,2267,2271,2254,-1,2254,2271,2269,-1,2254,2269,1760,-1,1760,2269,2281,-1,1760,2281,2247,-1,2245,2246,2282,-1,2282,2246,2283,-1,2268,2284,2275,-1,2275,2284,2282,-1,2275,2282,2285,-1,2285,2282,2283,-1,2276,2286,2268,-1,2268,2286,2287,-1,2268,2287,2269,-1,2269,2287,2288,-1,2269,2288,2289,-1,2290,2291,2292,-1,2293,2294,2295,-1,2295,2294,2292,-1,2295,2292,2296,-1,2289,2297,2269,-1,2269,2297,2298,-1,2269,2298,2292,-1,2292,2298,2299,-1,2292,2299,2290,-1,2291,2300,2292,-1,2292,2300,2301,-1,2292,2301,2296,-1,2302,2303,2304,-1,2302,2304,2295,-1,2295,2304,2305,-1,2295,2305,2293,-1,2232,2233,2235,-1,2235,2237,2232,-1,2232,2237,2239,-1,2232,2239,2230,-1,2230,2239,2241,-1,2245,2009,2243,-1,2243,2009,2225,-1,2243,2225,2241,-1,2241,2225,2228,-1,2241,2228,2230,-1,2008,2246,2226,-1,2226,2246,2244,-1,2226,2244,2242,-1,2236,2234,2238,-1,2238,2234,2231,-1,2238,2231,2240,-1,2240,2231,2229,-1,2240,2229,2242,-1,2242,2229,2227,-1,2242,2227,2226,-1,1789,1793,1798,-1,1789,1798,1791,-1,1791,1798,1803,-1,1791,1803,1792,-1,1792,1803,1802,-1,1792,1802,1783,-1,1584,1783,1585,-1,1585,1783,1802,-1,2306,2307,1674,-1,1674,2307,2308,-1,1674,2308,1753,-1,1753,2308,2309,-1,2310,2311,2312,-1,2312,2313,2310,-1,2310,2313,2314,-1,2310,2314,2315,-1,2310,2316,2311,-1,2311,2316,2317,-1,2311,2317,2318,-1,2315,1619,2319,-1,2320,2321,2322,-1,2322,2321,2323,-1,2324,2325,2326,-1,2326,2325,2327,-1,2318,2328,2311,-1,2311,2328,2329,-1,2311,2329,2321,-1,2319,2330,2315,-1,2315,2330,2331,-1,2315,2331,2310,-1,2323,2332,2333,-1,2333,2332,2334,-1,1619,2315,1620,-1,1620,2315,2335,-1,1620,2335,2336,-1,2329,2337,2321,-1,2321,2337,2338,-1,2321,2338,2323,-1,2323,2338,2339,-1,2323,2339,2332,-1,1800,1782,2340,-1,2340,1782,2334,-1,2340,2334,2341,-1,2341,2334,2332,-1,2320,2324,2321,-1,2321,2324,2326,-1,2321,2326,1674,-1,1674,2326,2342,-1,1674,2342,2306,-1,2343,2344,2345,-1,2345,2344,1620,-1,2345,1620,2346,-1,2346,1620,2336,-1,2347,2348,2349,-1,2350,2351,1621,-1,1621,2351,2349,-1,1621,2349,1622,-1,2327,2352,2326,-1,2326,2352,2353,-1,2326,2353,2349,-1,2349,2353,2354,-1,2349,2354,2347,-1,2348,2355,2349,-1,2349,2355,2356,-1,2349,2356,1622,-1,2357,2358,2359,-1,2357,2359,1621,-1,1621,2359,2360,-1,1621,2360,2350,-1,1784,1782,1801,-1,1801,1782,1800,-1,1784,1801,1785,-1,1785,1801,1799,-1,1785,1799,1790,-1,1790,1799,1797,-1,1790,1797,1788,-1,1788,1797,1796,-1,1786,1788,1795,-1,1795,1788,1796,-1,1787,1786,1794,-1,1794,1786,1795,-1,1789,1787,1793,-1,1793,1787,1794,-1,2295,2296,2035,-1,2035,2296,2029,-1,2292,2294,1996,-1,1996,2294,2036,-1,2019,2020,2272,-1,2272,2020,2258,-1,2016,2018,2257,-1,2257,2018,2273,-1,2260,2023,2261,-1,2261,2023,2022,-1,2261,2022,2262,-1,2262,2022,2021,-1,2262,2021,2265,-1,2265,2021,2004,-1,2265,2004,2266,-1,2266,2004,2003,-1,2266,2003,2267,-1,2267,2003,2002,-1,2267,2002,2271,-1,2271,2002,2001,-1,2271,2001,2270,-1,2270,2001,2000,-1,2270,2000,2268,-1,2268,2000,1995,-1,2268,1995,2284,-1,2284,1995,2013,-1,2284,2013,2282,-1,2282,2013,2011,-1,2282,2011,2245,-1,2245,2011,2009,-1,2246,2008,2283,-1,2283,2008,2010,-1,2283,2010,2285,-1,2285,2010,2012,-1,2285,2012,2275,-1,2275,2012,1994,-1,2275,1994,2276,-1,2276,1994,1993,-1,2276,1993,2286,-1,2286,1993,2007,-1,2286,2007,2287,-1,2287,2007,2006,-1,2287,2006,2288,-1,2288,2006,2005,-1,2288,2005,2289,-1,2289,2005,1999,-1,2289,1999,2297,-1,2297,1999,1998,-1,2297,1998,2298,-1,2298,1998,1997,-1,2298,1997,2299,-1,2299,1997,2034,-1,2335,2315,1592,-1,1592,2315,1590,-1,2349,2351,1557,-1,1557,2351,1596,-1,1782,1584,2334,-1,2334,1584,1586,-1,2334,1586,2333,-1,2333,1586,1587,-1,2333,1587,2323,-1,2323,1587,1564,-1,2323,1564,2322,-1,2322,1564,1566,-1,2322,1566,2320,-1,2320,1566,1567,-1,2320,1567,2324,-1,2324,1567,1563,-1,2324,1563,2325,-1,2325,1563,1562,-1,2325,1562,2327,-1,2327,1562,1561,-1,2327,1561,2352,-1,2352,1561,1560,-1,2352,1560,2353,-1,2353,1560,1558,-1,2353,1558,2354,-1,2354,1558,1583,-1,2316,1600,2317,-1,2317,1600,1599,-1,2317,1599,2318,-1,2318,1599,1598,-1,2318,1598,2328,-1,2328,1598,1577,-1,2328,1577,2329,-1,2329,1577,1576,-1,2329,1576,2337,-1,2337,1576,1575,-1,2337,1575,2338,-1,2338,1575,1574,-1,2338,1574,2339,-1,2339,1574,1573,-1,2339,1573,2332,-1,2332,1573,1572,-1,2332,1572,2341,-1,2341,1572,1571,-1,2341,1571,2340,-1,2340,1571,1570,-1,2340,1570,1800,-1,1800,1570,1585,-1,1546,2309,1547,-1,1547,2309,2308,-1,1547,2308,1554,-1,1554,2308,2307,-1,1554,2307,1555,-1,1555,2307,2306,-1,1555,2306,1556,-1,1556,2306,2342,-1,1556,2342,1559,-1,1559,2342,2326,-1,1559,2326,1557,-1,1557,2326,2349,-1,1621,1595,1607,-1,1621,1607,2357,-1,2357,1607,1606,-1,2357,1606,2358,-1,2358,1606,1608,-1,2358,1608,2359,-1,2359,1608,1609,-1,2359,1609,2360,-1,2360,1609,1597,-1,2360,1597,2350,-1,2350,1597,1596,-1,2350,1596,2351,-1,2354,1583,1582,-1,2354,1582,2347,-1,2347,1582,1581,-1,2347,1581,2348,-1,2348,1581,1580,-1,2348,1580,2355,-1,2355,1580,1579,-1,2355,1579,2356,-1,2356,1579,1578,-1,2356,1578,1622,-1,1619,1594,1602,-1,1619,1602,2319,-1,2319,1602,1601,-1,2319,1601,2330,-1,2330,1601,1589,-1,2330,1589,2331,-1,2331,1589,1588,-1,2331,1588,2310,-1,2310,1588,1600,-1,2310,1600,2316,-1,2335,1592,1591,-1,2335,1591,2336,-1,2336,1591,1610,-1,2336,1610,2346,-1,2346,1610,1605,-1,2346,1605,2345,-1,2345,1605,1604,-1,2345,1604,2343,-1,2343,1604,1603,-1,2343,1603,2344,-1,2344,1603,1593,-1,2344,1593,1620,-1,1590,2315,1565,-1,1565,2315,2314,-1,1565,2314,1569,-1,1569,2314,2313,-1,1569,2313,1568,-1,1568,2313,2312,-1,1568,2312,1548,-1,1548,2312,2311,-1,1548,2311,1549,-1,1549,2311,2321,-1,1549,2321,1551,-1,1551,2321,1674,-1,2292,1996,2269,-1,2269,1996,1991,-1,2269,1991,2281,-1,2281,1991,1988,-1,2281,1988,2247,-1,2247,1988,1987,-1,2247,1987,2248,-1,2248,1987,1986,-1,2248,1986,2249,-1,2249,1986,1985,-1,2249,1985,1761,-1,1761,1985,1770,-1,2295,2035,2040,-1,2295,2040,2302,-1,2302,2040,2039,-1,2302,2039,2303,-1,2303,2039,2041,-1,2303,2041,2304,-1,2304,2041,2042,-1,2304,2042,2305,-1,2305,2042,2037,-1,2305,2037,2293,-1,2293,2037,2036,-1,2293,2036,2294,-1,2299,2034,2033,-1,2299,2033,2290,-1,2290,2033,2032,-1,2290,2032,2291,-1,2291,2032,2031,-1,2291,2031,2300,-1,2300,2031,2030,-1,2300,2030,2301,-1,2301,2030,2029,-1,2301,2029,2296,-1,2253,1981,2254,-1,2254,1981,1983,-1,2254,1983,2251,-1,2251,1983,1984,-1,2251,1984,2252,-1,2252,1984,1989,-1,2252,1989,2255,-1,2255,1989,1990,-1,2255,1990,2256,-1,2256,1990,1992,-1,2256,1992,2257,-1,2257,1992,2016,-1,2273,2018,2017,-1,2273,2017,2274,-1,2274,2017,2038,-1,2274,2038,2280,-1,2280,2038,2028,-1,2280,2028,2279,-1,2279,2028,2027,-1,2279,2027,2277,-1,2277,2027,2026,-1,2277,2026,2278,-1,2278,2026,2019,-1,2278,2019,2272,-1,2258,2020,2025,-1,2258,2025,2259,-1,2259,2025,2024,-1,2259,2024,2263,-1,2263,2024,2015,-1,2263,2015,2264,-1,2264,2015,2014,-1,2264,2014,2250,-1,2250,2014,2023,-1,2250,2023,2260,-1,2110,2109,2174,-1,2110,2174,2123,-1,2123,2174,2184,-1,2123,2184,2124,-1,2124,2184,2183,-1,2124,2183,2127,-1,2127,2183,2182,-1,2127,2182,2128,-1,2128,2182,2181,-1,2128,2181,2117,-1,2117,2181,2180,-1,2117,2180,2118,-1,2143,2186,2185,-1,2143,2185,2144,-1,2144,2185,2196,-1,2144,2196,2145,-1,2145,2196,2195,-1,2145,2195,2146,-1,2146,2195,2194,-1,2146,2194,2147,-1,2147,2194,2193,-1,2147,2193,2148,-1,2148,2193,2131,-1,2148,2131,2130,-1,2044,2043,2150,-1,2044,2150,2069,-1,2069,2150,2160,-1,2069,2160,2070,-1,2070,2160,2159,-1,2070,2159,2073,-1,2073,2159,2158,-1,2073,2158,2074,-1,2074,2158,2157,-1,2074,2157,2075,-1,2075,2157,2156,-1,2075,2156,2064,-1,2098,2162,2170,-1,2098,2170,2099,-1,2099,2170,2169,-1,2099,2169,2105,-1,2105,2169,2168,-1,2105,2168,2106,-1,2106,2168,2172,-1,2106,2172,2107,-1,2107,2172,2171,-1,2107,2171,2108,-1,2108,2171,2091,-1,2108,2091,2090,-1,2065,2149,2155,-1,2065,2155,2071,-1,2071,2155,2153,-1,2071,2153,2066,-1,2066,2153,2152,-1,2066,2152,2067,-1,2067,2152,2151,-1,2067,2151,2068,-1,2068,2151,2154,-1,2068,2154,2072,-1,2072,2154,2052,-1,2072,2052,2051,-1,1813,1812,2192,-1,1813,2192,2139,-1,2139,2192,2190,-1,2139,2190,2137,-1,2137,2190,2189,-1,2137,2189,2140,-1,2140,2189,2188,-1,2140,2188,2141,-1,2141,2188,2191,-1,2141,2191,2142,-1,2142,2191,2187,-1,2142,2187,2138,-1,2119,2173,2179,-1,2119,2179,2125,-1,2125,2179,2177,-1,2125,2177,2120,-1,2120,2177,2176,-1,2120,2176,2121,-1,2121,2176,2175,-1,2121,2175,2122,-1,2122,2175,2178,-1,2122,2178,2126,-1,2126,2178,2077,-1,2126,2077,2076,-1,1829,1828,2167,-1,1829,2167,2100,-1,2100,2167,2166,-1,2100,2166,2101,-1,2101,2166,2164,-1,2101,2164,2103,-1,2103,2164,2163,-1,2103,2163,2104,-1,2104,2163,2165,-1,2104,2165,2102,-1,2102,2165,2161,-1,2102,2161,2097,-1,1981,2253,1982,-1,1982,2253,1760,-1,1762,1712,1934,-1,1934,1712,1935,-1,1759,1972,1760,-1,1760,1972,1954,-1,1760,1954,1982,-1,1858,1859,1689,-1,1689,1690,1858,-1,1858,1690,2361,-1,1858,2361,2362,-1,2363,2364,2362,-1,2362,2364,2365,-1,2362,2365,1858,-1,1545,1753,1546,-1,1546,1753,2309,-1,1930,1754,1553,-1,1553,1754,1753,-1,1553,1753,1545,-1,1967,1906,1648,-1,1648,1906,1649,-1,2366,2367,2368,-1,1626,1895,1627,-1,1627,1895,1894,-1,1627,1894,2369,-1,2369,1894,2368,-1,2368,1894,2370,-1,2368,2370,2366,-1,1635,1634,1876,-1,1876,1634,1917,-1,2371,2372,2373,-1,1632,1881,1633,-1,1633,1881,1880,-1,1633,1880,2374,-1,2374,1880,2373,-1,2373,1880,2375,-1,2373,2375,2371,-1,1768,1769,1958,-1,1958,1769,1959,-1,1968,1550,1673,-1,1673,1550,1552,-1,1862,1864,1662,-1,1662,1663,1862,-1,1862,1663,2376,-1,1862,2376,2377,-1,2378,2379,2377,-1,2377,2379,2380,-1,2377,2380,1862,-1,1870,1943,1655,-1,1655,1943,1722,-1,2111,2078,2079,-1,2111,2079,2115,-1,2115,2079,2080,-1,2115,2080,2116,-1,2116,2080,2083,-1,2116,2083,2112,-1,2112,2083,2082,-1,2112,2082,2113,-1,2113,2082,2081,-1,2113,2081,2114,-1,2114,2081,1614,-1,2114,1614,1612,-1,1815,2132,2133,-1,1815,2133,1819,-1,1819,2133,2134,-1,1819,2134,1820,-1,1820,2134,2136,-1,1820,2136,1821,-1,1821,2136,2135,-1,1821,2135,1822,-1,1822,2135,2129,-1,1822,2129,1823,-1,1823,2129,1618,-1,1823,1618,1616,-1,1831,2092,2093,-1,1831,2093,1838,-1,1838,2093,2094,-1,1838,2094,1839,-1,1839,2094,2096,-1,1839,2096,1832,-1,1832,2096,2095,-1,1832,2095,1833,-1,1833,2095,2089,-1,1833,2089,1834,-1,1834,2089,1980,-1,1834,1980,1835,-1,2045,2053,2054,-1,2045,2054,2049,-1,2049,2054,2055,-1,2049,2055,2050,-1,2050,2055,2063,-1,2050,2063,2046,-1,2046,2063,2062,-1,2046,2062,2047,-1,2047,2062,2059,-1,2047,2059,2048,-1,2048,2059,1544,-1,2048,1544,1542,-1,1628,1627,2369,-1,2370,1894,1541,-1,1628,2369,2060,-1,2060,2369,2368,-1,2060,2368,2061,-1,2061,2368,2367,-1,2061,2367,2056,-1,2056,2367,2366,-1,2056,2366,2057,-1,2057,2366,2370,-1,2057,2370,2058,-1,2058,2370,1541,-1,2058,1541,1543,-1,1863,1862,2380,-1,1837,2379,1840,-1,1840,2379,2378,-1,1840,2378,1841,-1,1841,2378,2377,-1,1841,2377,1827,-1,1827,2377,2376,-1,1827,2376,1826,-1,1826,2376,1663,-1,1826,1663,1661,-1,1836,1863,1837,-1,1837,1863,2380,-1,1837,2380,2379,-1,1617,1858,2365,-1,1816,2364,1817,-1,1817,2364,2363,-1,1817,2363,1818,-1,1818,2363,2362,-1,1818,2362,1811,-1,1811,2362,2361,-1,1811,2361,1810,-1,1810,2361,1690,-1,1810,1690,1688,-1,1615,1617,1816,-1,1816,1617,2365,-1,1816,2365,2364,-1,1631,1633,2374,-1,2375,1880,1611,-1,1631,2374,2084,-1,2084,2374,2373,-1,2084,2373,2085,-1,2085,2373,2372,-1,2085,2372,2086,-1,2086,2372,2371,-1,2086,2371,2087,-1,2087,2371,2375,-1,2087,2375,2088,-1,2088,2375,1611,-1,2088,1611,1613,-1,1635,1876,1682,-1,1682,1876,1874,-1,1682,1874,1664,-1,1664,1874,1873,-1,1664,1873,1665,-1,1665,1873,1887,-1,1665,1887,1629,-1,1629,1887,1886,-1,1629,1886,1630,-1,1630,1886,1882,-1,1630,1882,1632,-1,1632,1882,1881,-1,1768,1958,1758,-1,1758,1958,1957,-1,1758,1957,1774,-1,1774,1957,1956,-1,1774,1956,1640,-1,1640,1956,1955,-1,1640,1955,1667,-1,1667,1955,1920,-1,1667,1920,1637,-1,1637,1920,1918,-1,1637,1918,1634,-1,1634,1918,1917,-1,1762,1934,1675,-1,1675,1934,1964,-1,1675,1964,1641,-1,1641,1964,1963,-1,1641,1963,1642,-1,1642,1963,1962,-1,1642,1962,1757,-1,1757,1962,1961,-1,1757,1961,1767,-1,1767,1961,1960,-1,1767,1960,1759,-1,1759,1960,1972,-1,1689,1859,1687,-1,1687,1859,1860,-1,1687,1860,1714,-1,1714,1860,1861,-1,1714,1861,1715,-1,1715,1861,1892,-1,1715,1892,1709,-1,1709,1892,1900,-1,1709,1900,1710,-1,1710,1900,1936,-1,1710,1936,1712,-1,1712,1936,1935,-1,1662,1864,1660,-1,1660,1864,1865,-1,1660,1865,1676,-1,1676,1865,1866,-1,1676,1866,1677,-1,1677,1866,1878,-1,1677,1878,1652,-1,1652,1878,1867,-1,1652,1867,1653,-1,1653,1867,1869,-1,1653,1869,1655,-1,1655,1869,1870,-1,1722,1943,1657,-1,1657,1943,1942,-1,1657,1942,1658,-1,1658,1942,1937,-1,1658,1937,1738,-1,1738,1937,1938,-1,1738,1938,1756,-1,1756,1938,1939,-1,1756,1939,1755,-1,1755,1939,1940,-1,1755,1940,1673,-1,1673,1940,1968,-1,1754,1930,1739,-1,1739,1930,1929,-1,1739,1929,1773,-1,1773,1929,1928,-1,1773,1928,1686,-1,1686,1928,1927,-1,1686,1927,1735,-1,1735,1927,1924,-1,1735,1924,1651,-1,1651,1924,1926,-1,1651,1926,1648,-1,1648,1926,1967,-1,1649,1906,1729,-1,1729,1906,1904,-1,1729,1904,1730,-1,1730,1904,1903,-1,1730,1903,1732,-1,1732,1903,1909,-1,1732,1909,1733,-1,1733,1909,1908,-1,1733,1908,1734,-1,1734,1908,1896,-1,1734,1896,1626,-1,1626,1896,1895,-1,1808,1781,1780,-1,1808,1780,1952,-1,1952,1780,1779,-1,1952,1779,1951,-1,1951,1779,1778,-1,1951,1778,1950,-1,1950,1778,1777,-1,1950,1777,1948,-1,1948,1777,1746,-1,1948,1746,1949,-1,1949,1746,1744,-1,1949,1744,1953,-1,1953,1744,1743,-1,1953,1743,1884,-1,1742,1965,1643,-1,1643,1965,1919,-1,1643,1919,1713,-1,1713,1919,1921,-1,1713,1921,1711,-1,1711,1921,1902,-1,1711,1902,1763,-1,1763,1902,1901,-1,1763,1901,1716,-1,1716,1901,1893,-1,1716,1893,1745,-1,1745,1893,1885,-1,1966,1741,2381,-1,2381,1741,1740,-1,2381,1740,2382,-1,2382,1740,2383,-1,2383,1740,1708,-1,2383,1708,2384,-1,2384,1708,2385,-1,2385,1708,1707,-1,2385,1707,2386,-1,2386,1707,2387,-1,2387,1707,1706,-1,2387,1706,2388,-1,2388,1706,2389,-1,2389,1706,1705,-1,2389,1705,2390,-1,2390,1705,2391,-1,2391,1705,1704,-1,2391,1704,2206,-1,2200,1702,2392,-1,2392,1702,1701,-1,2392,1701,2393,-1,2393,1701,2394,-1,2394,1701,1700,-1,2394,1700,2395,-1,2395,1700,2396,-1,2396,1700,1671,-1,2396,1671,2397,-1,2397,1671,2398,-1,2398,1671,1670,-1,2398,1670,2399,-1,2399,1670,2400,-1,2400,1670,1685,-1,2400,1685,2401,-1,2401,1685,2402,-1,2402,1685,1684,-1,2402,1684,1922,-1,1696,1911,1695,-1,1695,1911,1910,-1,1695,1910,1731,-1,1731,1910,1947,-1,1731,1947,1650,-1,1650,1947,1905,-1,1650,1905,1736,-1,1736,1905,1907,-1,1736,1907,1737,-1,1737,1907,1925,-1,1737,1925,1699,-1,1699,1925,1923,-1,1912,1698,1772,-1,1912,1772,1913,-1,1913,1772,1766,-1,1913,1766,1969,-1,1969,1766,1765,-1,1969,1765,1970,-1,1970,1765,1764,-1,1970,1764,1971,-1,1971,1764,1771,-1,1971,1771,1978,-1,1978,1771,1697,-1,1978,1697,1979,-1,2221,2218,2222,-1,2222,2218,2217,-1,2222,2217,2223,-1,2223,2217,2216,-1,2223,2216,2224,-1,2224,2216,2215,-1,2224,2215,2219,-1,2219,2215,1842,-1,2219,1842,1844,-1,2403,1944,2404,-1,2404,1944,1975,-1,2403,2405,1944,-1,1944,2405,2406,-1,1944,2406,2407,-1,2408,2409,2410,-1,2410,2409,2411,-1,2410,2411,2412,-1,2413,2221,2410,-1,2410,2221,2220,-1,2410,2220,2408,-1,2413,2414,2221,-1,2221,2414,2415,-1,2221,2415,2416,-1,2416,2214,2221,-1,2221,2214,2213,-1,2221,2213,2218,-1,2412,2417,2410,-1,2410,2417,2418,-1,2410,2418,2419,-1,2419,2420,2410,-1,2410,2420,2421,-1,2410,2421,2422,-1,2407,2423,1944,-1,1944,2423,2410,-1,1944,2410,2424,-1,2424,2410,2422,-1,2382,2383,2396,-1,2396,2383,2384,-1,2396,2384,2385,-1,2385,2386,2396,-1,2396,2386,2387,-1,2396,2387,2395,-1,2395,2387,2394,-1,2200,2392,2387,-1,2387,2392,2393,-1,2387,2393,2394,-1,2200,2387,2201,-1,2201,2387,2388,-1,2201,2388,2389,-1,2389,2390,2201,-1,2201,2390,2391,-1,2201,2391,2206,-1,2397,1966,2396,-1,2396,1966,2381,-1,2396,2381,2382,-1,2397,2398,1966,-1,1966,2398,2399,-1,1966,2399,2400,-1,2400,2401,1966,-1,1966,2401,2402,-1,1966,2402,1922,-1,2206,2205,2201,-1,2201,2205,2210,-1,2201,2210,2202,-1,2202,2210,2209,-1,2202,2209,2203,-1,2203,2209,2208,-1,2203,2208,2204,-1,2204,2208,2207,-1,2204,2207,2199,-1,2199,2207,1804,-1,2199,1804,1806,-1,1890,1726,1752,-1,1890,1752,1891,-1,1891,1752,1751,-1,1891,1751,1931,-1,1931,1751,1750,-1,1931,1750,1932,-1,1932,1750,1728,-1,1932,1728,1933,-1,1933,1728,1727,-1,1933,1727,1976,-1,1976,1727,1725,-1,1976,1725,1977,-1,1724,1889,1666,-1,1666,1889,1888,-1,1666,1888,1683,-1,1683,1888,1914,-1,1683,1914,1636,-1,1636,1914,1875,-1,1636,1875,1668,-1,1668,1875,1877,-1,1668,1877,1669,-1,1669,1877,1946,-1,1669,1946,1644,-1,1644,1946,1945,-1,2220,1647,2408,-1,2408,1647,1646,-1,2408,1646,2409,-1,2409,1646,2411,-1,2411,1646,1645,-1,2411,1645,2412,-1,2412,1645,2417,-1,2417,1645,1624,-1,2417,1624,2418,-1,2418,1624,2419,-1,2419,1624,1623,-1,2419,1623,2420,-1,2420,1623,2421,-1,2421,1623,1639,-1,2421,1639,2422,-1,2422,1639,2424,-1,2424,1639,1638,-1,2424,1638,1944,-1,1975,1720,2404,-1,2404,1720,1719,-1,2404,1719,2403,-1,2403,1719,2405,-1,2405,1719,1718,-1,2405,1718,2406,-1,2406,1718,2407,-1,2407,1718,1717,-1,2407,1717,2423,-1,2423,1717,2410,-1,2410,1717,1691,-1,2410,1691,2413,-1,2413,1691,2414,-1,2414,1691,1693,-1,2414,1693,2415,-1,2415,1693,2416,-1,2416,1693,1694,-1,2416,1694,2214,-1,1721,1974,1659,-1,1659,1974,1973,-1,1659,1973,1656,-1,1656,1973,1941,-1,1656,1941,1654,-1,1654,1941,1868,-1,1654,1868,1723,-1,1723,1868,1883,-1,1723,1883,1678,-1,1678,1883,1879,-1,1678,1879,1679,-1,1679,1879,1872,-1,1824,1776,1775,-1,1824,1775,1915,-1,1915,1775,1749,-1,1915,1749,1897,-1,1897,1749,1748,-1,1897,1748,1898,-1,1898,1748,1747,-1,1898,1747,1899,-1,1899,1747,1681,-1,1899,1681,1916,-1,1916,1681,1680,-1,1916,1680,1871,-1,
        ]
    }
}
Shape{
    appearance Appearance {
        material  Material 	{
            diffuseColor 0.7764705882352941 0.7568627450980392 0.7372549019607844
            specularColor 0.38823529411764707 0.3764705882352941 0.3686274509803922
            ambientIntensity 0.7605
            transparency 0.0
            shininess 0.5
        }
    }
    geometry IndexedFaceSet {
        ccw TRUE
        solid FALSE
        coord DEF co Coordinate {
            point [
                2.8774 1.1609 5.2036, 2.8774 1.1609 6.1508, 2.7834 1.065 5.1661, 2.7851 1.0668 6.1856, 2.6536 0.9325 5.1192, 0.8089 -0.9493 6.1508, 0.8089 -0.9493 5.2036, 0.903 -0.8533 6.1882, 0.9012 -0.8551 5.1688, 1.0328 -0.7208 6.2352, 2.5225 0.7989 5.0777, 2.6536 0.9325 6.2352, 2.4038 0.6777 5.0457, 2.5225 0.7989 6.2766, 2.2847 0.5563 5.0192, 2.4038 0.6777 6.3087, 2.0607 0.3277 4.9859, 1.1638 -0.5872 6.2766, 1.0328 -0.7208 5.1191, 1.2822 -0.4664 6.3086, 1.1638 -0.5872 5.0777, 1.4016 -0.3446 6.3351, 1.2822 -0.4664 5.0458, 1.6256 -0.1161 6.3685, 1.4016 -0.3446 5.0192, 1.6256 -0.1161 4.9859, 1.8432 0.1058 6.3793, 1.8432 0.1058 4.975, 2.0607 0.3277 6.3685, 2.2847 0.5563 6.3351, 2.2819 3.2982 5.0357, 2.2349 3.4667 5.0668, 2.1361 3.8214 6.2037, 2.0842 4.0074 5.2036, 2.0842 4.0074 6.1508, 2.1361 3.8213 5.1506, 2.1881 3.6345 5.1035, 2.6657 1.9207 6.3268, 2.7586 1.5874 5.0912, 2.7102 1.7612 5.0552, 2.6211 2.0809 6.3489, 2.8068 1.4144 6.2214, 2.8068 1.4144 5.1329, 2.7586 1.5874 6.2631, 2.7102 1.7612 6.2992, 2.1881 3.6345 6.2508, 2.2349 3.4668 6.2875, 2.3692 2.9848 4.9944, 2.6657 1.9206 5.0276, 2.6211 2.0809 5.0055, 2.5363 2.3852 6.3745, 2.5363 2.3852 4.9798, 2.4531 2.6835 6.3781, 2.4531 2.6835 4.9762, 2.3692 2.9848 6.3599, 2.2819 3.2982 6.3186, 1.3712 4.1909 6.3186, 1.5406 4.1473 6.2875, 1.8972 4.0555 5.1507, 1.8972 4.0555 6.2037, 1.7093 4.1039 6.2508, -0.0137 4.5472 5.0276, -0.3488 4.6334 6.2631, -0.174 4.5885 6.2992, 0.1474 4.5057 5.0055, -0.7775 4.7437 5.2036, -0.7775 4.7437 6.1508, -0.5226 4.6781 5.1329, -0.5226 4.6781 6.2214, -0.3487 4.6334 5.0912, -0.174 4.5885 5.0552, 1.7093 4.1039 5.1035, 1.5407 4.1473 5.0669, 1.0561 4.2719 6.3599, 1.3712 4.1909 5.0357, 1.0561 4.2719 4.9944, 0.7532 4.3499 6.3781, 0.7532 4.3499 4.9762, 0.4533 4.427 6.3745, 0.4533 4.427 4.9798, 0.1474 4.5057 6.3489, -0.0138 4.5472 6.3267, -0.8716 4.6478 6.1882, -0.8698 4.6496 5.1688, -1.0014 4.5153 6.2352, -2.846 2.6335 5.2036, -2.846 2.6335 6.1508, -2.752 2.7295 5.1661, -2.7537 2.7277 6.1856, -2.6221 2.862 5.1191, -1.1324 4.3817 6.2766, -1.0014 4.5153 5.1192, -1.2512 4.2605 6.3087, -1.1324 4.3817 5.0777, -1.3702 4.1391 6.3351, -1.2512 4.2605 5.0457, -1.5943 3.9105 6.3685, -2.4912 2.9956 5.0777, -2.6221 2.862 6.2352, -2.3728 3.1164 5.0458, -2.4912 2.9956 6.2766, -2.2533 3.2382 5.0192, -2.3728 3.1164 6.3086, -2.0293 3.4667 4.9859, -1.3702 4.1391 5.0192, -1.5943 3.9105 4.9859, -1.8118 3.6886 6.3793, -1.8118 3.6886 4.975, -2.0293 3.4667 6.3685, -2.2533 3.2382 6.3351, -2.2505 0.4963 5.0357, -2.2035 0.3277 5.0668, -2.1047 -0.0269 6.2037, -2.0528 -0.2129 5.2036, -2.0528 -0.2129 6.1508, -2.1047 -0.0269 5.1506, -2.1568 0.16 5.1035, -2.6343 1.8738 6.3268, -2.7272 2.2071 5.0912, -2.6788 2.0333 5.0552, -2.5897 1.7136 6.3489, -2.7754 2.38 6.2214, -2.7754 2.38 5.1329, -2.7272 2.207 6.2631, -2.6788 2.0333 6.2992, -2.1568 0.16 6.2508, -2.2035 0.3277 6.2875, -2.3378 0.8097 4.9944, -2.2505 0.4963 6.3186, -2.3378 0.8097 6.3599, -2.4218 1.111 4.9762, -2.4218 1.111 6.3781, -2.5049 1.4093 4.9798, -2.5049 1.4093 6.3745, -2.5897 1.7136 5.0055, -2.6344 1.8739 5.0276, -1.3398 -0.3964 6.3186, -1.5093 -0.3528 6.2875, -1.8658 -0.2611 5.1507, -1.8658 -0.2611 6.2037, -1.6779 -0.3094 6.2508, 0.0451 -0.7527 5.0276, 0.3802 -0.8389 6.2631, 0.2054 -0.794 6.2992, -0.116 -0.7113 5.0055, 0.554 -0.8837 5.1329, 0.554 -0.8837 6.2214, 0.3801 -0.8389 5.0912, 0.2054 -0.794 5.0552, -1.6779 -0.3094 5.1035, -1.5093 -0.3528 5.0669, -1.0247 -0.4775 6.3599, 0.0451 -0.7527 6.3267, -0.116 -0.7113 6.3489, -0.4219 -0.6326 4.9798, -0.4219 -0.6326 6.3745, -0.7218 -0.5554 4.9762, -0.7218 -0.5554 6.3781, -1.0247 -0.4775 4.9944, -1.3398 -0.3964 5.0357, -1.43 1.7562 6.4646, -2.3518 1.4389 6.4646, -1.3835 1.5073 6.4646, -2.2793 1.1569 6.4646, -1.2946 1.2703 6.4646, -1.1824 2.7185 6.4646, -2.0603 3.1241 6.4646, -1.3068 2.498 6.4646, -2.193 2.8649 6.4646, -1.391 2.2592 6.4646, -2.2936 2.5917 6.4646, -2.3604 2.3082 6.4646, -1.4325 2.0094 6.4646, -2.3927 2.0188 6.4646, -2.3898 1.7277 6.4646, -0.3463 0.4905 6.4646, -0.3953 -0.4789 6.4646, -0.0965 0.449 6.4646, -0.1059 -0.5111 6.4646, 0.1567 0.4516 6.4646, -2.1733 0.8857 6.4646, -2.0354 0.6292 6.4646, -1.1658 1.0523 6.4646, -1.8676 0.3912 6.4646, -1.0011 0.86 6.4646, -1.6724 0.1752 6.4646, -0.8056 0.6991 6.4646, -0.1253 3.3429 6.4646, -0.4426 4.2647 6.4646, -0.3742 3.2965 6.4646, -0.7246 4.1922 6.4646, -0.6113 3.2075 6.4646, 0.6426 0.587 6.4646, 1.2837 -0.1539 6.4646, 0.8606 0.7157 6.4646, 1.5217 0.0139 6.4646, 1.053 0.8804 6.4646, 1.7377 0.2092 6.4646, 1.2138 1.076 6.4646, 0.1853 -0.5082 6.4646, 0.474 -0.4702 6.4646, 0.4056 0.498 6.4646, 0.756 -0.3977 6.4646, 1.0272 -0.2918 6.4646, -1.4525 -0.0157 6.4646, -1.2112 -0.1787 6.4646, -0.585 0.5747 6.4646, -0.952 -0.3115 6.4646, -0.6787 -0.412 6.4646, -0.9959 4.0862 6.4646, -1.2523 3.9483 6.4646, -0.8293 3.0787 6.4646, -1.4903 3.7805 6.4646, -1.0216 2.914 6.4646, -1.7063 3.5853 6.4646, -1.8973 3.3654 6.4646, 1.326 2.5242 6.4646, 2.0668 3.1653 6.4646, 1.1972 2.7422 6.4646, 1.899 3.4032 6.4646, 1.0325 2.9345 6.4646, 1.7037 3.6193 6.4646, 0.8369 3.0953 6.4646, 1.4614 2.0382 6.4646, 2.3832 2.3555 6.4646, 1.4149 2.2871 6.4646, 2.3107 2.6375 6.4646, 2.2047 2.9088 6.4646, 1.4224 1.5353 6.4646, 2.3918 1.4862 6.4646, 1.4639 1.7851 6.4646, 2.424 1.7756 6.4646, 2.4211 2.0668 6.4646, 1.9286 0.4291 6.4646, 2.0917 0.6703 6.4646, 1.3382 1.2965 6.4646, 2.2244 0.9295 6.4646, 2.325 1.2028 6.4646, 1.4839 3.8102 6.4646, 1.2426 3.9732 6.4646, 0.6164 3.2197 6.4646, 0.9834 4.106 6.4646, 0.3776 3.304 6.4646, 0.7101 4.2065 6.4646, 0.4267 4.2734 6.4646, 0.1279 3.3454 6.4646, 0.1373 4.3056 6.4646, -0.1539 4.3027 6.4646, -0.2242 3.3973 4.8898, -0.1539 4.3027 4.8898, 0.0328 3.4162 4.8898, 0.1373 4.3056 4.8898, 0.2893 3.3915 4.8898, 0.4267 4.2734 4.8898, 0.5379 3.3238 4.8898, -0.7102 3.2317 4.8898, -0.9959 4.0862 4.8898, -0.4742 3.3352 4.8898, -0.7246 4.1922 4.8898, -0.4426 4.2647 4.8898, -1.2688 2.7082 4.8898, -1.8973 3.3654 4.8898, -1.1133 2.9136 4.8898, -1.7063 3.5853 4.8898, -0.9253 3.0898 4.8898, -1.4903 3.7805 4.8898, -1.2523 3.9483 4.8898, -1.4417 1.4688 4.8898, -2.3518 1.4389 4.8898, -1.4932 1.7213 4.8898, -2.3898 1.7277 4.8898, -1.5012 1.9788 4.8898, -2.3927 2.0188 4.8898, -1.4656 2.234 4.8898, -2.3604 2.3082 4.8898, -2.2936 2.5917 4.8898, -1.3874 2.4795 4.8898, -2.193 2.8649 4.8898, -2.0603 3.1241 4.8898, 0.6258 0.506 4.8898, 0.756 -0.3977 4.8898, 0.3819 0.4229 4.8898, 0.474 -0.4702 4.8898, 0.1275 0.3823 4.8898, 0.1853 -0.5082 4.8898, -0.1302 0.3852 4.8898, 0.7101 4.2065 4.8898, 0.9834 4.106 4.8898, 0.7714 3.215 4.8898, 1.2426 3.9732 4.8898, 0.9833 3.0683 4.8898, -0.6256 0.5201 4.8898, -1.2112 -0.1787 4.8898, -0.8491 0.6483 4.8898, -1.4525 -0.0157 4.8898, -1.0477 0.8124 4.8898, -1.6724 0.1752 4.8898, -1.2158 1.0077 4.8898, 1.0544 0.7887 4.8898, 1.5217 0.0139 4.8898, 0.8521 0.6292 4.8898, 1.2837 -0.1539 4.8898, 1.0272 -0.2918 4.8898, -1.8676 0.3912 4.8898, -2.0354 0.6292 4.8898, -1.3484 1.2286 4.8898, -2.1733 0.8857 4.8898, -2.2793 1.1569 4.8898, -0.1059 -0.5111 4.8898, -0.3953 -0.4789 4.8898, -0.3836 0.4316 4.8898, -0.6787 -0.412 4.8898, -0.952 -0.3115 4.8898, 1.4631 1.4361 4.8898, 2.2244 0.9295 4.8898, 1.3643 1.1981 4.8898, 2.0917 0.6703 4.8898, 1.2268 0.9802 4.8898, 1.9286 0.4291 4.8898, 1.7377 0.2092 4.8898, 1.3181 2.6791 4.8898, 2.2047 2.9088 4.8898, 1.4315 2.4477 4.8898, 2.3107 2.6375 4.8898, 1.5042 2.2005 4.8898, 2.3832 2.3555 4.8898, 1.534 1.9446 4.8898, 1.4839 3.8102 4.8898, 1.7037 3.6193 4.8898, 1.1673 2.888 4.8898, 1.899 3.4032 4.8898, 2.0668 3.1653 4.8898, 2.4211 2.0668 4.8898, 2.424 1.7756 4.8898, 1.5202 1.6873 4.8898, 2.3918 1.4862 4.8898, 2.325 1.2028 4.8898, 0.4509 3.1821 6.3071, 0.4837 3.1759 4.9807, 0.5788 3.1369 6.3071, 0.6752 3.0867 4.9807, 0.6733 3.0836 6.3071, 0.7855 3.0203 6.3071, 0.6931 3.0784 4.9807, 0.8746 2.9471 6.3071, 0.8775 2.9507 4.9807, 0.9689 2.8696 6.3071, 0.883 2.9469 4.9807, 1.0482 2.7769 6.3071, 1.0479 2.7853 4.9807, 1.0517 2.7799 4.9807, 1.1232 2.6893 6.3071, 1.1831 2.598 4.9807, 1.1888 2.5784 6.3071, 1.1918 2.5803 4.9807, 1.2439 2.4849 6.3071, 1.2848 2.3907 4.9807, 1.2916 2.3579 6.3071, 1.294 2.3591 4.9807, 1.3273 2.2627 6.3071, 1.3499 2.1691 4.9807, 1.3535 2.1227 6.3071, 1.3552 2.1233 4.9807, 1.3709 2.0294 6.3071, 1.3766 1.9397 4.9807, 1.3724 1.8802 6.3071, 1.3735 1.8805 4.9807, 1.3732 1.7921 6.3071, 1.3642 1.7091 4.9807, 1.3477 1.6382 6.3071, 1.3482 1.6384 4.9807, 1.3344 1.5579 6.3071, 1.313 1.4839 4.9807, 1.2802 1.4044 6.3071, 1.2802 1.4047 4.9807, 1.2554 1.3341 6.3071, 1.2245 1.2706 4.9807, 1.1721 1.1864 6.3071, 1.1717 1.1869 4.9807, 1.1388 1.1274 6.3071, 1.1012 1.0753 4.9807, 1.0268 0.9912 6.3071, 1.0262 0.9919 4.9807, 0.988 0.9441 6.3071, 0.9467 0.9037 4.9807, 0.8489 0.8249 6.3071, 0.8483 0.826 4.9807, 0.8078 0.7897 6.3071, 0.7654 0.7606 4.9807, 0.6442 0.6931 6.3071, 0.6437 0.6944 4.9807, 0.6034 0.669 6.3071, 0.5625 0.6503 4.9807, 0.4192 0.5999 6.3071, 0.4188 0.6013 4.9807, 0.3812 0.5856 6.3071, 0.3439 0.5758 4.9807, 0.1812 0.5483 6.3071, 0.181 0.5497 4.9807, 0.1479 0.5421 6.3071, 0.1159 0.5393 4.9807, -0.0624 0.54 6.3071, -0.0623 0.5413 4.9807, -0.0895 0.5397 6.3071, -0.1151 0.5419 4.9807, -0.3036 0.5752 6.3071, -0.3033 0.5764 4.9807, -0.3236 0.5786 6.3071, -0.3422 0.5835 4.9807, -0.5347 0.653 6.3071, -0.5344 0.6538 4.9807, -0.5474 0.6575 6.3071, -0.5591 0.6629 4.9807, -0.7483 0.7708 6.3071, -0.748 0.7712 4.9807, -0.7541 0.7741 6.3071, -0.7594 0.7778 4.9807, -0.9375 0.9249 6.3071, -0.9375 0.9249 4.9807, -1.0918 1.1052 6.3071, -1.0881 1.1 4.9807, -1.0953 1.111 6.3071, -1.0949 1.1112 4.9807, -1.2126 1.3095 6.3071, -1.207 1.298 4.9807, -1.2173 1.3222 6.3071, -1.2165 1.3225 4.9807, -1.296 1.5317 6.3071, -1.2906 1.5132 4.9807, -1.2997 1.5517 6.3071, -1.2985 1.552 4.9807, -1.3395 1.765 6.3071, -1.3368 1.7395 4.9807, -1.3398 1.7921 6.3071, -1.3384 1.7922 4.9807, -1.3419 2.0024 6.3071, -1.344 1.9703 4.9807, -1.3363 2.0358 6.3071, -1.3348 2.0356 4.9807, -1.303 2.2365 6.3071, -1.312 2.1991 4.9807, -1.2895 2.2748 6.3071, -1.288 2.2745 4.9807, -1.224 2.4603 6.3071, -1.2419 2.4191 4.9807, -1.2007 2.5016 6.3071, -1.1994 2.5011 4.9807, -1.1074 2.6671 6.3071, -1.1357 2.6241 4.9807, -1.073 2.7089 6.3071, -1.0719 2.7083 4.9807, -0.9567 2.8504 6.3071, -0.9962 2.8083 4.9807, -0.9103 2.8901 6.3071, -0.9096 2.8895 4.9807, -0.7764 3.0048 6.3071, -0.8277 2.9662 4.9807, -0.718 3.0392 6.3071, -0.7175 3.0389 4.9807, -0.572 3.1255 6.3071, -0.6349 3.0933 4.9807, -0.5022 3.1517 6.3071, -0.502 3.1517 4.9807, -0.3498 3.2089 6.3071, -0.4234 3.1861 4.9807, -0.2699 3.2238 6.3071, -0.2697 3.2243 4.9807, -0.1165 3.2524 6.3071, -0.1993 3.2418 4.9807, -0.0284 3.2533 6.3071, -0.0282 3.2544 4.9807, 0.1208 3.2548 6.3071, 0.031 3.2588 4.9807, 0.2145 3.2392 6.3071, 0.215 3.241 4.9807, 0.355 3.2159 6.3071, 0.2609 3.2366 4.9807, 0.4519 3.1845 4.9807
            ]
        }
        coordIndex [
            0,1,2,-1,2,1,3,-1,2,3,4,-1,5,6,7,-1,7,6,8,-1,7,8,9,-1,4,3,10,-1,10,3,11,-1,10,11,12,-1,12,11,13,-1,12,13,14,-1,14,13,15,-1,14,15,16,-1,9,8,17,-1,17,8,18,-1,17,18,19,-1,19,18,20,-1,19,20,21,-1,21,20,22,-1,21,22,23,-1,22,24,23,-1,23,24,25,-1,23,25,26,-1,26,25,27,-1,26,27,28,-1,28,27,16,-1,28,16,29,-1,29,16,15,-1,30,31,32,-1,33,34,35,-1,35,34,32,-1,35,32,36,-1,36,32,31,-1,37,38,39,-1,37,39,40,-1,1,0,41,-1,41,0,42,-1,41,42,43,-1,43,42,38,-1,43,38,44,-1,44,38,37,-1,32,45,30,-1,30,45,46,-1,30,46,47,-1,39,48,40,-1,40,48,49,-1,40,49,50,-1,50,49,51,-1,50,51,52,-1,52,51,53,-1,52,53,54,-1,54,53,47,-1,54,47,55,-1,55,47,46,-1,56,57,58,-1,34,33,59,-1,59,33,58,-1,59,58,60,-1,60,58,57,-1,61,62,63,-1,61,63,64,-1,65,66,67,-1,67,66,68,-1,67,68,69,-1,69,68,62,-1,69,62,70,-1,70,62,61,-1,58,71,56,-1,56,71,72,-1,56,72,73,-1,72,74,73,-1,73,74,75,-1,73,75,76,-1,76,75,77,-1,76,77,78,-1,78,77,79,-1,78,79,80,-1,80,79,64,-1,80,64,81,-1,81,64,63,-1,66,65,82,-1,82,65,83,-1,82,83,84,-1,85,86,87,-1,87,86,88,-1,87,88,89,-1,84,83,90,-1,90,83,91,-1,90,91,92,-1,92,91,93,-1,92,93,94,-1,94,93,95,-1,94,95,96,-1,89,88,97,-1,97,88,98,-1,97,98,99,-1,99,98,100,-1,99,100,101,-1,101,100,102,-1,101,102,103,-1,95,104,96,-1,96,104,105,-1,96,105,106,-1,106,105,107,-1,106,107,108,-1,108,107,103,-1,108,103,109,-1,109,103,102,-1,110,111,112,-1,113,114,115,-1,115,114,112,-1,115,112,116,-1,116,112,111,-1,117,118,119,-1,117,119,120,-1,86,85,121,-1,121,85,122,-1,121,122,123,-1,123,122,118,-1,123,118,124,-1,124,118,117,-1,112,125,110,-1,110,125,126,-1,110,126,127,-1,126,128,127,-1,127,128,129,-1,127,129,130,-1,130,129,131,-1,130,131,132,-1,132,131,133,-1,132,133,134,-1,134,133,120,-1,134,120,135,-1,135,120,119,-1,136,137,138,-1,114,113,139,-1,139,113,138,-1,139,138,140,-1,140,138,137,-1,141,142,143,-1,141,143,144,-1,6,5,145,-1,145,5,146,-1,145,146,147,-1,147,146,142,-1,147,142,148,-1,148,142,141,-1,138,149,136,-1,136,149,150,-1,136,150,151,-1,143,152,144,-1,144,152,153,-1,144,153,154,-1,154,153,155,-1,154,155,156,-1,156,155,157,-1,156,157,158,-1,158,157,151,-1,158,151,159,-1,159,151,150,-1,160,161,162,-1,162,161,163,-1,162,163,164,-1,165,166,167,-1,167,166,168,-1,167,168,169,-1,168,170,169,-1,169,170,171,-1,169,171,172,-1,172,171,173,-1,172,173,160,-1,160,173,174,-1,160,174,161,-1,175,176,177,-1,177,176,178,-1,177,178,179,-1,163,180,164,-1,164,180,181,-1,164,181,182,-1,182,181,183,-1,182,183,184,-1,184,183,185,-1,184,185,186,-1,187,188,189,-1,189,188,190,-1,189,190,191,-1,192,193,194,-1,194,193,195,-1,194,195,196,-1,196,195,197,-1,196,197,198,-1,178,199,179,-1,179,199,200,-1,179,200,201,-1,201,200,202,-1,201,202,192,-1,192,202,203,-1,192,203,193,-1,185,204,186,-1,186,204,205,-1,186,205,206,-1,206,205,207,-1,206,207,175,-1,175,207,208,-1,175,208,176,-1,190,209,191,-1,191,209,210,-1,191,210,211,-1,211,210,212,-1,211,212,213,-1,213,212,214,-1,213,214,165,-1,165,214,215,-1,165,215,166,-1,216,217,218,-1,218,217,219,-1,218,219,220,-1,220,219,221,-1,220,221,222,-1,223,224,225,-1,225,224,226,-1,225,226,216,-1,216,226,227,-1,216,227,217,-1,228,229,230,-1,230,229,231,-1,230,231,223,-1,223,231,232,-1,223,232,224,-1,197,233,198,-1,198,233,234,-1,198,234,235,-1,235,234,236,-1,235,236,228,-1,228,236,237,-1,228,237,229,-1,221,238,222,-1,222,238,239,-1,222,239,240,-1,240,239,241,-1,240,241,242,-1,241,243,242,-1,242,243,244,-1,242,244,245,-1,245,244,246,-1,245,246,187,-1,187,246,247,-1,187,247,188,-1,248,249,250,-1,250,249,251,-1,250,251,252,-1,252,251,253,-1,252,253,254,-1,255,256,257,-1,257,256,258,-1,257,258,248,-1,248,258,259,-1,248,259,249,-1,260,261,262,-1,262,261,263,-1,262,263,264,-1,264,263,265,-1,264,265,255,-1,255,265,266,-1,255,266,256,-1,267,268,269,-1,269,268,270,-1,269,270,271,-1,271,270,272,-1,271,272,273,-1,272,274,273,-1,273,274,275,-1,273,275,276,-1,276,275,277,-1,276,277,260,-1,260,277,278,-1,260,278,261,-1,279,280,281,-1,281,280,282,-1,281,282,283,-1,283,282,284,-1,283,284,285,-1,253,286,254,-1,254,286,287,-1,254,287,288,-1,288,287,289,-1,288,289,290,-1,291,292,293,-1,293,292,294,-1,293,294,295,-1,295,294,296,-1,295,296,297,-1,298,299,300,-1,300,299,301,-1,300,301,279,-1,279,301,302,-1,279,302,280,-1,296,303,297,-1,297,303,304,-1,297,304,305,-1,305,304,306,-1,305,306,267,-1,267,306,307,-1,267,307,268,-1,284,308,285,-1,285,308,309,-1,285,309,310,-1,310,309,311,-1,310,311,291,-1,291,311,312,-1,291,312,292,-1,313,314,315,-1,315,314,316,-1,315,316,317,-1,317,316,318,-1,317,318,298,-1,298,318,319,-1,298,319,299,-1,320,321,322,-1,322,321,323,-1,322,323,324,-1,324,323,325,-1,324,325,326,-1,289,327,290,-1,290,327,328,-1,290,328,329,-1,329,328,330,-1,329,330,320,-1,320,330,331,-1,320,331,321,-1,325,332,326,-1,326,332,333,-1,326,333,334,-1,334,333,335,-1,334,335,313,-1,313,335,336,-1,313,336,314,-1,337,338,339,-1,339,338,340,-1,339,340,341,-1,341,340,342,-1,342,340,343,-1,342,343,344,-1,344,343,345,-1,344,345,346,-1,346,345,347,-1,346,347,348,-1,347,349,348,-1,348,349,350,-1,348,350,351,-1,351,350,352,-1,351,352,353,-1,353,352,354,-1,353,354,355,-1,355,354,356,-1,355,356,357,-1,357,356,358,-1,357,358,359,-1,359,358,360,-1,359,360,361,-1,361,360,362,-1,361,362,363,-1,363,362,364,-1,363,364,365,-1,365,364,366,-1,365,366,367,-1,367,366,368,-1,367,368,369,-1,369,368,370,-1,369,370,371,-1,371,370,372,-1,371,372,373,-1,373,372,374,-1,373,374,375,-1,375,374,376,-1,375,376,377,-1,377,376,378,-1,377,378,379,-1,379,378,380,-1,379,380,381,-1,381,380,382,-1,381,382,383,-1,383,382,384,-1,383,384,385,-1,385,384,386,-1,385,386,387,-1,387,386,388,-1,387,388,389,-1,389,388,390,-1,389,390,391,-1,391,390,392,-1,391,392,393,-1,393,392,394,-1,393,394,395,-1,395,394,396,-1,395,396,397,-1,397,396,398,-1,397,398,399,-1,399,398,400,-1,399,400,401,-1,401,400,402,-1,401,402,403,-1,403,402,404,-1,403,404,405,-1,405,404,406,-1,405,406,407,-1,407,406,408,-1,407,408,409,-1,409,408,410,-1,409,410,411,-1,411,410,412,-1,411,412,413,-1,413,412,414,-1,413,414,415,-1,415,414,416,-1,415,416,417,-1,417,416,418,-1,417,418,419,-1,419,418,420,-1,419,420,421,-1,421,420,422,-1,421,422,423,-1,423,422,424,-1,423,424,425,-1,425,424,426,-1,425,426,427,-1,427,426,428,-1,427,428,429,-1,429,428,430,-1,429,430,431,-1,431,430,432,-1,431,432,433,-1,433,432,434,-1,433,434,435,-1,435,434,436,-1,435,436,437,-1,437,436,438,-1,437,438,439,-1,439,438,440,-1,439,440,441,-1,441,440,442,-1,441,442,443,-1,443,442,444,-1,443,444,445,-1,445,444,446,-1,445,446,447,-1,447,446,448,-1,447,448,449,-1,449,448,450,-1,449,450,451,-1,451,450,452,-1,451,452,453,-1,453,452,454,-1,453,454,455,-1,455,454,456,-1,455,456,457,-1,457,456,458,-1,457,458,459,-1,459,458,460,-1,459,460,461,-1,461,460,462,-1,461,462,463,-1,463,462,464,-1,463,464,465,-1,465,464,466,-1,465,466,467,-1,467,466,468,-1,467,468,469,-1,469,468,470,-1,469,470,471,-1,471,470,472,-1,471,472,473,-1,473,472,474,-1,473,474,475,-1,475,474,476,-1,475,476,337,-1,337,476,477,-1,337,477,338,-1,146,5,7,-1,142,200,143,-1,143,200,199,-1,143,199,152,-1,152,199,153,-1,199,178,153,-1,153,178,176,-1,153,176,155,-1,155,176,208,-1,155,208,157,-1,157,208,207,-1,157,207,151,-1,151,207,205,-1,151,205,136,-1,136,205,137,-1,137,205,204,-1,137,204,140,-1,140,204,139,-1,139,204,185,-1,139,185,114,-1,128,126,183,-1,183,126,125,-1,183,125,185,-1,185,125,112,-1,185,112,114,-1,183,181,128,-1,128,181,180,-1,128,180,129,-1,129,180,163,-1,129,163,131,-1,131,163,161,-1,131,161,133,-1,133,161,174,-1,133,174,120,-1,120,174,117,-1,117,174,173,-1,117,173,124,-1,171,170,88,-1,124,173,123,-1,123,173,171,-1,123,171,121,-1,121,171,88,-1,121,88,86,-1,109,102,168,-1,168,102,100,-1,168,100,170,-1,170,100,98,-1,170,98,88,-1,168,166,109,-1,109,166,215,-1,109,215,108,-1,108,215,214,-1,108,214,106,-1,106,214,212,-1,106,212,96,-1,96,212,210,-1,96,210,94,-1,94,210,92,-1,92,210,209,-1,92,209,90,-1,68,66,82,-1,90,209,84,-1,84,209,190,-1,84,190,82,-1,82,190,188,-1,82,188,68,-1,80,81,247,-1,247,81,63,-1,247,63,188,-1,188,63,62,-1,188,62,68,-1,247,246,80,-1,80,246,244,-1,80,244,78,-1,78,244,243,-1,78,243,76,-1,76,243,241,-1,76,241,73,-1,73,241,239,-1,73,239,56,-1,56,239,57,-1,57,239,238,-1,57,238,60,-1,60,238,59,-1,59,238,221,-1,59,221,34,-1,55,46,219,-1,219,46,45,-1,219,45,221,-1,221,45,32,-1,221,32,34,-1,219,217,55,-1,55,217,227,-1,55,227,54,-1,54,227,226,-1,54,226,52,-1,52,226,224,-1,52,224,50,-1,50,224,232,-1,50,232,40,-1,40,232,37,-1,37,232,231,-1,37,231,44,-1,229,237,3,-1,44,231,43,-1,43,231,229,-1,43,229,41,-1,41,229,3,-1,41,3,1,-1,29,15,236,-1,236,15,13,-1,236,13,237,-1,237,13,11,-1,237,11,3,-1,193,23,195,-1,195,23,26,-1,195,26,197,-1,197,26,28,-1,197,28,233,-1,233,28,29,-1,233,29,234,-1,234,29,236,-1,203,19,193,-1,193,19,21,-1,193,21,23,-1,142,146,200,-1,200,146,7,-1,200,7,202,-1,202,7,9,-1,202,9,203,-1,203,9,17,-1,203,17,19,-1,42,0,2,-1,38,335,39,-1,39,335,333,-1,39,333,48,-1,48,333,49,-1,333,332,49,-1,49,332,325,-1,49,325,51,-1,51,325,323,-1,51,323,53,-1,53,323,321,-1,53,321,47,-1,47,321,331,-1,47,331,30,-1,30,331,31,-1,31,331,330,-1,31,330,36,-1,36,330,35,-1,35,330,328,-1,35,328,33,-1,74,72,327,-1,327,72,71,-1,327,71,328,-1,328,71,58,-1,328,58,33,-1,327,289,74,-1,74,289,287,-1,74,287,75,-1,75,287,286,-1,75,286,77,-1,77,286,253,-1,77,253,79,-1,79,253,251,-1,79,251,64,-1,64,251,61,-1,61,251,249,-1,61,249,70,-1,259,258,83,-1,70,249,69,-1,69,249,259,-1,69,259,67,-1,67,259,83,-1,67,83,65,-1,104,95,256,-1,256,95,93,-1,256,93,258,-1,258,93,91,-1,258,91,83,-1,256,266,104,-1,104,266,265,-1,104,265,105,-1,105,265,263,-1,105,263,107,-1,107,263,261,-1,107,261,103,-1,103,261,278,-1,103,278,101,-1,101,278,99,-1,99,278,277,-1,99,277,97,-1,122,85,87,-1,97,277,89,-1,89,277,275,-1,89,275,87,-1,87,275,274,-1,87,274,122,-1,134,135,272,-1,272,135,119,-1,272,119,274,-1,274,119,118,-1,274,118,122,-1,272,270,134,-1,134,270,268,-1,134,268,132,-1,132,268,307,-1,132,307,130,-1,130,307,306,-1,130,306,127,-1,127,306,304,-1,127,304,110,-1,110,304,111,-1,111,304,303,-1,111,303,116,-1,116,303,115,-1,115,303,296,-1,115,296,113,-1,159,150,294,-1,294,150,149,-1,294,149,296,-1,296,149,138,-1,296,138,113,-1,294,292,159,-1,159,292,312,-1,159,312,158,-1,158,312,311,-1,158,311,156,-1,156,311,309,-1,156,309,154,-1,154,309,308,-1,154,308,144,-1,144,308,141,-1,141,308,284,-1,141,284,148,-1,282,280,8,-1,148,284,147,-1,147,284,282,-1,147,282,145,-1,145,282,8,-1,145,8,6,-1,24,22,302,-1,302,22,20,-1,302,20,280,-1,280,20,18,-1,280,18,8,-1,316,16,318,-1,318,16,27,-1,318,27,319,-1,319,27,25,-1,319,25,299,-1,299,25,24,-1,299,24,301,-1,301,24,302,-1,314,12,316,-1,316,12,14,-1,316,14,16,-1,38,42,335,-1,335,42,2,-1,335,2,336,-1,336,2,4,-1,336,4,314,-1,314,4,10,-1,314,10,12,-1,216,218,351,-1,351,353,216,-1,216,353,355,-1,216,355,225,-1,225,355,357,-1,357,359,225,-1,225,359,361,-1,225,361,223,-1,361,363,223,-1,223,363,365,-1,223,365,230,-1,365,367,230,-1,230,367,369,-1,230,369,228,-1,369,371,228,-1,228,371,373,-1,228,373,235,-1,373,375,235,-1,235,375,377,-1,235,377,198,-1,377,379,198,-1,198,379,381,-1,198,381,196,-1,381,383,196,-1,196,383,385,-1,196,385,194,-1,385,387,194,-1,194,387,389,-1,194,389,192,-1,389,391,192,-1,192,391,393,-1,192,393,201,-1,393,395,201,-1,201,395,397,-1,201,397,179,-1,397,399,179,-1,179,399,401,-1,179,401,177,-1,401,403,177,-1,177,403,405,-1,177,405,175,-1,405,407,175,-1,175,407,409,-1,175,409,206,-1,409,411,206,-1,206,411,413,-1,206,413,186,-1,186,413,415,-1,186,415,184,-1,184,415,417,-1,184,417,182,-1,417,419,182,-1,182,419,421,-1,182,421,164,-1,421,423,164,-1,164,423,425,-1,164,425,162,-1,425,427,162,-1,162,427,429,-1,162,429,160,-1,429,431,160,-1,160,431,433,-1,160,433,172,-1,433,435,172,-1,172,435,437,-1,172,437,169,-1,437,439,169,-1,169,439,441,-1,169,441,167,-1,441,443,167,-1,167,443,445,-1,167,445,165,-1,445,447,165,-1,165,447,449,-1,165,449,213,-1,449,451,213,-1,213,451,453,-1,213,453,211,-1,453,455,211,-1,211,455,457,-1,211,457,191,-1,457,459,191,-1,191,459,461,-1,191,461,189,-1,461,463,189,-1,189,463,465,-1,189,465,187,-1,465,467,187,-1,187,467,469,-1,187,469,245,-1,469,471,245,-1,245,471,473,-1,245,473,242,-1,473,475,242,-1,242,475,337,-1,242,337,240,-1,337,339,240,-1,240,339,341,-1,240,341,222,-1,341,342,222,-1,222,342,344,-1,222,344,220,-1,220,344,346,-1,220,346,218,-1,218,346,348,-1,218,348,351,-1,291,293,414,-1,414,412,291,-1,291,412,410,-1,291,410,310,-1,410,408,310,-1,310,408,406,-1,310,406,285,-1,406,404,285,-1,285,404,402,-1,285,402,283,-1,402,400,283,-1,283,400,398,-1,283,398,281,-1,398,396,281,-1,281,396,394,-1,281,394,279,-1,394,392,279,-1,279,392,390,-1,279,390,300,-1,390,388,300,-1,300,388,386,-1,300,386,298,-1,298,386,384,-1,298,384,317,-1,384,382,317,-1,317,382,380,-1,317,380,315,-1,315,380,378,-1,378,376,315,-1,315,376,374,-1,315,374,313,-1,374,372,313,-1,313,372,370,-1,313,370,334,-1,370,368,334,-1,334,368,366,-1,334,366,326,-1,366,364,326,-1,326,364,362,-1,326,362,324,-1,362,360,324,-1,324,360,358,-1,324,358,322,-1,358,356,322,-1,322,356,354,-1,322,354,320,-1,354,352,320,-1,320,352,350,-1,320,350,329,-1,329,350,349,-1,329,349,290,-1,349,347,290,-1,290,347,345,-1,290,345,288,-1,345,343,288,-1,288,343,340,-1,288,340,254,-1,340,338,254,-1,254,338,477,-1,254,477,252,-1,477,476,252,-1,252,476,474,-1,252,474,250,-1,474,472,250,-1,250,472,470,-1,250,470,248,-1,470,468,248,-1,248,468,466,-1,248,466,257,-1,466,464,257,-1,257,464,462,-1,257,462,255,-1,462,460,255,-1,255,460,458,-1,255,458,264,-1,458,456,264,-1,264,456,454,-1,264,454,262,-1,262,454,452,-1,262,452,260,-1,452,450,260,-1,260,450,448,-1,260,448,276,-1,276,448,446,-1,446,444,276,-1,276,444,442,-1,276,442,273,-1,442,440,273,-1,273,440,438,-1,273,438,271,-1,438,436,271,-1,271,436,434,-1,271,434,269,-1,434,432,269,-1,269,432,430,-1,269,430,267,-1,430,428,267,-1,267,428,426,-1,267,426,305,-1,426,424,305,-1,305,424,422,-1,305,422,297,-1,297,422,420,-1,297,420,295,-1,295,420,418,-1,295,418,293,-1,293,418,416,-1,293,416,414,-1,
        ]
    }
}
Shape{
    appearance Appearance {
        material  Material 	{
            diffuseColor 0.7529411764705882 0.7529411764705882 0.7529411764705882
            specularColor 0.3764705882352941 0.3764705882352941 0.3764705882352941
            ambientIntensity 0.7529
            transparency 0.0
            shininess 0.5
        }
    }
    geometry IndexedFaceSet {
        ccw TRUE
        solid FALSE
        coord DEF co Coordinate {
            point [
                -0.9 0.3576 4.6419, -1.1993 -0.5764 4.6419, -0.666 0.2407 4.6419, -0.8982 -0.7027 4.6419, -0.4176 0.1591 4.6419, -0.5843 -0.7926 4.6419, -0.1599 0.1145 4.6419, -0.262 -0.8447 4.6419, 0.1016 0.108 4.6419, 0.0643 -0.8582 4.6419, 0.3612 0.1395 4.6419, -1.7594 2.1378 4.6419, -2.7332 2.0935 4.6419, -1.7755 1.8768 4.6419, -2.7371 1.767 4.6419, -1.7535 1.6162 4.6419, -2.7024 1.4423 4.6419, -1.6937 1.3616 4.6419, -2.6295 1.124 4.6419, -1.5975 1.1184 4.6419, -1.1458 3.261 4.6419, -1.9385 3.8405 4.6419, -1.332 3.0773 4.6419, -2.1546 3.5957 4.6419, -1.4895 2.8685 4.6419, -2.3403 3.3271 4.6419, -1.6149 2.639 4.6419, -2.4928 3.0384 4.6419, -1.7055 2.3937 4.6419, -2.6102 2.7337 4.6419, -2.6907 2.4172 4.6419, 1.6814 2.5562 4.6419, 2.4824 3.1261 4.6419, 1.5677 2.7917 4.6419, 2.3198 3.4093 4.6419, 1.4209 3.0082 4.6419, 2.1248 3.6712 4.6419, 1.2442 3.201 4.6419, 1.9002 3.9082 4.6419, 1.0413 3.3659 4.6419, 1.6491 4.1169 4.6419, 0.8165 3.4996 4.6419, -0.2006 3.6755 4.6419, -0.5196 4.6007 4.6419, -0.4572 3.625 4.6419, -0.8355 4.5184 4.6419, -0.7037 3.5378 4.6419, -1.1396 4.3993 4.6419, -0.9349 3.4155 4.6419, -1.4274 4.2451 4.6419, -1.695 4.0579 4.6419, 1.7685 1.5278 4.6419, 2.7481 1.5385 4.6419, 1.8036 1.7869 4.6419, 2.7714 1.8642 4.6419, 1.8006 2.0484 4.6419, 2.756 2.1903 4.6419, 1.7596 2.3067 4.6419, 2.7021 2.5124 4.6419, 2.6105 2.8258 4.6419, -2.5195 0.8166 4.6419, -2.3739 0.5244 4.6419, -1.4669 0.8918 4.6419, -2.1948 0.2514 4.6419, -1.3047 0.6867 4.6419, -1.9846 0.0015 4.6419, -1.1144 0.5073 4.6419, -1.7463 -0.2218 4.6419, -1.4833 -0.4153 4.6419, 1.3751 4.2945 4.6419, 1.082 4.4385 4.6419, 0.5747 3.5991 4.6419, 0.774 4.5468 4.6419, 0.3209 3.6624 4.6419, 0.4553 4.6179 4.6419, 0.0606 3.688 4.6419, 0.1304 4.6507 4.6419, -0.1961 4.645 4.6419, 0.3898 -0.8332 4.6419, 0.7102 -0.7697 4.6419, 0.6134 0.2086 4.6419, 1.0207 -0.6689 4.6419, 0.8529 0.3136 4.6419, 1.3172 -0.532 4.6419, 1.0746 0.4524 4.6419, 1.5953 -0.361 4.6419, 1.2737 0.6219 4.6419, 1.8513 -0.1583 4.6419, 2.0816 0.0732 4.6419, 1.446 0.8187 4.6419, 2.2828 0.3303 4.6419, 1.5877 1.0384 4.6419, 2.4522 0.6095 4.6419, 1.6462 1.1555 4.6419, 2.5242 0.7561 4.6419, 1.696 1.2765 4.6419, 2.5874 0.9067 4.6419, 2.6865 1.2178 4.6419, -1.7755 1.8768 4.445, -2.7332 2.0935 4.445, -1.7594 2.1378 4.445, -2.6907 2.4172 4.445, -1.7055 2.3937 4.445, -2.6102 2.7337 4.445, -1.6149 2.639 4.445, -2.4928 3.0384 4.445, -1.4895 2.8685 4.445, -2.3403 3.3271 4.445, -1.332 3.0773 4.445, -2.1546 3.5957 4.445, -1.9385 3.8405 4.445, -1.1458 3.261 4.445, -1.695 4.0579 4.445, -0.9349 3.4155 4.445, -1.4274 4.2451 4.445, -0.7037 3.5378 4.445, -1.1396 4.3993 4.445, -0.4572 3.625 4.445, -1.4669 0.8918 4.445, -2.3739 0.5244 4.445, -1.5975 1.1184 4.445, -2.5195 0.8166 4.445, -1.6937 1.3616 4.445, -2.6295 1.124 4.445, -1.7535 1.6162 4.445, -2.7024 1.4423 4.445, -2.7371 1.767 4.445, -0.8355 4.5184 4.445, -0.5196 4.6007 4.445, -0.2006 3.6755 4.445, -0.1961 4.645 4.445, 0.0606 3.688 4.445, 0.1304 4.6507 4.445, 0.3209 3.6624 4.445, 0.4553 4.6179 4.445, 0.5747 3.5991 4.445, 1.5677 2.7917 4.445, 2.4824 3.1261 4.445, 1.6814 2.5562 4.445, 2.6105 2.8258 4.445, 1.7596 2.3067 4.445, 2.7021 2.5124 4.445, 1.8006 2.0484 4.445, 2.756 2.1903 4.445, 1.8036 1.7869 4.445, -0.666 0.2407 4.445, -1.1993 -0.5764 4.445, -0.9 0.3576 4.445, -1.4833 -0.4153 4.445, -1.1144 0.5073 4.445, -1.7463 -0.2218 4.445, -1.3047 0.6867 4.445, -1.9846 0.0015 4.445, -2.1948 0.2514 4.445, 1.446 0.8187 4.445, 2.0816 0.0732 4.445, 1.2737 0.6219 4.445, 1.8513 -0.1583 4.445, 1.0746 0.4524 4.445, 1.5953 -0.361 4.445, 0.8529 0.3136 4.445, 1.3172 -0.532 4.445, 0.6134 0.2086 4.445, 0.774 4.5468 4.445, 1.082 4.4385 4.445, 0.8165 3.4996 4.445, 1.3751 4.2945 4.445, 1.0413 3.3659 4.445, 1.6491 4.1169 4.445, 1.2442 3.201 4.445, 1.9002 3.9082 4.445, 1.4209 3.0082 4.445, 2.1248 3.6712 4.445, 2.3198 3.4093 4.445, 1.0207 -0.6689 4.445, 0.7102 -0.7697 4.445, 0.3612 0.1395 4.445, 0.3898 -0.8332 4.445, 0.1016 0.108 4.445, 0.0643 -0.8582 4.445, -0.1599 0.1145 4.445, -0.262 -0.8447 4.445, -0.4176 0.1591 4.445, -0.5843 -0.7926 4.445, -0.8982 -0.7027 4.445, 2.7714 1.8642 4.445, 2.7481 1.5385 4.445, 1.7685 1.5278 4.445, 2.6865 1.2178 4.445, 1.696 1.2765 4.445, 2.5874 0.9067 4.445, 1.6462 1.1555 4.445, 2.5242 0.7561 4.445, 1.5877 1.0384 4.445, 2.4522 0.6095 4.445, 2.2828 0.3303 4.445
            ]
        }
        coordIndex [
            0,1,2,-1,2,1,3,-1,2,3,4,-1,4,3,5,-1,4,5,6,-1,6,5,7,-1,6,7,8,-1,8,7,9,-1,8,9,10,-1,11,12,13,-1,13,12,14,-1,13,14,15,-1,15,14,16,-1,15,16,17,-1,17,16,18,-1,17,18,19,-1,20,21,22,-1,22,21,23,-1,22,23,24,-1,24,23,25,-1,24,25,26,-1,26,25,27,-1,26,27,28,-1,28,27,29,-1,28,29,11,-1,11,29,30,-1,11,30,12,-1,31,32,33,-1,33,32,34,-1,33,34,35,-1,35,34,36,-1,35,36,37,-1,37,36,38,-1,37,38,39,-1,39,38,40,-1,39,40,41,-1,42,43,44,-1,44,43,45,-1,44,45,46,-1,46,45,47,-1,46,47,48,-1,48,47,49,-1,48,49,20,-1,20,49,50,-1,20,50,21,-1,51,52,53,-1,53,52,54,-1,53,54,55,-1,55,54,56,-1,55,56,57,-1,57,56,58,-1,57,58,31,-1,31,58,59,-1,31,59,32,-1,18,60,19,-1,19,60,61,-1,19,61,62,-1,62,61,63,-1,62,63,64,-1,64,63,65,-1,64,65,66,-1,66,65,67,-1,66,67,0,-1,0,67,68,-1,0,68,1,-1,40,69,41,-1,41,69,70,-1,41,70,71,-1,71,70,72,-1,71,72,73,-1,73,72,74,-1,73,74,75,-1,75,74,76,-1,75,76,42,-1,42,76,77,-1,42,77,43,-1,9,78,10,-1,10,78,79,-1,10,79,80,-1,80,79,81,-1,80,81,82,-1,82,81,83,-1,82,83,84,-1,84,83,85,-1,84,85,86,-1,85,87,86,-1,86,87,88,-1,86,88,89,-1,89,88,90,-1,89,90,91,-1,91,90,92,-1,91,92,93,-1,93,92,94,-1,93,94,95,-1,95,94,96,-1,95,96,51,-1,51,96,97,-1,51,97,52,-1,98,99,100,-1,100,99,101,-1,100,101,102,-1,102,101,103,-1,102,103,104,-1,104,103,105,-1,104,105,106,-1,106,105,107,-1,106,107,108,-1,107,109,108,-1,108,109,110,-1,108,110,111,-1,111,110,112,-1,111,112,113,-1,113,112,114,-1,113,114,115,-1,115,114,116,-1,115,116,117,-1,118,119,120,-1,120,119,121,-1,120,121,122,-1,122,121,123,-1,122,123,124,-1,124,123,125,-1,124,125,98,-1,98,125,126,-1,98,126,99,-1,116,127,117,-1,117,127,128,-1,117,128,129,-1,129,128,130,-1,129,130,131,-1,131,130,132,-1,131,132,133,-1,133,132,134,-1,133,134,135,-1,136,137,138,-1,138,137,139,-1,138,139,140,-1,140,139,141,-1,140,141,142,-1,142,141,143,-1,142,143,144,-1,145,146,147,-1,147,146,148,-1,147,148,149,-1,149,148,150,-1,149,150,151,-1,151,150,152,-1,151,152,118,-1,118,152,153,-1,118,153,119,-1,154,155,156,-1,156,155,157,-1,156,157,158,-1,158,157,159,-1,158,159,160,-1,160,159,161,-1,160,161,162,-1,134,163,135,-1,135,163,164,-1,135,164,165,-1,165,164,166,-1,165,166,167,-1,167,166,168,-1,167,168,169,-1,169,168,170,-1,169,170,171,-1,171,170,172,-1,171,172,136,-1,136,172,173,-1,136,173,137,-1,161,174,162,-1,162,174,175,-1,162,175,176,-1,176,175,177,-1,176,177,178,-1,178,177,179,-1,178,179,180,-1,180,179,181,-1,180,181,182,-1,182,181,183,-1,182,183,145,-1,145,183,184,-1,145,184,146,-1,143,185,144,-1,144,185,186,-1,144,186,187,-1,187,186,188,-1,187,188,189,-1,189,188,190,-1,189,190,191,-1,191,190,192,-1,191,192,193,-1,193,192,194,-1,193,194,154,-1,154,194,195,-1,154,195,155,-1,96,94,192,-1,192,94,194,-1,94,92,194,-1,194,92,90,-1,194,90,195,-1,195,90,88,-1,195,88,155,-1,155,88,87,-1,155,87,157,-1,157,87,85,-1,157,85,159,-1,159,85,83,-1,159,83,161,-1,161,83,81,-1,161,81,174,-1,174,81,79,-1,174,79,175,-1,175,79,78,-1,175,78,177,-1,177,78,9,-1,177,9,179,-1,179,9,7,-1,179,7,181,-1,181,7,5,-1,181,5,183,-1,183,5,3,-1,183,3,184,-1,184,3,1,-1,184,1,146,-1,146,1,68,-1,146,68,148,-1,148,68,67,-1,148,67,150,-1,150,67,65,-1,150,65,152,-1,152,65,63,-1,152,63,153,-1,153,63,61,-1,153,61,119,-1,119,61,60,-1,119,60,121,-1,121,60,18,-1,121,18,123,-1,123,18,16,-1,123,16,125,-1,125,16,14,-1,125,14,126,-1,126,14,12,-1,126,12,99,-1,99,12,30,-1,99,30,101,-1,101,30,29,-1,101,29,103,-1,103,29,27,-1,103,27,105,-1,105,27,25,-1,105,25,107,-1,107,25,23,-1,107,23,109,-1,109,23,21,-1,109,21,110,-1,110,21,50,-1,110,50,112,-1,112,50,49,-1,112,49,114,-1,114,49,47,-1,114,47,116,-1,116,47,45,-1,116,45,127,-1,127,45,43,-1,127,43,128,-1,128,43,77,-1,128,77,130,-1,130,77,76,-1,130,76,132,-1,132,76,74,-1,132,74,134,-1,134,74,72,-1,134,72,163,-1,163,72,70,-1,163,70,164,-1,164,70,69,-1,164,69,166,-1,166,69,40,-1,166,40,168,-1,168,40,38,-1,168,38,170,-1,170,38,36,-1,170,36,172,-1,172,36,34,-1,172,34,173,-1,173,34,32,-1,173,32,137,-1,137,32,59,-1,137,59,139,-1,139,59,58,-1,139,58,141,-1,141,58,56,-1,141,56,143,-1,143,56,54,-1,143,54,185,-1,185,54,52,-1,185,52,186,-1,186,52,97,-1,186,97,188,-1,188,97,96,-1,188,96,190,-1,190,96,192,-1,26,104,24,-1,24,104,106,-1,24,106,22,-1,22,106,108,-1,22,108,20,-1,20,108,111,-1,20,111,48,-1,48,111,113,-1,48,113,46,-1,46,113,115,-1,46,115,44,-1,44,115,117,-1,44,117,42,-1,42,117,129,-1,42,129,75,-1,75,129,131,-1,75,131,73,-1,73,131,133,-1,73,133,71,-1,71,133,135,-1,71,135,41,-1,41,135,165,-1,41,165,39,-1,39,165,167,-1,39,167,37,-1,37,167,169,-1,37,169,35,-1,35,169,171,-1,35,171,33,-1,33,171,136,-1,33,136,31,-1,31,136,138,-1,31,138,57,-1,57,138,140,-1,57,140,55,-1,55,140,142,-1,55,142,53,-1,53,142,144,-1,53,144,51,-1,51,144,187,-1,51,187,95,-1,95,187,189,-1,95,189,93,-1,93,189,191,-1,93,191,91,-1,91,191,193,-1,91,193,89,-1,89,193,154,-1,89,154,86,-1,86,154,156,-1,86,156,84,-1,84,156,158,-1,84,158,82,-1,82,158,160,-1,82,160,80,-1,80,160,162,-1,80,162,10,-1,10,162,176,-1,10,176,8,-1,8,176,178,-1,8,178,6,-1,6,178,180,-1,6,180,4,-1,4,180,182,-1,4,182,2,-1,2,182,145,-1,2,145,0,-1,0,145,147,-1,0,147,66,-1,66,147,149,-1,66,149,64,-1,64,149,151,-1,64,151,62,-1,62,151,118,-1,62,118,19,-1,19,118,120,-1,19,120,17,-1,17,120,122,-1,17,122,15,-1,15,122,124,-1,15,124,13,-1,13,124,98,-1,13,98,11,-1,11,98,100,-1,11,100,28,-1,28,100,102,-1,28,102,26,-1,26,102,104,-1,
        ]
    }
}